[{"Inferred_node_ids":[58],"Node_id":9837},
{"Inferred_node_ids":[61],"Node_id":9838},
{"Inferred_node_ids":[33],"Node_id":9839},
{"Inferred_node_ids":[34],"Node_id":9840},
{"Inferred_node_ids":[49],"Node_id":9841},
{"Inferred_node_ids":[3],"Node_id":9842},
{"Inferred_node_ids":[28],"Node_id":9843},
{"Inferred_node_ids":[47],"Node_id":10688},
{"Inferred_node_ids":[50],"Node_id":10689},
{"Inferred_node_ids":[18],"Node_id":10690},
{"Inferred_node_ids":[65],"Node_id":10691},
{"Inferred_node_ids":[57],"Node_id":10692},
{"Inferred_node_ids":[12],"Node_id":10693},
{"Inferred_node_ids":[45],"Node_id":10863},
{"Inferred_node_ids":[19],"Node_id":10864},
{"Inferred_node_ids":[62],"Node_id":10865},
{"Inferred_node_ids":[32],"Node_id":10866},
{"Inferred_node_ids":[20],"Node_id":10867},
{"Inferred_node_ids":[68],"Node_id":10868},
{"Inferred_node_ids":[7],"Node_id":10869},
{"Inferred_node_ids":[10],"Node_id":10870},
{"Inferred_node_ids":[51],"Node_id":10871},
{"Inferred_node_ids":[59],"Node_id":10872},
{"Inferred_node_ids":[6],"Node_id":10873},
{"Inferred_node_ids":[64],"Node_id":10874},
{"Inferred_node_ids":[26],"Node_id":10875},
{"Inferred_node_ids":[13],"Node_id":10876},
{"Inferred_node_ids":[24],"Node_id":10877},
{"Inferred_node_ids":[8],"Node_id":10878},
{"Inferred_node_ids":[37],"Node_id":10879},
{"Inferred_node_ids":[69],"Node_id":10880},
{"Inferred_node_ids":[22],"Node_id":10881},
{"Inferred_node_ids":[5],"Node_id":10882},
{"Inferred_node_ids":[40],"Node_id":13313},
{"Inferred_node_ids":[0],"Node_id":13314},
{"Inferred_node_ids":[9],"Node_id":13315},
{"Inferred_node_ids":[46],"Node_id":13316},
{"Inferred_node_ids":[17],"Node_id":13317},
{"Inferred_node_ids":[36],"Node_id":14480},
{"Inferred_node_ids":[1],"Node_id":14481},
{"Inferred_node_ids":[4],"Node_id":14482},
{"Inferred_node_ids":[21],"Node_id":14483},
{"Inferred_node_ids":[25],"Node_id":14484},
{"Inferred_node_ids":[42],"Node_id":14485},
{"Inferred_node_ids":[29],"Node_id":15331},
{"Inferred_node_ids":[2],"Node_id":15332},
{"Inferred_node_ids":[43],"Node_id":15333},
{"Inferred_node_ids":[16],"Node_id":15334},
{"Inferred_node_ids":[15],"Node_id":15335},
{"Inferred_node_ids":[70],"Node_id":15336},
{"Inferred_node_ids":[54],"Node_id":15508},
{"Inferred_node_ids":[11],"Node_id":15509},
{"Inferred_node_ids":[39],"Node_id":15510},
{"Inferred_node_ids":[53],"Node_id":15511},
{"Inferred_node_ids":[55],"Node_id":15512},
{"Inferred_node_ids":[56],"Node_id":15513},
{"Inferred_node_ids":[35],"Node_id":15514},
{"Inferred_node_ids":[71],"Node_id":15515},
{"Inferred_node_ids":[30],"Node_id":15517},
{"Inferred_node_ids":[60],"Node_id":15518},
{"Inferred_node_ids":[23],"Node_id":15519},
{"Inferred_node_ids":[38],"Node_id":15520},
{"Inferred_node_ids":[66],"Node_id":15521},
{"Inferred_node_ids":[63],"Node_id":15522},
{"Inferred_node_ids":[44],"Node_id":15523},
{"Inferred_node_ids":[31],"Node_id":15524},
{"Inferred_node_ids":[41],"Node_id":15525},
{"Inferred_node_ids":[27],"Node_id":17955},
{"Inferred_node_ids":[14],"Node_id":17956},
{"Inferred_node_ids":[48],"Node_id":17957},
{"Inferred_node_ids":[67],"Node_id":17959},
{"Inferred_node_ids":[52],"Node_id":17960}]