[{"p":"P54","wikiID":NULL,"s":"Q5024","Node_id":3218,"weight":0.20048001,"o":"Q3873511","polarity":FALSE},
{"p":"P54","wikiID":NULL,"s":"Q5024","Node_id":3219,"weight":0.15444,"o":"Q3873511","polarity":FALSE},
{"p":"P54","wikiID":NULL,"s":"Q18765","Node_id":3220,"weight":0.1656,"o":"Q3873511","polarity":FALSE},
{"p":"P54","wikiID":NULL,"s":"Q18765","Node_id":3221,"weight":0.26744002,"o":"Q3873511","polarity":FALSE},
{"p":"P54","wikiID":NULL,"s":"Q18765","Node_id":3222,"weight":0.26273,"o":"Q3873511","polarity":FALSE},
{"p":"P54","wikiID":NULL,"s":"Q5024","Node_id":3223,"weight":0.23710999,"o":"Q3873511","polarity":FALSE},
{"p":"P54","wikiID":NULL,"s":"Q1918","Node_id":3224,"weight":0.28750998,"o":"Q3873511","polarity":FALSE},
{"p":"P54","wikiID":NULL,"s":"Q5024","Node_id":3225,"weight":0.33078998,"o":"Q3873511","polarity":FALSE},
{"p":"P54","wikiID":NULL,"s":"Q5024","Node_id":3226,"weight":0.18913,"o":"Q3873511","polarity":FALSE},
{"p":"P54","wikiID":NULL,"s":"Q5024","Node_id":3227,"weight":0.23075,"o":"Q3873511","polarity":FALSE},
{"p":"P54","wikiID":NULL,"s":"Q5024","Node_id":3228,"weight":0.26844,"o":"Q3873511","polarity":FALSE},
{"p":"P54","wikiID":NULL,"s":"Q5024","Node_id":3229,"weight":0.23918,"o":"Q3873511","polarity":FALSE},
{"p":"P54","wikiID":NULL,"s":"Q1918","Node_id":3230,"weight":0.46576,"o":"Q3873511","polarity":FALSE},
{"p":"P54","wikiID":NULL,"s":"Q5024","Node_id":3231,"weight":0.27551,"o":"Q3873511","polarity":FALSE},
{"p":"P54","wikiID":NULL,"s":"Q5024","Node_id":3232,"weight":0.14552,"o":"Q3873511","polarity":FALSE},
{"p":"P54","wikiID":NULL,"s":"Q5024","Node_id":3233,"weight":0.38968998,"o":"Q3873511","polarity":FALSE},
{"p":"P54","wikiID":NULL,"s":"Q18765","Node_id":3234,"weight":0.27322,"o":"Q3873511","polarity":FALSE},
{"p":"P54","wikiID":NULL,"s":"Q5024","Node_id":3235,"weight":0.17206,"o":"Q3873511","polarity":FALSE},
{"p":"P54","wikiID":NULL,"s":"Q5024","Node_id":3236,"weight":0.32479998,"o":"Q3873511","polarity":FALSE},
{"p":"P54","wikiID":NULL,"s":"Q5024","Node_id":3237,"weight":0.20348,"o":"Q3873511","polarity":FALSE},
{"p":"P54","wikiID":NULL,"s":"Q1918","Node_id":3238,"weight":0.24519,"o":"Q3873511","polarity":FALSE},
{"p":"P54","wikiID":NULL,"s":"Q5024","Node_id":3239,"weight":0.14995,"o":"Q3873511","polarity":FALSE},
{"p":"P54","wikiID":NULL,"s":"Q5024","Node_id":3240,"weight":0.29072002,"o":"Q3873511","polarity":FALSE},
{"p":"P54","wikiID":NULL,"s":"Q5024","Node_id":3241,"weight":0.35922,"o":"Q3873511","polarity":FALSE},
{"p":"P54","wikiID":NULL,"s":"Q1918","Node_id":3242,"weight":0.56515,"o":"Q3873511","polarity":FALSE},
{"p":"P54","wikiID":NULL,"s":"Q5024","Node_id":3243,"weight":0.48203,"o":"Q3873511","polarity":FALSE},
{"p":"P54","wikiID":NULL,"s":"Q5024","Node_id":3244,"weight":0.16754,"o":"Q3873511","polarity":FALSE},
{"p":"P54","wikiID":NULL,"s":"Q1918","Node_id":3245,"weight":0.21343999,"o":"Q3873511","polarity":FALSE},
{"p":"P54","wikiID":NULL,"s":"Q5024","Node_id":3246,"weight":0.63754,"o":"Q3873511","polarity":FALSE},
{"p":"P54","wikiID":NULL,"s":"Q5024","Node_id":3247,"weight":0.35472,"o":"Q3873511","polarity":FALSE},
{"p":"P54","wikiID":NULL,"s":"Q5024","Node_id":3248,"weight":0.37669,"o":"Q3873511","polarity":FALSE},
{"p":"P54","wikiID":NULL,"s":"Q18765","Node_id":3249,"weight":0.21503,"o":"Q3873511","polarity":FALSE},
{"p":"P54","wikiID":NULL,"s":"Q5024","Node_id":3250,"weight":0.17059,"o":"Q3873511","polarity":FALSE},
{"p":"P54","wikiID":NULL,"s":"Q5024","Node_id":3251,"weight":0.3483,"o":"Q3873511","polarity":FALSE},
{"p":"P54","wikiID":NULL,"s":"Q18765","Node_id":3252,"weight":0.17136,"o":"Q3873511","polarity":FALSE},
{"p":"P54","wikiID":NULL,"s":"Q1918","Node_id":3253,"weight":0.15197,"o":"Q3873511","polarity":FALSE},
{"p":"P54","wikiID":NULL,"s":"Q1918","Node_id":3254,"weight":0.297,"o":"Q3873511","polarity":FALSE}]