[{"Node_id":25267,"weight":1.9214},
{"Node_id":25271,"weight":2.184},
{"Node_id":25272,"weight":3.483},
{"Node_id":25273,"weight":2.2799},
{"Node_id":25276,"weight":2.5051},
{"Node_id":25278,"weight":2.3015},
{"Node_id":25279,"weight":2.2634},
{"Node_id":25286,"weight":1.4319},
{"Node_id":25294,"weight":1.6936},
{"Node_id":25319,"weight":1.5736},
{"Node_id":25346,"weight":2.4866},
{"Node_id":25353,"weight":1.744},
{"Node_id":25360,"weight":2.5852},
{"Node_id":25366,"weight":1.3976},
{"Node_id":25367,"weight":1.5513},
{"Node_id":25369,"weight":1.5492},
{"Node_id":25376,"weight":1.8421},
{"Node_id":25380,"weight":2.001},
{"Node_id":25381,"weight":1.6353},
{"Node_id":25414,"weight":2.1928},
{"Node_id":25424,"weight":1.5764},
{"Node_id":25432,"weight":4.2766},
{"Node_id":25436,"weight":5.2159},
{"Node_id":25440,"weight":1.5666},
{"Node_id":25443,"weight":1.866},
{"Node_id":25574,"weight":3.3227},
{"Node_id":26090,"weight":2.0887},
{"Node_id":26323,"weight":2.806},
{"Node_id":26324,"weight":5.077},
{"Node_id":26325,"weight":1.4178},
{"Node_id":26326,"weight":4.1064},
{"Node_id":26327,"weight":2.0695},
{"Node_id":26328,"weight":1.6085},
{"Node_id":26329,"weight":2.2196},
{"Node_id":26330,"weight":1.6027},
{"Node_id":26331,"weight":2.0907},
{"Node_id":26332,"weight":2.9635},
{"Node_id":26333,"weight":3.9549},
{"Node_id":26334,"weight":1.4474},
{"Node_id":26335,"weight":1.7051},
{"Node_id":26336,"weight":2.3996},
{"Node_id":26337,"weight":1.7433},
{"Node_id":26338,"weight":2.1807},
{"Node_id":26339,"weight":2.3866},
{"Node_id":26340,"weight":1.3919},
{"Node_id":26341,"weight":2.0928},
{"Node_id":26345,"weight":1.8481},
{"Node_id":26346,"weight":2.0938},
{"Node_id":26347,"weight":1.9615},
{"Node_id":26348,"weight":2.0299},
{"Node_id":26349,"weight":2.3433},
{"Node_id":26350,"weight":1.7159},
{"Node_id":26351,"weight":2.5504},
{"Node_id":26352,"weight":2.9765},
{"Node_id":26353,"weight":2.5519},
{"Node_id":26354,"weight":1.8523},
{"Node_id":26355,"weight":2.3648},
{"Node_id":26356,"weight":3.2876},
{"Node_id":26359,"weight":1.4481},
{"Node_id":26360,"weight":1.4384},
{"Node_id":26361,"weight":5.2933},
{"Node_id":26362,"weight":1.4313},
{"Node_id":26363,"weight":3.3287},
{"Node_id":26364,"weight":1.9305},
{"Node_id":26365,"weight":4.8078},
{"Node_id":26366,"weight":2.5195},
{"Node_id":26367,"weight":1.3882},
{"Node_id":26368,"weight":3.2151},
{"Node_id":26369,"weight":2.3271},
{"Node_id":26370,"weight":1.6208},
{"Node_id":26371,"weight":4.6469},
{"Node_id":26372,"weight":2.2943},
{"Node_id":26373,"weight":3.4523},
{"Node_id":26374,"weight":1.4617},
{"Node_id":26375,"weight":1.4313},
{"Node_id":26376,"weight":3.0978},
{"Node_id":26377,"weight":1.6142},
{"Node_id":26378,"weight":1.3869},
{"Node_id":26379,"weight":3.0006},
{"Node_id":26380,"weight":2.8691},
{"Node_id":26381,"weight":1.7276},
{"Node_id":26382,"weight":1.3982},
{"Node_id":26383,"weight":1.8869},
{"Node_id":26384,"weight":2.0918},
{"Node_id":26389,"weight":2.7604},
{"Node_id":26390,"weight":1.7647},
{"Node_id":26391,"weight":3.4225},
{"Node_id":26392,"weight":3.1651},
{"Node_id":26393,"weight":2.6482},
{"Node_id":26394,"weight":1.6434},
{"Node_id":26395,"weight":2.6662},
{"Node_id":26396,"weight":1.5204},
{"Node_id":26397,"weight":1.8704},
{"Node_id":26398,"weight":1.4455},
{"Node_id":26399,"weight":1.452},
{"Node_id":26400,"weight":3.6677},
{"Node_id":26401,"weight":2.9722},
{"Node_id":26402,"weight":1.6405},
{"Node_id":26405,"weight":3.511},
{"Node_id":26406,"weight":1.6627},
{"Node_id":26407,"weight":3.1173},
{"Node_id":26408,"weight":2.2752},
{"Node_id":26409,"weight":1.6049},
{"Node_id":26410,"weight":1.6612},
{"Node_id":26411,"weight":2.9786},
{"Node_id":26412,"weight":1.9496},
{"Node_id":26413,"weight":1.7151},
{"Node_id":26416,"weight":1.8037},
{"Node_id":26417,"weight":1.7448},
{"Node_id":26418,"weight":1.9197},
{"Node_id":26419,"weight":2.6369},
{"Node_id":26456,"weight":4.4024},
{"Node_id":26457,"weight":2.1397},
{"Node_id":26458,"weight":1.4822},
{"Node_id":26459,"weight":3.7852},
{"Node_id":26460,"weight":1.9487},
{"Node_id":26461,"weight":2.1218},
{"Node_id":26462,"weight":2.2242},
{"Node_id":26463,"weight":1.9972},
{"Node_id":26464,"weight":5.9496},
{"Node_id":26465,"weight":2.1961},
{"Node_id":26466,"weight":1.86},
{"Node_id":26467,"weight":2.9298},
{"Node_id":26470,"weight":4.1711},
{"Node_id":26471,"weight":2.4142},
{"Node_id":26472,"weight":2.4838},
{"Node_id":26473,"weight":2.4629},
{"Node_id":26474,"weight":3.2676},
{"Node_id":26475,"weight":4.6259},
{"Node_id":26476,"weight":4.5555},
{"Node_id":26477,"weight":1.7865},
{"Node_id":26478,"weight":1.4862},
{"Node_id":26479,"weight":1.8921},
{"Node_id":26480,"weight":1.5055},
{"Node_id":26481,"weight":1.4261},
{"Node_id":26482,"weight":1.7551},
{"Node_id":26483,"weight":1.8652},
{"Node_id":26484,"weight":5.2539},
{"Node_id":26485,"weight":1.4815},
{"Node_id":26486,"weight":1.4287},
{"Node_id":26487,"weight":1.5451},
{"Node_id":26488,"weight":1.6229},
{"Node_id":26489,"weight":4.2051},
{"Node_id":26490,"weight":2.579},
{"Node_id":26491,"weight":1.5885},
{"Node_id":26492,"weight":2.883},
{"Node_id":26493,"weight":1.5361},
{"Node_id":26494,"weight":1.8371},
{"Node_id":26495,"weight":3.4591},
{"Node_id":26496,"weight":2.5654},
{"Node_id":26509,"weight":1.5225},
{"Node_id":26510,"weight":2.2494},
{"Node_id":26511,"weight":2.5669},
{"Node_id":26512,"weight":3.2452},
{"Node_id":26513,"weight":2.8439},
{"Node_id":26514,"weight":2.3371},
{"Node_id":26515,"weight":1.3913},
{"Node_id":26516,"weight":4.3066},
{"Node_id":26517,"weight":2.7712},
{"Node_id":26518,"weight":5.077},
{"Node_id":26519,"weight":1.9386},
{"Node_id":26520,"weight":3.3903},
{"Node_id":26521,"weight":2.7115},
{"Node_id":26522,"weight":1.5764},
{"Node_id":26523,"weight":2.2425},
{"Node_id":26524,"weight":2.0144},
{"Node_id":26525,"weight":1.4955},
{"Node_id":26526,"weight":1.4364},
{"Node_id":26527,"weight":1.7639},
{"Node_id":26528,"weight":4.872},
{"Node_id":26530,"weight":1.4338},
{"Node_id":26532,"weight":2.2967},
{"Node_id":26533,"weight":1.4855},
{"Node_id":26534,"weight":3.0297},
{"Node_id":26535,"weight":1.421},
{"Node_id":26536,"weight":1.9487},
{"Node_id":26537,"weight":2.6434},
{"Node_id":26538,"weight":1.6777},
{"Node_id":26539,"weight":1.5008},
{"Node_id":26540,"weight":2.9765},
{"Node_id":26541,"weight":1.7082},
{"Node_id":26542,"weight":2.4168},
{"Node_id":26543,"weight":6.0725},
{"Node_id":26775,"weight":5.4217},
{"Node_id":26776,"weight":5.5429},
{"Node_id":26777,"weight":2.5534},
{"Node_id":26778,"weight":1.4223},
{"Node_id":26779,"weight":2.2728},
{"Node_id":26780,"weight":3.3377},
{"Node_id":26839,"weight":5.045},
{"Node_id":26840,"weight":3.8766},
{"Node_id":26841,"weight":1.719},
{"Node_id":26842,"weight":1.7354},
{"Node_id":26843,"weight":2.4768},
{"Node_id":26844,"weight":1.7198},
{"Node_id":26845,"weight":2.0416},
{"Node_id":26846,"weight":1.6982},
{"Node_id":26847,"weight":3.6076},
{"Node_id":26848,"weight":3.4523},
{"Node_id":26849,"weight":3.6273},
{"Node_id":26850,"weight":3.7401},
{"Node_id":26851,"weight":2.0338},
{"Node_id":26852,"weight":1.6906},
{"Node_id":26853,"weight":3.6718},
{"Node_id":26854,"weight":2.1418},
{"Node_id":26855,"weight":1.6419},
{"Node_id":26856,"weight":1.8549},
{"Node_id":26857,"weight":2.0212},
{"Node_id":26858,"weight":3.3808},
{"Node_id":26859,"weight":3.8469},
{"Node_id":26860,"weight":3.305},
{"Node_id":26861,"weight":1.4742},
{"Node_id":26862,"weight":1.4881},
{"Node_id":26863,"weight":1.9523},
{"Node_id":26864,"weight":1.5464},
{"Node_id":26865,"weight":2.0575},
{"Node_id":26866,"weight":1.7922},
{"Node_id":26870,"weight":1.615},
{"Node_id":26871,"weight":5.4927},
{"Node_id":26874,"weight":3.7446},
{"Node_id":26877,"weight":3.5075},
{"Node_id":26878,"weight":1.7472},
{"Node_id":26879,"weight":1.4001},
{"Node_id":26880,"weight":3.6885},
{"Node_id":26881,"weight":2.5519},
{"Node_id":26882,"weight":1.8145},
{"Node_id":26883,"weight":3.8372},
{"Node_id":26884,"weight":2.0615},
{"Node_id":26885,"weight":2.0785},
{"Node_id":26886,"weight":2.1654},
{"Node_id":26887,"weight":1.6114},
{"Node_id":26888,"weight":1.812},
{"Node_id":26889,"weight":1.9143},
{"Node_id":26890,"weight":1.7567},
{"Node_id":26891,"weight":2.1862},
{"Node_id":26892,"weight":2.1906},
{"Node_id":26893,"weight":2.7357},
{"Node_id":26894,"weight":2.9465},
{"Node_id":26895,"weight":2.1249},
{"Node_id":26896,"weight":3.6432},
{"Node_id":26897,"weight":5.1441},
{"Node_id":26898,"weight":5.2734},
{"Node_id":26899,"weight":3.0978},
{"Node_id":26900,"weight":3.8132},
{"Node_id":26901,"weight":5.045},
{"Node_id":26902,"weight":2.401},
{"Node_id":26903,"weight":2.101},
{"Node_id":26904,"weight":1.515},
{"Node_id":26905,"weight":2.9072},
{"Node_id":26906,"weight":1.8575},
{"Node_id":26907,"weight":3.0644},
{"Node_id":26908,"weight":3.0366},
{"Node_id":26909,"weight":2.3039},
{"Node_id":26910,"weight":1.7849},
{"Node_id":26911,"weight":3.0184},
{"Node_id":26912,"weight":1.886},
{"Node_id":26913,"weight":2.0038},
{"Node_id":26914,"weight":2.025},
{"Node_id":26925,"weight":2.4329},
{"Node_id":26926,"weight":3.9658},
{"Node_id":26927,"weight":2.5579},
{"Node_id":26928,"weight":2.0192},
{"Node_id":26931,"weight":2.8135},
{"Node_id":26932,"weight":2.8381},
{"Node_id":26933,"weight":2.889},
{"Node_id":26934,"weight":2.0338},
{"Node_id":26935,"weight":3.0667},
{"Node_id":26936,"weight":1.9323},
{"Node_id":26937,"weight":1.7237},
{"Node_id":26938,"weight":1.7599},
{"Node_id":26939,"weight":2.3015},
{"Node_id":26940,"weight":1.4881},
{"Node_id":26941,"weight":1.3988},
{"Node_id":26942,"weight":2.9786},
{"Node_id":26943,"weight":3.3652},
{"Node_id":26944,"weight":2.6337},
{"Node_id":26945,"weight":1.5485},
{"Node_id":26946,"weight":2.5297},
{"Node_id":26947,"weight":1.5327},
{"Node_id":26948,"weight":1.7663},
{"Node_id":26949,"weight":1.9423},
{"Node_id":26950,"weight":1.4422},
{"Node_id":26951,"weight":1.5885},
{"Node_id":26952,"weight":1.5729},
{"Node_id":26953,"weight":1.5306},
{"Node_id":26954,"weight":2.7409},
{"Node_id":26955,"weight":1.8012},
{"Node_id":26956,"weight":4.8588},
{"Node_id":26957,"weight":2.7218},
{"Node_id":26983,"weight":1.6657},
{"Node_id":26984,"weight":1.4052},
{"Node_id":26985,"weight":1.6324},
{"Node_id":26986,"weight":2.8711},
{"Node_id":26987,"weight":5.0933},
{"Node_id":26988,"weight":1.5659},
{"Node_id":26989,"weight":1.4782},
{"Node_id":26990,"weight":2.6761},
{"Node_id":26991,"weight":2.4796},
{"Node_id":26992,"weight":2.6337},
{"Node_id":26993,"weight":5.4927},
{"Node_id":26996,"weight":2.0928},
{"Node_id":27005,"weight":1.4862},
{"Node_id":27006,"weight":1.4435},
{"Node_id":27007,"weight":4.8458},
{"Node_id":27008,"weight":2.1622},
{"Node_id":27009,"weight":1.8253},
{"Node_id":27010,"weight":2.1928},
{"Node_id":27011,"weight":1.587},
{"Node_id":27012,"weight":1.656},
{"Node_id":27013,"weight":2.4684},
{"Node_id":27014,"weight":3.511},
{"Node_id":27015,"weight":1.5368},
{"Node_id":27016,"weight":1.6027},
{"Node_id":27017,"weight":1.733},
{"Node_id":27018,"weight":1.8609},
{"Node_id":27022,"weight":2.3699},
{"Node_id":27023,"weight":2.6928},
{"Node_id":27024,"weight":3.3903},
{"Node_id":27025,"weight":2.2943},
{"Node_id":27029,"weight":2.1376},
{"Node_id":27030,"weight":2.6147},
{"Node_id":27031,"weight":2.0485},
{"Node_id":27032,"weight":1.8438},
{"Node_id":27033,"weight":2.97},
{"Node_id":27034,"weight":4.1513},
{"Node_id":27035,"weight":2.9031},
{"Node_id":27036,"weight":1.5197},
{"Node_id":27037,"weight":3.4356},
{"Node_id":27038,"weight":4.4538},
{"Node_id":27039,"weight":3.2507},
{"Node_id":27040,"weight":1.4775},
{"Node_id":27041,"weight":3.6595},
{"Node_id":27042,"weight":1.4769},
{"Node_id":27043,"weight":4.7832},
{"Node_id":27044,"weight":1.8354},
{"Node_id":27045,"weight":2.7857},
{"Node_id":27046,"weight":3.3468},
{"Node_id":27047,"weight":4.284},
{"Node_id":27048,"weight":1.8643},
{"Node_id":27049,"weight":2.1354},
{"Node_id":27050,"weight":1.8153},
{"Node_id":27054,"weight":2.1774},
{"Node_id":27055,"weight":4.0049},
{"Node_id":27056,"weight":2.9444},
{"Node_id":27057,"weight":2.6466},
{"Node_id":27058,"weight":2.1796},
{"Node_id":27059,"weight":3.3079},
{"Node_id":27060,"weight":3.562},
{"Node_id":27061,"weight":1.6164},
{"Node_id":27062,"weight":1.9915},
{"Node_id":27063,"weight":2.4994},
{"Node_id":27064,"weight":2.6022},
{"Node_id":27065,"weight":1.5603},
{"Node_id":27066,"weight":2.2716},
{"Node_id":27067,"weight":3.3287},
{"Node_id":27068,"weight":1.7543},
{"Node_id":27069,"weight":3.3468},
{"Node_id":27070,"weight":1.9098},
{"Node_id":27071,"weight":1.8078},
{"Node_id":27072,"weight":2.4519},
{"Node_id":27073,"weight":3.3138},
{"Node_id":27074,"weight":2.6434},
{"Node_id":27075,"weight":2.9939},
{"Node_id":27076,"weight":1.8379},
{"Node_id":27077,"weight":1.7711},
{"Node_id":27078,"weight":3.0072},
{"Node_id":27079,"weight":1.5485},
{"Node_id":27080,"weight":1.4585},
{"Node_id":27081,"weight":3.1222},
{"Node_id":27083,"weight":2.6321},
{"Node_id":27085,"weight":3.5694},
{"Node_id":27086,"weight":3.1026},
{"Node_id":27087,"weight":2.4315},
{"Node_id":27088,"weight":1.4868},
{"Node_id":27089,"weight":1.6785},
{"Node_id":27090,"weight":2.2576},
{"Node_id":27091,"weight":3.1625},
{"Node_id":27092,"weight":1.827},
{"Node_id":27093,"weight":2.3814},
{"Node_id":27094,"weight":2.6761},
{"Node_id":27095,"weight":1.7988},
{"Node_id":27096,"weight":5.9118},
{"Node_id":27097,"weight":2.4342},
{"Node_id":27098,"weight":1.4461},
{"Node_id":27099,"weight":3.4356},
{"Node_id":27115,"weight":1.4982},
{"Node_id":27116,"weight":2.3827},
{"Node_id":27117,"weight":2.1514},
{"Node_id":27118,"weight":1.421},
{"Node_id":27119,"weight":4.2546},
{"Node_id":27120,"weight":2.889},
{"Node_id":27121,"weight":2.6162},
{"Node_id":27122,"weight":1.5899},
{"Node_id":27123,"weight":1.4941},
{"Node_id":27124,"weight":4.508},
{"Node_id":27125,"weight":2.9984},
{"Node_id":27126,"weight":2.2084},
{"Node_id":27127,"weight":2.6401},
{"Node_id":27128,"weight":3.105},
{"Node_id":27129,"weight":2.1145},
{"Node_id":27130,"weight":2.1197},
{"Node_id":27131,"weight":1.9161},
{"Node_id":27168,"weight":2.1145},
{"Node_id":27169,"weight":1.7105},
{"Node_id":27170,"weight":2.1239},
{"Node_id":27171,"weight":1.8834},
{"Node_id":27172,"weight":2.7115},
{"Node_id":27173,"weight":2.3597},
{"Node_id":27174,"weight":1.6383},
{"Node_id":27175,"weight":1.4624},
{"Node_id":27176,"weight":3.6392},
{"Node_id":27177,"weight":1.7338},
{"Node_id":27178,"weight":4.3776},
{"Node_id":27179,"weight":1.7089},
{"Node_id":27180,"weight":1.4789},
{"Node_id":27181,"weight":3.2591},
{"Node_id":27182,"weight":3.3871},
{"Node_id":27183,"weight":2.9277},
{"Node_id":27184,"weight":4.5653},
{"Node_id":27185,"weight":3.2178},
{"Node_id":27186,"weight":2.321},
{"Node_id":27187,"weight":2.2073},
{"Node_id":27188,"weight":1.5779},
{"Node_id":27189,"weight":3.8085},
{"Node_id":27190,"weight":1.6186},
{"Node_id":27191,"weight":6.8113},
{"Node_id":27192,"weight":1.6179},
{"Node_id":27193,"weight":1.7377},
{"Node_id":27194,"weight":2.4588},
{"Node_id":27195,"weight":1.6478},
{"Node_id":27196,"weight":1.5231},
{"Node_id":27197,"weight":2.342},
{"Node_id":27198,"weight":1.4644},
{"Node_id":27199,"weight":2.0595},
{"Node_id":27200,"weight":2.2681},
{"Node_id":27202,"weight":1.5109},
{"Node_id":27203,"weight":2.4519},
{"Node_id":27204,"weight":1.7105},
{"Node_id":27207,"weight":3.3871},
{"Node_id":27208,"weight":1.5807},
{"Node_id":27209,"weight":2.7586},
{"Node_id":27210,"weight":2.885},
{"Node_id":27211,"weight":4.5653},
{"Node_id":27212,"weight":3.3683},
{"Node_id":27213,"weight":2.7374},
{"Node_id":27216,"weight":2.0485},
{"Node_id":27217,"weight":1.8261},
{"Node_id":27218,"weight":2.9593},
{"Node_id":27219,"weight":2.0565},
{"Node_id":27220,"weight":2.5123},
{"Node_id":27221,"weight":1.4121},
{"Node_id":27222,"weight":2.2061},
{"Node_id":27223,"weight":1.7136},
{"Node_id":27224,"weight":2.2799},
{"Node_id":27225,"weight":1.7182},
{"Node_id":27226,"weight":1.6486},
{"Node_id":27227,"weight":3.5435},
{"Node_id":27228,"weight":2.0605},
{"Node_id":27229,"weight":3.6233},
{"Node_id":27232,"weight":2.6242},
{"Node_id":27233,"weight":1.5771},
{"Node_id":27234,"weight":1.5402},
{"Node_id":27235,"weight":3.2591},
{"Node_id":27236,"weight":1.6754},
{"Node_id":27237,"weight":1.5238},
{"Node_id":27238,"weight":2.0096},
{"Node_id":27239,"weight":2.8381},
{"Node_id":27240,"weight":2.1155},
{"Node_id":27241,"weight":1.5687},
{"Node_id":27242,"weight":1.4014},
{"Node_id":27243,"weight":1.7417},
{"Node_id":27244,"weight":2.3699},
{"Node_id":27245,"weight":2.0029},
{"Node_id":27246,"weight":1.4962},
{"Node_id":27247,"weight":1.6078},
{"Node_id":27248,"weight":1.7857},
{"Node_id":27249,"weight":3.562},
{"Node_id":27250,"weight":2.8633},
{"Node_id":27254,"weight":1.9259},
{"Node_id":27255,"weight":2.6662},
{"Node_id":27256,"weight":3.5326},
{"Node_id":27257,"weight":4.0163},
{"Node_id":27258,"weight":3.226},
{"Node_id":27259,"weight":1.7051},
{"Node_id":27260,"weight":2.9113},
{"Node_id":27261,"weight":1.8913},
{"Node_id":27264,"weight":1.6085},
{"Node_id":27265,"weight":1.5999},
{"Node_id":27266,"weight":3.0738},
{"Node_id":27267,"weight":1.5878},
{"Node_id":27359,"weight":3.0117},
{"Node_id":27360,"weight":2.2907},
{"Node_id":27361,"weight":1.4868},
{"Node_id":27362,"weight":1.4396},
{"Node_id":27363,"weight":2.4437},
{"Node_id":27364,"weight":2.0038},
{"Node_id":27365,"weight":3.5398},
{"Node_id":27366,"weight":1.8379},
{"Node_id":27367,"weight":1.3907},
{"Node_id":27368,"weight":3.0786},
{"Node_id":27369,"weight":4.0049},
{"Node_id":27370,"weight":3.4969},
{"Node_id":27371,"weight":1.7841},
{"Node_id":27372,"weight":2.4966},
{"Node_id":27373,"weight":4.9126},
{"Node_id":27374,"weight":3.562},
{"Node_id":27375,"weight":4.9548},
{"Node_id":27376,"weight":4.7592},
{"Node_id":27377,"weight":2.1873},
{"Node_id":27378,"weight":2.2219},
{"Node_id":27379,"weight":1.789},
{"Node_id":27380,"weight":2.0367},
{"Node_id":27388,"weight":1.4572},
{"Node_id":27492,"weight":2.4994},
{"Node_id":27493,"weight":5.4448},
{"Node_id":27494,"weight":1.7988},
{"Node_id":27495,"weight":1.6412},
{"Node_id":27496,"weight":1.4802},
{"Node_id":27497,"weight":1.4683},
{"Node_id":27498,"weight":4.0634},
{"Node_id":27499,"weight":2.895},
{"Node_id":27500,"weight":3.3347},
{"Node_id":27501,"weight":1.6508},
{"Node_id":27502,"weight":3.3777},
{"Node_id":27503,"weight":2.9072},
{"Node_id":27504,"weight":1.4178},
{"Node_id":27505,"weight":2.4881},
{"Node_id":27506,"weight":2.3788},
{"Node_id":27507,"weight":2.9614},
{"Node_id":27508,"weight":1.6664},
{"Node_id":27509,"weight":1.7963},
{"Node_id":27510,"weight":1.9143},
{"Node_id":27511,"weight":1.6523},
{"Node_id":27512,"weight":1.6538},
{"Node_id":27513,"weight":1.9036},
{"Node_id":27514,"weight":1.7776},
{"Node_id":27515,"weight":3.3999},
{"Node_id":27516,"weight":2.3584},
{"Node_id":27517,"weight":2.1785},
{"Node_id":27518,"weight":2.5224},
{"Node_id":27519,"weight":2.4601},
{"Node_id":27520,"weight":1.7074},
{"Node_id":27521,"weight":1.8834},
{"Node_id":27522,"weight":1.8921},
{"Node_id":27523,"weight":1.39},
{"Node_id":27524,"weight":2.2106},
{"Node_id":27525,"weight":1.9241},
{"Node_id":27526,"weight":1.6627},
{"Node_id":27527,"weight":3.0667},
{"Node_id":27528,"weight":2.0605},
{"Node_id":27529,"weight":2.2895},
{"Node_id":27530,"weight":1.43},
{"Node_id":27531,"weight":2.4698},
{"Node_id":27532,"weight":2.7694},
{"Node_id":27533,"weight":1.6982},
{"Node_id":27534,"weight":2.4505},
{"Node_id":27535,"weight":2.8305},
{"Node_id":27536,"weight":1.7825},
{"Node_id":27589,"weight":1.702},
{"Node_id":27590,"weight":1.9152},
{"Node_id":27595,"weight":2.5137},
{"Node_id":27656,"weight":2.9133},
{"Node_id":27657,"weight":1.4185},
{"Node_id":27672,"weight":1.4546},
{"Node_id":27673,"weight":1.6186},
{"Node_id":27674,"weight":2.4754},
{"Node_id":27675,"weight":1.8756},
{"Node_id":27701,"weight":1.4217},
{"Node_id":27702,"weight":1.7647},
{"Node_id":27738,"weight":1.5701},
{"Node_id":27739,"weight":1.8404},
{"Node_id":27856,"weight":1.9532},
{"Node_id":27948,"weight":2.3063},
{"Node_id":27949,"weight":1.6868},
{"Node_id":27951,"weight":1.7825},
{"Node_id":27982,"weight":3.2071},
{"Node_id":27983,"weight":1.7988},
{"Node_id":27985,"weight":1.7043},
{"Node_id":27986,"weight":5.11},
{"Node_id":28078,"weight":3.3529},
{"Node_id":28121,"weight":2.658},
{"Node_id":28122,"weight":2.2657},
{"Node_id":28123,"weight":1.6921},
{"Node_id":28124,"weight":4.1778},
{"Node_id":28125,"weight":1.7711},
{"Node_id":28128,"weight":3.2098},
{"Node_id":28137,"weight":5.9496},
{"Node_id":28138,"weight":2.0407},
{"Node_id":28139,"weight":1.7448},
{"Node_id":28164,"weight":1.5589},
{"Node_id":28165,"weight":2.7098},
{"Node_id":28281,"weight":1.7543},
{"Node_id":28282,"weight":1.9746},
{"Node_id":28355,"weight":1.4729},
{"Node_id":28356,"weight":1.7575},
{"Node_id":28357,"weight":2.936},
{"Node_id":28359,"weight":1.4749},
{"Node_id":28377,"weight":2.4754},
{"Node_id":28378,"weight":2.4302},
{"Node_id":28418,"weight":1.7898},
{"Node_id":28419,"weight":1.7043},
{"Node_id":28420,"weight":1.6612},
{"Node_id":28421,"weight":1.8669},
{"Node_id":28422,"weight":1.6762},
{"Node_id":28423,"weight":2.2208},
{"Node_id":28424,"weight":3.0297},
{"Node_id":28425,"weight":2.4262},
{"Node_id":28426,"weight":2.4155},
{"Node_id":28427,"weight":3.2017},
{"Node_id":28428,"weight":2.4866},
{"Node_id":28429,"weight":2.9939},
{"Node_id":28430,"weight":4.4538},
{"Node_id":28431,"weight":2.1796},
{"Node_id":28432,"weight":1.8523},
{"Node_id":28433,"weight":2.0038},
{"Node_id":28434,"weight":1.9934},
{"Node_id":28435,"weight":1.5652},
{"Node_id":28436,"weight":1.6792},
{"Node_id":28437,"weight":1.561},
{"Node_id":28438,"weight":1.5892},
{"Node_id":28439,"weight":1.6006},
{"Node_id":28440,"weight":1.7377},
{"Node_id":28441,"weight":2.3321},
{"Node_id":28442,"weight":2.0202},
{"Node_id":28443,"weight":4.284},
{"Node_id":28444,"weight":3.4969},
{"Node_id":28445,"weight":1.5736},
{"Node_id":28446,"weight":1.7857},
{"Node_id":28447,"weight":2.3271},
{"Node_id":28448,"weight":1.873},
{"Node_id":28449,"weight":2.0685},
{"Node_id":28450,"weight":1.8506},
{"Node_id":28451,"weight":2.5609},
{"Node_id":28452,"weight":1.6034},
{"Node_id":28454,"weight":3.3808},
{"Node_id":28455,"weight":2.2599},
{"Node_id":28456,"weight":3.6801},
{"Node_id":28457,"weight":5.1441},
{"Node_id":28458,"weight":4.0396},
{"Node_id":28459,"weight":2.1611},
{"Node_id":28460,"weight":4.7832},
{"Node_id":28461,"weight":3.4258},
{"Node_id":28462,"weight":2.6662},
{"Node_id":28463,"weight":2.4208},
{"Node_id":28464,"weight":1.5687},
{"Node_id":28465,"weight":2.8191},
{"Node_id":28466,"weight":1.4935},
{"Node_id":28467,"weight":1.7362},
{"Node_id":28468,"weight":1.7808},
{"Node_id":28469,"weight":2.1503},
{"Node_id":28470,"weight":6.1637},
{"Node_id":28471,"weight":1.9359},
{"Node_id":28472,"weight":3.3287},
{"Node_id":28473,"weight":3.0458},
{"Node_id":28474,"weight":2.1165},
{"Node_id":28475,"weight":1.5022},
{"Node_id":28476,"weight":2.5066},
{"Node_id":28480,"weight":2.4089},
{"Node_id":28481,"weight":1.7615},
{"Node_id":28482,"weight":1.4995},
{"Node_id":28483,"weight":1.9597},
{"Node_id":28484,"weight":2.955},
{"Node_id":28488,"weight":1.6634},
{"Node_id":28534,"weight":1.6883},
{"Node_id":28537,"weight":4.2331},
{"Node_id":28559,"weight":2.1062},
{"Node_id":28560,"weight":1.5949},
{"Node_id":28561,"weight":2.0705},
{"Node_id":28562,"weight":5.1441},
{"Node_id":28563,"weight":1.9018},
{"Node_id":28564,"weight":1.5582},
{"Node_id":28565,"weight":1.9477},
{"Node_id":28566,"weight":3.4095},
{"Node_id":28567,"weight":1.798},
{"Node_id":28568,"weight":3.8132},
{"Node_id":28569,"weight":5.1794},
{"Node_id":28570,"weight":8.1114},
{"Node_id":28571,"weight":3.5732},
{"Node_id":28572,"weight":6.5699},
{"Node_id":28573,"weight":1.8506},
{"Node_id":28574,"weight":3.2098},
{"Node_id":28575,"weight":2.1665},
{"Node_id":28576,"weight":1.6056},
{"Node_id":28577,"weight":4.5653},
{"Node_id":28578,"weight":2.0959},
{"Node_id":28579,"weight":3.1099},
{"Node_id":28580,"weight":2.2907},
{"Node_id":28581,"weight":5.2734},
{"Node_id":28582,"weight":3.8372},
{"Node_id":28583,"weight":1.6649},
{"Node_id":28584,"weight":2.5775},
{"Node_id":28585,"weight":3.0929},
{"Node_id":28586,"weight":1.7036},
{"Node_id":28587,"weight":2.5297},
{"Node_id":28588,"weight":1.917},
{"Node_id":28589,"weight":1.5416},
{"Node_id":28590,"weight":2.5913},
{"Node_id":28591,"weight":2.2006},
{"Node_id":28592,"weight":2.2073},
{"Node_id":28593,"weight":1.7346},
{"Node_id":28594,"weight":1.7252},
{"Node_id":28595,"weight":2.2871},
{"Node_id":28596,"weight":2.375},
{"Node_id":28597,"weight":1.9487},
{"Node_id":28598,"weight":2.5684},
{"Node_id":28599,"weight":2.4221},
{"Node_id":28600,"weight":1.6523},
{"Node_id":28601,"weight":2.1031},
{"Node_id":28602,"weight":1.7607},
{"Node_id":28603,"weight":1.4045},
{"Node_id":28604,"weight":2.3321},
{"Node_id":28605,"weight":3.5146},
{"Node_id":28606,"weight":3.7991},
{"Node_id":28607,"weight":2.5534},
{"Node_id":28608,"weight":2.2028},
{"Node_id":28609,"weight":1.9896},
{"Node_id":28610,"weight":1.8843},
{"Node_id":28611,"weight":2.8381},
{"Node_id":28612,"weight":1.5076},
{"Node_id":28613,"weight":2.184},
{"Node_id":28614,"weight":2.0416},
{"Node_id":28615,"weight":3.7579},
{"Node_id":28616,"weight":1.9296},
{"Node_id":28617,"weight":2.1093},
{"Node_id":28618,"weight":2.7876},
{"Node_id":28619,"weight":2.2657},
{"Node_id":28620,"weight":3.1651},
{"Node_id":28621,"weight":4.0163},
{"Node_id":28622,"weight":2.0192},
{"Node_id":28623,"weight":2.6678},
{"Node_id":28624,"weight":2.4768},
{"Node_id":28625,"weight":1.5245},
{"Node_id":28626,"weight":4.7954},
{"Node_id":28627,"weight":1.9896},
{"Node_id":28628,"weight":2.3075},
{"Node_id":28629,"weight":2.5023},
{"Node_id":28630,"weight":1.421},
{"Node_id":28631,"weight":1.7151},
{"Node_id":28632,"weight":1.5575},
{"Node_id":28633,"weight":1.9634},
{"Node_id":28634,"weight":1.4178},
{"Node_id":28635,"weight":4.6469},
{"Node_id":28636,"weight":1.9232},
{"Node_id":28676,"weight":3.1651},
{"Node_id":28692,"weight":2.0231},
{"Node_id":28693,"weight":1.5779},
{"Node_id":28696,"weight":1.597},
{"Node_id":28697,"weight":1.7881},
{"Node_id":28698,"weight":2.474},
{"Node_id":28699,"weight":5.077},
{"Node_id":28700,"weight":2.0887},
{"Node_id":28701,"weight":2.7766},
{"Node_id":28702,"weight":2.5929},
{"Node_id":28708,"weight":3.6843},
{"Node_id":28709,"weight":2.6037},
{"Node_id":28715,"weight":4.7832},
{"Node_id":28724,"weight":3.6233},
{"Node_id":28725,"weight":2.5341},
{"Node_id":28726,"weight":2.6482},
{"Node_id":28727,"weight":2.2095},
{"Node_id":28728,"weight":2.2634},
{"Node_id":28729,"weight":1.653},
{"Node_id":28730,"weight":1.397},
{"Node_id":28731,"weight":2.5166},
{"Node_id":28732,"weight":1.9468},
{"Node_id":28733,"weight":2.0338},
{"Node_id":28734,"weight":1.7528},
{"Node_id":28735,"weight":1.53},
{"Node_id":28810,"weight":1.8128},
{"Node_id":28811,"weight":2.9808},
{"Node_id":28812,"weight":4.2402},
{"Node_id":28813,"weight":1.935},
{"Node_id":28814,"weight":1.6792},
{"Node_id":28815,"weight":3.2591},
{"Node_id":28816,"weight":1.6538},
{"Node_id":28817,"weight":2.1568},
{"Node_id":28818,"weight":3.1781},
{"Node_id":28819,"weight":2.881},
{"Node_id":28820,"weight":1.4848},
{"Node_id":28821,"weight":1.5793},
{"Node_id":28822,"weight":3.1833},
{"Node_id":28823,"weight":2.7857},
{"Node_id":28824,"weight":1.659},
{"Node_id":28825,"weight":1.6754},
{"Node_id":28826,"weight":1.7575},
{"Node_id":28827,"weight":2.2955},
{"Node_id":28828,"weight":2.0202},
{"Node_id":28829,"weight":2.7235},
{"Node_id":28830,"weight":2.1796},
{"Node_id":28831,"weight":2.7339},
{"Node_id":28832,"weight":3.3967},
{"Node_id":28833,"weight":2.4208},
{"Node_id":28834,"weight":1.5652},
{"Node_id":28835,"weight":2.6945},
{"Node_id":28836,"weight":4.1064},
{"Node_id":28837,"weight":1.5715},
{"Node_id":28838,"weight":1.4723},
{"Node_id":28839,"weight":3.0435},
{"Node_id":28840,"weight":1.5259},
{"Node_id":28841,"weight":2.1312},
{"Node_id":28842,"weight":1.5002},
{"Node_id":28843,"weight":6.3182},
{"Node_id":28844,"weight":2.0745},
{"Node_id":28845,"weight":1.4822},
{"Node_id":28846,"weight":1.4848},
{"Node_id":28847,"weight":2.0436},
{"Node_id":28848,"weight":1.9905},
{"Node_id":28849,"weight":2.4852},
{"Node_id":28850,"weight":1.8643},
{"Node_id":28851,"weight":3.1651},
{"Node_id":28852,"weight":3.7357},
{"Node_id":28853,"weight":1.3932},
{"Node_id":28854,"weight":1.4975},
{"Node_id":28855,"weight":1.8037},
{"Node_id":28856,"weight":1.5963},
{"Node_id":28857,"weight":2.5224},
{"Node_id":28858,"weight":3.842},
{"Node_id":28859,"weight":2.1622},
{"Node_id":28860,"weight":1.8515},
{"Node_id":28861,"weight":5.8401},
{"Node_id":28862,"weight":1.6906},
{"Node_id":28863,"weight":1.7736},
{"Node_id":28864,"weight":1.9296},
{"Node_id":28865,"weight":2.7857},
{"Node_id":28866,"weight":2.3546},
{"Node_id":28867,"weight":3.776},
{"Node_id":28868,"weight":4.0694},
{"Node_id":28869,"weight":2.4671},
{"Node_id":28870,"weight":2.173},
{"Node_id":28871,"weight":1.752},
{"Node_id":28872,"weight":2.0038},
{"Node_id":28873,"weight":1.4371},
{"Node_id":28874,"weight":2.7081},
{"Node_id":28875,"weight":1.4835},
{"Node_id":28876,"weight":1.9962},
{"Node_id":28877,"weight":2.727},
{"Node_id":28878,"weight":2.2517},
{"Node_id":28879,"weight":2.3648},
{"Node_id":28880,"weight":3.596},
{"Node_id":28881,"weight":2.6257},
{"Node_id":28882,"weight":2.4275},
{"Node_id":28883,"weight":1.9277},
{"Node_id":28884,"weight":2.3866},
{"Node_id":28885,"weight":5.3992},
{"Node_id":28886,"weight":1.4624},
{"Node_id":28887,"weight":1.5485},
{"Node_id":28888,"weight":2.3395},
{"Node_id":28889,"weight":1.8895},
{"Node_id":28890,"weight":2.4588},
{"Node_id":28891,"weight":2.2799},
{"Node_id":28892,"weight":2.8652},
{"Node_id":28893,"weight":1.5062},
{"Node_id":28894,"weight":1.4881},
{"Node_id":28895,"weight":1.5842},
{"Node_id":28896,"weight":1.4921},
{"Node_id":28897,"weight":1.8078},
{"Node_id":28898,"weight":1.776},
{"Node_id":28899,"weight":3.305},
{"Node_id":28900,"weight":2.5959},
{"Node_id":28901,"weight":1.6974},
{"Node_id":28902,"weight":2.2196},
{"Node_id":28903,"weight":1.4848},
{"Node_id":28904,"weight":2.881},
{"Node_id":28905,"weight":1.7401},
{"Node_id":28906,"weight":2.3234},
{"Node_id":28907,"weight":1.6208},
{"Node_id":28908,"weight":2.6563},
{"Node_id":28909,"weight":1.6486},
{"Node_id":28910,"weight":1.9332},
{"Node_id":28911,"weight":1.8523},
{"Node_id":28912,"weight":2.8229},
{"Node_id":28913,"weight":2.5579},
{"Node_id":28914,"weight":2.6401},
{"Node_id":28935,"weight":2.0907},
{"Node_id":28936,"weight":6.0725},
{"Node_id":28937,"weight":2.8574},
{"Node_id":28938,"weight":1.4178},
{"Node_id":28939,"weight":1.5992},
{"Node_id":28940,"weight":2.1719},
{"Node_id":28941,"weight":1.5035},
{"Node_id":28942,"weight":1.3882},
{"Node_id":28943,"weight":2.2576},
{"Node_id":28944,"weight":3.3652},
{"Node_id":28945,"weight":2.5254},
{"Node_id":28946,"weight":1.7105},
{"Node_id":28947,"weight":4.8458},
{"Node_id":28948,"weight":2.2552},
{"Node_id":28949,"weight":1.3988},
{"Node_id":28950,"weight":1.4172},
{"Node_id":28951,"weight":1.6523},
{"Node_id":28952,"weight":1.7963},
{"Node_id":28953,"weight":4.1002},
{"Node_id":28954,"weight":2.5066},
{"Node_id":28955,"weight":2.5385},
{"Node_id":28956,"weight":2.877},
{"Node_id":28957,"weight":1.9523},
{"Node_id":28958,"weight":2.5714},
{"Node_id":28959,"weight":1.4565},
{"Node_id":28960,"weight":1.744},
{"Node_id":28961,"weight":1.6732},
{"Node_id":28962,"weight":1.798},
{"Node_id":28963,"weight":1.9305},
{"Node_id":28964,"weight":1.4229},
{"Node_id":28965,"weight":1.543},
{"Node_id":28966,"weight":4.1711},
{"Node_id":28967,"weight":2.6711},
{"Node_id":28968,"weight":2.205},
{"Node_id":28969,"weight":3.1347},
{"Node_id":28970,"weight":1.4815},
{"Node_id":28971,"weight":1.752},
{"Node_id":28972,"weight":3.0252},
{"Node_id":28973,"weight":1.6368},
{"Node_id":28974,"weight":2.9593},
{"Node_id":28975,"weight":3.1964},
{"Node_id":28976,"weight":2.0565},
{"Node_id":28977,"weight":1.9296},
{"Node_id":28978,"weight":1.8136},
{"Node_id":28979,"weight":2.2242},
{"Node_id":28980,"weight":2.3571},
{"Node_id":28981,"weight":3.8038},
{"Node_id":28982,"weight":2.0938},
{"Node_id":28983,"weight":2.0745},
{"Node_id":28984,"weight":2.5123},
{"Node_id":28985,"weight":1.5786},
{"Node_id":28986,"weight":1.726},
{"Node_id":28987,"weight":1.4663},
{"Node_id":28988,"weight":2.6563},
{"Node_id":28989,"weight":1.4147},
{"Node_id":28990,"weight":2.9011},
{"Node_id":28991,"weight":5.2347},
{"Node_id":28992,"weight":3.4095},
{"Node_id":28993,"weight":3.4225},
{"Node_id":28994,"weight":1.8557},
{"Node_id":28995,"weight":2.6498},
{"Node_id":28996,"weight":2.1134},
{"Node_id":28997,"weight":2.366},
{"Node_id":28998,"weight":1.9395},
{"Node_id":28999,"weight":3.1859},
{"Node_id":29000,"weight":2.2907},
{"Node_id":29001,"weight":1.8337},
{"Node_id":29002,"weight":1.5652},
{"Node_id":29003,"weight":2.543},
{"Node_id":29004,"weight":5.8061},
{"Node_id":29005,"weight":3.6969},
{"Node_id":29006,"weight":2.1774},
{"Node_id":29007,"weight":1.4795},
{"Node_id":29008,"weight":1.3944},
{"Node_id":29009,"weight":2.3222},
{"Node_id":29010,"weight":1.8012},
{"Node_id":29011,"weight":5.2933},
{"Node_id":29012,"weight":3.3079},
{"Node_id":29013,"weight":4.4278},
{"Node_id":29014,"weight":1.5652},
{"Node_id":29015,"weight":2.5944},
{"Node_id":29016,"weight":2.0856},
{"Node_id":29017,"weight":1.5029},
{"Node_id":29018,"weight":2.8751},
{"Node_id":29019,"weight":1.5361},
{"Node_id":29020,"weight":3.2342},
{"Node_id":29021,"weight":1.9432},
{"Node_id":29022,"weight":1.639},
{"Node_id":29023,"weight":2.0436},
{"Node_id":29026,"weight":5.7105},
{"Node_id":29063,"weight":1.8834},
{"Node_id":29064,"weight":1.6657},
{"Node_id":29065,"weight":2.0918},
{"Node_id":29066,"weight":4.8588},
{"Node_id":29067,"weight":2.9257},
{"Node_id":29068,"weight":3.4323},
{"Node_id":29078,"weight":1.8756},
{"Node_id":29134,"weight":4.1982},
{"Node_id":29135,"weight":3.6392},
{"Node_id":29136,"weight":1.9727},
{"Node_id":29137,"weight":5.7414},
{"Node_id":29138,"weight":3.0929},
{"Node_id":29139,"weight":2.3609},
{"Node_id":29140,"weight":1.7113},
{"Node_id":29141,"weight":1.4268},
{"Node_id":29144,"weight":2.9896},
{"Node_id":29145,"weight":2.0938},
{"Node_id":29146,"weight":3.6718},
{"Node_id":29147,"weight":2.1124},
{"Node_id":29148,"weight":2.5519},
{"Node_id":29149,"weight":2.3445},
{"Node_id":29150,"weight":1.5527},
{"Node_id":29151,"weight":1.752},
{"Node_id":29152,"weight":2.7658},
{"Node_id":29153,"weight":1.9241},
{"Node_id":29154,"weight":1.8506},
{"Node_id":29155,"weight":2.4951},
{"Node_id":29156,"weight":3.3168},
{"Node_id":29157,"weight":1.9368},
{"Node_id":29158,"weight":2.2599},
{"Node_id":29159,"weight":1.8532},
{"Node_id":29160,"weight":2.2379},
{"Node_id":29161,"weight":1.8379},
{"Node_id":29162,"weight":3.6718},
{"Node_id":29163,"weight":1.6317},
{"Node_id":29164,"weight":3.7624},
{"Node_id":29165,"weight":1.5617},
{"Node_id":29166,"weight":1.8566},
{"Node_id":29167,"weight":1.8575},
{"Node_id":29168,"weight":1.6013},
{"Node_id":29170,"weight":3.2648},
{"Node_id":29172,"weight":2.508},
{"Node_id":29173,"weight":1.4198},
{"Node_id":29174,"weight":2.4478},
{"Node_id":29175,"weight":1.4474},
{"Node_id":29176,"weight":3.0229},
{"Node_id":29177,"weight":2.0377},
{"Node_id":29178,"weight":1.5218},
{"Node_id":29411,"weight":4.833},
{"Node_id":29412,"weight":1.5485},
{"Node_id":29413,"weight":2.3063},
{"Node_id":29414,"weight":1.8957},
{"Node_id":29415,"weight":1.8045},
{"Node_id":29416,"weight":3.1422},
{"Node_id":29417,"weight":4.1914},
{"Node_id":29418,"weight":4.3534},
{"Node_id":29419,"weight":1.6302},
{"Node_id":29420,"weight":1.8738},
{"Node_id":29421,"weight":1.5245},
{"Node_id":29422,"weight":5.0294},
{"Node_id":29423,"weight":1.5807},
{"Node_id":29424,"weight":3.8716},
{"Node_id":29425,"weight":2.2907},
{"Node_id":29426,"weight":2.6612},
{"Node_id":29427,"weight":2.2061},
{"Node_id":29428,"weight":1.5218},
{"Node_id":29429,"weight":2.2017},
{"Node_id":29430,"weight":5.3771},
{"Node_id":29431,"weight":2.3918},
{"Node_id":29432,"weight":1.5327},
{"Node_id":29433,"weight":1.5527},
{"Node_id":29434,"weight":2.2448},
{"Node_id":29435,"weight":2.1752},
{"Node_id":29578,"weight":5.2347},
{"Node_id":29579,"weight":1.9606},
{"Node_id":29580,"weight":1.7719},
{"Node_id":29581,"weight":1.4474},
{"Node_id":29582,"weight":2.4768},
{"Node_id":29593,"weight":1.7417},
{"Node_id":29594,"weight":2.9808},
{"Node_id":29595,"weight":4.3534},
{"Node_id":29596,"weight":2.2529},
{"Node_id":29597,"weight":1.4128},
{"Node_id":29598,"weight":1.5992},
{"Node_id":29599,"weight":1.6762},
{"Node_id":29600,"weight":2.0212},
{"Node_id":29601,"weight":3.0389},
{"Node_id":29602,"weight":3.3377},
{"Node_id":29603,"weight":2.1578},
{"Node_id":29647,"weight":2.6337},
{"Node_id":29648,"weight":1.7448},
{"Node_id":29649,"weight":1.6331},
{"Node_id":29650,"weight":2.0397},
{"Node_id":29651,"weight":1.7464},
{"Node_id":29652,"weight":1.9802},
{"Node_id":29653,"weight":2.027},
{"Node_id":29654,"weight":1.5828},
{"Node_id":29655,"weight":3.0504},
{"Node_id":29656,"weight":1.4281},
{"Node_id":29657,"weight":2.1557},
{"Node_id":29658,"weight":1.7881},
{"Node_id":29668,"weight":1.575},
{"Node_id":29669,"weight":2.1884},
{"Node_id":29714,"weight":4.212},
{"Node_id":29715,"weight":3.5326},
{"Node_id":29716,"weight":3.248},
{"Node_id":29717,"weight":1.4526},
{"Node_id":29718,"weight":1.4565},
{"Node_id":29719,"weight":2.1093},
{"Node_id":29757,"weight":2.9917},
{"Node_id":29758,"weight":1.5779},
{"Node_id":29759,"weight":2.1503},
{"Node_id":29760,"weight":1.465},
{"Node_id":29761,"weight":1.9811},
{"Node_id":29762,"weight":1.4526},
{"Node_id":29763,"weight":1.5771},
{"Node_id":29764,"weight":1.8062},
{"Node_id":29765,"weight":2.0125},
{"Node_id":29766,"weight":5.7414},
{"Node_id":29767,"weight":4.1318},
{"Node_id":29768,"weight":2.5371},
{"Node_id":29769,"weight":2.1323},
{"Node_id":29770,"weight":1.4223},
{"Node_id":29771,"weight":4.3858},
{"Node_id":29772,"weight":4.4364},
{"Node_id":29773,"weight":1.4064},
{"Node_id":29774,"weight":1.4533},
{"Node_id":29775,"weight":1.513},
{"Node_id":29776,"weight":1.7036},
{"Node_id":29777,"weight":2.1218},
{"Node_id":29778,"weight":4.4451},
{"Node_id":29779,"weight":1.6538},
{"Node_id":29780,"weight":2.2185},
{"Node_id":29781,"weight":1.7535},
{"Node_id":29782,"weight":2.102},
{"Node_id":29783,"weight":1.397},
{"Node_id":29784,"weight":2.0685},
{"Node_id":29785,"weight":1.8851},
{"Node_id":29786,"weight":1.8379},
{"Node_id":29787,"weight":5.6515},
{"Node_id":29788,"weight":1.8992},
{"Node_id":29789,"weight":1.7939},
{"Node_id":29790,"weight":2.0125},
{"Node_id":29791,"weight":2.5594},
{"Node_id":29792,"weight":1.7244},
{"Node_id":29793,"weight":3.6969},
{"Node_id":29794,"weight":3.1703},
{"Node_id":29795,"weight":1.5184},
{"Node_id":29796,"weight":1.3869},
{"Node_id":29797,"weight":2.1829},
{"Node_id":29798,"weight":2.2196},
{"Node_id":29799,"weight":1.9597},
{"Node_id":29800,"weight":2.8477},
{"Node_id":29801,"weight":1.6694},
{"Node_id":29802,"weight":3.577},
{"Node_id":29803,"weight":2.889},
{"Node_id":29804,"weight":2.885},
{"Node_id":29805,"weight":1.5259},
{"Node_id":29806,"weight":3.8567},
{"Node_id":29807,"weight":3.3079},
{"Node_id":29808,"weight":1.8354},
{"Node_id":29809,"weight":1.7736},
{"Node_id":29810,"weight":3.714},
{"Node_id":29811,"weight":1.8371},
{"Node_id":29812,"weight":2.9808},
{"Node_id":29813,"weight":2.9614},
{"Node_id":29814,"weight":3.4934},
{"Node_id":29815,"weight":1.3882},
{"Node_id":29816,"weight":1.7623},
{"Node_id":29817,"weight":2.3711},
{"Node_id":29818,"weight":1.4313},
{"Node_id":29819,"weight":1.5527},
{"Node_id":29820,"weight":2.2599},
{"Node_id":29821,"weight":2.0029},
{"Node_id":29822,"weight":2.6596},
{"Node_id":29823,"weight":1.9359},
{"Node_id":29824,"weight":2.9381},
{"Node_id":29825,"weight":2.9174},
{"Node_id":29826,"weight":1.6171},
{"Node_id":29827,"weight":1.8103},
{"Node_id":29828,"weight":1.5334},
{"Node_id":29829,"weight":2.887},
{"Node_id":29830,"weight":1.8186},
{"Node_id":29831,"weight":1.9542},
{"Node_id":29842,"weight":1.6785},
{"Node_id":29843,"weight":3.0006},
{"Node_id":29844,"weight":2.1785},
{"Node_id":29845,"weight":3.0786},
{"Node_id":29846,"weight":3.8275},
{"Node_id":29847,"weight":1.7881},
{"Node_id":29848,"weight":3.055},
{"Node_id":29849,"weight":1.9662},
{"Node_id":29850,"weight":2.4671},
{"Node_id":29851,"weight":3.2905},
{"Node_id":29852,"weight":1.901},
{"Node_id":29853,"weight":1.9802},
{"Node_id":29854,"weight":1.9802},
{"Node_id":29855,"weight":7.8236},
{"Node_id":29857,"weight":1.8021},
{"Node_id":29859,"weight":1.6913},
{"Node_id":29860,"weight":2.645},
{"Node_id":29861,"weight":4.0163},
{"Node_id":29862,"weight":1.4915},
{"Node_id":29863,"weight":1.5347},
{"Node_id":29864,"weight":2.6531},
{"Node_id":29865,"weight":2.2611},
{"Node_id":29944,"weight":4.3454},
{"Node_id":29945,"weight":2.8248},
{"Node_id":29948,"weight":2.4994},
{"Node_id":29949,"weight":1.748},
{"Node_id":29950,"weight":1.4855},
{"Node_id":29951,"weight":2.764},
{"Node_id":29952,"weight":1.8721},
{"Node_id":29953,"weight":2.4492},
{"Node_id":29954,"weight":1.8904},
{"Node_id":29955,"weight":1.9783},
{"Node_id":29956,"weight":1.6508},
{"Node_id":29957,"weight":2.1302},
{"Node_id":29958,"weight":2.4356},
{"Node_id":29959,"weight":2.0897},
{"Node_id":29960,"weight":3.1322},
{"Node_id":29961,"weight":1.956},
{"Node_id":29962,"weight":4.5362},
{"Node_id":29963,"weight":2.8574},
{"Node_id":29964,"weight":1.925},
{"Node_id":29965,"weight":3.2314},
{"Node_id":29966,"weight":4.6053},
{"Node_id":29967,"weight":2.7839},
{"Node_id":29968,"weight":1.5177},
{"Node_id":29969,"weight":1.414},
{"Node_id":29970,"weight":1.7496},
{"Node_id":29971,"weight":2.0318},
{"Node_id":29972,"weight":3.2424},
{"Node_id":29973,"weight":1.8756},
{"Node_id":30037,"weight":2.5371},
{"Node_id":30038,"weight":1.414},
{"Node_id":30039,"weight":2.4643},
{"Node_id":30040,"weight":1.8278},
{"Node_id":30068,"weight":1.8128},
{"Node_id":30069,"weight":1.4461},
{"Node_id":30070,"weight":2.0446},
{"Node_id":30071,"weight":2.5821},
{"Node_id":30072,"weight":3.4761},
{"Node_id":30073,"weight":1.5062},
{"Node_id":30074,"weight":2.0989},
{"Node_id":30075,"weight":2.3788},
{"Node_id":30076,"weight":1.5485},
{"Node_id":30077,"weight":4.4108},
{"Node_id":30078,"weight":1.6951},
{"Node_id":30079,"weight":1.827},
{"Node_id":30080,"weight":1.4384},
{"Node_id":30081,"weight":2.7551},
{"Node_id":30082,"weight":1.7409},
{"Node_id":30083,"weight":2.1333},
{"Node_id":30084,"weight":1.9634},
{"Node_id":30085,"weight":1.8111},
{"Node_id":30086,"weight":2.7604},
{"Node_id":30087,"weight":1.5779},
{"Node_id":30088,"weight":4.1383},
{"Node_id":30089,"weight":1.4565},
{"Node_id":30090,"weight":3.6233},
{"Node_id":30091,"weight":1.7599},
{"Node_id":30092,"weight":2.5806},
{"Node_id":30093,"weight":1.4096},
{"Node_id":30094,"weight":3.9072},
{"Node_id":30095,"weight":1.8211},
{"Node_id":30096,"weight":2.5312},
{"Node_id":30097,"weight":1.8037},
{"Node_id":30098,"weight":2.9657},
{"Node_id":30099,"weight":2.6514},
{"Node_id":30100,"weight":1.4229},
{"Node_id":30101,"weight":2.7132},
{"Node_id":30102,"weight":1.8404},
{"Node_id":30103,"weight":1.9332},
{"Node_id":30104,"weight":2.5867},
{"Node_id":30105,"weight":1.6694},
{"Node_id":30106,"weight":4.119},
{"Node_id":30107,"weight":2.4937},
{"Node_id":30108,"weight":3.9992},
{"Node_id":30109,"weight":1.9268},
{"Node_id":30110,"weight":1.4351},
{"Node_id":30111,"weight":1.5361},
{"Node_id":30112,"weight":1.6501},
{"Node_id":30113,"weight":1.9001},
{"Node_id":30114,"weight":3.7401},
{"Node_id":30115,"weight":2.1961},
{"Node_id":30139,"weight":1.5396},
{"Node_id":30140,"weight":1.4409},
{"Node_id":30141,"weight":6.0299},
{"Node_id":30142,"weight":1.8037},
{"Node_id":30143,"weight":2.1939},
{"Node_id":30144,"weight":1.5143},
{"Node_id":30145,"weight":1.8203},
{"Node_id":30146,"weight":1.5055},
{"Node_id":30147,"weight":1.8575},
{"Node_id":30148,"weight":2.2402},
{"Node_id":30149,"weight":4.8588},
{"Node_id":30150,"weight":1.4274},
{"Node_id":30151,"weight":2.0948},
{"Node_id":30152,"weight":2.1503},
{"Node_id":30153,"weight":2.1051},
{"Node_id":30154,"weight":1.726},
{"Node_id":30155,"weight":1.9395},
{"Node_id":30156,"weight":1.3982},
{"Node_id":30157,"weight":3.248},
{"Node_id":30158,"weight":1.5687},
{"Node_id":30159,"weight":2.3395},
{"Node_id":30160,"weight":1.6128},
{"Node_id":30161,"weight":1.3919},
{"Node_id":30162,"weight":1.5568},
{"Node_id":30163,"weight":1.6361},
{"Node_id":30164,"weight":2.6928},
{"Node_id":30165,"weight":2.891},
{"Node_id":30166,"weight":2.6844},
{"Node_id":30167,"weight":7.1301},
{"Node_id":30168,"weight":1.9597},
{"Node_id":30174,"weight":1.893},
{"Node_id":30175,"weight":3.9176},
{"Node_id":30176,"weight":2.3198},
{"Node_id":30177,"weight":2.6678},
{"Node_id":30178,"weight":2.0948},
{"Node_id":30179,"weight":1.8592},
{"Node_id":30180,"weight":4.7357},
{"Node_id":30181,"weight":2.3309},
{"Node_id":30182,"weight":1.4185},
{"Node_id":30183,"weight":1.7615},
{"Node_id":30184,"weight":1.4644},
{"Node_id":30185,"weight":3.1729},
{"Node_id":30186,"weight":2.6794},
{"Node_id":30187,"weight":2.97},
{"Node_id":30188,"weight":1.4611},
{"Node_id":30195,"weight":2.6777},
{"Node_id":30196,"weight":1.7043},
{"Node_id":30197,"weight":2.0877},
{"Node_id":30198,"weight":1.822},
{"Node_id":30199,"weight":3.1755},
{"Node_id":30200,"weight":1.6244},
{"Node_id":30201,"weight":1.5389},
{"Node_id":30202,"weight":2.0907},
{"Node_id":30203,"weight":1.843},
{"Node_id":30204,"weight":3.5732},
{"Node_id":30205,"weight":1.7971},
{"Node_id":30206,"weight":2.9962},
{"Node_id":30207,"weight":2.3198},
{"Node_id":30208,"weight":2.4275},
{"Node_id":30209,"weight":1.4835},
{"Node_id":30210,"weight":1.6501},
{"Node_id":30211,"weight":1.832},
{"Node_id":30212,"weight":1.39},
{"Node_id":30213,"weight":2.3358},
{"Node_id":30214,"weight":1.9662},
{"Node_id":30215,"weight":1.6815},
{"Node_id":30216,"weight":1.9802},
{"Node_id":30217,"weight":3.5253},
{"Node_id":30218,"weight":2.7986},
{"Node_id":30219,"weight":2.6744},
{"Node_id":30220,"weight":2.5224},
{"Node_id":30221,"weight":3.7624},
{"Node_id":30222,"weight":3.0786},
{"Node_id":30223,"weight":2.0565},
{"Node_id":30225,"weight":2.5327},
{"Node_id":30228,"weight":2.7912},
{"Node_id":30230,"weight":3.8372},
{"Node_id":30231,"weight":2.5975},
{"Node_id":30232,"weight":2.3546},
{"Node_id":30233,"weight":1.9459},
{"Node_id":30236,"weight":2.2529},
{"Node_id":30237,"weight":4.2546},
{"Node_id":30238,"weight":3.3777},
{"Node_id":30239,"weight":2.6289},
{"Node_id":30240,"weight":1.7719},
{"Node_id":30241,"weight":2.8324},
{"Node_id":30242,"weight":1.8843},
{"Node_id":30243,"weight":2.0877},
{"Node_id":30244,"weight":2.5929},
{"Node_id":30245,"weight":1.6777},
{"Node_id":30246,"weight":4.2915},
{"Node_id":30247,"weight":1.4409},
{"Node_id":30248,"weight":1.4644},
{"Node_id":30249,"weight":3.3591},
{"Node_id":30250,"weight":2.1884},
{"Node_id":30251,"weight":2.9298},
{"Node_id":30252,"weight":3.4761},
{"Node_id":30253,"weight":4.4988},
{"Node_id":30254,"weight":3.7669},
{"Node_id":30255,"weight":2.1525},
{"Node_id":30331,"weight":2.7676},
{"Node_id":30332,"weight":1.8878},
{"Node_id":30333,"weight":3.7313},
{"Node_id":30334,"weight":2.2599},
{"Node_id":30335,"weight":4.0514},
{"Node_id":30336,"weight":2.9195},
{"Node_id":30337,"weight":1.7728},
{"Node_id":30338,"weight":1.3976},
{"Node_id":30339,"weight":1.7504},
{"Node_id":30340,"weight":1.6853},
{"Node_id":30341,"weight":1.9868},
{"Node_id":30342,"weight":2.1589},
{"Node_id":30343,"weight":2.3149},
{"Node_id":30344,"weight":2.3879},
{"Node_id":30345,"weight":4.8458},
{"Node_id":30346,"weight":1.4915},
{"Node_id":30347,"weight":2.239},
{"Node_id":30348,"weight":2.1643},
{"Node_id":30349,"weight":2.5489},
{"Node_id":30350,"weight":1.6649},
{"Node_id":30351,"weight":1.6702},
{"Node_id":30352,"weight":3.5657},
{"Node_id":30353,"weight":1.9783},
{"Node_id":30354,"weight":1.7939},
{"Node_id":30355,"weight":5.3771},
{"Node_id":30356,"weight":2.0456},
{"Node_id":30357,"weight":3.4969},
{"Node_id":30358,"weight":2.0456},
{"Node_id":30360,"weight":2.6827},
{"Node_id":30362,"weight":2.4288},
{"Node_id":30369,"weight":3.4727},
{"Node_id":30370,"weight":2.0948},
{"Node_id":30371,"weight":2.0525},
{"Node_id":30372,"weight":5.0609},
{"Node_id":30373,"weight":4.3066},
{"Node_id":30374,"weight":3.1099},
{"Node_id":30375,"weight":2.6131},
{"Node_id":30376,"weight":1.8245},
{"Node_id":30377,"weight":1.8245},
{"Node_id":30378,"weight":1.4455},
{"Node_id":30405,"weight":2.145},
{"Node_id":30406,"weight":3.055},
{"Node_id":30407,"weight":3.8518},
{"Node_id":30477,"weight":1.5252},
{"Node_id":30478,"weight":1.9487},
{"Node_id":30479,"weight":1.513},
{"Node_id":30480,"weight":1.6597},
{"Node_id":30481,"weight":2.2402},
{"Node_id":30482,"weight":3.2342},
{"Node_id":30483,"weight":2.2787},
{"Node_id":30484,"weight":2.173},
{"Node_id":30485,"weight":4.3297},
{"Node_id":30486,"weight":2.7586},
{"Node_id":30487,"weight":1.8295},
{"Node_id":30488,"weight":2.6596},
{"Node_id":30489,"weight":2.3508},
{"Node_id":30490,"weight":5.2734},
{"Node_id":30491,"weight":3.9072},
{"Node_id":30492,"weight":5.7732},
{"Node_id":30493,"weight":1.3951},
{"Node_id":30519,"weight":3.2205},
{"Node_id":30520,"weight":1.5779},
{"Node_id":30521,"weight":3.9495},
{"Node_id":30522,"weight":2.0918},
{"Node_id":30523,"weight":1.7833},
{"Node_id":30524,"weight":1.4795},
{"Node_id":30525,"weight":1.3907},
{"Node_id":30526,"weight":1.5694},
{"Node_id":30527,"weight":1.6762},
{"Node_id":30528,"weight":2.8267},
{"Node_id":30529,"weight":2.1785},
{"Node_id":30530,"weight":1.6171},
{"Node_id":30531,"weight":1.3882},
{"Node_id":30532,"weight":4.7242},
{"Node_id":30533,"weight":2.5415},
{"Node_id":30534,"weight":2.0397},
{"Node_id":30535,"weight":1.58},
{"Node_id":30536,"weight":1.5437},
{"Node_id":30537,"weight":1.8295},
{"Node_id":30538,"weight":2.4698},
{"Node_id":30539,"weight":1.9305},
{"Node_id":30540,"weight":3.8132},
{"Node_id":30541,"weight":1.9036},
{"Node_id":30542,"weight":1.8054},
{"Node_id":30543,"weight":1.6244},
{"Node_id":30544,"weight":1.5506},
{"Node_id":30545,"weight":1.8851},
{"Node_id":30546,"weight":1.6471},
{"Node_id":30547,"weight":3.1912},
{"Node_id":30548,"weight":1.5687},
{"Node_id":30549,"weight":1.4598},
{"Node_id":30550,"weight":2.2344},
{"Node_id":30551,"weight":2.0048},
{"Node_id":30552,"weight":2.5094},
{"Node_id":30553,"weight":2.1796},
{"Node_id":30554,"weight":2.2425},
{"Node_id":30555,"weight":5.5957},
{"Node_id":30556,"weight":3.1912},
{"Node_id":30571,"weight":1.7623},
{"Node_id":30572,"weight":1.4481},
{"Node_id":30573,"weight":1.5096},
{"Node_id":30574,"weight":1.4422},
{"Node_id":30575,"weight":4.7592},
{"Node_id":30576,"weight":2.2129},
{"Node_id":30660,"weight":3.1651},
{"Node_id":30661,"weight":2.3284},
{"Node_id":30662,"weight":2.0067},
{"Node_id":30663,"weight":1.5793},
{"Node_id":30664,"weight":2.3358},
{"Node_id":30699,"weight":1.4172},
{"Node_id":30727,"weight":3.7313},
{"Node_id":30728,"weight":1.7206},
{"Node_id":30729,"weight":2.9529},
{"Node_id":30764,"weight":1.3932},
{"Node_id":30767,"weight":4.5751},
{"Node_id":30769,"weight":3.0929},
{"Node_id":30774,"weight":2.9786},
{"Node_id":30818,"weight":1.822},
{"Node_id":30819,"weight":1.7464},
{"Node_id":30822,"weight":1.4487},
{"Node_id":30846,"weight":1.3913},
{"Node_id":30847,"weight":1.3963},
{"Node_id":30848,"weight":2.3918},
{"Node_id":30868,"weight":1.5779},
{"Node_id":30933,"weight":2.8458},
{"Node_id":31059,"weight":1.4591},
{"Node_id":31060,"weight":4.0049},
{"Node_id":31061,"weight":1.793},
{"Node_id":31086,"weight":1.6936},
{"Node_id":31087,"weight":2.0212},
{"Node_id":31088,"weight":4.5653},
{"Node_id":31090,"weight":2.0077},
{"Node_id":31197,"weight":1.8379},
{"Node_id":31198,"weight":1.9802},
{"Node_id":31200,"weight":3.6352},
{"Node_id":31201,"weight":2.1323},
{"Node_id":31202,"weight":4.1982},
{"Node_id":31225,"weight":1.9746},
{"Node_id":31226,"weight":3.1651},
{"Node_id":31227,"weight":2.5023},
{"Node_id":31237,"weight":1.8834},
{"Node_id":31238,"weight":1.4121},
{"Node_id":31272,"weight":2.5268},
{"Node_id":31273,"weight":1.469},
{"Node_id":31274,"weight":2.8229},
{"Node_id":31275,"weight":3.3197},
{"Node_id":31276,"weight":3.5289},
{"Node_id":31277,"weight":1.6013},
{"Node_id":31278,"weight":1.5204},
{"Node_id":31279,"weight":3.5807},
{"Node_id":31280,"weight":2.0605},
{"Node_id":31281,"weight":1.7036},
{"Node_id":31282,"weight":1.7206},
{"Node_id":31283,"weight":2.1302},
{"Node_id":31284,"weight":1.7881},
{"Node_id":31285,"weight":1.7159},
{"Node_id":31286,"weight":4.3297},
{"Node_id":31287,"weight":1.6493},
{"Node_id":31288,"weight":1.7206},
{"Node_id":31291,"weight":1.5624},
{"Node_id":31292,"weight":1.6013},
{"Node_id":31293,"weight":4.6363},
{"Node_id":31294,"weight":1.631},
{"Node_id":31295,"weight":2.764},
{"Node_id":31296,"weight":1.9877},
{"Node_id":31297,"weight":2.5852},
{"Node_id":31298,"weight":1.793},
{"Node_id":31299,"weight":3.0621},
{"Node_id":31300,"weight":2.7029},
{"Node_id":31301,"weight":3.504},
{"Node_id":31302,"weight":1.6553},
{"Node_id":31303,"weight":1.5715},
{"Node_id":31304,"weight":1.9423},
{"Node_id":31305,"weight":1.4481},
{"Node_id":31306,"weight":1.4494},
{"Node_id":31307,"weight":1.5575},
{"Node_id":31308,"weight":5.045},
{"Node_id":31309,"weight":2.1687},
{"Node_id":31310,"weight":1.9915},
{"Node_id":31311,"weight":2.7132},
{"Node_id":31312,"weight":1.9296},
{"Node_id":31313,"weight":2.1072},
{"Node_id":31314,"weight":3.842},
{"Node_id":31315,"weight":1.9259},
{"Node_id":31316,"weight":2.2344},
{"Node_id":31317,"weight":1.5757},
{"Node_id":31318,"weight":2.9852},
{"Node_id":31319,"weight":2.102},
{"Node_id":31320,"weight":1.9423},
{"Node_id":31321,"weight":1.8557},
{"Node_id":31322,"weight":2.2517},
{"Node_id":31323,"weight":2.6911},
{"Node_id":31324,"weight":4.1513},
{"Node_id":31325,"weight":2.9786},
{"Node_id":31326,"weight":5.5957},
{"Node_id":31327,"weight":1.8362},
{"Node_id":31328,"weight":2.7201},
{"Node_id":31329,"weight":2.1796},
{"Node_id":31330,"weight":1.8904},
{"Node_id":31331,"weight":3.2992},
{"Node_id":31332,"weight":1.9764},
{"Node_id":31333,"weight":1.7963},
{"Node_id":31334,"weight":2.1},
{"Node_id":31335,"weight":2.3321},
{"Node_id":31336,"weight":2.3584},
{"Node_id":31337,"weight":3.0574},
{"Node_id":31338,"weight":2.3866},
{"Node_id":31339,"weight":1.5245},
{"Node_id":31340,"weight":1.8387},
{"Node_id":31341,"weight":3.4095},
{"Node_id":31342,"weight":1.9943},
{"Node_id":31343,"weight":1.5722},
{"Node_id":31421,"weight":2.0416},
{"Node_id":31422,"weight":2.127},
{"Node_id":31423,"weight":2.6811},
{"Node_id":31424,"weight":1.8695},
{"Node_id":31425,"weight":2.0309},
{"Node_id":31426,"weight":2.1124},
{"Node_id":31427,"weight":4.5653},
{"Node_id":31428,"weight":2.3996},
{"Node_id":31429,"weight":1.4881},
{"Node_id":31430,"weight":2.7287},
{"Node_id":31431,"weight":3.0905},
{"Node_id":31432,"weight":2.0887},
{"Node_id":31433,"weight":1.4513},
{"Node_id":31438,"weight":4.3534},
{"Node_id":31439,"weight":1.4416},
{"Node_id":31449,"weight":1.9423},
{"Node_id":31450,"weight":2.0745},
{"Node_id":31451,"weight":2.5852},
{"Node_id":31453,"weight":2.7046},
{"Node_id":31454,"weight":1.7703},
{"Node_id":31455,"weight":1.4875},
{"Node_id":31456,"weight":1.6288},
{"Node_id":31464,"weight":1.7639},
{"Node_id":31466,"weight":2.3408},
{"Node_id":31469,"weight":3.4624},
{"Node_id":31470,"weight":1.4147},
{"Node_id":31471,"weight":1.552},
{"Node_id":31472,"weight":3.0139},
{"Node_id":31473,"weight":4.1064},
{"Node_id":31474,"weight":3.6595},
{"Node_id":31475,"weight":1.7276},
{"Node_id":31476,"weight":3.3347},
{"Node_id":31506,"weight":2.4533},
{"Node_id":31507,"weight":2.4221},
{"Node_id":31508,"weight":2.9011},
{"Node_id":31509,"weight":2.274},
{"Node_id":31510,"weight":2.8691},
{"Node_id":31511,"weight":1.397},
{"Node_id":31512,"weight":1.8992},
{"Node_id":31513,"weight":1.5157},
{"Node_id":31514,"weight":2.8496},
{"Node_id":31515,"weight":1.8295},
{"Node_id":31516,"weight":1.6273},
{"Node_id":31582,"weight":1.699},
{"Node_id":31583,"weight":2.1176},
{"Node_id":31587,"weight":2.126},
{"Node_id":31588,"weight":1.6567},
{"Node_id":31590,"weight":2.7462},
{"Node_id":31591,"weight":2.1796},
{"Node_id":31592,"weight":2.1218},
{"Node_id":31593,"weight":1.532},
{"Node_id":31594,"weight":2.8496},
{"Node_id":31595,"weight":3.8038},
{"Node_id":31596,"weight":1.9241},
{"Node_id":31597,"weight":3.5004},
{"Node_id":31598,"weight":2.3635},
{"Node_id":31599,"weight":1.4513},
{"Node_id":31600,"weight":1.5218},
{"Node_id":31601,"weight":1.6951},
{"Node_id":31602,"weight":1.9089},
{"Node_id":31606,"weight":3.0857},
{"Node_id":31607,"weight":2.5852},
{"Node_id":31608,"weight":4.7242},
{"Node_id":31609,"weight":1.956},
{"Node_id":31610,"weight":2.8535},
{"Node_id":31611,"weight":2.1972},
{"Node_id":31612,"weight":2.3609},
{"Node_id":31613,"weight":3.1347},
{"Node_id":31614,"weight":1.9981},
{"Node_id":31615,"weight":4.9264},
{"Node_id":31616,"weight":2.2979},
{"Node_id":31617,"weight":3.5217},
{"Node_id":31618,"weight":2.4909},
{"Node_id":31619,"weight":1.5191},
{"Node_id":31620,"weight":2.1302},
{"Node_id":31621,"weight":1.6967},
{"Node_id":31622,"weight":2.61},
{"Node_id":31623,"weight":2.1493},
{"Node_id":31624,"weight":2.2895},
{"Node_id":31625,"weight":3.1075},
{"Node_id":31626,"weight":1.5444},
{"Node_id":31627,"weight":1.5177},
{"Node_id":31628,"weight":1.4683},
{"Node_id":31629,"weight":2.001},
{"Node_id":31630,"weight":1.4888},
{"Node_id":31631,"weight":1.587},
{"Node_id":31632,"weight":2.5714},
{"Node_id":31633,"weight":1.5527},
{"Node_id":31634,"weight":2.7894},
{"Node_id":31635,"weight":1.4147},
{"Node_id":31636,"weight":1.6739},
{"Node_id":31637,"weight":1.7906},
{"Node_id":31638,"weight":6.264},
{"Node_id":31639,"weight":2.4075},
{"Node_id":31642,"weight":1.5136},
{"Node_id":31643,"weight":3.7806},
{"Node_id":31644,"weight":6.2126},
{"Node_id":31645,"weight":3.0072},
{"Node_id":31646,"weight":3.8275},
{"Node_id":31647,"weight":3.5362},
{"Node_id":31648,"weight":1.9287},
{"Node_id":31649,"weight":2.5836},
{"Node_id":31650,"weight":2.0202},
{"Node_id":31651,"weight":1.9305},
{"Node_id":31652,"weight":1.4749},
{"Node_id":31653,"weight":2.2967},
{"Node_id":31654,"weight":2.9195},
{"Node_id":31746,"weight":2.3271},
{"Node_id":31747,"weight":1.7535},
{"Node_id":31749,"weight":1.9395},
{"Node_id":31750,"weight":1.4134},
{"Node_id":31763,"weight":1.8678},
{"Node_id":31764,"weight":2.2084},
{"Node_id":31765,"weight":1.8095},
{"Node_id":31766,"weight":2.9215},
{"Node_id":31767,"weight":2.7218},
{"Node_id":31768,"weight":1.8404},
{"Node_id":31769,"weight":1.3944},
{"Node_id":31770,"weight":2.2587},
{"Node_id":31771,"weight":1.7074},
{"Node_id":31772,"weight":3.776},
{"Node_id":31773,"weight":4.6363},
{"Node_id":31774,"weight":3.9936},
{"Node_id":31775,"weight":2.231},
{"Node_id":31776,"weight":1.7028},
{"Node_id":31777,"weight":1.9386},
{"Node_id":31778,"weight":1.7144},
{"Node_id":31779,"weight":1.6442},
{"Node_id":31784,"weight":1.4191},
{"Node_id":31785,"weight":1.6229},
{"Node_id":31786,"weight":1.7417},
{"Node_id":31787,"weight":3.6636},
{"Node_id":31788,"weight":1.6853},
{"Node_id":31789,"weight":2.2402},
{"Node_id":31790,"weight":5.4217},
{"Node_id":31791,"weight":1.4217},
{"Node_id":31792,"weight":2.0928},
{"Node_id":31812,"weight":2.3234},
{"Node_id":31831,"weight":5.3555},
{"Node_id":31832,"weight":2.441},
{"Node_id":31833,"weight":1.5506},
{"Node_id":31834,"weight":2.9874},
{"Node_id":31845,"weight":1.6442},
{"Node_id":31846,"weight":1.3869},
{"Node_id":31847,"weight":1.7036},
{"Node_id":31848,"weight":1.789},
{"Node_id":31849,"weight":1.5687},
{"Node_id":31850,"weight":2.2253},
{"Node_id":31851,"weight":3.2619},
{"Node_id":31852,"weight":3.0252},
{"Node_id":31855,"weight":1.6777},
{"Node_id":31857,"weight":4.4451},
{"Node_id":31860,"weight":1.9542},
{"Node_id":31868,"weight":1.886},
{"Node_id":31869,"weight":2.0887},
{"Node_id":31872,"weight":3.5398},
{"Node_id":31873,"weight":2.3699},
{"Node_id":31876,"weight":1.6545},
{"Node_id":31877,"weight":1.9905},
{"Node_id":31878,"weight":2.1312},
{"Node_id":31879,"weight":1.9386},
{"Node_id":31891,"weight":1.6013},
{"Node_id":31892,"weight":2.2705},
{"Node_id":31893,"weight":2.3259},
{"Node_id":31894,"weight":1.5015},
{"Node_id":31895,"weight":1.6339},
{"Node_id":31896,"weight":4.4716},
{"Node_id":31897,"weight":2.0897},
{"Node_id":31898,"weight":2.1665},
{"Node_id":31899,"weight":2.5836},
{"Node_id":31900,"weight":1.9578},
{"Node_id":31901,"weight":3.7991},
{"Node_id":31902,"weight":2.3559},
{"Node_id":31903,"weight":2.3996},
{"Node_id":31904,"weight":1.4982},
{"Node_id":31905,"weight":1.6605},
{"Node_id":31906,"weight":1.9802},
{"Node_id":31907,"weight":2.2129},
{"Node_id":31908,"weight":2.9215},
{"Node_id":31909,"weight":2.5944},
{"Node_id":31913,"weight":2.1072},
{"Node_id":31914,"weight":2.8477},
{"Node_id":31915,"weight":1.4526},
{"Node_id":31916,"weight":1.7711},
{"Node_id":31917,"weight":1.8021},
{"Node_id":31981,"weight":2.9133},
{"Node_id":31982,"weight":1.5076},
{"Node_id":31983,"weight":2.3622},
{"Node_id":31984,"weight":2.9423},
{"Node_id":31985,"weight":2.9874},
{"Node_id":31986,"weight":2.0826},
{"Node_id":31987,"weight":1.726},
{"Node_id":31988,"weight":1.7433},
{"Node_id":31989,"weight":2.223},
{"Node_id":31990,"weight":2.7081},
{"Node_id":31991,"weight":2.936},
{"Node_id":31993,"weight":2.7132},
{"Node_id":31995,"weight":1.9905},
{"Node_id":31996,"weight":1.9018},
{"Node_id":31997,"weight":4.1711},
{"Node_id":31998,"weight":1.4683},
{"Node_id":31999,"weight":2.0695},
{"Node_id":32000,"weight":1.3907},
{"Node_id":32001,"weight":4.7015},
{"Node_id":32003,"weight":1.5863},
{"Node_id":32006,"weight":2.5297},
{"Node_id":32021,"weight":3.8085},
{"Node_id":32022,"weight":1.3894},
{"Node_id":32023,"weight":4.6053},
{"Node_id":32024,"weight":4.4896},
{"Node_id":32025,"weight":3.4591},
{"Node_id":32026,"weight":2.2859},
{"Node_id":32027,"weight":1.5076},
{"Node_id":32028,"weight":1.6085},
{"Node_id":32029,"weight":1.4134},
{"Node_id":32030,"weight":2.0555},
{"Node_id":32032,"weight":1.7252},
{"Node_id":32034,"weight":1.9615},
{"Node_id":32035,"weight":2.1397},
{"Node_id":32036,"weight":2.885},
{"Node_id":32037,"weight":2.3673},
{"Node_id":32038,"weight":1.9359},
{"Node_id":32041,"weight":1.812},
{"Node_id":32042,"weight":2.3471},
{"Node_id":32043,"weight":2.1525},
{"Node_id":32044,"weight":2.2979},
{"Node_id":32045,"weight":4.9264},
{"Node_id":32046,"weight":3.4591},
{"Node_id":32047,"weight":3.4865},
{"Node_id":32048,"weight":2.2716},
{"Node_id":32049,"weight":1.5878},
{"Node_id":32050,"weight":4.9126},
{"Node_id":32051,"weight":1.3951},
{"Node_id":32052,"weight":2.2599},
{"Node_id":32053,"weight":2.1983},
{"Node_id":32054,"weight":1.6694},
{"Node_id":32055,"weight":2.0836},
{"Node_id":32056,"weight":1.8532},
{"Node_id":32057,"weight":2.5564},
{"Node_id":32058,"weight":2.4089},
{"Node_id":32059,"weight":2.1514},
{"Node_id":32060,"weight":2.4262},
{"Node_id":32063,"weight":2.4089},
{"Node_id":32064,"weight":3.1247},
{"Node_id":32067,"weight":1.7639},
{"Node_id":32068,"weight":2.6962},
{"Node_id":32079,"weight":1.5471},
{"Node_id":32080,"weight":1.6898},
{"Node_id":32081,"weight":1.3951},
{"Node_id":32082,"weight":1.6449},
{"Node_id":32083,"weight":2.0705},
{"Node_id":32084,"weight":1.8575},
{"Node_id":32085,"weight":3.2178},
{"Node_id":32086,"weight":2.6337},
{"Node_id":32087,"weight":2.5489},
{"Node_id":32088,"weight":2.0635},
{"Node_id":32089,"weight":2.6194},
{"Node_id":32090,"weight":1.656},
{"Node_id":32091,"weight":2.1939},
{"Node_id":32092,"weight":1.5694},
{"Node_id":32093,"weight":1.7631},
{"Node_id":32094,"weight":1.4255},
{"Node_id":32095,"weight":3.9441},
{"Node_id":32096,"weight":1.4268},
{"Node_id":32097,"weight":1.4403},
{"Node_id":32098,"weight":2.7081},
{"Node_id":32099,"weight":1.6383},
{"Node_id":32100,"weight":1.4808},
{"Node_id":32101,"weight":1.7496},
{"Node_id":32102,"weight":4.9989},
{"Node_id":32103,"weight":1.6672},
{"Node_id":32104,"weight":2.7115},
{"Node_id":32105,"weight":1.4875},
{"Node_id":32106,"weight":1.6412},
{"Node_id":32107,"weight":2.0655},
{"Node_id":32108,"weight":1.6694},
{"Node_id":32109,"weight":1.5771},
{"Node_id":32110,"weight":1.86},
{"Node_id":32111,"weight":5.7732},
{"Node_id":32112,"weight":4.2402},
{"Node_id":32113,"weight":2.5594},
{"Node_id":32114,"weight":6.1171},
{"Node_id":32150,"weight":2.2196},
{"Node_id":32151,"weight":2.6178},
{"Node_id":32152,"weight":4.5951},
{"Node_id":32153,"weight":3.7898},
{"Node_id":32154,"weight":2.9678},
{"Node_id":32191,"weight":1.7315},
{"Node_id":32192,"weight":1.8103},
{"Node_id":32193,"weight":2.6695},
{"Node_id":32194,"weight":1.5673},
{"Node_id":32195,"weight":3.5732},
{"Node_id":32196,"weight":2.0338},
{"Node_id":32197,"weight":2.8652},
{"Node_id":32198,"weight":2.3395},
{"Node_id":32199,"weight":2.4574},
{"Node_id":32200,"weight":3.1099},
{"Node_id":32201,"weight":2.5944},
{"Node_id":32202,"weight":2.1557},
{"Node_id":32203,"weight":3.449},
{"Node_id":32204,"weight":3.7991},
{"Node_id":32205,"weight":1.8712},
{"Node_id":32206,"weight":5.3992},
{"Node_id":32207,"weight":1.8913},
{"Node_id":32211,"weight":1.9359},
{"Node_id":32212,"weight":1.4306},
{"Node_id":32213,"weight":3.3438},
{"Node_id":32214,"weight":3.1807},
{"Node_id":32215,"weight":1.467},
{"Node_id":32216,"weight":3.0095},
{"Node_id":32217,"weight":3.226},
{"Node_id":32218,"weight":2.6084},
{"Node_id":32219,"weight":2.5224},
{"Node_id":32220,"weight":2.0645},
{"Node_id":32221,"weight":1.5513},
{"Node_id":32222,"weight":2.5745},
{"Node_id":32223,"weight":1.4756},
{"Node_id":32252,"weight":2.4451},
{"Node_id":32253,"weight":2.239},
{"Node_id":32254,"weight":2.879},
{"Node_id":32255,"weight":1.879},
{"Node_id":32256,"weight":3.8469},
{"Node_id":32257,"weight":1.9662},
{"Node_id":32258,"weight":1.5849},
{"Node_id":32259,"weight":1.8387},
{"Node_id":32260,"weight":1.4326},
{"Node_id":32261,"weight":2.401},
{"Node_id":32272,"weight":1.5062},
{"Node_id":32273,"weight":2.3609},
{"Node_id":32274,"weight":1.7752},
{"Node_id":32275,"weight":2.0115},
{"Node_id":32276,"weight":1.8087},
{"Node_id":32277,"weight":1.4396},
{"Node_id":32278,"weight":2.1862},
{"Node_id":32279,"weight":2.0846},
{"Node_id":32280,"weight":3.1148},
{"Node_id":32281,"weight":1.5252},
{"Node_id":32282,"weight":4.2546},
{"Node_id":32283,"weight":4.0514},
{"Node_id":32284,"weight":2.6482},
{"Node_id":32285,"weight":1.983},
{"Node_id":32286,"weight":1.712},
{"Node_id":32287,"weight":6.6441},
{"Node_id":32288,"weight":2.7166},
{"Node_id":32366,"weight":3.7898},
{"Node_id":32367,"weight":1.9736},
{"Node_id":32370,"weight":1.4941},
{"Node_id":32371,"weight":3.504},
{"Node_id":32372,"weight":1.5715},
{"Node_id":32373,"weight":3.3652},
{"Node_id":32374,"weight":2.6645},
{"Node_id":32375,"weight":4.0634},
{"Node_id":32376,"weight":3.2178},
{"Node_id":32377,"weight":2.3003},
{"Node_id":32378,"weight":2.6695},
{"Node_id":32379,"weight":4.3614},
{"Node_id":32380,"weight":6.1171},
{"Node_id":32381,"weight":2.3699},
{"Node_id":32382,"weight":3.7806},
{"Node_id":32383,"weight":2.2219},
{"Node_id":32384,"weight":3.6352},
{"Node_id":32385,"weight":1.6171},
{"Node_id":32386,"weight":3.9713},
{"Node_id":32387,"weight":1.983},
{"Node_id":32388,"weight":2.4866},
{"Node_id":32389,"weight":1.5603},
{"Node_id":32390,"weight":5.6232},
{"Node_id":32391,"weight":3.5075},
{"Node_id":32395,"weight":1.4435},
{"Node_id":32396,"weight":1.9708},
{"Node_id":32397,"weight":1.7385},
{"Node_id":32398,"weight":2.1546},
{"Node_id":32405,"weight":2.0545},
{"Node_id":32406,"weight":3.3591},
{"Node_id":32407,"weight":2.0318},
{"Node_id":32408,"weight":3.7624},
{"Node_id":32409,"weight":2.0918},
{"Node_id":32410,"weight":3.4624},
{"Node_id":32411,"weight":2.6353},
{"Node_id":32412,"weight":2.0755},
{"Node_id":32413,"weight":2.6353},
{"Node_id":32414,"weight":1.4795},
{"Node_id":32415,"weight":1.7599},
{"Node_id":32416,"weight":1.4306},
{"Node_id":32417,"weight":1.78},
{"Node_id":32418,"weight":2.0221},
{"Node_id":32419,"weight":1.4332},
{"Node_id":32420,"weight":2.8248},
{"Node_id":32421,"weight":3.2452},
{"Node_id":32424,"weight":4.0049},
{"Node_id":32425,"weight":2.0595},
{"Node_id":32426,"weight":3.1912},
{"Node_id":32430,"weight":1.5743},
{"Node_id":32431,"weight":3.9713},
{"Node_id":32432,"weight":1.6929},
{"Node_id":32462,"weight":1.5828},
{"Node_id":32463,"weight":2.0309},
{"Node_id":32464,"weight":1.4663},
{"Node_id":32465,"weight":1.7082},
{"Node_id":32466,"weight":1.4928},
{"Node_id":32470,"weight":1.5231},
{"Node_id":32471,"weight":2.8116},
{"Node_id":32472,"weight":1.5062},
{"Node_id":32473,"weight":2.7166},
{"Node_id":32474,"weight":2.3458},
{"Node_id":32475,"weight":2.5181},
{"Node_id":32476,"weight":2.7857},
{"Node_id":32477,"weight":1.6739},
{"Node_id":32478,"weight":2.2646},
{"Node_id":32479,"weight":4.9548},
{"Node_id":32480,"weight":3.4456},
{"Node_id":32481,"weight":1.7028},
{"Node_id":32482,"weight":2.0348},
{"Node_id":32483,"weight":2.5066},
{"Node_id":32484,"weight":1.68},
{"Node_id":32485,"weight":1.9802},
{"Node_id":32486,"weight":4.2331},
{"Node_id":32487,"weight":2.2106},
{"Node_id":32488,"weight":2.3699},
{"Node_id":32489,"weight":4.2619},
{"Node_id":32490,"weight":2.2017},
{"Node_id":32491,"weight":2.441},
{"Node_id":32492,"weight":1.602},
{"Node_id":32493,"weight":2.1939},
{"Node_id":32496,"weight":2.4342},
{"Node_id":32497,"weight":1.9161},
{"Node_id":32500,"weight":2.0625},
{"Node_id":32501,"weight":2.4712},
{"Node_id":32502,"weight":2.4698},
{"Node_id":32503,"weight":2.645},
{"Node_id":32504,"weight":2.0348},
{"Node_id":32505,"weight":2.3173},
{"Node_id":32506,"weight":3.6595},
{"Node_id":32507,"weight":1.5143},
{"Node_id":32508,"weight":1.6739},
{"Node_id":32509,"weight":2.0735},
{"Node_id":32510,"weight":1.5506},
{"Node_id":32511,"weight":3.0343},
{"Node_id":32512,"weight":2.5474},
{"Node_id":32513,"weight":1.5701},
{"Node_id":32514,"weight":2.0358},
{"Node_id":32515,"weight":3.9441},
{"Node_id":32516,"weight":2.5385},
{"Node_id":32517,"weight":1.866},
{"Node_id":32518,"weight":1.8506},
{"Node_id":32519,"weight":2.877},
{"Node_id":32520,"weight":1.5204},
{"Node_id":32599,"weight":1.7776},
{"Node_id":32600,"weight":2.8613},
{"Node_id":32601,"weight":1.5934},
{"Node_id":32626,"weight":2.6563},
{"Node_id":32627,"weight":1.8261},
{"Node_id":32628,"weight":3.5435},
{"Node_id":32629,"weight":1.5464},
{"Node_id":32630,"weight":1.6006},
{"Node_id":32706,"weight":1.8286},
{"Node_id":32707,"weight":2.1407},
{"Node_id":32708,"weight":2.4115},
{"Node_id":32709,"weight":2.5297},
{"Node_id":32710,"weight":1.7639},
{"Node_id":32742,"weight":1.3982},
{"Node_id":32743,"weight":2.5699},
{"Node_id":32744,"weight":1.7005},
{"Node_id":32801,"weight":3.005},
{"Node_id":32802,"weight":1.5035},
{"Node_id":32847,"weight":6.3182},
{"Node_id":32848,"weight":1.7512},
{"Node_id":32849,"weight":5.5957},
{"Node_id":32850,"weight":1.4749},
{"Node_id":32851,"weight":4.1846},
{"Node_id":32852,"weight":2.9571},
{"Node_id":32853,"weight":1.4507},
{"Node_id":32854,"weight":4.4988},
{"Node_id":32855,"weight":2.0715},
{"Node_id":32856,"weight":1.7528},
{"Node_id":32857,"weight":1.6747},
{"Node_id":32858,"weight":1.6295},
{"Node_id":32859,"weight":3.3871},
{"Node_id":32860,"weight":1.9551},
{"Node_id":32861,"weight":2.6006},
{"Node_id":32864,"weight":1.6936},
{"Node_id":32865,"weight":2.1103},
{"Node_id":32866,"weight":2.1376},
{"Node_id":32867,"weight":1.6405},
{"Node_id":32868,"weight":2.4671},
{"Node_id":32869,"weight":1.5423},
{"Node_id":32870,"weight":1.4624},
{"Node_id":32871,"weight":6.3182},
{"Node_id":32872,"weight":1.8695},
{"Node_id":32873,"weight":2.0289},
{"Node_id":32875,"weight":4.1318},
{"Node_id":32897,"weight":2.2529},
{"Node_id":32900,"weight":1.6361},
{"Node_id":32902,"weight":5.7105},
{"Node_id":32922,"weight":3.6352},
{"Node_id":32923,"weight":3.356},
{"Node_id":32924,"weight":2.61},
{"Node_id":32925,"weight":1.8992},
{"Node_id":32927,"weight":3.9124},
{"Node_id":32930,"weight":1.5109},
{"Node_id":32933,"weight":2.1535},
{"Node_id":32934,"weight":3.2818},
{"Node_id":32935,"weight":3.9713},
{"Node_id":32936,"weight":1.7623},
{"Node_id":32937,"weight":4.3297},
{"Node_id":32938,"weight":2.0585},
{"Node_id":32939,"weight":2.5474},
{"Node_id":32940,"weight":2.184},
{"Node_id":32941,"weight":2.1643},
{"Node_id":32942,"weight":3.6115},
{"Node_id":32943,"weight":1.854},
{"Node_id":32944,"weight":2.7515},
{"Node_id":32945,"weight":1.8738},
{"Node_id":32946,"weight":2.0846},
{"Node_id":32949,"weight":2.1983},
{"Node_id":32950,"weight":1.5666},
{"Node_id":32951,"weight":3.9658},
{"Node_id":32952,"weight":1.886},
{"Node_id":32953,"weight":1.7955},
{"Node_id":32954,"weight":2.3173},
{"Node_id":32955,"weight":1.9441},
{"Node_id":32956,"weight":1.5279},
{"Node_id":32957,"weight":2.2017},
{"Node_id":32958,"weight":1.5204},
{"Node_id":32959,"weight":2.6596},
{"Node_id":32960,"weight":2.9939},
{"Node_id":32961,"weight":1.5764},
{"Node_id":32962,"weight":1.5123},
{"Node_id":32963,"weight":2.5729},
{"Node_id":32964,"weight":2.1578},
{"Node_id":32965,"weight":2.1407},
{"Node_id":32966,"weight":1.6353},
{"Node_id":32967,"weight":2.3892},
{"Node_id":32968,"weight":2.3039},
{"Node_id":32969,"weight":2.7046},
{"Node_id":32970,"weight":1.6164},
{"Node_id":32971,"weight":1.8295},
{"Node_id":32972,"weight":3.6273},
{"Node_id":32973,"weight":2.9195},
{"Node_id":32978,"weight":1.8566},
{"Node_id":32979,"weight":2.2483},
{"Node_id":32980,"weight":2.2174},
{"Node_id":32981,"weight":2.3533},
{"Node_id":32982,"weight":3.0028},
{"Node_id":32983,"weight":1.5471},
{"Node_id":32984,"weight":3.2017},
{"Node_id":32985,"weight":2.366},
{"Node_id":32986,"weight":2.9195},
{"Node_id":32987,"weight":2.6466},
{"Node_id":32988,"weight":3.416},
{"Node_id":32989,"weight":1.4236},
{"Node_id":32990,"weight":4.0455},
{"Node_id":32991,"weight":2.1687},
{"Node_id":32992,"weight":1.8635},
{"Node_id":32993,"weight":2.7201},
{"Node_id":32994,"weight":1.4968},
{"Node_id":32995,"weight":1.5631},
{"Node_id":32996,"weight":2.6482},
{"Node_id":32997,"weight":2.2811},
{"Node_id":32998,"weight":3.5884},
{"Node_id":32999,"weight":1.9746},
{"Node_id":33000,"weight":3.449},
{"Node_id":33001,"weight":1.9332},
{"Node_id":33002,"weight":2.223},
{"Node_id":33003,"weight":2.7931},
{"Node_id":33010,"weight":1.4928},
{"Node_id":33013,"weight":2.1051},
{"Node_id":33014,"weight":3.1124},
{"Node_id":33015,"weight":3.1002},
{"Node_id":33016,"weight":2.2028},
{"Node_id":33017,"weight":3.9124},
{"Node_id":33018,"weight":3.8372},
{"Node_id":33019,"weight":2.7694},
{"Node_id":33020,"weight":4.0574},
{"Node_id":33021,"weight":7.418},
{"Node_id":33024,"weight":2.4288},
{"Node_id":33025,"weight":4.0514},
{"Node_id":33026,"weight":1.5293},
{"Node_id":33027,"weight":1.5396},
{"Node_id":33031,"weight":2.4329},
{"Node_id":33047,"weight":2.4155},
{"Node_id":33050,"weight":8.1114},
{"Node_id":33051,"weight":1.6434},
{"Node_id":33054,"weight":2.0067},
{"Node_id":33055,"weight":2.0019},
{"Node_id":33056,"weight":3.6432},
{"Node_id":33057,"weight":2.1884},
{"Node_id":33058,"weight":2.2174},
{"Node_id":33059,"weight":2.0836},
{"Node_id":33060,"weight":2.0289},
{"Node_id":33061,"weight":2.6777},
{"Node_id":33062,"weight":2.9465},
{"Node_id":33063,"weight":1.5927},
{"Node_id":33084,"weight":1.7013},
{"Node_id":33085,"weight":2.4356},
{"Node_id":33086,"weight":1.6747},
{"Node_id":33087,"weight":1.4736},
{"Node_id":33088,"weight":2.1145},
{"Node_id":33089,"weight":1.5029},
{"Node_id":33090,"weight":1.5409},
{"Node_id":33091,"weight":1.8669},
{"Node_id":33092,"weight":3.8227},
{"Node_id":33093,"weight":1.7409},
{"Node_id":33094,"weight":2.6037},
{"Node_id":33095,"weight":2.7912},
{"Node_id":33096,"weight":1.9468},
{"Node_id":33097,"weight":4.9989},
{"Node_id":33098,"weight":1.4855},
{"Node_id":33099,"weight":1.843},
{"Node_id":33100,"weight":1.8773},
{"Node_id":33101,"weight":2.8633},
{"Node_id":33102,"weight":6.3182},
{"Node_id":33103,"weight":2.2196},
{"Node_id":33104,"weight":3.1002},
{"Node_id":33105,"weight":1.5306},
{"Node_id":33106,"weight":3.3591},
{"Node_id":33107,"weight":1.5347},
{"Node_id":33108,"weight":1.4468},
{"Node_id":33109,"weight":1.6649},
{"Node_id":33110,"weight":1.7599},
{"Node_id":33111,"weight":2.2425},
{"Node_id":33112,"weight":2.0615},
{"Node_id":33113,"weight":1.3875},
{"Node_id":33114,"weight":2.321},
{"Node_id":33115,"weight":4.4538},
{"Node_id":33116,"weight":1.4789},
{"Node_id":33117,"weight":1.4572},
{"Node_id":33118,"weight":2.6678},
{"Node_id":33119,"weight":6.5008},
{"Node_id":33120,"weight":5.4685},
{"Node_id":33121,"weight":1.7575},
{"Node_id":33122,"weight":1.9662},
{"Node_id":33123,"weight":1.532},
{"Node_id":33124,"weight":1.5002},
{"Node_id":33125,"weight":1.4578},
{"Node_id":33126,"weight":4.3858},
{"Node_id":33129,"weight":3.2876},
{"Node_id":33130,"weight":3.6885},
{"Node_id":33131,"weight":2.0058},
{"Node_id":33132,"weight":2.0397},
{"Node_id":33133,"weight":1.6523},
{"Node_id":33134,"weight":6.4362},
{"Node_id":33135,"weight":1.86},
{"Node_id":33136,"weight":1.6959},
{"Node_id":33137,"weight":2.1643},
{"Node_id":33138,"weight":1.5736},
{"Node_id":33256,"weight":1.6822},
{"Node_id":33257,"weight":1.9395},
{"Node_id":33258,"weight":1.5245},
{"Node_id":33259,"weight":3.6554},
{"Node_id":33260,"weight":3.3714},
{"Node_id":33263,"weight":1.4585},
{"Node_id":33264,"weight":2.0705},
{"Node_id":33318,"weight":1.6982},
{"Node_id":33319,"weight":2.1093},
{"Node_id":33320,"weight":2.2669},
{"Node_id":33321,"weight":2.521},
{"Node_id":33322,"weight":1.9839},
{"Node_id":33323,"weight":2.4248},
{"Node_id":33324,"weight":1.752},
{"Node_id":33325,"weight":2.576},
{"Node_id":33381,"weight":2.4383},
{"Node_id":33382,"weight":1.9934},
{"Node_id":33383,"weight":1.8913},
{"Node_id":33384,"weight":4.4108},
{"Node_id":33385,"weight":1.9597},
{"Node_id":33386,"weight":1.659},
{"Node_id":33393,"weight":1.9223},
{"Node_id":33394,"weight":2.0173},
{"Node_id":33395,"weight":3.9604},
{"Node_id":33504,"weight":2.579},
{"Node_id":33505,"weight":2.205},
{"Node_id":33506,"weight":3.504},
{"Node_id":33507,"weight":1.4624},
{"Node_id":33514,"weight":5.8753},
{"Node_id":33515,"weight":2.7046},
{"Node_id":33516,"weight":1.4422},
{"Node_id":33517,"weight":3.4899},
{"Node_id":33518,"weight":2.6995},
{"Node_id":33519,"weight":3.0833},
{"Node_id":33520,"weight":1.6501},
{"Node_id":33521,"weight":2.5609},
{"Node_id":33522,"weight":2.4049},
{"Node_id":33523,"weight":2.2276},
{"Node_id":33524,"weight":3.248},
{"Node_id":33525,"weight":2.1376},
{"Node_id":33526,"weight":1.5694},
{"Node_id":33527,"weight":1.901},
{"Node_id":33528,"weight":1.9792},
{"Node_id":33529,"weight":1.9487},
{"Node_id":33530,"weight":3.1026},
{"Node_id":33531,"weight":1.4172},
{"Node_id":33538,"weight":3.1807},
{"Node_id":33539,"weight":3.0762},
{"Node_id":33540,"weight":4.1383},
{"Node_id":33541,"weight":1.683},
{"Node_id":33542,"weight":2.4615},
{"Node_id":33543,"weight":1.719},
{"Node_id":33544,"weight":2.214},
{"Node_id":33545,"weight":1.7639},
{"Node_id":33546,"weight":1.4709},
{"Node_id":33547,"weight":2.0725},
{"Node_id":33548,"weight":1.517},
{"Node_id":33549,"weight":1.6747},
{"Node_id":33553,"weight":3.4356},
{"Node_id":33554,"weight":3.3871},
{"Node_id":33555,"weight":2.027},
{"Node_id":33556,"weight":3.714},
{"Node_id":33557,"weight":2.3112},
{"Node_id":33558,"weight":1.6605},
{"Node_id":33559,"weight":1.9886},
{"Node_id":33560,"weight":4.7832},
{"Node_id":33561,"weight":1.9377},
{"Node_id":33562,"weight":1.8128},
{"Node_id":33573,"weight":3.1938},
{"Node_id":33574,"weight":2.5415},
{"Node_id":33575,"weight":1.5548},
{"Node_id":33576,"weight":1.5807},
{"Node_id":33577,"weight":2.2356},
{"Node_id":33578,"weight":2.3136},
{"Node_id":33579,"weight":1.7607},
{"Node_id":33580,"weight":3.4356},
{"Node_id":33581,"weight":2.6728},
{"Node_id":33582,"weight":1.628},
{"Node_id":33583,"weight":1.5225},
{"Node_id":33586,"weight":3.7054},
{"Node_id":33605,"weight":3.4865},
{"Node_id":33606,"weight":4.226},
{"Node_id":33607,"weight":2.7857},
{"Node_id":33643,"weight":1.6875},
{"Node_id":33644,"weight":4.6793},
{"Node_id":33645,"weight":1.6792},
{"Node_id":33646,"weight":2.0775},
{"Node_id":33647,"weight":2.6777},
{"Node_id":33648,"weight":3.2619},
{"Node_id":33649,"weight":1.6288},
{"Node_id":33650,"weight":4.8458},
{"Node_id":33651,"weight":1.822},
{"Node_id":33652,"weight":2.6482},
{"Node_id":33653,"weight":4.9264},
{"Node_id":33654,"weight":1.4115},
{"Node_id":33655,"weight":5.11},
{"Node_id":33656,"weight":3.3777},
{"Node_id":33657,"weight":2.2413},
{"Node_id":33658,"weight":2.5195},
{"Node_id":33659,"weight":3.3347},
{"Node_id":33660,"weight":2.1557},
{"Node_id":33661,"weight":1.4921},
{"Node_id":33662,"weight":3.1447},
{"Node_id":33663,"weight":1.6657},
{"Node_id":33664,"weight":3.9604},
{"Node_id":33665,"weight":2.5254},
{"Node_id":33666,"weight":5.2159},
{"Node_id":33667,"weight":2.1546},
{"Node_id":33668,"weight":2.3124},
{"Node_id":33669,"weight":1.5143},
{"Node_id":33670,"weight":3.6718},
{"Node_id":33671,"weight":2.576},
{"Node_id":33672,"weight":2.3879},
{"Node_id":33673,"weight":3.3903},
{"Node_id":33674,"weight":5.1975},
{"Node_id":33675,"weight":2.9402},
{"Node_id":33676,"weight":2.2752},
{"Node_id":33677,"weight":2.342},
{"Node_id":33678,"weight":3.3529},
{"Node_id":33679,"weight":1.5423},
{"Node_id":33680,"weight":2.9593},
{"Node_id":33681,"weight":1.6754},
{"Node_id":33682,"weight":3.3621},
{"Node_id":33683,"weight":1.8396},
{"Node_id":33684,"weight":2.2634},
{"Node_id":33738,"weight":2.2775},
{"Node_id":33739,"weight":2.2859},
{"Node_id":33740,"weight":2.4574},
{"Node_id":33741,"weight":3.0006},
{"Node_id":33742,"weight":2.3149},
{"Node_id":33743,"weight":2.5181},
{"Node_id":33744,"weight":1.5327},
{"Node_id":33745,"weight":1.5143},
{"Node_id":33746,"weight":2.5729},
{"Node_id":33857,"weight":2.9962},
{"Node_id":33866,"weight":1.4306},
{"Node_id":33868,"weight":2.173},
{"Node_id":33869,"weight":2.9786},
{"Node_id":33870,"weight":2.7322},
{"Node_id":33871,"weight":1.4185},
{"Node_id":33872,"weight":3.1124},
{"Node_id":33875,"weight":2.1386},
{"Node_id":33876,"weight":2.1665},
{"Node_id":34086,"weight":3.105},
{"Node_id":34087,"weight":2.3699},
{"Node_id":34088,"weight":3.3317},
{"Node_id":34089,"weight":1.5109},
{"Node_id":34092,"weight":3.4258},
{"Node_id":34093,"weight":1.6777},
{"Node_id":34094,"weight":1.5029},
{"Node_id":34095,"weight":2.6979},
{"Node_id":34096,"weight":3.3347},
{"Node_id":34097,"weight":2.1482},
{"Node_id":34098,"weight":2.397},
{"Node_id":34099,"weight":2.9765},
{"Node_id":34100,"weight":1.9588},
{"Node_id":34144,"weight":2.3763},
{"Node_id":34145,"weight":1.4229},
{"Node_id":34146,"weight":3.3347},
{"Node_id":34147,"weight":2.5867},
{"Node_id":34148,"weight":1.9404},
{"Node_id":34149,"weight":1.8904},
{"Node_id":34150,"weight":2.4089},
{"Node_id":34151,"weight":2.2494},
{"Node_id":34152,"weight":2.0318},
{"Node_id":34153,"weight":3.8132},
{"Node_id":34154,"weight":2.5579},
{"Node_id":34155,"weight":1.9107},
{"Node_id":34156,"weight":1.4396},
{"Node_id":34157,"weight":2.1632},
{"Node_id":34158,"weight":2.481},
{"Node_id":34159,"weight":3.0667},
{"Node_id":34160,"weight":2.3711},
{"Node_id":34161,"weight":2.1654},
{"Node_id":34162,"weight":1.7213},
{"Node_id":34163,"weight":2.274},
{"Node_id":34164,"weight":1.8387},
{"Node_id":34165,"weight":2.2657},
{"Node_id":34166,"weight":2.3259},
{"Node_id":34167,"weight":2.9215},
{"Node_id":34168,"weight":1.4975},
{"Node_id":34205,"weight":1.532},
{"Node_id":34206,"weight":3.5845},
{"Node_id":34207,"weight":1.9551},
{"Node_id":34208,"weight":2.1752},
{"Node_id":34209,"weight":1.8816},
{"Node_id":34210,"weight":2.7374},
{"Node_id":34211,"weight":1.4026},
{"Node_id":34212,"weight":2.9571},
{"Node_id":34213,"weight":5.4217},
{"Node_id":34214,"weight":1.3888},
{"Node_id":34215,"weight":4.5951},
{"Node_id":34216,"weight":1.9551},
{"Node_id":34217,"weight":3.8918},
{"Node_id":34218,"weight":1.4611},
{"Node_id":34219,"weight":1.7151},
{"Node_id":34220,"weight":1.4166},
{"Node_id":34221,"weight":3.9992},
{"Node_id":34228,"weight":2.5519},
{"Node_id":34232,"weight":4.226},
{"Node_id":34233,"weight":1.5527},
{"Node_id":34234,"weight":2.0555},
{"Node_id":34271,"weight":3.416},
{"Node_id":34272,"weight":2.8516},
{"Node_id":34273,"weight":2.0856},
{"Node_id":34274,"weight":2.0745},
{"Node_id":34275,"weight":2.0959},
{"Node_id":34276,"weight":2.1482},
{"Node_id":34277,"weight":1.568},
{"Node_id":34278,"weight":3.0435},
{"Node_id":34279,"weight":1.5701},
{"Node_id":34280,"weight":2.0755},
{"Node_id":34281,"weight":1.5589},
{"Node_id":34282,"weight":1.4261},
{"Node_id":34283,"weight":2.9444},
{"Node_id":34284,"weight":2.474},
{"Node_id":34285,"weight":2.4615},
{"Node_id":34286,"weight":1.615},
{"Node_id":34288,"weight":3.4795},
{"Node_id":34289,"weight":3.0905},
{"Node_id":34292,"weight":2.5564},
{"Node_id":34293,"weight":1.3982},
{"Node_id":34294,"weight":2.1249},
{"Node_id":34295,"weight":2.61},
{"Node_id":34296,"weight":4.9126},
{"Node_id":34297,"weight":2.599},
{"Node_id":34298,"weight":1.532},
{"Node_id":34299,"weight":1.7268},
{"Node_id":34300,"weight":1.465},
{"Node_id":34301,"weight":2.5239},
{"Node_id":34302,"weight":1.9179},
{"Node_id":34318,"weight":3.1885},
{"Node_id":34319,"weight":2.7115},
{"Node_id":34320,"weight":2.9529},
{"Node_id":34321,"weight":3.6115},
{"Node_id":34322,"weight":4.0221},
{"Node_id":34323,"weight":2.7166},
{"Node_id":34324,"weight":1.421},
{"Node_id":34325,"weight":2.8023},
{"Node_id":34326,"weight":2.0407},
{"Node_id":34327,"weight":3.0905},
{"Node_id":34328,"weight":3.3999},
{"Node_id":34329,"weight":2.2775},
{"Node_id":34330,"weight":2.4657},
{"Node_id":34334,"weight":1.8878},
{"Node_id":34335,"weight":2.8613},
{"Node_id":34336,"weight":2.0397},
{"Node_id":34337,"weight":2.145},
{"Node_id":34373,"weight":1.6997},
{"Node_id":34374,"weight":1.8965},
{"Node_id":34375,"weight":3.1807},
{"Node_id":34403,"weight":2.6257},
{"Node_id":34404,"weight":3.9441},
{"Node_id":34405,"weight":1.3988},
{"Node_id":34406,"weight":2.6645},
{"Node_id":34407,"weight":1.6493},
{"Node_id":34408,"weight":4.8203},
{"Node_id":34409,"weight":2.0856},
{"Node_id":34487,"weight":1.8379},
{"Node_id":34488,"weight":4.0279},
{"Node_id":34489,"weight":2.6563},
{"Node_id":34490,"weight":1.4604},
{"Node_id":34491,"weight":1.7583},
{"Node_id":34492,"weight":3.7313},
{"Node_id":34508,"weight":1.6442},
{"Node_id":34509,"weight":2.3983},
{"Node_id":34511,"weight":1.4249},
{"Node_id":34513,"weight":2.3571},
{"Node_id":34514,"weight":2.5283},
{"Node_id":34515,"weight":2.5459},
{"Node_id":34516,"weight":1.656},
{"Node_id":34517,"weight":3.0667},
{"Node_id":34518,"weight":3.1472},
{"Node_id":34533,"weight":1.7583},
{"Node_id":34534,"weight":3.1755},
{"Node_id":34551,"weight":1.7881},
{"Node_id":34552,"weight":4.4538},
{"Node_id":34553,"weight":1.8128},
{"Node_id":34554,"weight":5.4927},
{"Node_id":34555,"weight":1.8278},
{"Node_id":34556,"weight":1.7841},
{"Node_id":34557,"weight":2.3371},
{"Node_id":34558,"weight":1.9953},
{"Node_id":34559,"weight":3.7226},
{"Node_id":34560,"weight":4.4192},
{"Node_id":34561,"weight":1.8825},
{"Node_id":34562,"weight":1.8421},
{"Node_id":34573,"weight":1.469},
{"Node_id":34574,"weight":2.9657},
{"Node_id":34575,"weight":2.6894},
{"Node_id":34576,"weight":2.7339},
{"Node_id":34577,"weight":3.5472},
{"Node_id":34578,"weight":3.2507},
{"Node_id":34579,"weight":2.7115},
{"Node_id":34580,"weight":3.7535},
{"Node_id":34581,"weight":2.4102},
{"Node_id":34582,"weight":1.8337},
{"Node_id":34583,"weight":6.8113},
{"Node_id":34584,"weight":1.6732},
{"Node_id":34599,"weight":2.4181},
{"Node_id":34600,"weight":3.2178},
{"Node_id":34601,"weight":1.4166},
{"Node_id":34602,"weight":2.3483},
{"Node_id":34606,"weight":3.4624},
{"Node_id":34607,"weight":2.0959},
{"Node_id":34608,"weight":1.9606},
{"Node_id":34609,"weight":1.6515},
{"Node_id":34610,"weight":1.5002},
{"Node_id":34611,"weight":1.5534},
{"Node_id":34612,"weight":2.5254},
{"Node_id":34613,"weight":2.6353},
{"Node_id":34614,"weight":2.4262},
{"Node_id":34615,"weight":2.4248},
{"Node_id":34616,"weight":2.5519},
{"Node_id":34729,"weight":2.2943},
{"Node_id":34730,"weight":5.7105},
{"Node_id":34731,"weight":2.5609},
{"Node_id":34732,"weight":2.1983},
{"Node_id":34733,"weight":1.7417},
{"Node_id":34734,"weight":2.1113},
{"Node_id":34768,"weight":5.077},
{"Node_id":34769,"weight":2.2764},
{"Node_id":34770,"weight":6.4362},
{"Node_id":34771,"weight":1.3944},
{"Node_id":34772,"weight":2.0525},
{"Node_id":34773,"weight":3.0481},
{"Node_id":34774,"weight":4.5951},
{"Node_id":34775,"weight":2.9444},
{"Node_id":34776,"weight":1.4242},
{"Node_id":34777,"weight":3.0072},
{"Node_id":34778,"weight":2.7287},
{"Node_id":34779,"weight":1.726},
{"Node_id":34780,"weight":2.4505},
{"Node_id":34781,"weight":2.3408},
{"Node_id":34782,"weight":3.449},
{"Node_id":34783,"weight":5.0141},
{"Node_id":34784,"weight":3.2704},
{"Node_id":34785,"weight":1.7151},
{"Node_id":34786,"weight":2.0565},
{"Node_id":34787,"weight":5.8753},
{"Node_id":34788,"weight":1.4995},
{"Node_id":34789,"weight":2.599},
{"Node_id":34790,"weight":1.793},
{"Node_id":34791,"weight":3.3683},
{"Node_id":34792,"weight":1.9699},
{"Node_id":34793,"weight":2.5975},
{"Node_id":34794,"weight":2.1461},
{"Node_id":34795,"weight":1.4565},
{"Node_id":34796,"weight":2.4464},
{"Node_id":34797,"weight":2.4288},
{"Node_id":34798,"weight":1.4198},
{"Node_id":34799,"weight":1.5548},
{"Node_id":34800,"weight":2.5821},
{"Node_id":34801,"weight":1.5002},
{"Node_id":34802,"weight":3.4934},
{"Node_id":34803,"weight":3.1075},
{"Node_id":34804,"weight":1.9089},
{"Node_id":34805,"weight":2.4881},
{"Node_id":34806,"weight":1.4941},
{"Node_id":34807,"weight":1.8145},
{"Node_id":34808,"weight":1.7776},
{"Node_id":34809,"weight":7.418},
{"Node_id":34810,"weight":2.145},
{"Node_id":34811,"weight":3.3871},
{"Node_id":34812,"weight":2.881},
{"Node_id":34815,"weight":1.6419},
{"Node_id":34817,"weight":3.1912},
{"Node_id":34818,"weight":3.3438},
{"Node_id":34819,"weight":4.3143},
{"Node_id":34820,"weight":1.6368},
{"Node_id":34822,"weight":2.205},
{"Node_id":34823,"weight":1.7825},
{"Node_id":34825,"weight":3.2287},
{"Node_id":34842,"weight":2.1386},
{"Node_id":34843,"weight":1.4915},
{"Node_id":34844,"weight":3.248},
{"Node_id":34845,"weight":2.173},
{"Node_id":34846,"weight":2.7569},
{"Node_id":34847,"weight":1.6085},
{"Node_id":34848,"weight":3.1885},
{"Node_id":34849,"weight":1.6099},
{"Node_id":34850,"weight":4.0514},
{"Node_id":34851,"weight":2.16},
{"Node_id":34852,"weight":2.0765},
{"Node_id":34853,"weight":2.4796},
{"Node_id":34856,"weight":1.7097},
{"Node_id":34857,"weight":1.5701},
{"Node_id":34858,"weight":1.7393},
{"Node_id":34859,"weight":3.9936},
{"Node_id":34860,"weight":1.5225},
{"Node_id":34861,"weight":2.0775},
{"Node_id":34862,"weight":1.8228},
{"Node_id":34863,"weight":2.2811},
{"Node_id":34864,"weight":1.8869},
{"Node_id":34865,"weight":1.5942},
{"Node_id":34866,"weight":1.6099},
{"Node_id":34867,"weight":1.5177},
{"Node_id":34868,"weight":1.6027},
{"Node_id":34869,"weight":1.5204},
{"Node_id":34870,"weight":2.2471},
{"Node_id":34871,"weight":1.6523},
{"Node_id":34872,"weight":5.0141},
{"Node_id":34873,"weight":2.7766},
{"Node_id":34874,"weight":4.833},
{"Node_id":34875,"weight":2.2084},
{"Node_id":34876,"weight":3.6392},
{"Node_id":34877,"weight":2.7876},
{"Node_id":34878,"weight":4.7474},
{"Node_id":34881,"weight":0.1294},
{"Node_id":34882,"weight":1.2721},
{"Node_id":34883,"weight":3.2676},
{"Node_id":34888,"weight":1.4204},
{"Node_id":34889,"weight":0.4561},
{"Node_id":34896,"weight":2.5166},
{"Node_id":34904,"weight":1.6822},
{"Node_id":34929,"weight":0.7598},
{"Node_id":34955,"weight":4.0878},
{"Node_id":34962,"weight":3.7011},
{"Node_id":34975,"weight":3.429},
{"Node_id":34978,"weight":0.3437},
{"Node_id":34985,"weight":0.3602},
{"Node_id":34989,"weight":4.8988},
{"Node_id":34990,"weight":1.7535},
{"Node_id":35024,"weight":2.5195},
{"Node_id":35034,"weight":0.5849},
{"Node_id":35042,"weight":0.2408},
{"Node_id":35046,"weight":0.2884},
{"Node_id":35050,"weight":0.9714},
{"Node_id":35053,"weight":0.2745},
{"Node_id":35183,"weight":1.8379}]