[{"Inferred_node_ids":[23322],"Node_id":12069},
{"Inferred_node_ids":[23287],"Node_id":12070},
{"Inferred_node_ids":[23285],"Node_id":12071},
{"Inferred_node_ids":[23308],"Node_id":12072},
{"Inferred_node_ids":[23346],"Node_id":12073},
{"Inferred_node_ids":[23337],"Node_id":12074},
{"Inferred_node_ids":[23331],"Node_id":12075},
{"Inferred_node_ids":[23355],"Node_id":12920},
{"Inferred_node_ids":[23330],"Node_id":12921},
{"Inferred_node_ids":[23334],"Node_id":12922},
{"Inferred_node_ids":[23303],"Node_id":12923},
{"Inferred_node_ids":[23294],"Node_id":12924},
{"Inferred_node_ids":[23342],"Node_id":12925},
{"Inferred_node_ids":[23357],"Node_id":13095},
{"Inferred_node_ids":[23315],"Node_id":13096},
{"Inferred_node_ids":[23319],"Node_id":13097},
{"Inferred_node_ids":[23296],"Node_id":13098},
{"Inferred_node_ids":[23341],"Node_id":13099},
{"Inferred_node_ids":[23280],"Node_id":13100},
{"Inferred_node_ids":[23336],"Node_id":13101},
{"Inferred_node_ids":[23279],"Node_id":13102},
{"Inferred_node_ids":[23291],"Node_id":13103},
{"Inferred_node_ids":[23335],"Node_id":13104},
{"Inferred_node_ids":[23323],"Node_id":13105},
{"Inferred_node_ids":[23299],"Node_id":13106},
{"Inferred_node_ids":[23298],"Node_id":13108},
{"Inferred_node_ids":[23312],"Node_id":13109},
{"Inferred_node_ids":[23304],"Node_id":13110},
{"Inferred_node_ids":[23313],"Node_id":13111},
{"Inferred_node_ids":[23318],"Node_id":13112},
{"Inferred_node_ids":[23332],"Node_id":13113},
{"Inferred_node_ids":[23316],"Node_id":15545},
{"Inferred_node_ids":[23328],"Node_id":15546},
{"Inferred_node_ids":[23282],"Node_id":15547},
{"Inferred_node_ids":[23343],"Node_id":15548},
{"Inferred_node_ids":[23281],"Node_id":15549},
{"Inferred_node_ids":[23326],"Node_id":15550},
{"Inferred_node_ids":[23353],"Node_id":18020},
{"Inferred_node_ids":[23286],"Node_id":18023},
{"Inferred_node_ids":[23324],"Node_id":18024},
{"Inferred_node_ids":[23333],"Node_id":18025},
{"Inferred_node_ids":[23329],"Node_id":18026},
{"Inferred_node_ids":[23340],"Node_id":18027},
{"Inferred_node_ids":[23293],"Node_id":18059},
{"Inferred_node_ids":[23345],"Node_id":18060},
{"Inferred_node_ids":[23277],"Node_id":18061},
{"Inferred_node_ids":[23295],"Node_id":18062},
{"Inferred_node_ids":[23351],"Node_id":18063},
{"Inferred_node_ids":[23300],"Node_id":18064},
{"Inferred_node_ids":[23290],"Node_id":18066},
{"Inferred_node_ids":[23327],"Node_id":18067},
{"Inferred_node_ids":[23288],"Node_id":18068},
{"Inferred_node_ids":[23305],"Node_id":19063},
{"Inferred_node_ids":[23302],"Node_id":19064},
{"Inferred_node_ids":[23297],"Node_id":21407},
{"Inferred_node_ids":[23301],"Node_id":21408},
{"Inferred_node_ids":[23283],"Node_id":21409},
{"Inferred_node_ids":[23350],"Node_id":21411},
{"Inferred_node_ids":[23349],"Node_id":21412},
{"Inferred_node_ids":[23339],"Node_id":21413},
{"Inferred_node_ids":[23314],"Node_id":22258},
{"Inferred_node_ids":[23292],"Node_id":22259},
{"Inferred_node_ids":[23278],"Node_id":22260},
{"Inferred_node_ids":[23289],"Node_id":22261},
{"Inferred_node_ids":[23284],"Node_id":22262},
{"Inferred_node_ids":[23347],"Node_id":22263},
{"Inferred_node_ids":[23325],"Node_id":22433},
{"Inferred_node_ids":[23306],"Node_id":22435},
{"Inferred_node_ids":[23344],"Node_id":22436},
{"Inferred_node_ids":[23321],"Node_id":22437},
{"Inferred_node_ids":[23309],"Node_id":22438},
{"Inferred_node_ids":[23317],"Node_id":22439},
{"Inferred_node_ids":[23359],"Node_id":22440},
{"Inferred_node_ids":[23354],"Node_id":22441},
{"Inferred_node_ids":[23348],"Node_id":22442},
{"Inferred_node_ids":[23358],"Node_id":22443},
{"Inferred_node_ids":[23352],"Node_id":22445},
{"Inferred_node_ids":[23311],"Node_id":22446},
{"Inferred_node_ids":[23356],"Node_id":22447},
{"Inferred_node_ids":[23307],"Node_id":22448},
{"Inferred_node_ids":[23338],"Node_id":22449},
{"Inferred_node_ids":[23276],"Node_id":22450},
{"Inferred_node_ids":[23320],"Node_id":22451},
{"Inferred_node_ids":[23310],"Node_id":22452}]