[{"Node_id":6501,"weight":0.19214},
{"Node_id":6506,"weight":0.3483},
{"Node_id":6507,"weight":0.22799},
{"Node_id":6509,"weight":0.19802001},
{"Node_id":6510,"weight":0.25051},
{"Node_id":6514,"weight":0.24994},
{"Node_id":6516,"weight":0.36636},
{"Node_id":6517,"weight":0.16493},
{"Node_id":6519,"weight":0.20367},
{"Node_id":6520,"weight":0.14319},
{"Node_id":6521,"weight":0.38918},
{"Node_id":6523,"weight":0.18825},
{"Node_id":6527,"weight":0.23210001},
{"Node_id":6528,"weight":0.16936001},
{"Node_id":6531,"weight":0.24195},
{"Node_id":6532,"weight":0.14063999},
{"Node_id":6533,"weight":0.18202999},
{"Node_id":6535,"weight":0.2184},
{"Node_id":6536,"weight":0.17036},
{"Node_id":6541,"weight":0.27912},
{"Node_id":6545,"weight":0.37945002},
{"Node_id":6547,"weight":0.15736},
{"Node_id":6548,"weight":0.19597},
{"Node_id":6550,"weight":0.14474},
{"Node_id":6552,"weight":0.20241001},
{"Node_id":6557,"weight":0.24866},
{"Node_id":6560,"weight":0.32124},
{"Node_id":6561,"weight":0.25123},
{"Node_id":6563,"weight":0.47357002},
{"Node_id":6564,"weight":0.1744},
{"Node_id":6568,"weight":0.18643},
{"Node_id":6570,"weight":0.17036},
{"Node_id":6571,"weight":0.25852},
{"Node_id":6572,"weight":0.19001},
{"Node_id":6574,"weight":0.39712998},
{"Node_id":6576,"weight":0.20211999},
{"Node_id":6577,"weight":0.13976},
{"Node_id":6579,"weight":0.15492001},
{"Node_id":6580,"weight":0.20456},
{"Node_id":6582,"weight":0.20594999},
{"Node_id":6585,"weight":0.18421},
{"Node_id":6587,"weight":0.34289998},
{"Node_id":6588,"weight":0.2764},
{"Node_id":6589,"weight":0.20009999},
{"Node_id":6591,"weight":0.14539},
{"Node_id":6592,"weight":0.42189997},
{"Node_id":6610,"weight":0.15638},
{"Node_id":6614,"weight":0.24102001},
{"Node_id":6615,"weight":0.28574},
{"Node_id":6617,"weight":0.16034},
{"Node_id":6621,"weight":0.19532},
{"Node_id":6622,"weight":0.21928},
{"Node_id":6623,"weight":0.16493},
{"Node_id":6624,"weight":0.19395},
{"Node_id":6625,"weight":0.23982999},
{"Node_id":6627,"weight":0.22253},
{"Node_id":6629,"weight":0.24368998},
{"Node_id":6630,"weight":0.23271},
{"Node_id":6632,"weight":0.15764001},
{"Node_id":6634,"weight":0.27115},
{"Node_id":6636,"weight":0.42766},
{"Node_id":6638,"weight":0.32397002},
{"Node_id":6639,"weight":0.23763001},
{"Node_id":6640,"weight":0.52159},
{"Node_id":6648,"weight":0.15326999},
{"Node_id":6649,"weight":0.21217999},
{"Node_id":6651,"weight":0.3596},
{"Node_id":6654,"weight":0.2887},
{"Node_id":6655,"weight":0.22286999},
{"Node_id":6758,"weight":0.33227},
{"Node_id":6759,"weight":0.32733},
{"Node_id":7259,"weight":0.16672},
{"Node_id":7282,"weight":0.20887001},
{"Node_id":7463,"weight":0.20695},
{"Node_id":7464,"weight":0.16085},
{"Node_id":7465,"weight":0.22196},
{"Node_id":7468,"weight":0.29635},
{"Node_id":7470,"weight":0.14474},
{"Node_id":7472,"weight":0.23996},
{"Node_id":7473,"weight":0.17433},
{"Node_id":7474,"weight":0.21807},
{"Node_id":7475,"weight":0.23866001},
{"Node_id":7476,"weight":0.13918999},
{"Node_id":7482,"weight":0.20938},
{"Node_id":7488,"weight":0.25504},
{"Node_id":7491,"weight":0.23648},
{"Node_id":7495,"weight":0.14480999},
{"Node_id":7496,"weight":0.14384},
{"Node_id":7497,"weight":0.52933},
{"Node_id":7498,"weight":0.14313},
{"Node_id":7500,"weight":0.19305},
{"Node_id":7502,"weight":0.25195},
{"Node_id":7503,"weight":0.13882},
{"Node_id":7504,"weight":0.32151002},
{"Node_id":7505,"weight":0.23271},
{"Node_id":7507,"weight":0.46469003},
{"Node_id":7508,"weight":0.22943},
{"Node_id":7509,"weight":0.34523},
{"Node_id":7513,"weight":0.16142},
{"Node_id":7515,"weight":0.30006},
{"Node_id":7518,"weight":0.13982001},
{"Node_id":7519,"weight":0.18868999},
{"Node_id":7523,"weight":0.34225},
{"Node_id":7529,"weight":0.18704},
{"Node_id":7531,"weight":0.1452},
{"Node_id":7532,"weight":0.36677},
{"Node_id":7533,"weight":0.29722},
{"Node_id":7534,"weight":0.16405},
{"Node_id":7536,"weight":0.16627},
{"Node_id":7537,"weight":0.31173},
{"Node_id":7542,"weight":0.17151001},
{"Node_id":7544,"weight":0.17447999},
{"Node_id":7585,"weight":0.14822},
{"Node_id":7586,"weight":0.37852},
{"Node_id":7588,"weight":0.21217999},
{"Node_id":7589,"weight":0.22242},
{"Node_id":7592,"weight":0.21961},
{"Node_id":7593,"weight":0.29298002},
{"Node_id":7594,"weight":0.41711003},
{"Node_id":7597,"weight":0.46258998},
{"Node_id":7598,"weight":0.45555001},
{"Node_id":7599,"weight":0.17864999},
{"Node_id":7601,"weight":0.18921},
{"Node_id":7603,"weight":0.14261},
{"Node_id":7608,"weight":0.15450999},
{"Node_id":7611,"weight":0.2579},
{"Node_id":7612,"weight":0.15885},
{"Node_id":7614,"weight":0.15361},
{"Node_id":7615,"weight":0.18371001},
{"Node_id":7617,"weight":0.25654},
{"Node_id":7634,"weight":0.22493999},
{"Node_id":7635,"weight":0.25669},
{"Node_id":7637,"weight":0.28439},
{"Node_id":7638,"weight":0.23371},
{"Node_id":7639,"weight":0.13913},
{"Node_id":7641,"weight":0.27712},
{"Node_id":7643,"weight":0.19386},
{"Node_id":7652,"weight":0.14364001},
{"Node_id":7658,"weight":0.22967},
{"Node_id":7659,"weight":0.14855},
{"Node_id":7661,"weight":0.1421},
{"Node_id":7663,"weight":0.26433998},
{"Node_id":7664,"weight":0.16777},
{"Node_id":7667,"weight":0.24168},
{"Node_id":7900,"weight":0.54217},
{"Node_id":7901,"weight":0.55429},
{"Node_id":7904,"weight":0.22727999},
{"Node_id":7905,"weight":0.33376998},
{"Node_id":7973,"weight":0.50450003},
{"Node_id":7974,"weight":0.17354},
{"Node_id":7976,"weight":0.17198},
{"Node_id":7979,"weight":0.36076},
{"Node_id":7981,"weight":0.36273},
{"Node_id":7982,"weight":0.37401},
{"Node_id":7987,"weight":0.16419},
{"Node_id":7989,"weight":0.20211999},
{"Node_id":7991,"weight":0.38469},
{"Node_id":7992,"weight":0.3305},
{"Node_id":7993,"weight":0.14742},
{"Node_id":7994,"weight":0.20574999},
{"Node_id":7995,"weight":0.17921999},
{"Node_id":8000,"weight":0.54927003},
{"Node_id":8003,"weight":0.37446},
{"Node_id":8005,"weight":0.35075},
{"Node_id":8006,"weight":0.17472},
{"Node_id":8009,"weight":0.25518999},
{"Node_id":8011,"weight":0.38371998},
{"Node_id":8012,"weight":0.20615001},
{"Node_id":8016,"weight":0.1812},
{"Node_id":8018,"weight":0.17567},
{"Node_id":8020,"weight":0.21905999},
{"Node_id":8022,"weight":0.29465002},
{"Node_id":8023,"weight":0.21249},
{"Node_id":8024,"weight":0.36431998},
{"Node_id":8025,"weight":0.51441},
{"Node_id":8027,"weight":0.30978},
{"Node_id":8028,"weight":0.38132},
{"Node_id":8030,"weight":0.2401},
{"Node_id":8032,"weight":0.1515},
{"Node_id":8033,"weight":0.29072002},
{"Node_id":8034,"weight":0.18575},
{"Node_id":8035,"weight":0.30644},
{"Node_id":8037,"weight":0.23039},
{"Node_id":8042,"weight":0.20250002},
{"Node_id":8054,"weight":0.39658},
{"Node_id":8058,"weight":0.28381},
{"Node_id":8060,"weight":0.20337999},
{"Node_id":8062,"weight":0.19323},
{"Node_id":8070,"weight":0.26336998},
{"Node_id":8072,"weight":0.25297},
{"Node_id":8073,"weight":0.15326999},
{"Node_id":8074,"weight":0.17662999},
{"Node_id":8076,"weight":0.14422},
{"Node_id":8078,"weight":0.15729001},
{"Node_id":8080,"weight":0.27409},
{"Node_id":8081,"weight":0.18012},
{"Node_id":8111,"weight":0.28711},
{"Node_id":8113,"weight":0.15659},
{"Node_id":8114,"weight":0.14782},
{"Node_id":8116,"weight":0.24796},
{"Node_id":8118,"weight":0.54927003},
{"Node_id":8120,"weight":0.14862},
{"Node_id":8123,"weight":0.21621999},
{"Node_id":8124,"weight":0.18253},
{"Node_id":8125,"weight":0.21928},
{"Node_id":8127,"weight":0.1656},
{"Node_id":8128,"weight":0.24684},
{"Node_id":8131,"weight":0.16027},
{"Node_id":8133,"weight":0.18609},
{"Node_id":8138,"weight":0.26928002},
{"Node_id":8139,"weight":0.33903},
{"Node_id":8144,"weight":0.21375999},
{"Node_id":8145,"weight":0.26147002},
{"Node_id":8149,"weight":0.41513},
{"Node_id":8151,"weight":0.15197},
{"Node_id":8153,"weight":0.44538003},
{"Node_id":8154,"weight":0.32507},
{"Node_id":8155,"weight":0.14774999},
{"Node_id":8156,"weight":0.36595},
{"Node_id":8157,"weight":0.14769},
{"Node_id":8158,"weight":0.47831997},
{"Node_id":8159,"weight":0.18354},
{"Node_id":8160,"weight":0.27857},
{"Node_id":8163,"weight":0.18643},
{"Node_id":8164,"weight":0.25882},
{"Node_id":8171,"weight":0.3562},
{"Node_id":8175,"weight":0.26022},
{"Node_id":8177,"weight":0.22716},
{"Node_id":8179,"weight":0.17543},
{"Node_id":8181,"weight":0.19098},
{"Node_id":8183,"weight":0.24519},
{"Node_id":8185,"weight":0.26433998},
{"Node_id":8188,"weight":0.17711},
{"Node_id":8190,"weight":0.15484999},
{"Node_id":8192,"weight":0.31222},
{"Node_id":8197,"weight":0.31026},
{"Node_id":8201,"weight":0.22576001},
{"Node_id":8202,"weight":0.31625},
{"Node_id":8203,"weight":0.23814002},
{"Node_id":8222,"weight":0.23827},
{"Node_id":8228,"weight":0.15899},
{"Node_id":8229,"weight":0.14941},
{"Node_id":8231,"weight":0.29984},
{"Node_id":8232,"weight":0.22084},
{"Node_id":8234,"weight":0.3105},
{"Node_id":8235,"weight":0.21145001},
{"Node_id":8261,"weight":0.17105},
{"Node_id":8262,"weight":0.21238999},
{"Node_id":8264,"weight":0.27115},
{"Node_id":8266,"weight":0.16383},
{"Node_id":8267,"weight":0.14624},
{"Node_id":8268,"weight":0.36392},
{"Node_id":8269,"weight":0.17338},
{"Node_id":8274,"weight":0.33871},
{"Node_id":8275,"weight":0.29277},
{"Node_id":8276,"weight":0.45653},
{"Node_id":8280,"weight":0.15779},
{"Node_id":8281,"weight":0.38085002},
{"Node_id":8284,"weight":0.16179},
{"Node_id":8286,"weight":0.24588001},
{"Node_id":8287,"weight":0.16477999},
{"Node_id":8289,"weight":0.2342},
{"Node_id":8291,"weight":0.20594999},
{"Node_id":8292,"weight":0.22681001},
{"Node_id":8294,"weight":0.27586},
{"Node_id":8296,"weight":0.33683},
{"Node_id":8299,"weight":0.18261},
{"Node_id":8303,"weight":0.14120999},
{"Node_id":8304,"weight":0.22061},
{"Node_id":8305,"weight":0.17136},
{"Node_id":8307,"weight":0.17182},
{"Node_id":8308,"weight":0.16486},
{"Node_id":8309,"weight":0.35435},
{"Node_id":8316,"weight":0.15402},
{"Node_id":8317,"weight":0.32591},
{"Node_id":8318,"weight":0.16754},
{"Node_id":8320,"weight":0.20096},
{"Node_id":8321,"weight":0.28381},
{"Node_id":8322,"weight":0.15687},
{"Node_id":8323,"weight":0.14014},
{"Node_id":8324,"weight":0.17417},
{"Node_id":8327,"weight":0.14962},
{"Node_id":8331,"weight":0.28633},
{"Node_id":8335,"weight":0.40163},
{"Node_id":8337,"weight":0.17051001},
{"Node_id":8339,"weight":0.18913},
{"Node_id":8341,"weight":0.15999},
{"Node_id":8344,"weight":0.30117},
{"Node_id":8345,"weight":0.22907},
{"Node_id":8347,"weight":0.14396},
{"Node_id":8348,"weight":0.24437001},
{"Node_id":8351,"weight":0.18379},
{"Node_id":8356,"weight":0.24965999},
{"Node_id":8357,"weight":0.49126},
{"Node_id":8358,"weight":0.3562},
{"Node_id":8359,"weight":0.49548},
{"Node_id":8360,"weight":0.47592002},
{"Node_id":8361,"weight":0.21873},
{"Node_id":8471,"weight":0.17988},
{"Node_id":8473,"weight":0.14802},
{"Node_id":8475,"weight":0.40633997},
{"Node_id":8477,"weight":0.33347002},
{"Node_id":8478,"weight":0.16508},
{"Node_id":8479,"weight":0.33777002},
{"Node_id":8481,"weight":0.14177999},
{"Node_id":8483,"weight":0.23787999},
{"Node_id":8485,"weight":0.16664},
{"Node_id":8486,"weight":0.17963001},
{"Node_id":8487,"weight":0.19143},
{"Node_id":8488,"weight":0.16523},
{"Node_id":8489,"weight":0.16538},
{"Node_id":8493,"weight":0.23584001},
{"Node_id":8495,"weight":0.25224},
{"Node_id":8498,"weight":0.18834},
{"Node_id":8499,"weight":0.18921},
{"Node_id":8500,"weight":0.139},
{"Node_id":8503,"weight":0.16627},
{"Node_id":8505,"weight":0.20605},
{"Node_id":8506,"weight":0.22895},
{"Node_id":8507,"weight":0.14299999},
{"Node_id":8511,"weight":0.17825},
{"Node_id":8652,"weight":0.16186},
{"Node_id":8721,"weight":0.18404},
{"Node_id":8724,"weight":0.15659},
{"Node_id":8727,"weight":0.15361},
{"Node_id":8729,"weight":0.17988},
{"Node_id":8731,"weight":0.43534002},
{"Node_id":8735,"weight":0.30667},
{"Node_id":8736,"weight":0.25445002},
{"Node_id":8740,"weight":0.16845},
{"Node_id":8742,"weight":0.17299},
{"Node_id":8746,"weight":0.50141},
{"Node_id":8748,"weight":0.18128},
{"Node_id":8749,"weight":0.18566},
{"Node_id":8753,"weight":0.32124},
{"Node_id":8755,"weight":0.34127},
{"Node_id":8756,"weight":0.15708},
{"Node_id":8757,"weight":0.19868},
{"Node_id":8761,"weight":0.23787999},
{"Node_id":8763,"weight":0.16121},
{"Node_id":8764,"weight":0.21577999},
{"Node_id":8766,"weight":0.39335},
{"Node_id":8770,"weight":0.14306},
{"Node_id":8772,"weight":0.28574},
{"Node_id":8773,"weight":0.47241998},
{"Node_id":8775,"weight":0.16891},
{"Node_id":8780,"weight":0.26466},
{"Node_id":8782,"weight":0.22704999},
{"Node_id":8783,"weight":0.3776},
{"Node_id":8785,"weight":0.15279},
{"Node_id":8786,"weight":0.27748},
{"Node_id":8787,"weight":0.22716},
{"Node_id":8791,"weight":0.18965},
{"Node_id":8793,"weight":0.32071},
{"Node_id":8794,"weight":0.41579},
{"Node_id":8796,"weight":0.21851},
{"Node_id":8797,"weight":0.24923},
{"Node_id":8798,"weight":0.1452},
{"Node_id":8799,"weight":0.21145001},
{"Node_id":8803,"weight":0.51616},
{"Node_id":8805,"weight":0.15665999},
{"Node_id":8806,"weight":0.19332},
{"Node_id":8808,"weight":0.18711999},
{"Node_id":8809,"weight":0.42619},
{"Node_id":8810,"weight":0.2145},
{"Node_id":8811,"weight":0.29549998},
{"Node_id":8812,"weight":0.43940002},
{"Node_id":8816,"weight":0.21535},
{"Node_id":8818,"weight":0.20076999},
{"Node_id":8819,"weight":0.48988},
{"Node_id":8821,"weight":0.27339},
{"Node_id":8822,"weight":0.23087999},
{"Node_id":8823,"weight":0.18029},
{"Node_id":8824,"weight":0.23160999},
{"Node_id":8826,"weight":0.14474},
{"Node_id":8830,"weight":0.37579},
{"Node_id":8832,"weight":0.26417},
{"Node_id":8833,"weight":0.35472},
{"Node_id":8835,"weight":0.16042},
{"Node_id":8836,"weight":0.16179},
{"Node_id":8837,"weight":0.16411999},
{"Node_id":8838,"weight":0.17276},
{"Node_id":8840,"weight":0.15729001},
{"Node_id":8841,"weight":0.19532},
{"Node_id":8844,"weight":0.17752},
{"Node_id":8846,"weight":0.15042},
{"Node_id":8847,"weight":0.19179},
{"Node_id":8849,"weight":0.52159},
{"Node_id":8850,"weight":0.43066},
{"Node_id":8851,"weight":0.26194},
{"Node_id":8853,"weight":0.35999},
{"Node_id":8854,"weight":0.16092},
{"Node_id":8855,"weight":0.18808},
{"Node_id":8858,"weight":0.21333},
{"Node_id":8859,"weight":0.19886},
{"Node_id":8860,"weight":0.27949},
{"Node_id":8864,"weight":0.22622001},
{"Node_id":8865,"weight":0.3356},
{"Node_id":8866,"weight":0.32761},
{"Node_id":8871,"weight":0.19098},
{"Node_id":8872,"weight":0.60299003},
{"Node_id":8873,"weight":0.17354},
{"Node_id":8879,"weight":0.25137},
{"Node_id":8880,"weight":0.18404},
{"Node_id":8881,"weight":0.23853},
{"Node_id":8888,"weight":0.21071999},
{"Node_id":8889,"weight":0.44896},
{"Node_id":8890,"weight":0.15575},
{"Node_id":8896,"weight":0.23371},
{"Node_id":8898,"weight":0.21545999},
{"Node_id":8899,"weight":0.22493999},
{"Node_id":8900,"weight":0.14795001},
{"Node_id":8906,"weight":0.14461},
{"Node_id":8909,"weight":0.21092999},
{"Node_id":8910,"weight":0.39388},
{"Node_id":8911,"weight":0.15292999},
{"Node_id":8917,"weight":0.15471},
{"Node_id":8921,"weight":0.15225},
{"Node_id":8922,"weight":0.14448},
{"Node_id":8933,"weight":0.23063},
{"Node_id":8934,"weight":0.16868},
{"Node_id":8936,"weight":0.17825},
{"Node_id":8938,"weight":0.15736},
{"Node_id":8939,"weight":0.14921},
{"Node_id":8941,"weight":0.29277},
{"Node_id":8942,"weight":0.23710999},
{"Node_id":8943,"weight":0.47128},
{"Node_id":8944,"weight":0.16545},
{"Node_id":8945,"weight":0.17315},
{"Node_id":8946,"weight":0.16056},
{"Node_id":8947,"weight":0.22704999},
{"Node_id":8948,"weight":0.19125},
{"Node_id":8950,"weight":0.22990999},
{"Node_id":8951,"weight":0.1452},
{"Node_id":8952,"weight":0.20029},
{"Node_id":8953,"weight":0.21503},
{"Node_id":8954,"weight":0.37011},
{"Node_id":8956,"weight":0.17947},
{"Node_id":8957,"weight":0.21439},
{"Node_id":8958,"weight":0.31833},
{"Node_id":8959,"weight":0.15771},
{"Node_id":8961,"weight":0.19026999},
{"Node_id":8963,"weight":0.54685},
{"Node_id":8964,"weight":0.1789},
{"Node_id":8965,"weight":0.30072},
{"Node_id":8966,"weight":0.26911},
{"Node_id":8969,"weight":0.32071},
{"Node_id":8970,"weight":0.17988},
{"Node_id":8971,"weight":0.15116},
{"Node_id":8972,"weight":0.17043},
{"Node_id":8973,"weight":0.51100004},
{"Node_id":8974,"weight":0.15463999},
{"Node_id":8975,"weight":0.38567},
{"Node_id":8976,"weight":0.48853},
{"Node_id":8977,"weight":0.14507},
{"Node_id":8978,"weight":0.20989001},
{"Node_id":8979,"weight":0.25944},
{"Node_id":8981,"weight":0.41448003},
{"Node_id":8982,"weight":0.1893},
{"Node_id":8983,"weight":0.18286},
{"Node_id":8985,"weight":0.15313},
{"Node_id":8986,"weight":0.14006999},
{"Node_id":8987,"weight":0.18652001},
{"Node_id":8988,"weight":0.28731},
{"Node_id":8990,"weight":0.17647001},
{"Node_id":8992,"weight":0.35362},
{"Node_id":8993,"weight":0.14598},
{"Node_id":8994,"weight":0.15913},
{"Node_id":8996,"weight":0.14756},
{"Node_id":8998,"weight":0.22309999},
{"Node_id":8999,"weight":0.15603},
{"Node_id":9000,"weight":0.33999},
{"Node_id":9001,"weight":0.30275},
{"Node_id":9003,"weight":0.23931},
{"Node_id":9005,"weight":0.23346},
{"Node_id":9006,"weight":0.20436001},
{"Node_id":9007,"weight":0.33683},
{"Node_id":9008,"weight":0.17276},
{"Node_id":9010,"weight":0.24505},
{"Node_id":9012,"weight":0.49126},
{"Node_id":9013,"weight":0.33777002},
{"Node_id":9014,"weight":0.19868},
{"Node_id":9015,"weight":0.15382001},
{"Node_id":9016,"weight":0.19905},
{"Node_id":9018,"weight":0.50141},
{"Node_id":9020,"weight":0.3511},
{"Node_id":9023,"weight":0.44364},
{"Node_id":9024,"weight":0.18549},
{"Node_id":9025,"weight":0.21302},
{"Node_id":9027,"weight":0.27427},
{"Node_id":9029,"weight":0.29593},
{"Node_id":9032,"weight":0.25944},
{"Node_id":9033,"weight":0.15638},
{"Node_id":9034,"weight":0.21643},
{"Node_id":9035,"weight":0.32648},
{"Node_id":9037,"weight":0.22265},
{"Node_id":9039,"weight":0.21092999},
{"Node_id":9042,"weight":0.16679},
{"Node_id":9043,"weight":0.23787999},
{"Node_id":9044,"weight":0.14591},
{"Node_id":9045,"weight":0.26777},
{"Node_id":9046,"weight":0.14928},
{"Node_id":9048,"weight":0.22811},
{"Node_id":9050,"weight":0.42619},
{"Node_id":9053,"weight":0.20887001},
{"Node_id":9054,"weight":0.15499},
{"Node_id":9056,"weight":0.46155},
{"Node_id":9057,"weight":0.21082},
{"Node_id":9058,"weight":0.17914},
{"Node_id":9060,"weight":0.36312002},
{"Node_id":9062,"weight":0.18328},
{"Node_id":9065,"weight":0.19459},
{"Node_id":9066,"weight":0.30715},
{"Node_id":9068,"weight":0.28324002},
{"Node_id":9069,"weight":0.33529},
{"Node_id":9090,"weight":0.16361001},
{"Node_id":9096,"weight":0.20114999},
{"Node_id":9097,"weight":0.18764},
{"Node_id":9103,"weight":0.15326999},
{"Node_id":9111,"weight":0.33652002},
{"Node_id":9115,"weight":0.2658},
{"Node_id":9116,"weight":0.22657001},
{"Node_id":9117,"weight":0.16921},
{"Node_id":9118,"weight":0.41778},
{"Node_id":9119,"weight":0.17711},
{"Node_id":9120,"weight":0.2401},
{"Node_id":9121,"weight":0.25066},
{"Node_id":9122,"weight":0.32098},
{"Node_id":9123,"weight":0.18974},
{"Node_id":9124,"weight":0.37011},
{"Node_id":9125,"weight":0.15042},
{"Node_id":9126,"weight":0.20134},
{"Node_id":9127,"weight":0.21386},
{"Node_id":9128,"weight":0.28248},
{"Node_id":9129,"weight":0.16582},
{"Node_id":9130,"weight":0.25371},
{"Node_id":9131,"weight":0.59496003},
{"Node_id":9132,"weight":0.20407},
{"Node_id":9133,"weight":0.30343002},
{"Node_id":9134,"weight":0.17447999},
{"Node_id":9135,"weight":0.15603},
{"Node_id":9138,"weight":0.22163},
{"Node_id":9142,"weight":0.14862},
{"Node_id":9147,"weight":0.17784},
{"Node_id":9152,"weight":0.14338},
{"Node_id":9153,"weight":0.22095},
{"Node_id":9160,"weight":0.14908001},
{"Node_id":9167,"weight":0.20535},
{"Node_id":9168,"weight":0.15589},
{"Node_id":9169,"weight":0.27098},
{"Node_id":9172,"weight":0.34795},
{"Node_id":9174,"weight":0.16523},
{"Node_id":9175,"weight":0.26162},
{"Node_id":9176,"weight":0.18421},
{"Node_id":9177,"weight":0.20076999},
{"Node_id":9178,"weight":0.39936},
{"Node_id":9181,"weight":0.14063999},
{"Node_id":9182,"weight":0.15049},
{"Node_id":9186,"weight":0.15218},
{"Node_id":9187,"weight":0.13918999},
{"Node_id":9192,"weight":0.14928},
{"Node_id":9193,"weight":0.25415},
{"Node_id":9199,"weight":0.21322998},
{"Node_id":9200,"weight":0.20076999},
{"Node_id":9205,"weight":0.17447999},
{"Node_id":9207,"weight":0.48853},
{"Node_id":9208,"weight":0.29852},
{"Node_id":9213,"weight":0.44896},
{"Node_id":9214,"weight":0.14558999},
{"Node_id":9216,"weight":0.8},
{"Node_id":9223,"weight":0.20775001},
{"Node_id":9224,"weight":0.18808},
{"Node_id":9226,"weight":0.14223},
{"Node_id":9227,"weight":0.24142},
{"Node_id":9232,"weight":0.19953},
{"Node_id":9234,"weight":0.50609004},
{"Node_id":9237,"weight":0.20855999},
{"Node_id":9249,"weight":0.92102003},
{"Node_id":9262,"weight":0.42692},
{"Node_id":9276,"weight":0.22586998},
{"Node_id":9277,"weight":0.19188},
{"Node_id":9282,"weight":0.21861999},
{"Node_id":9289,"weight":0.28191},
{"Node_id":9291,"weight":0.17543},
{"Node_id":9292,"weight":0.19746},
{"Node_id":9301,"weight":0.17283},
{"Node_id":9302,"weight":0.19532},
{"Node_id":9306,"weight":0.32151002},
{"Node_id":9311,"weight":0.18886},
{"Node_id":9313,"weight":0.17615},
{"Node_id":9317,"weight":0.16959},
{"Node_id":9320,"weight":0.22174},
{"Node_id":9324,"weight":0.24342},
{"Node_id":9327,"weight":0.16973999},
{"Node_id":9331,"weight":0.24629},
{"Node_id":9332,"weight":0.24248},
{"Node_id":9333,"weight":0.22402},
{"Node_id":9335,"weight":0.25897998},
{"Node_id":9341,"weight":0.16427},
{"Node_id":9344,"weight":0.21103},
{"Node_id":9347,"weight":0.27931002},
{"Node_id":9351,"weight":0.17736},
{"Node_id":9354,"weight":0.2887},
{"Node_id":9357,"weight":0.27029},
{"Node_id":9360,"weight":0.26305002},
{"Node_id":9361,"weight":0.26911},
{"Node_id":9362,"weight":0.29529},
{"Node_id":9363,"weight":0.23635001},
{"Node_id":9365,"weight":0.18755999},
{"Node_id":9369,"weight":0.23608999},
{"Node_id":9370,"weight":0.20289},
{"Node_id":9371,"weight":0.14729},
{"Node_id":9372,"weight":0.17575},
{"Node_id":9373,"weight":0.29360002},
{"Node_id":9375,"weight":0.14749},
{"Node_id":9377,"weight":0.15334001},
{"Node_id":9379,"weight":0.21429},
{"Node_id":9380,"weight":0.24396},
{"Node_id":9382,"weight":0.22811},
{"Node_id":9383,"weight":0.16208},
{"Node_id":9384,"weight":0.17906},
{"Node_id":9386,"weight":0.6264},
{"Node_id":9387,"weight":0.18029},
{"Node_id":9389,"weight":0.13982001},
{"Node_id":9391,"weight":0.25594002},
{"Node_id":9394,"weight":0.17354},
{"Node_id":9395,"weight":0.24754},
{"Node_id":9396,"weight":0.24302001},
{"Node_id":9397,"weight":0.14140001},
{"Node_id":9399,"weight":0.25283},
{"Node_id":9402,"weight":0.47473997},
{"Node_id":9406,"weight":0.35884},
{"Node_id":9411,"weight":0.23635001},
{"Node_id":9417,"weight":0.18447},
{"Node_id":9424,"weight":0.15548},
{"Node_id":9432,"weight":0.17377},
{"Node_id":9441,"weight":0.25975},
{"Node_id":9452,"weight":0.17898001},
{"Node_id":9453,"weight":0.17043},
{"Node_id":9454,"weight":0.16612001},
{"Node_id":9455,"weight":0.18669},
{"Node_id":9456,"weight":0.16762},
{"Node_id":9457,"weight":0.22207999},
{"Node_id":9458,"weight":0.30297},
{"Node_id":9459,"weight":0.24261999},
{"Node_id":9460,"weight":0.24155},
{"Node_id":9461,"weight":0.32017},
{"Node_id":9462,"weight":0.24866},
{"Node_id":9463,"weight":0.29939002},
{"Node_id":9464,"weight":0.44538003},
{"Node_id":9465,"weight":0.21796},
{"Node_id":9466,"weight":0.18523},
{"Node_id":9467,"weight":0.20038},
{"Node_id":9468,"weight":0.19934},
{"Node_id":9469,"weight":0.15652},
{"Node_id":9470,"weight":0.1561},
{"Node_id":9471,"weight":0.15892},
{"Node_id":9472,"weight":0.16006},
{"Node_id":9473,"weight":0.17377},
{"Node_id":9474,"weight":0.23321},
{"Node_id":9475,"weight":0.20202},
{"Node_id":9476,"weight":0.42839998},
{"Node_id":9477,"weight":0.34969002},
{"Node_id":9478,"weight":0.15736},
{"Node_id":9479,"weight":0.17857},
{"Node_id":9480,"weight":0.23271},
{"Node_id":9481,"weight":0.1873},
{"Node_id":9482,"weight":0.20685},
{"Node_id":9483,"weight":0.18506},
{"Node_id":9484,"weight":0.25609},
{"Node_id":9485,"weight":0.16034},
{"Node_id":9486,"weight":0.20357999},
{"Node_id":9487,"weight":0.22599001},
{"Node_id":9488,"weight":0.36800998},
{"Node_id":9489,"weight":0.51441},
{"Node_id":9490,"weight":0.40396},
{"Node_id":9491,"weight":0.21610999},
{"Node_id":9492,"weight":0.47831997},
{"Node_id":9493,"weight":0.34258002},
{"Node_id":9494,"weight":0.26661998},
{"Node_id":9495,"weight":0.24208},
{"Node_id":9496,"weight":0.15687},
{"Node_id":9497,"weight":0.28191},
{"Node_id":9498,"weight":0.14935},
{"Node_id":9499,"weight":0.17362},
{"Node_id":9500,"weight":0.17807999},
{"Node_id":9501,"weight":0.21503},
{"Node_id":9502,"weight":0.61637},
{"Node_id":9503,"weight":0.19359},
{"Node_id":9504,"weight":0.33287},
{"Node_id":9505,"weight":0.30458},
{"Node_id":9506,"weight":0.21164998},
{"Node_id":9507,"weight":0.15022},
{"Node_id":9508,"weight":0.25066},
{"Node_id":9511,"weight":0.14281},
{"Node_id":9512,"weight":0.24089},
{"Node_id":9513,"weight":0.17615},
{"Node_id":9514,"weight":0.14995},
{"Node_id":9515,"weight":0.19597},
{"Node_id":9516,"weight":0.29549998},
{"Node_id":9517,"weight":0.24235001},
{"Node_id":9518,"weight":0.16634001},
{"Node_id":9524,"weight":0.19915},
{"Node_id":9527,"weight":0.16273001},
{"Node_id":9531,"weight":0.27986},
{"Node_id":9536,"weight":0.60725003},
{"Node_id":9542,"weight":0.38275},
{"Node_id":9549,"weight":0.21302},
{"Node_id":9554,"weight":0.22128999},
{"Node_id":9555,"weight":0.1683},
{"Node_id":9556,"weight":0.33620998},
{"Node_id":9557,"weight":0.34691998},
{"Node_id":9561,"weight":0.29635},
{"Node_id":9562,"weight":0.18965},
{"Node_id":9564,"weight":0.16883},
{"Node_id":9565,"weight":0.42330998},
{"Node_id":9566,"weight":0.25474},
{"Node_id":9567,"weight":0.29113},
{"Node_id":9568,"weight":0.41711003},
{"Node_id":9569,"weight":0.28362},
{"Node_id":9570,"weight":0.14128},
{"Node_id":9571,"weight":0.16950999},
{"Node_id":9572,"weight":0.49404997},
{"Node_id":9573,"weight":0.29133},
{"Node_id":9574,"weight":0.18228},
{"Node_id":9575,"weight":0.27712},
{"Node_id":9576,"weight":0.19404},
{"Node_id":9577,"weight":0.15184},
{"Node_id":9578,"weight":0.24477999},
{"Node_id":9580,"weight":0.20397},
{"Node_id":9581,"weight":0.33871},
{"Node_id":9582,"weight":0.44278002},
{"Node_id":9583,"weight":0.29072002},
{"Node_id":9585,"weight":0.32676},
{"Node_id":9587,"weight":0.21062},
{"Node_id":9588,"weight":0.15949},
{"Node_id":9589,"weight":0.20705},
{"Node_id":9590,"weight":0.51441},
{"Node_id":9591,"weight":0.19018},
{"Node_id":9592,"weight":0.15582},
{"Node_id":9593,"weight":0.19477001},
{"Node_id":9594,"weight":0.34094998},
{"Node_id":9595,"weight":0.1798},
{"Node_id":9596,"weight":0.38132},
{"Node_id":9597,"weight":0.51794},
{"Node_id":9598,"weight":0.81113994},
{"Node_id":9599,"weight":0.35732},
{"Node_id":9600,"weight":0.65699},
{"Node_id":9601,"weight":0.18506},
{"Node_id":9602,"weight":0.32098},
{"Node_id":9603,"weight":0.21665001},
{"Node_id":9604,"weight":0.16056},
{"Node_id":9605,"weight":0.45653},
{"Node_id":9606,"weight":0.20959},
{"Node_id":9607,"weight":0.31099},
{"Node_id":9608,"weight":0.22907},
{"Node_id":9609,"weight":0.52734},
{"Node_id":9610,"weight":0.38371998},
{"Node_id":9611,"weight":0.16648999},
{"Node_id":9612,"weight":0.25775},
{"Node_id":9613,"weight":0.30929},
{"Node_id":9614,"weight":0.17036},
{"Node_id":9615,"weight":0.25297},
{"Node_id":9616,"weight":0.19170001},
{"Node_id":9617,"weight":0.15416},
{"Node_id":9618,"weight":0.25913},
{"Node_id":9619,"weight":0.22005999},
{"Node_id":9620,"weight":0.22072999},
{"Node_id":9621,"weight":0.17345999},
{"Node_id":9622,"weight":0.17252001},
{"Node_id":9623,"weight":0.22871001},
{"Node_id":9624,"weight":0.2375},
{"Node_id":9625,"weight":0.19487},
{"Node_id":9626,"weight":0.25684},
{"Node_id":9627,"weight":0.24221},
{"Node_id":9628,"weight":0.16523},
{"Node_id":9629,"weight":0.21031001},
{"Node_id":9630,"weight":0.17607},
{"Node_id":9631,"weight":0.14045},
{"Node_id":9632,"weight":0.23321},
{"Node_id":9633,"weight":0.35146},
{"Node_id":9634,"weight":0.37991},
{"Node_id":9635,"weight":0.25534},
{"Node_id":9636,"weight":0.22028},
{"Node_id":9637,"weight":0.19895999},
{"Node_id":9638,"weight":0.18843},
{"Node_id":9639,"weight":0.28381},
{"Node_id":9640,"weight":0.15076},
{"Node_id":9641,"weight":0.2184},
{"Node_id":9642,"weight":0.20416},
{"Node_id":9643,"weight":0.37579},
{"Node_id":9644,"weight":0.19296},
{"Node_id":9645,"weight":0.21092999},
{"Node_id":9646,"weight":0.27876002},
{"Node_id":9647,"weight":0.22657001},
{"Node_id":9648,"weight":0.31651002},
{"Node_id":9649,"weight":0.40163},
{"Node_id":9650,"weight":0.20192},
{"Node_id":9651,"weight":0.26678},
{"Node_id":9652,"weight":0.24768},
{"Node_id":9653,"weight":0.15245},
{"Node_id":9654,"weight":0.47954002},
{"Node_id":9655,"weight":0.19895999},
{"Node_id":9656,"weight":0.23075},
{"Node_id":9657,"weight":0.25023},
{"Node_id":9658,"weight":0.1421},
{"Node_id":9659,"weight":0.17151001},
{"Node_id":9660,"weight":0.15575},
{"Node_id":9661,"weight":0.19634},
{"Node_id":9662,"weight":0.14177999},
{"Node_id":9663,"weight":0.46469003},
{"Node_id":9664,"weight":0.19232},
{"Node_id":9665,"weight":0.18635},
{"Node_id":9666,"weight":0.27676},
{"Node_id":9667,"weight":0.51975},
{"Node_id":9668,"weight":0.23099999},
{"Node_id":9669,"weight":0.22967},
{"Node_id":9670,"weight":0.17198},
{"Node_id":9671,"weight":0.37669},
{"Node_id":9672,"weight":0.21185999},
{"Node_id":9673,"weight":0.18974},
{"Node_id":9674,"weight":0.14533},
{"Node_id":9675,"weight":0.23931},
{"Node_id":9677,"weight":0.20134},
{"Node_id":9678,"weight":0.19934},
{"Node_id":9679,"weight":0.19542},
{"Node_id":9680,"weight":0.41711003},
{"Node_id":9682,"weight":0.25312},
{"Node_id":9683,"weight":0.41002002},
{"Node_id":9684,"weight":0.52159},
{"Node_id":9685,"weight":0.28613},
{"Node_id":9686,"weight":0.15842},
{"Node_id":9688,"weight":0.17575},
{"Node_id":9689,"weight":0.14448},
{"Node_id":9690,"weight":0.29092},
{"Node_id":9691,"weight":0.21577999},
{"Node_id":9692,"weight":0.39072},
{"Node_id":9693,"weight":0.21861999},
{"Node_id":9695,"weight":0.45458},
{"Node_id":9696,"weight":0.17097},
{"Node_id":9697,"weight":0.13913},
{"Node_id":9698,"weight":0.54447997},
{"Node_id":9699,"weight":0.21071999},
{"Node_id":9700,"weight":0.17464},
{"Node_id":9701,"weight":0.27235},
{"Node_id":9702,"weight":0.3483},
{"Node_id":9703,"weight":0.36843},
{"Node_id":9704,"weight":0.23699},
{"Node_id":9707,"weight":0.31651002},
{"Node_id":9710,"weight":0.19624999},
{"Node_id":9712,"weight":0.28023},
{"Node_id":9715,"weight":0.3776},
{"Node_id":9717,"weight":0.20515001},
{"Node_id":9719,"weight":0.15561},
{"Node_id":9721,"weight":0.17841001},
{"Node_id":9722,"weight":0.14578},
{"Node_id":9723,"weight":0.20231},
{"Node_id":9724,"weight":0.15779},
{"Node_id":9725,"weight":0.37715},
{"Node_id":9726,"weight":0.15035},
{"Node_id":9727,"weight":0.1597},
{"Node_id":9728,"weight":0.17881},
{"Node_id":9729,"weight":0.2474},
{"Node_id":9730,"weight":0.5077},
{"Node_id":9731,"weight":0.20887001},
{"Node_id":9732,"weight":0.27765998},
{"Node_id":9733,"weight":0.25929},
{"Node_id":9734,"weight":0.20816},
{"Node_id":9735,"weight":0.21905999},
{"Node_id":9736,"weight":0.18609},
{"Node_id":9737,"weight":0.16694},
{"Node_id":9738,"weight":0.26945},
{"Node_id":9739,"weight":0.36843},
{"Node_id":9740,"weight":0.26037},
{"Node_id":9743,"weight":0.34356},
{"Node_id":9745,"weight":0.35999},
{"Node_id":9746,"weight":0.47831997},
{"Node_id":9748,"weight":0.19441},
{"Node_id":9749,"weight":0.21396999},
{"Node_id":9750,"weight":0.43857998},
{"Node_id":9752,"weight":0.17873},
{"Node_id":9753,"weight":0.14448},
{"Node_id":9754,"weight":0.29742998},
{"Node_id":9756,"weight":0.36233002},
{"Node_id":9757,"weight":0.25341},
{"Node_id":9758,"weight":0.26482},
{"Node_id":9759,"weight":0.22095},
{"Node_id":9760,"weight":0.22634001},
{"Node_id":9761,"weight":0.1653},
{"Node_id":9762,"weight":0.1397},
{"Node_id":9763,"weight":0.25166},
{"Node_id":9764,"weight":0.19468},
{"Node_id":9765,"weight":0.20337999},
{"Node_id":9766,"weight":0.17528},
{"Node_id":9767,"weight":0.153},
{"Node_id":9770,"weight":0.25699002},
{"Node_id":9772,"weight":0.38968998},
{"Node_id":9773,"weight":0.18087},
{"Node_id":9775,"weight":0.25023},
{"Node_id":9776,"weight":0.26498002},
{"Node_id":9777,"weight":0.19514},
{"Node_id":9779,"weight":0.28516},
{"Node_id":9780,"weight":0.24023},
{"Node_id":9781,"weight":0.14204},
{"Node_id":9782,"weight":0.19634},
{"Node_id":9784,"weight":0.3356},
{"Node_id":9786,"weight":0.2366},
{"Node_id":9787,"weight":0.21557},
{"Node_id":9788,"weight":0.31912},
{"Node_id":9790,"weight":0.1561},
{"Node_id":9791,"weight":0.17488},
{"Node_id":9792,"weight":0.15786001},
{"Node_id":9793,"weight":0.20585},
{"Node_id":9794,"weight":0.29808},
{"Node_id":9795,"weight":0.34899002},
{"Node_id":9797,"weight":0.20918},
{"Node_id":9798,"weight":0.26242},
{"Node_id":9799,"weight":0.26979},
{"Node_id":9800,"weight":0.2366},
{"Node_id":9801,"weight":0.1893},
{"Node_id":9802,"weight":0.35362},
{"Node_id":9805,"weight":0.20625},
{"Node_id":9806,"weight":0.15055},
{"Node_id":9807,"weight":0.25137},
{"Node_id":9808,"weight":0.27392},
{"Node_id":9809,"weight":0.15136},
{"Node_id":9810,"weight":0.30715},
{"Node_id":9813,"weight":0.24342},
{"Node_id":9814,"weight":0.14140001},
{"Node_id":9815,"weight":0.24574001},
{"Node_id":9816,"weight":0.53992},
{"Node_id":9817,"weight":0.14995},
{"Node_id":9818,"weight":0.2748},
{"Node_id":9822,"weight":0.19905},
{"Node_id":9823,"weight":0.17323},
{"Node_id":9824,"weight":0.66441},
{"Node_id":9825,"weight":0.42259997},
{"Node_id":9826,"weight":0.22506002},
{"Node_id":9827,"weight":0.15506001},
{"Node_id":9830,"weight":0.15942},
{"Node_id":9832,"weight":0.14975},
{"Node_id":9834,"weight":0.17315},
{"Node_id":9835,"weight":0.40574002},
{"Node_id":9836,"weight":0.29215},
{"Node_id":9837,"weight":0.29808},
{"Node_id":9840,"weight":0.18652001},
{"Node_id":9841,"weight":0.37991},
{"Node_id":9842,"weight":0.18128},
{"Node_id":9843,"weight":0.29808},
{"Node_id":9844,"weight":0.42402},
{"Node_id":9845,"weight":0.1935},
{"Node_id":9846,"weight":0.32591},
{"Node_id":9847,"weight":0.16538},
{"Node_id":9848,"weight":0.21568},
{"Node_id":9849,"weight":0.31781},
{"Node_id":9850,"weight":0.2881},
{"Node_id":9851,"weight":0.14848},
{"Node_id":9852,"weight":0.15793},
{"Node_id":9853,"weight":0.31833},
{"Node_id":9854,"weight":0.27857},
{"Node_id":9855,"weight":0.16754},
{"Node_id":9856,"weight":0.17575},
{"Node_id":9857,"weight":0.22955},
{"Node_id":9858,"weight":0.20202},
{"Node_id":9859,"weight":0.27235},
{"Node_id":9860,"weight":0.21796},
{"Node_id":9861,"weight":0.27339},
{"Node_id":9862,"weight":0.33967},
{"Node_id":9863,"weight":0.24208},
{"Node_id":9864,"weight":0.15652},
{"Node_id":9865,"weight":0.41064},
{"Node_id":9866,"weight":0.15715},
{"Node_id":9867,"weight":0.14723},
{"Node_id":9868,"weight":0.30435},
{"Node_id":9869,"weight":0.15259},
{"Node_id":9870,"weight":0.21312001},
{"Node_id":9871,"weight":0.15002},
{"Node_id":9872,"weight":0.63182},
{"Node_id":9873,"weight":0.20745},
{"Node_id":9874,"weight":0.14822},
{"Node_id":9875,"weight":0.14848},
{"Node_id":9876,"weight":0.20436001},
{"Node_id":9877,"weight":0.19905},
{"Node_id":9878,"weight":0.24851999},
{"Node_id":9879,"weight":0.18643},
{"Node_id":9880,"weight":0.31651002},
{"Node_id":9881,"weight":0.37357},
{"Node_id":9882,"weight":0.13932},
{"Node_id":9883,"weight":0.14975},
{"Node_id":9884,"weight":0.18037},
{"Node_id":9885,"weight":0.15963},
{"Node_id":9886,"weight":0.25224},
{"Node_id":9887,"weight":0.3842},
{"Node_id":9888,"weight":0.21621999},
{"Node_id":9889,"weight":0.18515},
{"Node_id":9890,"weight":0.58401},
{"Node_id":9891,"weight":0.16906},
{"Node_id":9892,"weight":0.17736},
{"Node_id":9893,"weight":0.19296},
{"Node_id":9894,"weight":0.27857},
{"Node_id":9895,"weight":0.23546},
{"Node_id":9896,"weight":0.3776},
{"Node_id":9897,"weight":0.40693998},
{"Node_id":9898,"weight":0.24670999},
{"Node_id":9899,"weight":0.21730001},
{"Node_id":9900,"weight":0.1752},
{"Node_id":9901,"weight":0.20038},
{"Node_id":9902,"weight":0.14371},
{"Node_id":9903,"weight":0.27081},
{"Node_id":9904,"weight":0.14835},
{"Node_id":9905,"weight":0.19962},
{"Node_id":9906,"weight":0.2727},
{"Node_id":9907,"weight":0.22516999},
{"Node_id":9908,"weight":0.23648},
{"Node_id":9909,"weight":0.3596},
{"Node_id":9910,"weight":0.26257},
{"Node_id":9911,"weight":0.24275},
{"Node_id":9912,"weight":0.19277},
{"Node_id":9913,"weight":0.23866001},
{"Node_id":9914,"weight":0.53992},
{"Node_id":9915,"weight":0.14624},
{"Node_id":9916,"weight":0.15484999},
{"Node_id":9917,"weight":0.18895},
{"Node_id":9918,"weight":0.24588001},
{"Node_id":9919,"weight":0.22799},
{"Node_id":9920,"weight":0.28652},
{"Node_id":9921,"weight":0.15062},
{"Node_id":9922,"weight":0.14881},
{"Node_id":9923,"weight":0.15842},
{"Node_id":9924,"weight":0.14921},
{"Node_id":9925,"weight":0.18078001},
{"Node_id":9926,"weight":0.1776},
{"Node_id":9927,"weight":0.3305},
{"Node_id":9928,"weight":0.25959},
{"Node_id":9929,"weight":0.16973999},
{"Node_id":9930,"weight":0.22196},
{"Node_id":9931,"weight":0.14848},
{"Node_id":9932,"weight":0.2881},
{"Node_id":9933,"weight":0.17401001},
{"Node_id":9934,"weight":0.23234001},
{"Node_id":9935,"weight":0.16208},
{"Node_id":9936,"weight":0.26563},
{"Node_id":9937,"weight":0.16486},
{"Node_id":9938,"weight":0.19332},
{"Node_id":9939,"weight":0.18523},
{"Node_id":9940,"weight":0.26401},
{"Node_id":9943,"weight":0.48077998},
{"Node_id":9944,"weight":0.19868},
{"Node_id":9946,"weight":0.19286999},
{"Node_id":9947,"weight":0.15049},
{"Node_id":9949,"weight":0.15977},
{"Node_id":9953,"weight":0.23775999},
{"Node_id":9954,"weight":0.22799},
{"Node_id":9955,"weight":0.24368998},
{"Node_id":9956,"weight":0.30881},
{"Node_id":9957,"weight":0.14565},
{"Node_id":9958,"weight":0.20816},
{"Node_id":9959,"weight":0.27784},
{"Node_id":9961,"weight":0.20907},
{"Node_id":9962,"weight":0.60725003},
{"Node_id":9963,"weight":0.28574},
{"Node_id":9964,"weight":0.14177999},
{"Node_id":9965,"weight":0.15992},
{"Node_id":9966,"weight":0.21719},
{"Node_id":9967,"weight":0.15035},
{"Node_id":9968,"weight":0.13882},
{"Node_id":9969,"weight":0.22576001},
{"Node_id":9970,"weight":0.33652002},
{"Node_id":9971,"weight":0.25254},
{"Node_id":9972,"weight":0.17105},
{"Node_id":9973,"weight":0.48457998},
{"Node_id":9974,"weight":0.22551998},
{"Node_id":9975,"weight":0.13988},
{"Node_id":9976,"weight":0.14172},
{"Node_id":9977,"weight":0.16523},
{"Node_id":9978,"weight":0.17963001},
{"Node_id":9979,"weight":0.41002002},
{"Node_id":9980,"weight":0.25066},
{"Node_id":9981,"weight":0.25385},
{"Node_id":9982,"weight":0.2877},
{"Node_id":9983,"weight":0.19522999},
{"Node_id":9984,"weight":0.25713998},
{"Node_id":9985,"weight":0.14565},
{"Node_id":9986,"weight":0.1744},
{"Node_id":9987,"weight":0.16732},
{"Node_id":9988,"weight":0.1798},
{"Node_id":9989,"weight":0.19305},
{"Node_id":9990,"weight":0.14229},
{"Node_id":9991,"weight":0.1543},
{"Node_id":9992,"weight":0.41711003},
{"Node_id":9993,"weight":0.26711},
{"Node_id":9994,"weight":0.22049999},
{"Node_id":9995,"weight":0.31347},
{"Node_id":9996,"weight":0.14815},
{"Node_id":9997,"weight":0.1752},
{"Node_id":9998,"weight":0.30251998},
{"Node_id":9999,"weight":0.16368},
{"Node_id":10000,"weight":0.31963998},
{"Node_id":10001,"weight":0.20565},
{"Node_id":10002,"weight":0.19296},
{"Node_id":10003,"weight":0.18135999},
{"Node_id":10004,"weight":0.22242},
{"Node_id":10005,"weight":0.23571},
{"Node_id":10006,"weight":0.38038},
{"Node_id":10007,"weight":0.20938},
{"Node_id":10008,"weight":0.20745},
{"Node_id":10009,"weight":0.25123},
{"Node_id":10010,"weight":0.15786001},
{"Node_id":10011,"weight":0.1726},
{"Node_id":10012,"weight":0.14663},
{"Node_id":10013,"weight":0.26563},
{"Node_id":10014,"weight":0.14147},
{"Node_id":10015,"weight":0.29011},
{"Node_id":10016,"weight":0.52347004},
{"Node_id":10017,"weight":0.34094998},
{"Node_id":10018,"weight":0.34225},
{"Node_id":10019,"weight":0.18557},
{"Node_id":10020,"weight":0.26498002},
{"Node_id":10021,"weight":0.21134},
{"Node_id":10022,"weight":0.2366},
{"Node_id":10023,"weight":0.19395},
{"Node_id":10024,"weight":0.31859},
{"Node_id":10025,"weight":0.22907},
{"Node_id":10026,"weight":0.18337},
{"Node_id":10027,"weight":0.15652},
{"Node_id":10028,"weight":0.2543},
{"Node_id":10029,"weight":0.58061},
{"Node_id":10030,"weight":0.36969},
{"Node_id":10031,"weight":0.21774001},
{"Node_id":10032,"weight":0.14795001},
{"Node_id":10033,"weight":0.13944},
{"Node_id":10034,"weight":0.23222001},
{"Node_id":10035,"weight":0.18012},
{"Node_id":10036,"weight":0.52933},
{"Node_id":10037,"weight":0.33078998},
{"Node_id":10038,"weight":0.44278002},
{"Node_id":10039,"weight":0.15652},
{"Node_id":10040,"weight":0.25944},
{"Node_id":10041,"weight":0.20855999},
{"Node_id":10042,"weight":0.15029},
{"Node_id":10043,"weight":0.28750998},
{"Node_id":10044,"weight":0.15361},
{"Node_id":10045,"weight":0.32342},
{"Node_id":10046,"weight":0.19432},
{"Node_id":10047,"weight":0.1639},
{"Node_id":10048,"weight":0.22196},
{"Node_id":10049,"weight":0.16106},
{"Node_id":10050,"weight":0.57105},
{"Node_id":10053,"weight":0.20019},
{"Node_id":10055,"weight":0.39124},
{"Node_id":10058,"weight":0.17841001},
{"Node_id":10062,"weight":0.25975},
{"Node_id":10065,"weight":0.21418},
{"Node_id":10067,"weight":0.19098},
{"Node_id":10070,"weight":0.14242001},
{"Node_id":10073,"weight":0.25913},
{"Node_id":10076,"weight":0.16822},
{"Node_id":10080,"weight":0.35004002},
{"Node_id":10083,"weight":0.14096001},
{"Node_id":10087,"weight":0.18834},
{"Node_id":10088,"weight":0.16657},
{"Node_id":10089,"weight":0.20918},
{"Node_id":10090,"weight":0.29257},
{"Node_id":10091,"weight":0.34323},
{"Node_id":10097,"weight":0.16258},
{"Node_id":10100,"weight":0.25913},
{"Node_id":10101,"weight":0.20154},
{"Node_id":10102,"weight":0.18755999},
{"Node_id":10130,"weight":0.15423},
{"Node_id":10137,"weight":0.25254},
{"Node_id":10138,"weight":0.18808},
{"Node_id":10145,"weight":0.28496},
{"Node_id":10146,"weight":0.18178001},
{"Node_id":10154,"weight":0.18153},
{"Node_id":10155,"weight":0.24302001},
{"Node_id":10157,"weight":0.22611001},
{"Node_id":10158,"weight":0.41982},
{"Node_id":10159,"weight":0.36392},
{"Node_id":10160,"weight":0.19727},
{"Node_id":10161,"weight":0.57413995},
{"Node_id":10162,"weight":0.30929},
{"Node_id":10163,"weight":0.23608999},
{"Node_id":10164,"weight":0.17113},
{"Node_id":10165,"weight":0.14268},
{"Node_id":10166,"weight":0.29896},
{"Node_id":10167,"weight":0.20938},
{"Node_id":10168,"weight":0.36718},
{"Node_id":10169,"weight":0.21124001},
{"Node_id":10170,"weight":0.25518999},
{"Node_id":10171,"weight":0.23445001},
{"Node_id":10172,"weight":0.15527001},
{"Node_id":10173,"weight":0.1752},
{"Node_id":10174,"weight":0.27658},
{"Node_id":10175,"weight":0.19241},
{"Node_id":10176,"weight":0.18506},
{"Node_id":10177,"weight":0.24951},
{"Node_id":10178,"weight":0.33168},
{"Node_id":10179,"weight":0.19368},
{"Node_id":10180,"weight":0.22599001},
{"Node_id":10181,"weight":0.18531999},
{"Node_id":10182,"weight":0.22379},
{"Node_id":10183,"weight":0.18379},
{"Node_id":10184,"weight":0.36718},
{"Node_id":10185,"weight":0.16317001},
{"Node_id":10186,"weight":0.37624},
{"Node_id":10187,"weight":0.15617},
{"Node_id":10188,"weight":0.18566},
{"Node_id":10189,"weight":0.18575},
{"Node_id":10190,"weight":0.16013},
{"Node_id":10192,"weight":0.32648},
{"Node_id":10194,"weight":0.25079998},
{"Node_id":10195,"weight":0.14198},
{"Node_id":10196,"weight":0.14474},
{"Node_id":10197,"weight":0.30229002},
{"Node_id":10198,"weight":0.29529},
{"Node_id":10199,"weight":0.20377},
{"Node_id":10200,"weight":0.15218},
{"Node_id":10203,"weight":0.20555},
{"Node_id":10205,"weight":0.18261},
{"Node_id":10206,"weight":0.2887},
{"Node_id":10208,"weight":0.17898001},
{"Node_id":10209,"weight":0.33999},
{"Node_id":10210,"weight":0.20545001},
{"Node_id":10212,"weight":0.20927998},
{"Node_id":10213,"weight":0.20105},
{"Node_id":10214,"weight":0.15582},
{"Node_id":10217,"weight":0.26466},
{"Node_id":10218,"weight":0.14134},
{"Node_id":10219,"weight":0.18186},
{"Node_id":10221,"weight":0.17105},
{"Node_id":10223,"weight":0.35922},
{"Node_id":10224,"weight":0.18371001},
{"Node_id":10225,"weight":0.25564},
{"Node_id":10228,"weight":0.14293},
{"Node_id":10230,"weight":0.22028},
{"Node_id":10231,"weight":0.32905},
{"Node_id":10232,"weight":0.37357},
{"Node_id":10235,"weight":0.16368},
{"Node_id":10236,"weight":0.19188},
{"Node_id":10238,"weight":0.50450003},
{"Node_id":10239,"weight":0.33168},
{"Node_id":10240,"weight":0.25356},
{"Node_id":10243,"weight":0.38817},
{"Node_id":10244,"weight":0.27839},
{"Node_id":10247,"weight":0.19395},
{"Node_id":10248,"weight":0.14915},
{"Node_id":10249,"weight":0.16936001},
{"Node_id":10252,"weight":0.33745998},
{"Node_id":10253,"weight":0.33871},
{"Node_id":10257,"weight":0.18843},
{"Node_id":10258,"weight":0.14500001},
{"Node_id":10259,"weight":0.22847},
{"Node_id":10262,"weight":0.14442},
{"Node_id":10263,"weight":0.29381},
{"Node_id":10268,"weight":0.19662},
{"Node_id":10269,"weight":0.16324},
{"Node_id":10270,"weight":0.17456},
{"Node_id":10273,"weight":0.16717},
{"Node_id":10274,"weight":0.15927},
{"Node_id":10280,"weight":0.31963998},
{"Node_id":10281,"weight":0.15068999},
{"Node_id":10282,"weight":0.22219},
{"Node_id":10285,"weight":0.23027},
{"Node_id":10286,"weight":0.34063},
{"Node_id":10298,"weight":0.24895},
{"Node_id":10301,"weight":0.22118},
{"Node_id":10305,"weight":0.14500001},
{"Node_id":10310,"weight":0.1656},
{"Node_id":10313,"weight":0.21503},
{"Node_id":10316,"weight":0.14703},
{"Node_id":10319,"weight":0.31148},
{"Node_id":10323,"weight":0.15715},
{"Node_id":10326,"weight":0.15771},
{"Node_id":10328,"weight":0.21092999},
{"Node_id":10331,"weight":0.32847},
{"Node_id":10332,"weight":0.15055},
{"Node_id":10334,"weight":0.18211},
{"Node_id":10336,"weight":0.18992},
{"Node_id":10337,"weight":0.15949},
{"Node_id":10340,"weight":0.15863},
{"Node_id":10343,"weight":0.14789},
{"Node_id":10345,"weight":0.15541},
{"Node_id":10350,"weight":0.23905},
{"Node_id":10353,"weight":0.22859001},
{"Node_id":10355,"weight":0.41002002},
{"Node_id":10361,"weight":0.16739},
{"Node_id":10364,"weight":0.14591},
{"Node_id":10366,"weight":0.22344},
{"Node_id":10373,"weight":0.1854},
{"Node_id":10376,"weight":0.23027},
{"Node_id":10378,"weight":0.18617001},
{"Node_id":10383,"weight":0.25094},
{"Node_id":10385,"weight":0.21071999},
{"Node_id":10386,"weight":0.28535},
{"Node_id":10389,"weight":0.15382001},
{"Node_id":10391,"weight":0.1812},
{"Node_id":10396,"weight":0.2401},
{"Node_id":10397,"weight":0.68113},
{"Node_id":10400,"weight":0.22265},
{"Node_id":10403,"weight":0.25474},
{"Node_id":10405,"weight":0.14948},
{"Node_id":10410,"weight":0.43857998},
{"Node_id":10411,"weight":0.43614},
{"Node_id":10412,"weight":0.31807},
{"Node_id":10415,"weight":0.17988},
{"Node_id":10418,"weight":0.18128},
{"Node_id":10420,"weight":0.29174},
{"Node_id":10425,"weight":0.36352},
{"Node_id":10427,"weight":0.19395},
{"Node_id":10431,"weight":0.23710999},
{"Node_id":10432,"weight":0.40221},
{"Node_id":10434,"weight":0.41127},
{"Node_id":10436,"weight":0.20615001},
{"Node_id":10441,"weight":0.39549},
{"Node_id":10446,"weight":0.14299999},
{"Node_id":10447,"weight":0.48330003},
{"Node_id":10448,"weight":0.15484999},
{"Node_id":10449,"weight":0.23063},
{"Node_id":10450,"weight":0.18957},
{"Node_id":10451,"weight":0.18044999},
{"Node_id":10452,"weight":0.31422},
{"Node_id":10453,"weight":0.41914},
{"Node_id":10454,"weight":0.43534002},
{"Node_id":10455,"weight":0.16302},
{"Node_id":10456,"weight":0.18738},
{"Node_id":10457,"weight":0.15245},
{"Node_id":10458,"weight":0.50294},
{"Node_id":10459,"weight":0.15807},
{"Node_id":10460,"weight":0.38716},
{"Node_id":10461,"weight":0.22907},
{"Node_id":10462,"weight":0.26612002},
{"Node_id":10463,"weight":0.22061},
{"Node_id":10464,"weight":0.15218},
{"Node_id":10465,"weight":0.22016999},
{"Node_id":10466,"weight":0.53771},
{"Node_id":10467,"weight":0.23918},
{"Node_id":10468,"weight":0.15326999},
{"Node_id":10469,"weight":0.15527001},
{"Node_id":10470,"weight":0.22448},
{"Node_id":10471,"weight":0.21752},
{"Node_id":10472,"weight":0.30953},
{"Node_id":10474,"weight":0.31651002},
{"Node_id":10475,"weight":0.168},
{"Node_id":10477,"weight":0.18103},
{"Node_id":10481,"weight":0.23458},
{"Node_id":10485,"weight":0.41778},
{"Node_id":10486,"weight":0.21155},
{"Node_id":10491,"weight":0.48457998},
{"Node_id":10492,"weight":0.27218002},
{"Node_id":10496,"weight":0.15828},
{"Node_id":10497,"weight":0.20685},
{"Node_id":10498,"weight":0.42051},
{"Node_id":10499,"weight":0.27218002},
{"Node_id":10503,"weight":0.29742998},
{"Node_id":10504,"weight":0.24155},
{"Node_id":10505,"weight":0.53343},
{"Node_id":10506,"weight":0.15416},
{"Node_id":10507,"weight":0.26861},
{"Node_id":10511,"weight":0.8517},
{"Node_id":10512,"weight":0.30095},
{"Node_id":10513,"weight":0.20416},
{"Node_id":10514,"weight":0.19838999},
{"Node_id":10515,"weight":0.15561},
{"Node_id":10516,"weight":0.17971},
{"Node_id":10520,"weight":0.2474},
{"Node_id":10521,"weight":0.17662999},
{"Node_id":10522,"weight":0.30857},
{"Node_id":10523,"weight":0.14921},
{"Node_id":10524,"weight":0.17671},
{"Node_id":10525,"weight":0.44024},
{"Node_id":10526,"weight":0.19652},
{"Node_id":10530,"weight":0.17097},
{"Node_id":10531,"weight":0.16142},
{"Node_id":10532,"weight":0.21972},
{"Node_id":10533,"weight":0.26678},
{"Node_id":10534,"weight":0.14026001},
{"Node_id":10535,"weight":0.22764},
{"Node_id":10536,"weight":0.2342},
{"Node_id":10540,"weight":0.21197},
{"Node_id":10541,"weight":0.15347001},
{"Node_id":10542,"weight":0.3279},
{"Node_id":10543,"weight":0.18515},
{"Node_id":10544,"weight":0.15177},
{"Node_id":10545,"weight":0.2401},
{"Node_id":10546,"weight":0.32205},
{"Node_id":10547,"weight":0.41254002},
{"Node_id":10552,"weight":0.15197},
{"Node_id":10553,"weight":0.17825},
{"Node_id":10554,"weight":0.32818002},
{"Node_id":10555,"weight":0.23853},
{"Node_id":10556,"weight":0.17074},
{"Node_id":10557,"weight":0.14299999},
{"Node_id":10559,"weight":0.31912},
{"Node_id":10563,"weight":0.17841001},
{"Node_id":10564,"weight":0.14422},
{"Node_id":10565,"weight":0.28191},
{"Node_id":10566,"weight":0.31833},
{"Node_id":10567,"weight":0.33168},
{"Node_id":10568,"weight":0.25066},
{"Node_id":10569,"weight":0.24881001},
{"Node_id":10571,"weight":0.16244},
{"Node_id":10572,"weight":0.19532},
{"Node_id":10576,"weight":0.13894},
{"Node_id":10577,"weight":0.15444},
{"Node_id":10578,"weight":0.22230001},
{"Node_id":10579,"weight":0.23222001},
{"Node_id":10580,"weight":0.33197},
{"Node_id":10581,"weight":0.22739999},
{"Node_id":10582,"weight":0.24356},
{"Node_id":10584,"weight":0.1822},
{"Node_id":10585,"weight":0.18583},
{"Node_id":10586,"weight":0.24221},
{"Node_id":10590,"weight":0.32314},
{"Node_id":10591,"weight":0.17151001},
{"Node_id":10592,"weight":0.27063},
{"Node_id":10593,"weight":0.39282},
{"Node_id":10594,"weight":0.19934},
{"Node_id":10595,"weight":0.14377001},
{"Node_id":10596,"weight":0.20836},
{"Node_id":10598,"weight":0.17089},
{"Node_id":10599,"weight":0.17276},
{"Node_id":10600,"weight":0.55429},
{"Node_id":10601,"weight":0.14371},
{"Node_id":10605,"weight":0.52159},
{"Node_id":10606,"weight":0.49989},
{"Node_id":10607,"weight":0.46052998},
{"Node_id":10608,"weight":0.1712},
{"Node_id":10609,"weight":0.15389},
{"Node_id":10610,"weight":0.54217},
{"Node_id":10611,"weight":0.17906},
{"Node_id":10613,"weight":0.17198},
{"Node_id":10614,"weight":0.15326999},
{"Node_id":10615,"weight":0.32619},
{"Node_id":10617,"weight":0.52347004},
{"Node_id":10618,"weight":0.19606},
{"Node_id":10619,"weight":0.17719},
{"Node_id":10620,"weight":0.14474},
{"Node_id":10621,"weight":0.24768},
{"Node_id":10626,"weight":0.15169999},
{"Node_id":10631,"weight":0.18395999},
{"Node_id":10632,"weight":0.17417},
{"Node_id":10633,"weight":0.29808},
{"Node_id":10634,"weight":0.43534002},
{"Node_id":10635,"weight":0.22528999},
{"Node_id":10636,"weight":0.14128},
{"Node_id":10637,"weight":0.15992},
{"Node_id":10638,"weight":0.16762},
{"Node_id":10639,"weight":0.20211999},
{"Node_id":10640,"weight":0.30389},
{"Node_id":10641,"weight":0.33376998},
{"Node_id":10642,"weight":0.21577999},
{"Node_id":10643,"weight":0.25684},
{"Node_id":10645,"weight":0.40939003},
{"Node_id":10646,"weight":0.25913},
{"Node_id":10648,"weight":0.19792},
{"Node_id":10649,"weight":0.20948},
{"Node_id":10651,"weight":0.29113},
{"Node_id":10652,"weight":0.19699},
{"Node_id":10655,"weight":0.37401},
{"Node_id":10656,"weight":0.17639},
{"Node_id":10657,"weight":0.15265},
{"Node_id":10658,"weight":0.36038},
{"Node_id":10660,"weight":0.15963},
{"Node_id":10661,"weight":0.23111999},
{"Node_id":10662,"weight":0.31522998},
{"Node_id":10663,"weight":0.26433998},
{"Node_id":10664,"weight":0.23710999},
{"Node_id":10666,"weight":0.26194},
{"Node_id":10667,"weight":0.13995},
{"Node_id":10668,"weight":0.17401001},
{"Node_id":10669,"weight":0.29765},
{"Node_id":10670,"weight":0.20685},
{"Node_id":10671,"weight":0.14644},
{"Node_id":10673,"weight":0.16208},
{"Node_id":10674,"weight":0.139},
{"Node_id":10675,"weight":0.19597},
{"Node_id":10676,"weight":0.25836},
{"Node_id":10677,"weight":0.14019999},
{"Node_id":10678,"weight":0.21082},
{"Node_id":10679,"weight":0.55956995},
{"Node_id":10680,"weight":0.18515},
{"Node_id":10681,"weight":0.14928},
{"Node_id":10682,"weight":0.21343999},
{"Node_id":10683,"weight":0.24181001},
{"Node_id":10684,"weight":0.21884},
{"Node_id":10685,"weight":0.21},
{"Node_id":10687,"weight":0.26336998},
{"Node_id":10688,"weight":0.17447999},
{"Node_id":10689,"weight":0.16331},
{"Node_id":10690,"weight":0.20397},
{"Node_id":10691,"weight":0.17464},
{"Node_id":10692,"weight":0.19802001},
{"Node_id":10693,"weight":0.20269999},
{"Node_id":10694,"weight":0.15828},
{"Node_id":10695,"weight":0.14281},
{"Node_id":10696,"weight":0.21557},
{"Node_id":10697,"weight":0.17881},
{"Node_id":10703,"weight":0.16575},
{"Node_id":10706,"weight":0.32342},
{"Node_id":10707,"weight":0.2645},
{"Node_id":10708,"weight":0.1575},
{"Node_id":10709,"weight":0.21884},
{"Node_id":10710,"weight":0.33317},
{"Node_id":10711,"weight":0.15089001},
{"Node_id":10712,"weight":0.32044},
{"Node_id":10713,"weight":0.17005},
{"Node_id":10714,"weight":0.19505},
{"Node_id":10715,"weight":0.2658},
{"Node_id":10716,"weight":0.17703},
{"Node_id":10717,"weight":0.29257},
{"Node_id":10718,"weight":0.15368},
{"Node_id":10719,"weight":0.27445},
{"Node_id":10720,"weight":0.19962},
{"Node_id":10721,"weight":0.34094998},
{"Node_id":10722,"weight":0.14578},
{"Node_id":10723,"weight":0.23099999},
{"Node_id":10724,"weight":0.24951},
{"Node_id":10725,"weight":0.14468},
{"Node_id":10726,"weight":0.20231},
{"Node_id":10727,"weight":0.23445001},
{"Node_id":10728,"weight":0.49989},
{"Node_id":10729,"weight":0.14631},
{"Node_id":10730,"weight":0.55956995},
{"Node_id":10731,"weight":0.17503999},
{"Node_id":10732,"weight":0.15513},
{"Node_id":10733,"weight":0.15764001},
{"Node_id":10734,"weight":0.24049},
{"Node_id":10735,"weight":0.44896},
{"Node_id":10736,"weight":0.38567},
{"Node_id":10737,"weight":0.15708},
{"Node_id":10738,"weight":0.15582},
{"Node_id":10739,"weight":0.38616},
{"Node_id":10740,"weight":0.1513},
{"Node_id":10741,"weight":0.54447997},
{"Node_id":10742,"weight":0.27322},
{"Node_id":10743,"weight":0.14076999},
{"Node_id":10744,"weight":0.60725003},
{"Node_id":10745,"weight":0.16868},
{"Node_id":10746,"weight":0.14229},
{"Node_id":10747,"weight":0.29423},
{"Node_id":10748,"weight":0.17784},
{"Node_id":10749,"weight":0.20585},
{"Node_id":10750,"weight":0.18506},
{"Node_id":10751,"weight":0.19634},
{"Node_id":10752,"weight":0.1702},
{"Node_id":10753,"weight":0.19588},
{"Node_id":10754,"weight":0.42119998},
{"Node_id":10755,"weight":0.35325998},
{"Node_id":10756,"weight":0.32479998},
{"Node_id":10757,"weight":0.14526},
{"Node_id":10760,"weight":0.49840003},
{"Node_id":10761,"weight":0.31075},
{"Node_id":10762,"weight":0.19071999},
{"Node_id":10763,"weight":0.61637},
{"Node_id":10764,"weight":0.20241001},
{"Node_id":10765,"weight":0.19143},
{"Node_id":10766,"weight":0.23271},
{"Node_id":10767,"weight":0.29678},
{"Node_id":10768,"weight":0.22692999},
{"Node_id":10769,"weight":0.36352},
{"Node_id":10770,"weight":0.35253},
{"Node_id":10771,"weight":0.14901},
{"Node_id":10772,"weight":0.31549},
{"Node_id":10773,"weight":0.34623998},
{"Node_id":10774,"weight":0.21493001},
{"Node_id":10775,"weight":0.3305},
{"Node_id":10776,"weight":0.29917},
{"Node_id":10777,"weight":0.15779},
{"Node_id":10778,"weight":0.21503},
{"Node_id":10779,"weight":0.1465},
{"Node_id":10780,"weight":0.19811},
{"Node_id":10781,"weight":0.14526},
{"Node_id":10782,"weight":0.15771},
{"Node_id":10783,"weight":0.18062},
{"Node_id":10784,"weight":0.20125},
{"Node_id":10785,"weight":0.57413995},
{"Node_id":10786,"weight":0.41318002},
{"Node_id":10787,"weight":0.25371},
{"Node_id":10788,"weight":0.21322998},
{"Node_id":10789,"weight":0.14223},
{"Node_id":10790,"weight":0.43857998},
{"Node_id":10791,"weight":0.44364},
{"Node_id":10792,"weight":0.14063999},
{"Node_id":10793,"weight":0.14533},
{"Node_id":10794,"weight":0.1513},
{"Node_id":10795,"weight":0.17036},
{"Node_id":10796,"weight":0.21217999},
{"Node_id":10797,"weight":0.44450998},
{"Node_id":10798,"weight":0.16538},
{"Node_id":10799,"weight":0.22185},
{"Node_id":10800,"weight":0.17535},
{"Node_id":10801,"weight":0.2102},
{"Node_id":10802,"weight":0.1397},
{"Node_id":10803,"weight":0.18851},
{"Node_id":10804,"weight":0.18379},
{"Node_id":10805,"weight":0.56515},
{"Node_id":10806,"weight":0.18992},
{"Node_id":10807,"weight":0.17939},
{"Node_id":10808,"weight":0.20125},
{"Node_id":10809,"weight":0.25594002},
{"Node_id":10810,"weight":0.17244},
{"Node_id":10811,"weight":0.36969},
{"Node_id":10812,"weight":0.31703},
{"Node_id":10813,"weight":0.15184},
{"Node_id":10814,"weight":0.13869},
{"Node_id":10815,"weight":0.21829},
{"Node_id":10816,"weight":0.28477},
{"Node_id":10817,"weight":0.16694},
{"Node_id":10818,"weight":0.3577},
{"Node_id":10819,"weight":0.2889},
{"Node_id":10820,"weight":0.2885},
{"Node_id":10821,"weight":0.15259},
{"Node_id":10822,"weight":0.38567},
{"Node_id":10823,"weight":0.33078998},
{"Node_id":10824,"weight":0.18354},
{"Node_id":10825,"weight":0.17736},
{"Node_id":10826,"weight":0.3714},
{"Node_id":10827,"weight":0.18371001},
{"Node_id":10828,"weight":0.29808},
{"Node_id":10829,"weight":0.29614002},
{"Node_id":10830,"weight":0.34934002},
{"Node_id":10831,"weight":0.13882},
{"Node_id":10832,"weight":0.17623},
{"Node_id":10833,"weight":0.23710999},
{"Node_id":10834,"weight":0.14313},
{"Node_id":10835,"weight":0.15527001},
{"Node_id":10836,"weight":0.22599001},
{"Node_id":10837,"weight":0.20029},
{"Node_id":10838,"weight":0.26596},
{"Node_id":10839,"weight":0.19359},
{"Node_id":10840,"weight":0.29381},
{"Node_id":10841,"weight":0.29174},
{"Node_id":10842,"weight":0.16171},
{"Node_id":10843,"weight":0.18103},
{"Node_id":10844,"weight":0.15334001},
{"Node_id":10845,"weight":0.2887},
{"Node_id":10846,"weight":0.18186},
{"Node_id":10847,"weight":0.19542},
{"Node_id":10857,"weight":0.23584001},
{"Node_id":10858,"weight":0.16785},
{"Node_id":10859,"weight":0.30006},
{"Node_id":10860,"weight":0.21785},
{"Node_id":10861,"weight":0.30786},
{"Node_id":10862,"weight":0.38275},
{"Node_id":10863,"weight":0.17881},
{"Node_id":10864,"weight":0.3055},
{"Node_id":10865,"weight":0.19662},
{"Node_id":10866,"weight":0.24670999},
{"Node_id":10867,"weight":0.32905},
{"Node_id":10868,"weight":0.1901},
{"Node_id":10869,"weight":0.19802001},
{"Node_id":10870,"weight":0.19802001},
{"Node_id":10871,"weight":0.78235996},
{"Node_id":10872,"weight":0.52734},
{"Node_id":10873,"weight":0.18021},
{"Node_id":10874,"weight":0.16913},
{"Node_id":10875,"weight":0.2645},
{"Node_id":10876,"weight":0.40163},
{"Node_id":10877,"weight":0.14915},
{"Node_id":10878,"weight":0.15347001},
{"Node_id":10879,"weight":0.26531},
{"Node_id":10880,"weight":0.22611001},
{"Node_id":10886,"weight":0.29508},
{"Node_id":10889,"weight":0.19624999},
{"Node_id":10890,"weight":0.34456},
{"Node_id":10893,"weight":0.14120999},
{"Node_id":10894,"weight":0.27569002},
{"Node_id":10895,"weight":0.51100004},
{"Node_id":10898,"weight":0.23309},
{"Node_id":10899,"weight":0.14468},
{"Node_id":10900,"weight":0.48588},
{"Node_id":10901,"weight":0.21217999},
{"Node_id":10904,"weight":0.25327},
{"Node_id":10906,"weight":0.21708},
{"Node_id":10907,"weight":0.17792},
{"Node_id":10908,"weight":0.15835},
{"Node_id":10911,"weight":0.20574999},
{"Node_id":10912,"weight":0.19662},
{"Node_id":10913,"weight":0.14249},
{"Node_id":10914,"weight":0.19071999},
{"Node_id":10915,"weight":0.18635},
{"Node_id":10916,"weight":0.27183002},
{"Node_id":10919,"weight":0.21665001},
{"Node_id":10920,"weight":0.23944},
{"Node_id":10921,"weight":0.18447},
{"Node_id":10922,"weight":0.61170995},
{"Node_id":10923,"weight":0.25564},
{"Node_id":10924,"weight":0.17662999},
{"Node_id":10925,"weight":0.19962},
{"Node_id":10928,"weight":0.16317001},
{"Node_id":10929,"weight":0.20989001},
{"Node_id":10930,"weight":0.31222},
{"Node_id":10931,"weight":0.23736998},
{"Node_id":10932,"weight":0.20125},
{"Node_id":10933,"weight":0.36352},
{"Node_id":10934,"weight":0.52539},
{"Node_id":10935,"weight":0.28613},
{"Node_id":10938,"weight":0.26894},
{"Node_id":10939,"weight":0.16215},
{"Node_id":10940,"weight":0.21796},
{"Node_id":10941,"weight":0.26962},
{"Node_id":10942,"weight":0.22611001},
{"Node_id":10943,"weight":0.15368},
{"Node_id":10944,"weight":0.15211001},
{"Node_id":10945,"weight":0.1789},
{"Node_id":10946,"weight":0.22185},
{"Node_id":10949,"weight":0.16157},
{"Node_id":10951,"weight":0.29174},
{"Node_id":10952,"weight":0.24519},
{"Node_id":10953,"weight":0.35075},
{"Node_id":10956,"weight":0.2214},
{"Node_id":10957,"weight":0.21312001},
{"Node_id":10958,"weight":0.21568},
{"Node_id":10959,"weight":0.43453997},
{"Node_id":10960,"weight":0.28248},
{"Node_id":10961,"weight":0.24155},
{"Node_id":10962,"weight":0.32397002},
{"Node_id":10963,"weight":0.24994},
{"Node_id":10964,"weight":0.17480001},
{"Node_id":10965,"weight":0.14855},
{"Node_id":10966,"weight":0.2764},
{"Node_id":10967,"weight":0.18721},
{"Node_id":10968,"weight":0.24491999},
{"Node_id":10969,"weight":0.18904},
{"Node_id":10970,"weight":0.19782999},
{"Node_id":10971,"weight":0.16508},
{"Node_id":10972,"weight":0.21302},
{"Node_id":10973,"weight":0.24356},
{"Node_id":10974,"weight":0.20897},
{"Node_id":10975,"weight":0.31322},
{"Node_id":10976,"weight":0.1956},
{"Node_id":10977,"weight":0.45362002},
{"Node_id":10978,"weight":0.28574},
{"Node_id":10979,"weight":0.1925},
{"Node_id":10980,"weight":0.32314},
{"Node_id":10981,"weight":0.46052998},
{"Node_id":10982,"weight":0.27839},
{"Node_id":10983,"weight":0.15177},
{"Node_id":10984,"weight":0.14140001},
{"Node_id":10985,"weight":0.17496},
{"Node_id":10986,"weight":0.20318},
{"Node_id":10987,"weight":0.32424},
{"Node_id":10988,"weight":0.18755999},
{"Node_id":10995,"weight":0.18161},
{"Node_id":10996,"weight":0.15589},
{"Node_id":11016,"weight":0.24656999},
{"Node_id":11023,"weight":0.17671},
{"Node_id":11031,"weight":0.15068999},
{"Node_id":11040,"weight":0.18455},
{"Node_id":11043,"weight":0.14442},
{"Node_id":11046,"weight":0.25518999},
{"Node_id":11050,"weight":0.8517},
{"Node_id":11053,"weight":0.16508},
{"Node_id":11056,"weight":0.25371},
{"Node_id":11057,"weight":0.14140001},
{"Node_id":11058,"weight":0.24643},
{"Node_id":11059,"weight":0.18278},
{"Node_id":11060,"weight":0.25867},
{"Node_id":11061,"weight":0.32992},
{"Node_id":11062,"weight":0.25137},
{"Node_id":11063,"weight":0.15700999},
{"Node_id":11064,"weight":0.44191998},
{"Node_id":11065,"weight":0.14287},
{"Node_id":11066,"weight":0.25836},
{"Node_id":11067,"weight":0.14422},
{"Node_id":11068,"weight":0.24712},
{"Node_id":11069,"weight":0.36154002},
{"Node_id":11070,"weight":0.14749},
{"Node_id":11071,"weight":0.21545999},
{"Node_id":11072,"weight":0.2727},
{"Node_id":11073,"weight":0.28750998},
{"Node_id":11074,"weight":0.39604002},
{"Node_id":11075,"weight":0.22704999},
{"Node_id":11076,"weight":0.36352},
{"Node_id":11077,"weight":0.17662999},
{"Node_id":11078,"weight":0.17082},
{"Node_id":11079,"weight":0.18515},
{"Node_id":11080,"weight":0.34865},
{"Node_id":11081,"weight":0.16027},
{"Node_id":11082,"weight":0.34865},
{"Node_id":11083,"weight":0.19026999},
{"Node_id":11084,"weight":0.30620998},
{"Node_id":11085,"weight":0.16092},
{"Node_id":11086,"weight":0.20897},
{"Node_id":11087,"weight":0.18128},
{"Node_id":11088,"weight":0.14461},
{"Node_id":11089,"weight":0.20446},
{"Node_id":11090,"weight":0.25821},
{"Node_id":11091,"weight":0.34761},
{"Node_id":11092,"weight":0.15062},
{"Node_id":11093,"weight":0.20989001},
{"Node_id":11094,"weight":0.23787999},
{"Node_id":11095,"weight":0.15484999},
{"Node_id":11096,"weight":0.44108},
{"Node_id":11097,"weight":0.16950999},
{"Node_id":11098,"weight":0.18270001},
{"Node_id":11099,"weight":0.14384},
{"Node_id":11100,"weight":0.27551},
{"Node_id":11101,"weight":0.17409},
{"Node_id":11102,"weight":0.21333},
{"Node_id":11103,"weight":0.19634},
{"Node_id":11104,"weight":0.27604002},
{"Node_id":11105,"weight":0.15779},
{"Node_id":11106,"weight":0.41382998},
{"Node_id":11107,"weight":0.14565},
{"Node_id":11108,"weight":0.36233002},
{"Node_id":11109,"weight":0.17599},
{"Node_id":11110,"weight":0.25806},
{"Node_id":11111,"weight":0.14096001},
{"Node_id":11112,"weight":0.39072},
{"Node_id":11113,"weight":0.18211},
{"Node_id":11114,"weight":0.25312},
{"Node_id":11115,"weight":0.29657},
{"Node_id":11116,"weight":0.26514},
{"Node_id":11117,"weight":0.14229},
{"Node_id":11118,"weight":0.27132002},
{"Node_id":11119,"weight":0.18404},
{"Node_id":11120,"weight":0.19332},
{"Node_id":11121,"weight":0.41189998},
{"Node_id":11122,"weight":0.24937001},
{"Node_id":11123,"weight":0.39992002},
{"Node_id":11124,"weight":0.19268},
{"Node_id":11125,"weight":0.14351},
{"Node_id":11126,"weight":0.15361},
{"Node_id":11127,"weight":0.16501},
{"Node_id":11128,"weight":0.19001},
{"Node_id":11129,"weight":0.37401},
{"Node_id":11130,"weight":0.14293},
{"Node_id":11131,"weight":0.21961},
{"Node_id":11132,"weight":0.27876002},
{"Node_id":11135,"weight":0.13995},
{"Node_id":11139,"weight":0.25283},
{"Node_id":11144,"weight":0.18161},
{"Node_id":11151,"weight":0.12720999},
{"Node_id":11152,"weight":0.32676},
{"Node_id":11154,"weight":0.28691},
{"Node_id":11159,"weight":0.27046},
{"Node_id":11161,"weight":0.049000002},
{"Node_id":11162,"weight":0.162},
{"Node_id":11164,"weight":0.06955},
{"Node_id":11165,"weight":0.25166},
{"Node_id":11166,"weight":0.54447997},
{"Node_id":11168,"weight":0.06239},
{"Node_id":11172,"weight":0.19569},
{"Node_id":11173,"weight":0.16822},
{"Node_id":11176,"weight":0.12111},
{"Node_id":11177,"weight":0.12855999},
{"Node_id":11178,"weight":0.20755},
{"Node_id":11180,"weight":0.04084},
{"Node_id":11181,"weight":0.23185},
{"Node_id":11186,"weight":0.24712},
{"Node_id":11190,"weight":0.124479994},
{"Node_id":11191,"weight":0.00853},
{"Node_id":11192,"weight":0.07598},
{"Node_id":11195,"weight":0.18270001},
{"Node_id":11202,"weight":0.40878},
{"Node_id":11205,"weight":0.21741},
{"Node_id":11206,"weight":0.06803},
{"Node_id":11208,"weight":0.07755},
{"Node_id":11209,"weight":0.37011},
{"Node_id":11215,"weight":0.48588},
{"Node_id":11216,"weight":0.27857},
{"Node_id":11217,"weight":0.25459},
{"Node_id":11219,"weight":0.17089},
{"Node_id":11221,"weight":0.02302},
{"Node_id":11222,"weight":0.34289998},
{"Node_id":11224,"weight":0.034369998},
{"Node_id":11225,"weight":0.022939999},
{"Node_id":11230,"weight":0.03602},
{"Node_id":11232,"weight":0.16128},
{"Node_id":11233,"weight":0.21763},
{"Node_id":11234,"weight":0.48988},
{"Node_id":11236,"weight":0.06678},
{"Node_id":11237,"weight":0.10465},
{"Node_id":11258,"weight":0.11859},
{"Node_id":11259,"weight":0.16973999},
{"Node_id":11261,"weight":0.031740002},
{"Node_id":11265,"weight":0.09346},
{"Node_id":11266,"weight":0.25195},
{"Node_id":11267,"weight":0.109969996},
{"Node_id":11268,"weight":0.108},
{"Node_id":11269,"weight":0.032929998},
{"Node_id":11273,"weight":0.11698},
{"Node_id":11274,"weight":0.03756},
{"Node_id":11276,"weight":0.05849},
{"Node_id":11278,"weight":0.00532},
{"Node_id":11280,"weight":0.024079999},
{"Node_id":11282,"weight":0.09982},
{"Node_id":11283,"weight":0.04608},
{"Node_id":11284,"weight":0.02884},
{"Node_id":11292,"weight":0.09095},
{"Node_id":11293,"weight":0.01141},
{"Node_id":11295,"weight":0.04879},
{"Node_id":11298,"weight":0.01322},
{"Node_id":11299,"weight":0.05155},
{"Node_id":11401,"weight":0.18379},
{"Node_id":11402,"weight":0.123959996},
{"Node_id":11453,"weight":0.02096},
{"Node_id":12106,"weight":0.03926},
{"Node_id":12107,"weight":0.18904},
{"Node_id":12111,"weight":0.09494},
{"Node_id":12113,"weight":0.29896},
{"Node_id":12115,"weight":0.43694},
{"Node_id":12116,"weight":0.18878},
{"Node_id":12117,"weight":0.1033},
{"Node_id":12118,"weight":0.21333},
{"Node_id":12119,"weight":0.06682},
{"Node_id":12125,"weight":0.07773},
{"Node_id":12134,"weight":0.24356},
{"Node_id":12138,"weight":0.12727},
{"Node_id":12139,"weight":0.09997},
{"Node_id":12140,"weight":0.082169995},
{"Node_id":12141,"weight":0.113900006},
{"Node_id":12143,"weight":0.02152},
{"Node_id":12145,"weight":0.12790999},
{"Node_id":12146,"weight":0.01197},
{"Node_id":12147,"weight":0.01987},
{"Node_id":12150,"weight":0.54927003},
{"Node_id":12151,"weight":0.27586},
{"Node_id":12152,"weight":0.01463},
{"Node_id":12156,"weight":0.11521},
{"Node_id":12158,"weight":0.26547},
{"Node_id":12166,"weight":0.36677},
{"Node_id":12174,"weight":0.122080006},
{"Node_id":12175,"weight":0.1901},
{"Node_id":12176,"weight":0.14507},
{"Node_id":12177,"weight":0.13291},
{"Node_id":12179,"weight":0.077130005},
{"Node_id":12180,"weight":0.03789},
{"Node_id":12185,"weight":0.15561},
{"Node_id":12187,"weight":0.07662},
{"Node_id":12228,"weight":0.109060004},
{"Node_id":12229,"weight":0.04583},
{"Node_id":12231,"weight":0.06745},
{"Node_id":12235,"weight":0.02189},
{"Node_id":12236,"weight":0.074870005},
{"Node_id":12237,"weight":0.13004},
{"Node_id":12240,"weight":0.17503999},
{"Node_id":12241,"weight":0.16501},
{"Node_id":12242,"weight":0.1268},
{"Node_id":12244,"weight":0.05147},
{"Node_id":12246,"weight":0.079500005},
{"Node_id":12251,"weight":0.15265},
{"Node_id":12254,"weight":0.15008},
{"Node_id":12255,"weight":0.05177},
{"Node_id":12277,"weight":0.102989994},
{"Node_id":12278,"weight":0.25079998},
{"Node_id":12280,"weight":0.19972},
{"Node_id":12281,"weight":0.1014},
{"Node_id":12282,"weight":0.21418},
{"Node_id":12284,"weight":0.32619},
{"Node_id":12286,"weight":0.07286},
{"Node_id":12295,"weight":0.18103},
{"Node_id":12302,"weight":0.21676},
{"Node_id":12304,"weight":0.15645},
{"Node_id":12306,"weight":0.15652},
{"Node_id":12543,"weight":0.16114},
{"Node_id":12544,"weight":0.20125},
{"Node_id":12547,"weight":0.022130001},
{"Node_id":12548,"weight":0.34969002},
{"Node_id":12616,"weight":0.05941},
{"Node_id":12617,"weight":0.17744},
{"Node_id":12619,"weight":0.17307},
{"Node_id":12622,"weight":0.04912},
{"Node_id":12624,"weight":0.10222},
{"Node_id":12625,"weight":0.05117},
{"Node_id":12630,"weight":0.08789},
{"Node_id":12632,"weight":0.08886},
{"Node_id":12634,"weight":0.15687},
{"Node_id":12635,"weight":0.13261},
{"Node_id":12636,"weight":0.40396},
{"Node_id":12637,"weight":0.48330003},
{"Node_id":12638,"weight":0.072909996},
{"Node_id":12643,"weight":0.16013},
{"Node_id":12649,"weight":0.34623998},
{"Node_id":12659,"weight":0.19089},
{"Node_id":12661,"weight":0.013420001},
{"Node_id":12663,"weight":0.3727},
{"Node_id":12665,"weight":0.3577},
{"Node_id":12666,"weight":0.04339},
{"Node_id":12667,"weight":0.086830005},
{"Node_id":12670,"weight":0.22646001},
{"Node_id":12671,"weight":0.065170005},
{"Node_id":12673,"weight":0.29896},
{"Node_id":12675,"weight":0.03232},
{"Node_id":12676,"weight":0.20048001},
{"Node_id":12677,"weight":0.21851},
{"Node_id":12678,"weight":0.03146},
{"Node_id":12680,"weight":0.0911},
{"Node_id":12683,"weight":0.13825001},
{"Node_id":12685,"weight":0.10658},
{"Node_id":12697,"weight":0.02615},
{"Node_id":12701,"weight":0.30458},
{"Node_id":12703,"weight":0.01595},
{"Node_id":12713,"weight":0.21577999},
{"Node_id":12715,"weight":0.059890002},
{"Node_id":12716,"weight":0.09169},
{"Node_id":12717,"weight":0.15136},
{"Node_id":12719,"weight":0.05741},
{"Node_id":12721,"weight":0.15423},
{"Node_id":12723,"weight":0.04176},
{"Node_id":12724,"weight":0.20515001},
{"Node_id":12754,"weight":0.10038},
{"Node_id":12756,"weight":0.0403},
{"Node_id":12758,"weight":0.0072},
{"Node_id":12759,"weight":0.09139},
{"Node_id":12763,"weight":0.3055},
{"Node_id":12766,"weight":0.1295},
{"Node_id":12767,"weight":0.02007},
{"Node_id":12768,"weight":0.27339},
{"Node_id":12770,"weight":0.03826},
{"Node_id":12771,"weight":0.06504},
{"Node_id":12774,"weight":0.046290003},
{"Node_id":12781,"weight":0.10423},
{"Node_id":12787,"weight":0.14403},
{"Node_id":12792,"weight":0.14908001},
{"Node_id":12794,"weight":0.20775001},
{"Node_id":12796,"weight":0.11072},
{"Node_id":12797,"weight":0.23309},
{"Node_id":12798,"weight":0.09159},
{"Node_id":12799,"weight":0.08132},
{"Node_id":12800,"weight":0.11903},
{"Node_id":12801,"weight":0.16383},
{"Node_id":12802,"weight":0.080010004},
{"Node_id":12806,"weight":0.12809},
{"Node_id":12807,"weight":0.39176},
{"Node_id":12814,"weight":0.12529},
{"Node_id":12816,"weight":0.03805},
{"Node_id":12818,"weight":0.00748},
{"Node_id":12820,"weight":0.30881},
{"Node_id":12822,"weight":0.04184},
{"Node_id":12826,"weight":0.32314},
{"Node_id":12828,"weight":0.1172},
{"Node_id":12833,"weight":0.054729998},
{"Node_id":12840,"weight":0.06081},
{"Node_id":12841,"weight":0.21665001},
{"Node_id":12845,"weight":0.07213},
{"Node_id":12846,"weight":0.56515},
{"Node_id":12849,"weight":0.1631},
{"Node_id":12871,"weight":0.03289},
{"Node_id":12872,"weight":0.100940004},
{"Node_id":12874,"weight":0.03611},
{"Node_id":12875,"weight":0.12345},
{"Node_id":12877,"weight":0.45751},
{"Node_id":12903,"weight":0.19413},
{"Node_id":12907,"weight":0.12832001},
{"Node_id":12909,"weight":0.12962},
{"Node_id":12910,"weight":0.34323},
{"Node_id":12911,"weight":0.075559996},
{"Node_id":12912,"weight":0.03068},
{"Node_id":12917,"weight":0.07773},
{"Node_id":12918,"weight":0.05262},
{"Node_id":12919,"weight":0.17105},
{"Node_id":12921,"weight":0.13334},
{"Node_id":12923,"weight":0.25297},
{"Node_id":12924,"weight":0.33138},
{"Node_id":12927,"weight":0.06857},
{"Node_id":12929,"weight":0.0130199995},
{"Node_id":12930,"weight":0.0049199997},
{"Node_id":12932,"weight":0.20515001},
{"Node_id":12934,"weight":0.026800001},
{"Node_id":12935,"weight":0.04811},
{"Node_id":12936,"weight":0.03917},
{"Node_id":12938,"weight":0.04819},
{"Node_id":12941,"weight":0.05138},
{"Node_id":12945,"weight":0.08383},
{"Node_id":12946,"weight":0.029},
{"Node_id":12947,"weight":0.7418},
{"Node_id":12951,"weight":0.10283999},
{"Node_id":12958,"weight":0.07657},
{"Node_id":12959,"weight":0.21503},
{"Node_id":12960,"weight":0.12174},
{"Node_id":12962,"weight":0.01386},
{"Node_id":12963,"weight":0.19597},
{"Node_id":12964,"weight":0.11271},
{"Node_id":12965,"weight":0.04301},
{"Node_id":12966,"weight":0.13153},
{"Node_id":12969,"weight":0.01117},
{"Node_id":12971,"weight":0.23787999},
{"Node_id":12973,"weight":0.10099},
{"Node_id":12981,"weight":0.037720002},
{"Node_id":12983,"weight":0.02908},
{"Node_id":12986,"weight":0.10038},
{"Node_id":12987,"weight":0.25079998},
{"Node_id":12993,"weight":0.08449},
{"Node_id":12998,"weight":0.18128},
{"Node_id":12999,"weight":0.04075},
{"Node_id":13000,"weight":0.03314},
{"Node_id":13001,"weight":0.15589},
{"Node_id":13002,"weight":0.05906},
{"Node_id":13003,"weight":0.30162},
{"Node_id":13110,"weight":0.16244},
{"Node_id":13113,"weight":0.02128},
{"Node_id":13115,"weight":0.11488},
{"Node_id":13117,"weight":0.21396999},
{"Node_id":13119,"weight":0.06177},
{"Node_id":13120,"weight":0.04255},
{"Node_id":13121,"weight":0.07446},
{"Node_id":13123,"weight":0.30207},
{"Node_id":13125,"weight":0.20806},
{"Node_id":13127,"weight":0.17591},
{"Node_id":13128,"weight":0.08359},
{"Node_id":13129,"weight":0.01523},
{"Node_id":13130,"weight":0.35884},
{"Node_id":13131,"weight":0.36885},
{"Node_id":13135,"weight":0.096090004},
{"Node_id":13137,"weight":0.17051001},
{"Node_id":13140,"weight":0.045950003},
{"Node_id":13141,"weight":0.27802998},
{"Node_id":13142,"weight":0.02221},
{"Node_id":13145,"weight":0.47473997},
{"Node_id":13147,"weight":0.1793},
{"Node_id":13148,"weight":0.16078},
{"Node_id":13149,"weight":0.15715},
{"Node_id":13153,"weight":0.33620998},
{"Node_id":13294,"weight":0.66441}]