[{"Node_id":2,"weight":5.5429},
{"Node_id":9,"weight":2.727},
{"Node_id":16,"weight":1.7362},
{"Node_id":17,"weight":2.1365},
{"Node_id":26,"weight":2.4937},
{"Node_id":43,"weight":1.9332},
{"Node_id":64,"weight":2.5166},
{"Node_id":69,"weight":1.7354},
{"Node_id":73,"weight":1.9915},
{"Node_id":83,"weight":3.8132},
{"Node_id":96,"weight":1.4559},
{"Node_id":99,"weight":1.5279},
{"Node_id":105,"weight":1.6179},
{"Node_id":116,"weight":1.8312},
{"Node_id":194,"weight":2.1323},
{"Node_id":224,"weight":2.4315},
{"Node_id":225,"weight":3.0162},
{"Node_id":244,"weight":1.7752},
{"Node_id":262,"weight":2.9808},
{"Node_id":267,"weight":1.6657},
{"Node_id":288,"weight":2.1312},
{"Node_id":289,"weight":2.4615},
{"Node_id":310,"weight":1.4875},
{"Node_id":318,"weight":2.2322},
{"Node_id":325,"weight":2.4966},
{"Node_id":332,"weight":2.0338},
{"Node_id":336,"weight":1.9802},
{"Node_id":337,"weight":1.7671},
{"Node_id":339,"weight":3.483},
{"Node_id":398,"weight":1.4102},
{"Node_id":399,"weight":2.806},
{"Node_id":401,"weight":1.6471},
{"Node_id":404,"weight":1.8712},
{"Node_id":493,"weight":2.9917},
{"Node_id":497,"weight":2.5684},
{"Node_id":507,"weight":2.2716},
{"Node_id":512,"weight":1.9578},
{"Node_id":566,"weight":5.3343},
{"Node_id":693,"weight":3.0343},
{"Node_id":694,"weight":2.9939},
{"Node_id":707,"weight":1.7559},
{"Node_id":709,"weight":1.4249},
{"Node_id":732,"weight":2.3737},
{"Node_id":749,"weight":1.9152},
{"Node_id":750,"weight":1.7583},
{"Node_id":773,"weight":2.1239},
{"Node_id":776,"weight":1.4134},
{"Node_id":784,"weight":5.2347},
{"Node_id":786,"weight":2.1354},
{"Node_id":792,"weight":1.8312},
{"Node_id":793,"weight":5.1794},
{"Node_id":804,"weight":1.7151},
{"Node_id":819,"weight":2.2402},
{"Node_id":825,"weight":2.4629},
{"Node_id":829,"weight":2.0446},
{"Node_id":849,"weight":1.8948},
{"Node_id":866,"weight":1.7736},
{"Node_id":879,"weight":2.3814},
{"Node_id":887,"weight":2.3686},
{"Node_id":889,"weight":1.6777},
{"Node_id":919,"weight":1.8211},
{"Node_id":937,"weight":1.9597},
{"Node_id":940,"weight":1.9746},
{"Node_id":951,"weight":5.0933},
{"Node_id":957,"weight":2.658},
{"Node_id":972,"weight":2.2587},
{"Node_id":989,"weight":4.1318},
{"Node_id":1012,"weight":1.8808},
{"Node_id":1013,"weight":2.4115},
{"Node_id":1015,"weight":1.5485},
{"Node_id":1026,"weight":3.7945},
{"Node_id":1029,"weight":2.4288},
{"Node_id":1036,"weight":1.4409},
{"Node_id":1051,"weight":2.9571},
{"Node_id":1086,"weight":2.4615},
{"Node_id":1087,"weight":4.3858},
{"Node_id":1103,"weight":2.1439},
{"Node_id":1110,"weight":3.3652},
{"Node_id":1111,"weight":2.4023},
{"Node_id":1122,"weight":2.3358},
{"Node_id":1128,"weight":1.3944},
{"Node_id":1133,"weight":1.8228},
{"Node_id":1145,"weight":2.5341},
{"Node_id":1159,"weight":3.9229},
{"Node_id":1162,"weight":3.2017},
{"Node_id":1164,"weight":1.4539},
{"Node_id":1166,"weight":2.4342},
{"Node_id":1171,"weight":4.1513},
{"Node_id":1177,"weight":6.5008},
{"Node_id":1180,"weight":3.8918},
{"Node_id":1182,"weight":1.4261},
{"Node_id":1191,"weight":2.3222},
{"Node_id":1307,"weight":2.3918},
{"Node_id":1313,"weight":2.7676},
{"Node_id":1318,"weight":1.8236},
{"Node_id":1322,"weight":1.5814},
{"Node_id":1327,"weight":1.4624},
{"Node_id":1342,"weight":3.7446},
{"Node_id":1346,"weight":4.833},
{"Node_id":1354,"weight":2.0086},
{"Node_id":1355,"weight":1.9072},
{"Node_id":1372,"weight":1.4319},
{"Node_id":1387,"weight":1.8012},
{"Node_id":1388,"weight":2.2764},
{"Node_id":1393,"weight":2.2919},
{"Node_id":1430,"weight":2.0877},
{"Node_id":1450,"weight":2.0416},
{"Node_id":1483,"weight":4.2051},
{"Node_id":1499,"weight":2.3737},
{"Node_id":1500,"weight":1.8387},
{"Node_id":1522,"weight":3.6969},
{"Node_id":1524,"weight":2.8516},
{"Node_id":1526,"weight":3.4225},
{"Node_id":1528,"weight":2.4712},
{"Node_id":1611,"weight":2.84},
{"Node_id":1612,"weight":2.6369},
{"Node_id":1613,"weight":2.231},
{"Node_id":1638,"weight":3.5999},
{"Node_id":1652,"weight":1.5541},
{"Node_id":1658,"weight":3.0786},
{"Node_id":1660,"weight":1.9523},
{"Node_id":1674,"weight":3.2733},
{"Node_id":1676,"weight":2.4601},
{"Node_id":1681,"weight":2.6194},
{"Node_id":1692,"weight":2.7166},
{"Node_id":1700,"weight":2.3185},
{"Node_id":1705,"weight":3.5845},
{"Node_id":1717,"weight":1.4077},
{"Node_id":1720,"weight":1.9523},
{"Node_id":1721,"weight":2.6645},
{"Node_id":1739,"weight":1.8021},
{"Node_id":1749,"weight":2.1557},
{"Node_id":1752,"weight":3.9335},
{"Node_id":1890,"weight":1.397},
{"Node_id":1909,"weight":3.9936},
{"Node_id":1949,"weight":2.1376},
{"Node_id":1952,"weight":2.0645},
{"Node_id":1953,"weight":2.3533},
{"Node_id":1958,"weight":2.7551},
{"Node_id":1981,"weight":4.9989},
{"Node_id":2017,"weight":2.3571},
{"Node_id":2023,"weight":1.4396},
{"Node_id":2026,"weight":4.3858},
{"Node_id":2027,"weight":2.3309},
{"Node_id":2029,"weight":3.483},
{"Node_id":2033,"weight":2.6761},
{"Node_id":2047,"weight":1.7472},
{"Node_id":2065,"weight":3.5217},
{"Node_id":2068,"weight":2.4049},
{"Node_id":2084,"weight":4.9264},
{"Node_id":2085,"weight":1.5722},
{"Node_id":2088,"weight":1.4306},
{"Node_id":2170,"weight":2.54},
{"Node_id":2173,"weight":1.4572},
{"Node_id":2175,"weight":1.8609},
{"Node_id":2176,"weight":2.9984},
{"Node_id":2197,"weight":1.9551},
{"Node_id":2223,"weight":1.6785},
{"Node_id":2232,"weight":6.0725},
{"Node_id":2240,"weight":1.8515},
{"Node_id":2256,"weight":1.9736},
{"Node_id":2259,"weight":1.6464},
{"Node_id":2272,"weight":2.5415},
{"Node_id":2273,"weight":6.5008},
{"Node_id":2300,"weight":1.5575},
{"Node_id":2308,"weight":2.3358},
{"Node_id":2309,"weight":2.3358},
{"Node_id":2333,"weight":3.4692},
{"Node_id":2337,"weight":2.9852},
{"Node_id":2424,"weight":2.2943},
{"Node_id":2433,"weight":2.7115},
{"Node_id":2441,"weight":1.4166},
{"Node_id":2444,"weight":2.5371},
{"Node_id":2479,"weight":1.917},
{"Node_id":2484,"weight":2.2883},
{"Node_id":2486,"weight":3.0644},
{"Node_id":2498,"weight":3.6233},
{"Node_id":2499,"weight":2.6194},
{"Node_id":2500,"weight":4.394},
{"Node_id":2505,"weight":2.184},
{"Node_id":2511,"weight":3.1859},
{"Node_id":2514,"weight":5.6515},
{"Node_id":2521,"weight":3.0667},
{"Node_id":2561,"weight":1.7066},
{"Node_id":2562,"weight":2.0038},
{"Node_id":2565,"weight":1.4377},
{"Node_id":2569,"weight":1.7543},
{"Node_id":2576,"weight":4.4806},
{"Node_id":2586,"weight":2.8439},
{"Node_id":2587,"weight":3.5845},
{"Node_id":2590,"weight":2.8991},
{"Node_id":2617,"weight":4.284},
{"Node_id":2623,"weight":1.4988},
{"Node_id":2698,"weight":1.7354},
{"Node_id":2699,"weight":3.0072},
{"Node_id":2707,"weight":2.5312},
{"Node_id":2717,"weight":2.5283},
{"Node_id":2746,"weight":1.6679},
{"Node_id":2754,"weight":2.8362},
{"Node_id":2767,"weight":1.5109},
{"Node_id":2778,"weight":4.0514},
{"Node_id":2779,"weight":1.6959},
{"Node_id":2791,"weight":2.375},
{"Node_id":2806,"weight":2.4356},
{"Node_id":2808,"weight":2.8154},
{"Node_id":2814,"weight":4.1711},
{"Node_id":2829,"weight":6.7242},
{"Node_id":2830,"weight":5.8061},
{"Node_id":2834,"weight":1.517},
{"Node_id":2845,"weight":1.7583},
{"Node_id":2850,"weight":2.025},
{"Node_id":2980,"weight":2.9381},
{"Node_id":2988,"weight":2.9635},
{"Node_id":2990,"weight":1.9341},
{"Node_id":2991,"weight":1.543},
{"Node_id":2994,"weight":1.686},
{"Node_id":2998,"weight":2.0241},
{"Node_id":3003,"weight":2.173},
{"Node_id":3022,"weight":2.2979},
{"Node_id":3024,"weight":2.9487},
{"Node_id":3063,"weight":1.5396},
{"Node_id":3072,"weight":2.6928},
{"Node_id":3075,"weight":2.0846},
{"Node_id":3079,"weight":1.9314},
{"Node_id":3103,"weight":1.9523},
{"Node_id":3107,"weight":2.0407},
{"Node_id":3111,"weight":1.6193},
{"Node_id":3120,"weight":1.5913},
{"Node_id":3128,"weight":3.0481},
{"Node_id":3129,"weight":2.2728},
{"Node_id":3143,"weight":1.58},
{"Node_id":3180,"weight":1.4875},
{"Node_id":3188,"weight":2.0806},
{"Node_id":3189,"weight":1.9634},
{"Node_id":3200,"weight":1.8738},
{"Node_id":3261,"weight":1.4729},
{"Node_id":3268,"weight":1.8328},
{"Node_id":3283,"weight":1.5109},
{"Node_id":3285,"weight":1.3944},
{"Node_id":3308,"weight":1.4371},
{"Node_id":3325,"weight":2.8004},
{"Node_id":3326,"weight":1.6288},
{"Node_id":3328,"weight":2.895},
{"Node_id":3341,"weight":3.8867},
{"Node_id":3352,"weight":4.6576},
{"Node_id":3369,"weight":1.4729},
{"Node_id":3372,"weight":2.7149},
{"Node_id":3373,"weight":2.16},
{"Node_id":3374,"weight":1.827},
{"Node_id":3383,"weight":1.9487},
{"Node_id":3385,"weight":1.6013},
{"Node_id":3419,"weight":2.5474},
{"Node_id":3433,"weight":2.342},
{"Node_id":3437,"weight":1.7066},
{"Node_id":3438,"weight":1.5157},
{"Node_id":3443,"weight":2.6084},
{"Node_id":3453,"weight":2.0407},
{"Node_id":3455,"weight":1.9197},
{"Node_id":3470,"weight":3.2876},
{"Node_id":3472,"weight":1.6353},
{"Node_id":3476,"weight":1.4696},
{"Node_id":3482,"weight":6.7242},
{"Node_id":3485,"weight":1.8278},
{"Node_id":3489,"weight":2.6242},
{"Node_id":3493,"weight":3.5582},
{"Node_id":3497,"weight":1.8904},
{"Node_id":3501,"weight":1.4756},
{"Node_id":3534,"weight":1.8481},
{"Node_id":3535,"weight":3.4692},
{"Node_id":3539,"weight":3.1523},
{"Node_id":3541,"weight":1.5757},
{"Node_id":3543,"weight":2.4437},
{"Node_id":3548,"weight":2.1557},
{"Node_id":3550,"weight":6.6441},
{"Node_id":3640,"weight":2.9743},
{"Node_id":3649,"weight":2.2436},
{"Node_id":3651,"weight":1.8904},
{"Node_id":3652,"weight":1.5464},
{"Node_id":3653,"weight":2.6547},
{"Node_id":3663,"weight":2.4712},
{"Node_id":3672,"weight":1.7283},
{"Node_id":3675,"weight":1.4089},
{"Node_id":3680,"weight":1.7703},
{"Node_id":3682,"weight":2.7968},
{"Node_id":3691,"weight":9.2102},
{"Node_id":3696,"weight":2.0115},
{"Node_id":3698,"weight":1.6944},
{"Node_id":3712,"weight":1.683},
{"Node_id":3726,"weight":2.5474},
{"Node_id":3729,"weight":4.3143},
{"Node_id":3773,"weight":1.6288},
{"Node_id":3803,"weight":1.4709},
{"Node_id":3822,"weight":3.2591},
{"Node_id":3832,"weight":5.1975},
{"Node_id":3833,"weight":1.7105},
{"Node_id":3835,"weight":1.7849},
{"Node_id":3842,"weight":3.0184},
{"Node_id":3843,"weight":3.8817},
{"Node_id":3844,"weight":2.2084},
{"Node_id":3871,"weight":1.712},
{"Node_id":3940,"weight":1.6921},
{"Node_id":3949,"weight":5.1975},
{"Node_id":3950,"weight":2.2979},
{"Node_id":3971,"weight":1.6929},
{"Node_id":4017,"weight":2.9896},
{"Node_id":4018,"weight":1.4901},
{"Node_id":4019,"weight":2.126},
{"Node_id":4026,"weight":2.1514},
{"Node_id":4092,"weight":3.0297},
{"Node_id":4096,"weight":1.7013},
{"Node_id":4097,"weight":2.2471},
{"Node_id":4172,"weight":3.6801},
{"Node_id":4216,"weight":3.6115},
{"Node_id":4225,"weight":1.5899},
{"Node_id":4234,"weight":2.9319},
{"Node_id":4238,"weight":4.3694},
{"Node_id":4241,"weight":1.5927},
{"Node_id":4248,"weight":8.1114},
{"Node_id":4295,"weight":2.1323},
{"Node_id":4301,"weight":2.223},
{"Node_id":4326,"weight":2.7287},
{"Node_id":4339,"weight":3.7624},
{"Node_id":4343,"weight":1.6906},
{"Node_id":4373,"weight":2.6466},
{"Node_id":4374,"weight":1.8481},
{"Node_id":4375,"weight":2.7357},
{"Node_id":4406,"weight":1.4255},
{"Node_id":4434,"weight":2.934},
{"Node_id":4435,"weight":1.9027},
{"Node_id":4451,"weight":2.3866},
{"Node_id":4455,"weight":6.264},
{"Node_id":4460,"weight":2.5806},
{"Node_id":4561,"weight":1.5561},
{"Node_id":4584,"weight":2.0605},
{"Node_id":4587,"weight":2.3408},
{"Node_id":4590,"weight":4.1448},
{"Node_id":4591,"weight":3.9713},
{"Node_id":4614,"weight":3.5922},
{"Node_id":4622,"weight":1.513},
{"Node_id":4623,"weight":1.6717},
{"Node_id":4704,"weight":1.4147},
{"Node_id":4709,"weight":2.9319},
{"Node_id":4730,"weight":2.2039},
{"Node_id":4734,"weight":1.5934},
{"Node_id":4865,"weight":3.3591},
{"Node_id":4876,"weight":1.752},
{"Node_id":4897,"weight":2.0105},
{"Node_id":4913,"weight":1.9915},
{"Node_id":4923,"weight":1.6375},
{"Node_id":4925,"weight":1.452},
{"Node_id":4929,"weight":2.0928},
{"Node_id":4954,"weight":1.3926},
{"Node_id":4957,"weight":1.4261},
{"Node_id":4959,"weight":3.4795},
{"Node_id":4986,"weight":1.4293},
{"Node_id":5018,"weight":3.5362},
{"Node_id":5078,"weight":1.7425},
{"Node_id":5118,"weight":3.2397},
{"Node_id":5134,"weight":5.5175},
{"Node_id":5135,"weight":1.4416},
{"Node_id":5181,"weight":3.0389},
{"Node_id":5191,"weight":2.2681},
{"Node_id":5195,"weight":4.6684},
{"Node_id":5213,"weight":1.9905},
{"Node_id":5214,"weight":2.4519},
{"Node_id":5215,"weight":2.6979},
{"Node_id":5221,"weight":3.2905},
{"Node_id":5234,"weight":2.274},
{"Node_id":5235,"weight":3.7226},
{"Node_id":5248,"weight":5.2159},
{"Node_id":5251,"weight":2.0735},
{"Node_id":5268,"weight":2.0328},
{"Node_id":5280,"weight":1.8965},
{"Node_id":5281,"weight":3.9388},
{"Node_id":5309,"weight":3.0809},
{"Node_id":5310,"weight":2.6482},
{"Node_id":5359,"weight":4.6053},
{"Node_id":5370,"weight":2.9133},
{"Node_id":5380,"weight":2.4895},
{"Node_id":5381,"weight":2.4629},
{"Node_id":5383,"weight":3.2963},
{"Node_id":5388,"weight":1.4533},
{"Node_id":5496,"weight":2.881},
{"Node_id":5500,"weight":3.5545},
{"Node_id":5505,"weight":4.984},
{"Node_id":5509,"weight":2.0466},
{"Node_id":5513,"weight":3.4095},
{"Node_id":5524,"weight":3.3529},
{"Node_id":5529,"weight":1.6732},
{"Node_id":5537,"weight":2.3496},
{"Node_id":5552,"weight":2.4342},
{"Node_id":5558,"weight":2.1312},
{"Node_id":5567,"weight":1.8557},
{"Node_id":5569,"weight":3.105},
{"Node_id":5600,"weight":1.6785},
{"Node_id":5616,"weight":1.4716},
{"Node_id":5634,"weight":1.7283},
{"Node_id":5641,"weight":1.8062},
{"Node_id":5656,"weight":4.226},
{"Node_id":5660,"weight":1.7128},
{"Node_id":5662,"weight":2.1218},
{"Node_id":5668,"weight":2.881},
{"Node_id":5683,"weight":3.1197},
{"Node_id":5695,"weight":1.7136},
{"Node_id":5702,"weight":4.2402},
{"Node_id":5717,"weight":2.5445},
{"Node_id":5734,"weight":3.1447},
{"Node_id":5735,"weight":1.5913},
{"Node_id":5747,"weight":1.7551},
{"Node_id":5750,"weight":2.481},
{"Node_id":5756,"weight":4.0455},
{"Node_id":5760,"weight":1.6171},
{"Node_id":5763,"weight":3.1991},
{"Node_id":5790,"weight":1.9027},
{"Node_id":5793,"weight":2.0279},
{"Node_id":5794,"weight":3.1912},
{"Node_id":5803,"weight":2.223},
{"Node_id":5806,"weight":2.7183},
{"Node_id":5820,"weight":1.9377},
{"Node_id":5831,"weight":1.5942},
{"Node_id":5832,"weight":3.3438},
{"Node_id":5833,"weight":1.8103},
{"Node_id":5848,"weight":3.3999},
{"Node_id":5858,"weight":2.0675},
{"Node_id":5865,"weight":1.6982},
{"Node_id":5866,"weight":3.0929},
{"Node_id":5871,"weight":1.5327},
{"Node_id":5890,"weight":3.5146},
{"Node_id":5896,"weight":1.45},
{"Node_id":5898,"weight":3.2591},
{"Node_id":5899,"weight":1.6717},
{"Node_id":5900,"weight":2.2028},
{"Node_id":5904,"weight":1.5956},
{"Node_id":5905,"weight":2.7339},
{"Node_id":5911,"weight":3.6595},
{"Node_id":5919,"weight":1.8738},
{"Node_id":5920,"weight":3.3317},
{"Node_id":5936,"weight":2.4235},
{"Node_id":5941,"weight":1.4559},
{"Node_id":5968,"weight":2.3185},
{"Node_id":5974,"weight":1.5218},
{"Node_id":5980,"weight":1.6792},
{"Node_id":5985,"weight":2.3853},
{"Node_id":6008,"weight":1.8236},
{"Node_id":6015,"weight":2.6962},
{"Node_id":6016,"weight":1.9643},
{"Node_id":6037,"weight":3.7669},
{"Node_id":6057,"weight":3.7945},
{"Node_id":6060,"weight":2.6811},
{"Node_id":6065,"weight":2.4937},
{"Node_id":6069,"weight":1.5218},
{"Node_id":6070,"weight":2.0959},
{"Node_id":6089,"weight":2.4657},
{"Node_id":6098,"weight":1.8178},
{"Node_id":6112,"weight":2.2425},
{"Node_id":6114,"weight":1.5779},
{"Node_id":6181,"weight":2.0715},
{"Node_id":6182,"weight":1.8712},
{"Node_id":6186,"weight":3.4624},
{"Node_id":6193,"weight":2.2196},
{"Node_id":6195,"weight":2.7931},
{"Node_id":6211,"weight":4.7474},
{"Node_id":6229,"weight":2.2883},
{"Node_id":6247,"weight":1.9496},
{"Node_id":6249,"weight":2.2859},
{"Node_id":6250,"weight":3.2507},
{"Node_id":6268,"weight":3.3714},
{"Node_id":6269,"weight":1.4598},
{"Node_id":6280,"weight":2.4275},
{"Node_id":6306,"weight":6.264},
{"Node_id":6307,"weight":1.4268},
{"Node_id":6337,"weight":2.5699},
{"Node_id":6341,"weight":1.7409},
{"Node_id":6388,"weight":1.8145},
{"Node_id":6392,"weight":1.6582},
{"Node_id":6393,"weight":2.821},
{"Node_id":6406,"weight":4.1383},
{"Node_id":6414,"weight":1.9161},
{"Node_id":6420,"weight":1.7996},
{"Node_id":6423,"weight":1.6724},
{"Node_id":6432,"weight":1.7268},
{"Node_id":6487,"weight":1.9662},
{"Node_id":6506,"weight":4.7128},
{"Node_id":6512,"weight":3.8372},
{"Node_id":6592,"weight":3.0644},
{"Node_id":6601,"weight":1.7808},
{"Node_id":6602,"weight":1.9001},
{"Node_id":6611,"weight":1.9868},
{"Node_id":6622,"weight":3.248},
{"Node_id":6629,"weight":3.2676},
{"Node_id":6630,"weight":2.8652},
{"Node_id":6637,"weight":2.102},
{"Node_id":6643,"weight":2.4601},
{"Node_id":6645,"weight":2.2871},
{"Node_id":6662,"weight":1.5743},
{"Node_id":6663,"weight":1.4077},
{"Node_id":6670,"weight":1.8103},
{"Node_id":6671,"weight":1.4217},
{"Node_id":6747,"weight":1.9359},
{"Node_id":6750,"weight":1.5361},
{"Node_id":6768,"weight":2.2517},
{"Node_id":6934,"weight":2.9257},
{"Node_id":6936,"weight":3.9124},
{"Node_id":6937,"weight":1.5645},
{"Node_id":6997,"weight":1.7679},
{"Node_id":6998,"weight":3.8867},
{"Node_id":7002,"weight":2.2611},
{"Node_id":7005,"weight":1.886},
{"Node_id":7007,"weight":1.6702},
{"Node_id":7020,"weight":4.4988},
{"Node_id":7113,"weight":2.3814},
{"Node_id":7118,"weight":2.0387},
{"Node_id":7120,"weight":1.8062},
{"Node_id":7121,"weight":1.9206},
{"Node_id":7122,"weight":1.5458},
{"Node_id":7347,"weight":1.702},
{"Node_id":7350,"weight":2.5283},
{"Node_id":7362,"weight":1.5238},
{"Node_id":7484,"weight":1.4128},
{"Node_id":7497,"weight":1.4703},
{"Node_id":7498,"weight":3.5217},
{"Node_id":7515,"weight":3.4127},
{"Node_id":7547,"weight":2.5944},
{"Node_id":7559,"weight":2.645},
{"Node_id":7560,"weight":1.6288},
{"Node_id":7609,"weight":3.5884},
{"Node_id":7615,"weight":1.6913},
{"Node_id":7700,"weight":1.5279},
{"Node_id":7707,"weight":2.1807},
{"Node_id":7713,"weight":3.8567},
{"Node_id":7734,"weight":4.5174},
{"Node_id":7747,"weight":5.989},
{"Node_id":7765,"weight":1.5885},
{"Node_id":7773,"weight":2.6498},
{"Node_id":7775,"weight":4.0106},
{"Node_id":7785,"weight":6.5699},
{"Node_id":7793,"weight":1.515},
{"Node_id":7804,"weight":2.0675},
{"Node_id":7812,"weight":2.3198},
{"Node_id":7827,"weight":2.3015},
{"Node_id":7858,"weight":2.7604},
{"Node_id":7871,"weight":2.0377},
{"Node_id":7896,"weight":1.4058},
{"Node_id":7913,"weight":2.4726},
{"Node_id":7958,"weight":2.2344},
{"Node_id":7969,"weight":1.4371},
{"Node_id":7976,"weight":2.6257},
{"Node_id":7991,"weight":2.3496},
{"Node_id":7992,"weight":5.3343},
{"Node_id":7993,"weight":1.407},
{"Node_id":8002,"weight":1.6208},
{"Node_id":8019,"weight":1.6078},
{"Node_id":8033,"weight":3.1075},
{"Node_id":8184,"weight":5.4217},
{"Node_id":8206,"weight":2.5152},
{"Node_id":8235,"weight":1.4901},
{"Node_id":8236,"weight":1.9098},
{"Node_id":8240,"weight":1.7496},
{"Node_id":8241,"weight":3.0412},
{"Node_id":8256,"weight":1.9523},
{"Node_id":8257,"weight":1.8228},
{"Node_id":8262,"weight":1.935},
{"Node_id":8265,"weight":2.0867},
{"Node_id":8273,"weight":3.8469},
{"Node_id":8288,"weight":1.6353},
{"Node_id":8299,"weight":3.7715},
{"Node_id":8310,"weight":4.1064},
{"Node_id":8321,"weight":2.576},
{"Node_id":8372,"weight":1.7198},
{"Node_id":8373,"weight":2.3247},
{"Node_id":8385,"weight":1.5906},
{"Node_id":8386,"weight":1.7914},
{"Node_id":8391,"weight":1.5464},
{"Node_id":8395,"weight":1.7496},
{"Node_id":8396,"weight":3.3808},
{"Node_id":8429,"weight":2.0938},
{"Node_id":8433,"weight":1.9792},
{"Node_id":8439,"weight":1.5231},
{"Node_id":8461,"weight":1.7276},
{"Node_id":8466,"weight":1.6936},
{"Node_id":8468,"weight":1.5096},
{"Node_id":8471,"weight":1.5361},
{"Node_id":8473,"weight":4.0337},
{"Node_id":8479,"weight":1.7687},
{"Node_id":8483,"weight":2.9614},
{"Node_id":8496,"weight":2.6194},
{"Node_id":8498,"weight":2.3508},
{"Node_id":8500,"weight":3.2233},
{"Node_id":8507,"weight":2.9277},
{"Node_id":8580,"weight":2.879},
{"Node_id":8590,"weight":3.2963},
{"Node_id":8599,"weight":2.4615},
{"Node_id":8605,"weight":1.7825},
{"Node_id":8609,"weight":2.1928},
{"Node_id":8616,"weight":2.5504},
{"Node_id":8617,"weight":2.97},
{"Node_id":8628,"weight":2.579},
{"Node_id":8639,"weight":3.6843},
{"Node_id":8650,"weight":1.5694},
{"Node_id":8656,"weight":4.0396},
{"Node_id":8667,"weight":6.4362},
{"Node_id":8672,"weight":1.5548},
{"Node_id":8681,"weight":2.4994},
{"Node_id":8685,"weight":1.6575},
{"Node_id":8687,"weight":2.6178},
{"Node_id":8689,"weight":2.5959},
{"Node_id":8694,"weight":2.4698},
{"Node_id":8718,"weight":1.4332},
{"Node_id":8720,"weight":2.0846},
{"Node_id":8724,"weight":2.6678},
{"Node_id":8734,"weight":1.407},
{"Node_id":8735,"weight":1.5708},
{"Node_id":8740,"weight":4.984},
{"Node_id":8745,"weight":1.9432},
{"Node_id":8747,"weight":2.6242},
{"Node_id":8748,"weight":3.305},
{"Node_id":8763,"weight":2.0309},
{"Node_id":8764,"weight":1.6266},
{"Node_id":8844,"weight":3.1833},
{"Node_id":8845,"weight":1.9662},
{"Node_id":8856,"weight":3.4095},
{"Node_id":8876,"weight":2.2943},
{"Node_id":8881,"weight":1.9487},
{"Node_id":8882,"weight":1.5906},
{"Node_id":8886,"weight":1.9953},
{"Node_id":8893,"weight":2.3609},
{"Node_id":8902,"weight":2.2459},
{"Node_id":8903,"weight":2.3173},
{"Node_id":8921,"weight":1.9505},
{"Node_id":8944,"weight":1.683},
{"Node_id":8946,"weight":1.7113},
{"Node_id":8976,"weight":1.9423},
{"Node_id":8977,"weight":1.6687},
{"Node_id":8995,"weight":2.2242},
{"Node_id":8996,"weight":1.4326},
{"Node_id":9012,"weight":2.4909},
{"Node_id":9023,"weight":3.3257},
{"Node_id":9047,"weight":1.5382},
{"Node_id":9049,"weight":1.9179},
{"Node_id":9052,"weight":1.5814},
{"Node_id":9058,"weight":2.1578},
{"Node_id":9070,"weight":3.3999},
{"Node_id":9074,"weight":1.9858},
{"Node_id":9083,"weight":1.4921},
{"Node_id":9095,"weight":3.0881},
{"Node_id":9096,"weight":1.575},
{"Node_id":9099,"weight":1.6193},
{"Node_id":9101,"weight":2.7839},
{"Node_id":9102,"weight":1.6921},
{"Node_id":9126,"weight":6.264},
{"Node_id":9164,"weight":3.5253},
{"Node_id":9165,"weight":1.6135},
{"Node_id":9197,"weight":3.6076},
{"Node_id":9198,"weight":1.6179},
{"Node_id":9199,"weight":2.61},
{"Node_id":9209,"weight":2.0397},
{"Node_id":9236,"weight":3.5657},
{"Node_id":9240,"weight":2.0096},
{"Node_id":9242,"weight":2.7839},
{"Node_id":9260,"weight":3.5732},
{"Node_id":9261,"weight":2.2775},
{"Node_id":9263,"weight":1.9505},
{"Node_id":9287,"weight":1.7059},
{"Node_id":9295,"weight":2.3027},
{"Node_id":9304,"weight":2.0525},
{"Node_id":9345,"weight":4.2766},
{"Node_id":9363,"weight":1.5485},
{"Node_id":9364,"weight":3.6843},
{"Node_id":9386,"weight":2.7322},
{"Node_id":9395,"weight":2.1365},
{"Node_id":9424,"weight":4.7242},
{"Node_id":9441,"weight":3.7945},
{"Node_id":9454,"weight":1.5568},
{"Node_id":9458,"weight":2.4275},
{"Node_id":9464,"weight":3.416},
{"Node_id":9465,"weight":1.5589},
{"Node_id":9510,"weight":0.1294},
{"Node_id":9511,"weight":1.2721},
{"Node_id":9512,"weight":3.2676},
{"Node_id":9517,"weight":1.4204},
{"Node_id":9518,"weight":0.4561},
{"Node_id":9525,"weight":2.5166},
{"Node_id":9533,"weight":1.6822},
{"Node_id":9558,"weight":0.7598},
{"Node_id":9584,"weight":4.0878},
{"Node_id":9591,"weight":3.7011},
{"Node_id":9604,"weight":3.429},
{"Node_id":9607,"weight":0.3437},
{"Node_id":9614,"weight":0.3602},
{"Node_id":9618,"weight":4.8988},
{"Node_id":9619,"weight":1.7535},
{"Node_id":9653,"weight":2.5195},
{"Node_id":9663,"weight":0.5849},
{"Node_id":9671,"weight":0.2408},
{"Node_id":9675,"weight":0.2884},
{"Node_id":9679,"weight":0.9714},
{"Node_id":9682,"weight":0.2745},
{"Node_id":9812,"weight":1.8379},
{"Node_id":10596,"weight":1.39},
{"Node_id":10597,"weight":2.9896},
{"Node_id":10600,"weight":1.8878},
{"Node_id":10602,"weight":2.1333},
{"Node_id":10612,"weight":1.3081},
{"Node_id":10617,"weight":0.1378},
{"Node_id":10619,"weight":2.4356},
{"Node_id":10625,"weight":0.8217},
{"Node_id":10628,"weight":0.2152},
{"Node_id":10635,"weight":5.4927},
{"Node_id":10637,"weight":0.1463},
{"Node_id":10641,"weight":1.1521},
{"Node_id":10664,"weight":1.901},
{"Node_id":10671,"weight":0.3789},
{"Node_id":10723,"weight":0.4583},
{"Node_id":10725,"weight":0.6745},
{"Node_id":10728,"weight":1.1703},
{"Node_id":10745,"weight":0.795},
{"Node_id":10749,"weight":2.6162},
{"Node_id":10754,"weight":1.5008},
{"Node_id":10777,"weight":1.0299},
{"Node_id":10778,"weight":2.508},
{"Node_id":10781,"weight":1.014},
{"Node_id":10802,"weight":2.1676},
{"Node_id":11044,"weight":1.6114},
{"Node_id":11117,"weight":0.5941},
{"Node_id":11128,"weight":0.5117},
{"Node_id":11140,"weight":1.4064},
{"Node_id":11143,"weight":4.833},
{"Node_id":11144,"weight":0.7291},
{"Node_id":11177,"weight":2.2646},
{"Node_id":11178,"weight":0.6517},
{"Node_id":11185,"weight":0.3146},
{"Node_id":11210,"weight":3.0458},
{"Node_id":11222,"weight":2.1578},
{"Node_id":11223,"weight":1.5942},
{"Node_id":11288,"weight":2.7339},
{"Node_id":11315,"weight":1.789},
{"Node_id":11317,"weight":2.3309},
{"Node_id":11335,"weight":0.9464},
{"Node_id":11336,"weight":0.0748},
{"Node_id":11360,"weight":0.2088},
{"Node_id":11362,"weight":2.401},
{"Node_id":11395,"weight":0.9455},
{"Node_id":11404,"weight":1.2345},
{"Node_id":11457,"weight":0.1523},
{"Node_id":11460,"weight":0.7773},
{"Node_id":11461,"weight":0.5262},
{"Node_id":11479,"weight":2.0645},
{"Node_id":11480,"weight":0.0324},
{"Node_id":11481,"weight":2.6385},
{"Node_id":11486,"weight":0.3917},
{"Node_id":11496,"weight":0.5066},
{"Node_id":11513,"weight":1.2174},
{"Node_id":11517,"weight":3.2178},
{"Node_id":11542,"weight":0.2908},
{"Node_id":11791,"weight":3.5884},
{"Node_id":11806,"weight":4.7474},
{"Node_id":11813,"weight":0.4934},
{"Node_id":11814,"weight":0.4243},
{"Node_id":11816,"weight":3.3621},
{"Node_id":11957,"weight":6.6441},
{"Node_id":12594,"weight":2.0105},
{"Node_id":12756,"weight":2.0183},
{"Node_id":12774,"weight":0.6522},
{"Node_id":12776,"weight":0.405},
{"Node_id":12777,"weight":0.74},
{"Node_id":12787,"weight":1.2213},
{"Node_id":12811,"weight":1.9496},
{"Node_id":12812,"weight":4.0634},
{"Node_id":12911,"weight":1.597},
{"Node_id":12919,"weight":1.6063},
{"Node_id":12923,"weight":0.7295},
{"Node_id":12942,"weight":2.5008},
{"Node_id":12972,"weight":1.0981},
{"Node_id":13071,"weight":0.3265},
{"Node_id":13077,"weight":1.1407},
{"Node_id":13156,"weight":0.4968},
{"Node_id":13159,"weight":2.4049},
{"Node_id":13179,"weight":0.3269},
{"Node_id":13182,"weight":0.3031},
{"Node_id":13183,"weight":1.9188},
{"Node_id":13184,"weight":1.2339},
{"Node_id":13190,"weight":2.321},
{"Node_id":13207,"weight":0.2424},
{"Node_id":13208,"weight":3.7357},
{"Node_id":13210,"weight":4.0694},
{"Node_id":13211,"weight":1.0094},
{"Node_id":13213,"weight":1.5984},
{"Node_id":13224,"weight":0.8944},
{"Node_id":13233,"weight":0.6821},
{"Node_id":13235,"weight":1.167},
{"Node_id":13237,"weight":0.6946},
{"Node_id":13238,"weight":2.1939},
{"Node_id":13243,"weight":0.8978},
{"Node_id":13253,"weight":1.3075},
{"Node_id":13254,"weight":1.4941},
{"Node_id":13255,"weight":0.7639},
{"Node_id":13286,"weight":1.047},
{"Node_id":13287,"weight":1.3714},
{"Node_id":13289,"weight":3.3746},
{"Node_id":13294,"weight":1.2832},
{"Node_id":13298,"weight":0.3685},
{"Node_id":13316,"weight":0.2201},
{"Node_id":13317,"weight":1.1942},
{"Node_id":13324,"weight":2.2943},
{"Node_id":13328,"weight":0.4276},
{"Node_id":13336,"weight":2.7551},
{"Node_id":13344,"weight":0.5902},
{"Node_id":13365,"weight":1.1494},
{"Node_id":13410,"weight":0.0528},
{"Node_id":13499,"weight":0.0228},
{"Node_id":13505,"weight":1.3794},
{"Node_id":13521,"weight":2.4089},
{"Node_id":13522,"weight":0.2096},
{"Node_id":13523,"weight":0.3789},
{"Node_id":13524,"weight":1.5116},
{"Node_id":13526,"weight":2.895},
{"Node_id":13776,"weight":1.6121},
{"Node_id":13779,"weight":0.6151},
{"Node_id":13784,"weight":1.119},
{"Node_id":13790,"weight":0.4515},
{"Node_id":13964,"weight":1.9625},
{"Node_id":13966,"weight":0.612},
{"Node_id":14020,"weight":2.7357},
{"Node_id":14124,"weight":0.281},
{"Node_id":14128,"weight":0.5797},
{"Node_id":14130,"weight":1.4835},
{"Node_id":14131,"weight":2.6761},
{"Node_id":14132,"weight":0.4009},
{"Node_id":14148,"weight":1.3334},
{"Node_id":14153,"weight":1.4975},
{"Node_id":14163,"weight":1.9081},
{"Node_id":14182,"weight":1.5306},
{"Node_id":14191,"weight":0.1121},
{"Node_id":14218,"weight":0.8274},
{"Node_id":14222,"weight":2.1103},
{"Node_id":14229,"weight":0.3722},
{"Node_id":14312,"weight":3.5362},
{"Node_id":14322,"weight":1.4982},
{"Node_id":14336,"weight":0.7866},
{"Node_id":14338,"weight":0.056},
{"Node_id":14408,"weight":0.8071},
{"Node_id":14409,"weight":1.7623},
{"Node_id":14456,"weight":1.9259},
{"Node_id":14526,"weight":1.9811},
{"Node_id":14527,"weight":0.1761},
{"Node_id":14531,"weight":1.4064},
{"Node_id":14539,"weight":0.4276},
{"Node_id":14544,"weight":1.9625},
{"Node_id":14545,"weight":3.5807},
{"Node_id":14549,"weight":0.3917},
{"Node_id":14586,"weight":2.887},
{"Node_id":14588,"weight":0.9926},
{"Node_id":14589,"weight":2.0436},
{"Node_id":14628,"weight":0.3084},
{"Node_id":14632,"weight":1.469},
{"Node_id":14634,"weight":0.4406},
{"Node_id":14720,"weight":0.4959},
{"Node_id":14721,"weight":0.909},
{"Node_id":14723,"weight":0.306},
{"Node_id":14736,"weight":0.5767},
{"Node_id":14761,"weight":1.6664},
{"Node_id":14934,"weight":0.9544},
{"Node_id":14935,"weight":1.6135},
{"Node_id":14936,"weight":1.5575},
{"Node_id":14940,"weight":0.1362},
{"Node_id":15745,"weight":1.9915},
{"Node_id":15754,"weight":1.1282},
{"Node_id":15766,"weight":0.4566},
{"Node_id":15773,"weight":0.8891},
{"Node_id":15778,"weight":1.9953},
{"Node_id":15790,"weight":0.7676},
{"Node_id":15891,"weight":2.6321},
{"Node_id":16068,"weight":2.2299},
{"Node_id":16080,"weight":0.1342},
{"Node_id":16085,"weight":1.6405},
{"Node_id":16097,"weight":1.3926},
{"Node_id":16098,"weight":0.3512},
{"Node_id":16099,"weight":1.0928},
{"Node_id":16102,"weight":0.7295},
{"Node_id":16111,"weight":0.8463},
{"Node_id":16119,"weight":3.5582},
{"Node_id":16125,"weight":2.3161},
{"Node_id":16130,"weight":1.1072},
{"Node_id":16131,"weight":4.119},
{"Node_id":16136,"weight":0.8703},
{"Node_id":16139,"weight":1.3633},
{"Node_id":16141,"weight":0.8449},
{"Node_id":16264,"weight":1.0585},
{"Node_id":16267,"weight":0.3146},
{"Node_id":16280,"weight":3.3652},
{"Node_id":16363,"weight":2.9508},
{"Node_id":16392,"weight":0.0324},
{"Node_id":16393,"weight":0.5417},
{"Node_id":16552,"weight":2.7166},
{"Node_id":16580,"weight":1.5541},
{"Node_id":16586,"weight":0.0304},
{"Node_id":16591,"weight":0.6098},
{"Node_id":16592,"weight":0.1298},
{"Node_id":16593,"weight":0.5447},
{"Node_id":16594,"weight":3.0095},
{"Node_id":16595,"weight":1.5069},
{"Node_id":16596,"weight":0.5511},
{"Node_id":16597,"weight":0.8799},
{"Node_id":16598,"weight":1.21},
{"Node_id":16600,"weight":4.1318},
{"Node_id":16633,"weight":0.9164},
{"Node_id":16636,"weight":0.4701},
{"Node_id":16637,"weight":0.7875},
{"Node_id":16638,"weight":0.1688},
{"Node_id":16644,"weight":0.6186},
{"Node_id":16726,"weight":0.67},
{"Node_id":16738,"weight":0.3942},
{"Node_id":16741,"weight":0.0816},
{"Node_id":16748,"weight":0.8886},
{"Node_id":16750,"weight":2.4369},
{"Node_id":16792,"weight":1.5589},
{"Node_id":16810,"weight":0.2643},
{"Node_id":16924,"weight":0.9759},
{"Node_id":16941,"weight":2.0029},
{"Node_id":16943,"weight":1.1881},
{"Node_id":17011,"weight":0.8478},
{"Node_id":17015,"weight":0.0128},
{"Node_id":17050,"weight":1.9296},
{"Node_id":17052,"weight":0.9095},
{"Node_id":17055,"weight":0.2359},
{"Node_id":17140,"weight":0.1696},
{"Node_id":17293,"weight":2.8286},
{"Node_id":17410,"weight":0.6673},
{"Node_id":17414,"weight":0.403},
{"Node_id":17507,"weight":0.2112},
{"Node_id":17508,"weight":0.4912},
{"Node_id":17510,"weight":0.1914},
{"Node_id":17517,"weight":0.359},
{"Node_id":17523,"weight":0.8511},
{"Node_id":17558,"weight":0.465},
{"Node_id":17609,"weight":0.4201},
{"Node_id":17612,"weight":2.1611},
{"Node_id":17613,"weight":1.2517},
{"Node_id":17620,"weight":1.5022},
{"Node_id":17653,"weight":1.4975},
{"Node_id":17660,"weight":0.2562},
{"Node_id":17662,"weight":1.3141},
{"Node_id":17680,"weight":5.077},
{"Node_id":17692,"weight":0.3673},
{"Node_id":17819,"weight":0.1254},
{"Node_id":17883,"weight":0.6278},
{"Node_id":18084,"weight":0.0384},
{"Node_id":18085,"weight":1.2465},
{"Node_id":18102,"weight":0.8397},
{"Node_id":18104,"weight":0.9351},
{"Node_id":18109,"weight":0.5706},
{"Node_id":18218,"weight":0.6897},
{"Node_id":18226,"weight":0.9296},
{"Node_id":18236,"weight":3.2397},
{"Node_id":18464,"weight":2.8172},
{"Node_id":18702,"weight":1.7623},
{"Node_id":18753,"weight":0.9455},
{"Node_id":18763,"weight":2.5898},
{"Node_id":18769,"weight":0.8378},
{"Node_id":18814,"weight":0.4561},
{"Node_id":18821,"weight":2.2955},
{"Node_id":18841,"weight":1.4598},
{"Node_id":18884,"weight":0.1515},
{"Node_id":18888,"weight":6.2126},
{"Node_id":18930,"weight":5.5689},
{"Node_id":19127,"weight":2.0695},
{"Node_id":19128,"weight":2.7931},
{"Node_id":19176,"weight":0.3252},
{"Node_id":19193,"weight":1.6464},
{"Node_id":19396,"weight":0.0937},
{"Node_id":19397,"weight":0.8001},
{"Node_id":19404,"weight":0.2896},
{"Node_id":19410,"weight":0.1487},
{"Node_id":19419,"weight":0.9639},
{"Node_id":19423,"weight":0.3084},
{"Node_id":19480,"weight":0.1688},
{"Node_id":19481,"weight":1.2633},
{"Node_id":19521,"weight":0.3162},
{"Node_id":19526,"weight":0.398},
{"Node_id":19528,"weight":0.0604},
{"Node_id":19820,"weight":1.7647},
{"Node_id":19827,"weight":2.3027},
{"Node_id":19892,"weight":0.1991},
{"Node_id":19895,"weight":1.7955},
{"Node_id":19902,"weight":0.2047},
{"Node_id":19916,"weight":1.4052},
{"Node_id":20288,"weight":0.1294},
{"Node_id":20362,"weight":2.4195},
{"Node_id":20568,"weight":0.4276},
{"Node_id":20589,"weight":4.4108},
{"Node_id":20609,"weight":1.5589},
{"Node_id":20619,"weight":0.0184},
{"Node_id":20631,"weight":0.3269},
{"Node_id":20992,"weight":3.0072},
{"Node_id":20998,"weight":1.7417},
{"Node_id":21003,"weight":5.5689},
{"Node_id":21004,"weight":2.1239},
{"Node_id":21012,"weight":0.0857},
{"Node_id":21017,"weight":0.4934},
{"Node_id":21028,"weight":1.9487},
{"Node_id":21031,"weight":1.7816},
{"Node_id":21033,"weight":1.2236},
{"Node_id":21071,"weight":0.826},
{"Node_id":21084,"weight":1.7036},
{"Node_id":21085,"weight":0.6041},
{"Node_id":21087,"weight":0.1688},
{"Node_id":21593,"weight":0.4188},
{"Node_id":21629,"weight":0.7254},
{"Node_id":21635,"weight":2.6744},
{"Node_id":21636,"weight":1.8203},
{"Node_id":21639,"weight":0.3926},
{"Node_id":21644,"weight":2.2883},
{"Node_id":21651,"weight":1.0382},
{"Node_id":21712,"weight":4.3297},
{"Node_id":21718,"weight":0.0668},
{"Node_id":21723,"weight":0.9997},
{"Node_id":21729,"weight":2.7427},
{"Node_id":21745,"weight":1.246},
{"Node_id":21750,"weight":0.2533},
{"Node_id":21760,"weight":0.3602},
{"Node_id":21766,"weight":1.9792},
{"Node_id":21773,"weight":0.8236},
{"Node_id":21774,"weight":0.65},
{"Node_id":21781,"weight":0.078},
{"Node_id":21788,"weight":1.5793},
{"Node_id":21804,"weight":1.2305},
{"Node_id":21824,"weight":0.018},
{"Node_id":21827,"weight":0.3043},
{"Node_id":21844,"weight":0.2733},
{"Node_id":21845,"weight":2.0289},
{"Node_id":21862,"weight":1.7059},
{"Node_id":21888,"weight":1.6353},
{"Node_id":21908,"weight":0.1527},
{"Node_id":21917,"weight":1.7719},
{"Node_id":21919,"weight":1.4204},
{"Node_id":21920,"weight":0.5357},
{"Node_id":21925,"weight":1.7535},
{"Node_id":21935,"weight":1.793},
{"Node_id":21950,"weight":1.3291},
{"Node_id":22018,"weight":0.5762},
{"Node_id":22027,"weight":0.5309},
{"Node_id":22032,"weight":0.7676},
{"Node_id":22045,"weight":0.1886},
{"Node_id":22054,"weight":0.9509},
{"Node_id":22078,"weight":1.3584},
{"Node_id":22110,"weight":1.3757},
{"Node_id":22117,"weight":0.5451},
{"Node_id":22123,"weight":1.6545},
{"Node_id":22126,"weight":1.6687},
{"Node_id":22137,"weight":0.1338},
{"Node_id":22152,"weight":0.1882},
{"Node_id":22166,"weight":0.2859},
{"Node_id":22167,"weight":1.3523},
{"Node_id":22210,"weight":1.2674},
{"Node_id":22250,"weight":0.7833},
{"Node_id":22253,"weight":1.2797},
{"Node_id":22261,"weight":0.5503},
{"Node_id":22265,"weight":1.2733},
{"Node_id":22268,"weight":0.8597},
{"Node_id":22277,"weight":0.7829},
{"Node_id":22278,"weight":0.8583},
{"Node_id":22372,"weight":0.2737},
{"Node_id":22374,"weight":0.2428},
{"Node_id":22376,"weight":0.5632},
{"Node_id":22382,"weight":0.2888},
{"Node_id":22384,"weight":1.3907},
{"Node_id":22441,"weight":0.8156},
{"Node_id":22459,"weight":0.3031},
{"Node_id":22464,"weight":0.3113},
{"Node_id":22477,"weight":1.1271},
{"Node_id":22482,"weight":3.5999},
{"Node_id":22495,"weight":0.2298},
{"Node_id":22510,"weight":2.5609},
{"Node_id":22518,"weight":0.1825},
{"Node_id":22524,"weight":6.2126},
{"Node_id":22525,"weight":0.0268},
{"Node_id":22532,"weight":1.5382},
{"Node_id":22533,"weight":0.6186},
{"Node_id":22624,"weight":2.8458},
{"Node_id":22625,"weight":0.0684},
{"Node_id":22629,"weight":0.6323},
{"Node_id":22663,"weight":1.359},
{"Node_id":22702,"weight":0.8659},
{"Node_id":22710,"weight":0.8231},
{"Node_id":22741,"weight":0.3285},
{"Node_id":22752,"weight":4.1383},
{"Node_id":22754,"weight":2.1525},
{"Node_id":22770,"weight":1.275},
{"Node_id":22790,"weight":0.2651},
{"Node_id":22813,"weight":0.3693},
{"Node_id":22831,"weight":2.3648},
{"Node_id":22841,"weight":1.607},
{"Node_id":22851,"weight":2.4533},
{"Node_id":22902,"weight":2.6305},
{"Node_id":23043,"weight":0.4009},
{"Node_id":23044,"weight":1.8721},
{"Node_id":23161,"weight":1.3419},
{"Node_id":23222,"weight":2.1072},
{"Node_id":23226,"weight":0.8454},
{"Node_id":23228,"weight":0.591},
{"Node_id":23237,"weight":1.1781},
{"Node_id":23241,"weight":0.3129},
{"Node_id":23244,"weight":0.3574},
{"Node_id":23245,"weight":6.1171},
{"Node_id":23266,"weight":0.2578},
{"Node_id":23270,"weight":2.3635},
{"Node_id":23306,"weight":0.5464},
{"Node_id":23319,"weight":1.7174},
{"Node_id":23352,"weight":2.0969},
{"Node_id":23413,"weight":1.7947},
{"Node_id":23418,"weight":1.9774},
{"Node_id":23420,"weight":2.0058},
{"Node_id":23499,"weight":2.4574},
{"Node_id":23501,"weight":1.3028},
{"Node_id":23521,"weight":1.1836},
{"Node_id":23549,"weight":2.0775},
{"Node_id":23552,"weight":0.216},
{"Node_id":23644,"weight":1.0758},
{"Node_id":23806,"weight":0.038},
{"Node_id":23838,"weight":0.5027},
{"Node_id":23847,"weight":2.2242},
{"Node_id":23848,"weight":1.9792},
{"Node_id":23877,"weight":0.0436},
{"Node_id":23933,"weight":0.7662},
{"Node_id":23942,"weight":0.34},
{"Node_id":23956,"weight":1.8549},
{"Node_id":23960,"weight":0.1559},
{"Node_id":23963,"weight":1.5389},
{"Node_id":23964,"weight":1.9089},
{"Node_id":23984,"weight":1.1072},
{"Node_id":23985,"weight":5.9496},
{"Node_id":23990,"weight":0.3897},
{"Node_id":23991,"weight":0.8886},
{"Node_id":23992,"weight":0.8473},
{"Node_id":24003,"weight":1.133},
{"Node_id":24018,"weight":1.9615},
{"Node_id":24020,"weight":1.5409},
{"Node_id":24022,"weight":0.2921},
{"Node_id":24023,"weight":2.0826},
{"Node_id":24024,"weight":2.0183},
{"Node_id":24027,"weight":1.1532},
{"Node_id":24033,"weight":1.9699},
{"Node_id":24043,"weight":1.6709},
{"Node_id":24059,"weight":3.6885},
{"Node_id":24068,"weight":0.9242},
{"Node_id":24073,"weight":3.6194},
{"Node_id":24102,"weight":0.1402},
{"Node_id":24106,"weight":0.9941},
{"Node_id":24107,"weight":0.8973},
{"Node_id":24108,"weight":0.2424},
{"Node_id":24113,"weight":1.3046},
{"Node_id":24114,"weight":2.8305},
{"Node_id":24122,"weight":4.0755},
{"Node_id":24136,"weight":1.9277},
{"Node_id":24143,"weight":0.8161},
{"Node_id":24223,"weight":0.0977},
{"Node_id":24226,"weight":1.2055},
{"Node_id":24228,"weight":1.334},
{"Node_id":24241,"weight":0.3764},
{"Node_id":24254,"weight":1.6967},
{"Node_id":24255,"weight":0.6897},
{"Node_id":24266,"weight":2.0446},
{"Node_id":24282,"weight":0.3822},
{"Node_id":24283,"weight":1.1615},
{"Node_id":24287,"weight":1.0606},
{"Node_id":24338,"weight":0.0072},
{"Node_id":24361,"weight":0.7414},
{"Node_id":24365,"weight":0.2896},
{"Node_id":24373,"weight":0.0628},
{"Node_id":24379,"weight":0.1089},
{"Node_id":24410,"weight":0.9455},
{"Node_id":24411,"weight":3.4127},
{"Node_id":24413,"weight":1.0975},
{"Node_id":24427,"weight":3.7624},
{"Node_id":24428,"weight":2.4451},
{"Node_id":24552,"weight":2.1051},
{"Node_id":24558,"weight":1.9161},
{"Node_id":24701,"weight":0.6437},
{"Node_id":24702,"weight":1.4995},
{"Node_id":24715,"weight":0.1053},
{"Node_id":24738,"weight":0.5147},
{"Node_id":24763,"weight":8.0E-4},
{"Node_id":24780,"weight":4.299},
{"Node_id":24789,"weight":0.5266},
{"Node_id":24792,"weight":0.7792},
{"Node_id":24802,"weight":0.6177},
{"Node_id":24827,"weight":3.2452},
{"Node_id":24840,"weight":1.4835},
{"Node_id":24847,"weight":0.1322},
{"Node_id":24857,"weight":8.0E-4},
{"Node_id":24895,"weight":3.1498},
{"Node_id":24904,"weight":2.5137},
{"Node_id":24914,"weight":1.0413},
{"Node_id":24927,"weight":0.2136},
{"Node_id":24930,"weight":5.7414},
{"Node_id":24947,"weight":1.9699},
{"Node_id":25033,"weight":0.3838},
{"Node_id":25063,"weight":0.0957},
{"Node_id":25064,"weight":0.9987},
{"Node_id":25083,"weight":0.5585},
{"Node_id":25101,"weight":3.4192},
{"Node_id":25106,"weight":0.6686},
{"Node_id":25127,"weight":2.9257},
{"Node_id":25128,"weight":0.1523},
{"Node_id":25149,"weight":0.1728},
{"Node_id":25157,"weight":0.939},
{"Node_id":25164,"weight":0.4142},
{"Node_id":25171,"weight":0.2615},
{"Node_id":25175,"weight":0.6292},
{"Node_id":25176,"weight":0.5645},
{"Node_id":25178,"weight":0.3921},
{"Node_id":25242,"weight":0.1603},
{"Node_id":25243,"weight":5.3136},
{"Node_id":25245,"weight":1.2231},
{"Node_id":25248,"weight":0.1583},
{"Node_id":25341,"weight":0.3023},
{"Node_id":25345,"weight":0.7437},
{"Node_id":25355,"weight":0.3421},
{"Node_id":25360,"weight":1.5341},
{"Node_id":25414,"weight":0.7978},
{"Node_id":25541,"weight":1.879},
{"Node_id":25555,"weight":0.5382},
{"Node_id":25557,"weight":0.5589},
{"Node_id":25580,"weight":2.1676},
{"Node_id":25597,"weight":0.3524},
{"Node_id":25598,"weight":0.8421},
{"Node_id":25621,"weight":1.3957},
{"Node_id":25624,"weight":0.0728},
{"Node_id":25632,"weight":1.7703},
{"Node_id":25634,"weight":0.3129},
{"Node_id":25640,"weight":0.3528},
{"Node_id":25641,"weight":0.9017},
{"Node_id":25652,"weight":0.2436},
{"Node_id":25667,"weight":0.8564},
{"Node_id":25673,"weight":0.7132},
{"Node_id":25677,"weight":2.0241},
{"Node_id":25697,"weight":3.7226},
{"Node_id":25714,"weight":0.1495},
{"Node_id":25727,"weight":1.7881},
{"Node_id":25735,"weight":0.7195},
{"Node_id":25737,"weight":0.3417},
{"Node_id":25785,"weight":3.2424},
{"Node_id":25788,"weight":2.1376},
{"Node_id":25799,"weight":2.2448},
{"Node_id":25805,"weight":0.4017},
{"Node_id":25820,"weight":2.6629},
{"Node_id":25837,"weight":0.0792},
{"Node_id":25860,"weight":3.1781},
{"Node_id":25861,"weight":2.6178},
{"Node_id":25863,"weight":1.1201},
{"Node_id":25874,"weight":0.0588},
{"Node_id":25877,"weight":0.9739},
{"Node_id":25884,"weight":0.3421},
{"Node_id":25899,"weight":0.4595},
{"Node_id":25934,"weight":0.9684},
{"Node_id":25935,"weight":0.6767},
{"Node_id":25951,"weight":1.1276},
{"Node_id":25958,"weight":0.3992},
{"Node_id":25959,"weight":0.068},
{"Node_id":25970,"weight":0.21},
{"Node_id":25976,"weight":0.0925},
{"Node_id":25981,"weight":1.3498},
{"Node_id":25993,"weight":2.9277},
{"Node_id":26007,"weight":0.5387},
{"Node_id":26010,"weight":0.2233},
{"Node_id":26012,"weight":1.3401},
{"Node_id":26014,"weight":0.3006},
{"Node_id":26019,"weight":1.8498},
{"Node_id":26025,"weight":5.3555},
{"Node_id":26028,"weight":1.1396},
{"Node_id":26030,"weight":1.2832},
{"Node_id":26039,"weight":0.2713},
{"Node_id":26155,"weight":2.0289},
{"Node_id":26161,"weight":4.0279},
{"Node_id":26166,"weight":0.4836},
{"Node_id":26170,"weight":3.1859},
{"Node_id":26175,"weight":1.6605},
{"Node_id":26194,"weight":0.5576},
{"Node_id":26202,"weight":0.8264},
{"Node_id":26203,"weight":0.0404},
{"Node_id":26220,"weight":0.6771},
{"Node_id":26235,"weight":0.2395},
{"Node_id":26236,"weight":1.2674},
{"Node_id":26241,"weight":0.3084},
{"Node_id":26278,"weight":0.4785},
{"Node_id":26298,"weight":0.6825},
{"Node_id":26331,"weight":1.6288},
{"Node_id":26347,"weight":3.9124},
{"Node_id":26348,"weight":0.9134},
{"Node_id":26370,"weight":0.4372},
{"Node_id":26372,"weight":2.7029},
{"Node_id":26374,"weight":1.4848},
{"Node_id":26376,"weight":2.0144},
{"Node_id":26476,"weight":0.0488},
{"Node_id":26477,"weight":0.7005},
{"Node_id":26478,"weight":4.1914},
{"Node_id":26503,"weight":1.2196},
{"Node_id":26517,"weight":0.9395},
{"Node_id":26523,"weight":2.3358},
{"Node_id":26525,"weight":1.8773},
{"Node_id":26539,"weight":1.807},
{"Node_id":26541,"weight":0.2436},
{"Node_id":26546,"weight":0.4431},
{"Node_id":26557,"weight":0.8621},
{"Node_id":26565,"weight":1.8054},
{"Node_id":26570,"weight":3.6801},
{"Node_id":26582,"weight":0.0532},
{"Node_id":26585,"weight":2.6273},
{"Node_id":26586,"weight":2.1},
{"Node_id":26604,"weight":2.3699},
{"Node_id":26614,"weight":0.3698},
{"Node_id":26617,"weight":2.1218},
{"Node_id":26755,"weight":0.3433},
{"Node_id":26774,"weight":2.7803},
{"Node_id":26814,"weight":0.9654},
{"Node_id":26817,"weight":0.7913},
{"Node_id":26818,"weight":1.3615},
{"Node_id":26823,"weight":1.7504},
{"Node_id":26846,"weight":1.893},
{"Node_id":26882,"weight":0.7913},
{"Node_id":26888,"weight":0.3545},
{"Node_id":26891,"weight":0.4908},
{"Node_id":26892,"weight":2.31},
{"Node_id":26894,"weight":0.2286},
{"Node_id":26898,"weight":0.5671},
{"Node_id":26912,"weight":0.1966},
{"Node_id":26930,"weight":2.4181},
{"Node_id":26933,"weight":1.5293},
{"Node_id":26949,"weight":1.7488},
{"Node_id":26950,"weight":0.0084},
{"Node_id":26953,"weight":2.9423},
{"Node_id":27035,"weight":0.2205},
{"Node_id":27038,"weight":0.2761},
{"Node_id":27040,"weight":2.8191},
{"Node_id":27041,"weight":1.8635},
{"Node_id":27062,"weight":0.864},
{"Node_id":27088,"weight":0.9291},
{"Node_id":27097,"weight":1.7728},
{"Node_id":27105,"weight":0.3483},
{"Node_id":27121,"weight":0.0897},
{"Node_id":27124,"weight":1.2768},
{"Node_id":27137,"weight":0.2063},
{"Node_id":27138,"weight":0.5958},
{"Node_id":27165,"weight":0.0456},
{"Node_id":27173,"weight":0.4976},
{"Node_id":27174,"weight":3.6595},
{"Node_id":27198,"weight":1.227},
{"Node_id":27202,"weight":0.7423},
{"Node_id":27289,"weight":0.9754},
{"Node_id":27298,"weight":3.2452},
{"Node_id":27306,"weight":1.6339},
{"Node_id":27309,"weight":1.1758},
{"Node_id":27344,"weight":1.0361},
{"Node_id":27349,"weight":0.0512},
{"Node_id":27351,"weight":0.0668},
{"Node_id":27363,"weight":1.1959},
{"Node_id":27364,"weight":0.7501},
{"Node_id":27365,"weight":1.6792},
{"Node_id":27370,"weight":3.0458},
{"Node_id":27376,"weight":2.0105},
{"Node_id":27379,"weight":0.8607},
{"Node_id":27386,"weight":0.4989},
{"Node_id":27426,"weight":1.4868},
{"Node_id":27427,"weight":0.7437},
{"Node_id":27430,"weight":1.0859},
{"Node_id":27434,"weight":0.9926},
{"Node_id":27441,"weight":1.6456},
{"Node_id":27451,"weight":0.5546},
{"Node_id":27452,"weight":0.4326},
{"Node_id":27455,"weight":1.2333},
{"Node_id":27482,"weight":1.3291},
{"Node_id":27488,"weight":0.3698},
{"Node_id":27572,"weight":2.1873},
{"Node_id":27573,"weight":2.887},
{"Node_id":27581,"weight":0.7019},
{"Node_id":27591,"weight":1.2077},
{"Node_id":27620,"weight":0.2957},
{"Node_id":27628,"weight":1.3081},
{"Node_id":27641,"weight":0.4528},
{"Node_id":27652,"weight":0.388},
{"Node_id":27653,"weight":1.0965},
{"Node_id":27665,"weight":1.3431},
{"Node_id":27680,"weight":1.2402},
{"Node_id":27682,"weight":0.3955},
{"Node_id":27688,"weight":1.8464},
{"Node_id":27703,"weight":0.3768},
{"Node_id":27704,"weight":0.6491},
{"Node_id":27708,"weight":0.7037},
{"Node_id":27720,"weight":0.3347},
{"Node_id":27725,"weight":0.8712},
{"Node_id":27865,"weight":0.1672},
{"Node_id":27873,"weight":1.1115},
{"Node_id":27875,"weight":1.6295},
{"Node_id":27876,"weight":2.3801},
{"Node_id":27879,"weight":4.9693},
{"Node_id":27883,"weight":0.6296},
{"Node_id":27888,"weight":1.6792},
{"Node_id":27907,"weight":0.6068},
{"Node_id":27909,"weight":1.1456},
{"Node_id":27948,"weight":3.1124},
{"Node_id":27957,"weight":2.3088},
{"Node_id":27960,"weight":1.0611},
{"Node_id":27964,"weight":0.3934},
{"Node_id":27988,"weight":0.1045},
{"Node_id":27992,"weight":0.024},
{"Node_id":27996,"weight":1.3517},
{"Node_id":28005,"weight":1.5701},
{"Node_id":28013,"weight":3.3871},
{"Node_id":28014,"weight":0.3859},
{"Node_id":28028,"weight":0.1825},
{"Node_id":28065,"weight":0.1009},
{"Node_id":28073,"weight":0.4234},
{"Node_id":28074,"weight":2.0212},
{"Node_id":28085,"weight":1.0335},
{"Node_id":28153,"weight":3.0275},
{"Node_id":28160,"weight":0.4608},
{"Node_id":28175,"weight":1.0559},
{"Node_id":28177,"weight":1.4526},
{"Node_id":28200,"weight":0.8959},
{"Node_id":28217,"weight":0.322},
{"Node_id":28218,"weight":0.6857},
{"Node_id":28233,"weight":0.3101},
{"Node_id":28244,"weight":0.1398},
{"Node_id":28261,"weight":0.0973},
{"Node_id":28264,"weight":0.1555},
{"Node_id":28265,"weight":0.5958},
{"Node_id":28266,"weight":1.8303},
{"Node_id":28275,"weight":1.1593},
{"Node_id":28277,"weight":0.0304},
{"Node_id":28311,"weight":0.8368},
{"Node_id":28325,"weight":0.6486},
{"Node_id":28329,"weight":1.9081},
{"Node_id":28330,"weight":0.0444},
{"Node_id":28335,"weight":2.1873},
{"Node_id":28345,"weight":0.8368},
{"Node_id":28347,"weight":3.384},
{"Node_id":28362,"weight":1.1077},
{"Node_id":28364,"weight":4.1254},
{"Node_id":28374,"weight":2.6811},
{"Node_id":28377,"weight":2.658},
{"Node_id":28381,"weight":1.0058},
{"Node_id":28385,"weight":2.7201},
{"Node_id":28389,"weight":0.2343},
{"Node_id":28393,"weight":3.6273},
{"Node_id":28426,"weight":1.7252},
{"Node_id":28427,"weight":0.8804},
{"Node_id":28431,"weight":1.1093},
{"Node_id":28433,"weight":1.4749},
{"Node_id":28435,"weight":0.4192},
{"Node_id":28440,"weight":1.854},
{"Node_id":28442,"weight":4.1383},
{"Node_id":28532,"weight":1.372},
{"Node_id":28541,"weight":0.1294},
{"Node_id":28543,"weight":0.9479},
{"Node_id":28544,"weight":1.2791},
{"Node_id":28545,"weight":0.3594},
{"Node_id":28555,"weight":1.9643},
{"Node_id":28564,"weight":0.5736},
{"Node_id":28567,"weight":1.5458},
{"Node_id":28572,"weight":3.3079},
{"Node_id":28574,"weight":1.9915},
{"Node_id":28583,"weight":0.3549},
{"Node_id":28588,"weight":0.0612},
{"Node_id":28590,"weight":0.1402},
{"Node_id":28604,"weight":0.0608},
{"Node_id":28618,"weight":1.3963},
{"Node_id":28621,"weight":0.4811},
{"Node_id":28696,"weight":1.0299},
{"Node_id":28715,"weight":1.8228},
{"Node_id":28725,"weight":1.2779},
{"Node_id":28726,"weight":1.0997},
{"Node_id":28728,"weight":2.5913},
{"Node_id":28735,"weight":3.3621},
{"Node_id":28736,"weight":0.5057},
{"Node_id":28737,"weight":0.1765},
{"Node_id":28766,"weight":1.7988},
{"Node_id":28835,"weight":0.9499},
{"Node_id":28844,"weight":1.9386},
{"Node_id":28845,"weight":0.6794},
{"Node_id":28866,"weight":1.1472},
{"Node_id":28913,"weight":1.5645},
{"Node_id":28914,"weight":1.6709},
{"Node_id":28915,"weight":2.936},
{"Node_id":28922,"weight":1.126},
{"Node_id":28988,"weight":2.0436},
{"Node_id":28992,"weight":4.4806},
{"Node_id":28993,"weight":1.5382},
{"Node_id":29073,"weight":2.3395},
{"Node_id":29117,"weight":0.2164},
{"Node_id":29126,"weight":1.8617},
{"Node_id":29135,"weight":0.1849},
{"Node_id":29139,"weight":1.0125},
{"Node_id":29142,"weight":3.5289},
{"Node_id":29149,"weight":1.2821},
{"Node_id":29196,"weight":1.9496},
{"Node_id":29202,"weight":0.6345},
{"Node_id":29227,"weight":0.3897},
{"Node_id":29240,"weight":0.0296},
{"Node_id":29244,"weight":0.0604},
{"Node_id":29274,"weight":0.8993},
{"Node_id":29275,"weight":1.5389},
{"Node_id":29276,"weight":1.1061},
{"Node_id":29307,"weight":1.812},
{"Node_id":29335,"weight":1.5055},
{"Node_id":29336,"weight":0.5684},
{"Node_id":29352,"weight":0.5976},
{"Node_id":29356,"weight":2.806},
{"Node_id":29361,"weight":0.5142},
{"Node_id":29462,"weight":1.2202},
{"Node_id":29485,"weight":0.1978},
{"Node_id":29488,"weight":1.0253},
{"Node_id":29491,"weight":0.5473},
{"Node_id":29492,"weight":0.3388},
{"Node_id":29515,"weight":1.7393},
{"Node_id":29523,"weight":1.793},
{"Node_id":29524,"weight":1.4955},
{"Node_id":29605,"weight":0.6424},
{"Node_id":29610,"weight":1.6142},
{"Node_id":29631,"weight":1.3111},
{"Node_id":29635,"weight":2.8731},
{"Node_id":29778,"weight":0.6727},
{"Node_id":29789,"weight":1.3237},
{"Node_id":29826,"weight":1.6664},
{"Node_id":29836,"weight":1.5793},
{"Node_id":29838,"weight":0.6655},
{"Node_id":29842,"weight":2.481},
{"Node_id":29867,"weight":1.3123},
{"Node_id":29870,"weight":2.6695},
{"Node_id":29872,"weight":1.0548},
{"Node_id":29899,"weight":1.4921},
{"Node_id":29991,"weight":0.7727},
{"Node_id":30031,"weight":1.5673},
{"Node_id":30047,"weight":0.3508},
{"Node_id":30048,"weight":0.8949},
{"Node_id":30094,"weight":1.2622},
{"Node_id":30108,"weight":1.4855},
{"Node_id":30126,"weight":0.3822},
{"Node_id":30127,"weight":1.4677},
{"Node_id":30128,"weight":2.4036},
{"Node_id":30134,"weight":1.0742},
{"Node_id":30147,"weight":2.0959},
{"Node_id":30148,"weight":2.4262},
{"Node_id":30161,"weight":0.0444},
{"Node_id":30164,"weight":0.0384},
{"Node_id":30181,"weight":1.712},
{"Node_id":30193,"weight":1.0832},
{"Node_id":30194,"weight":0.2929},
{"Node_id":30222,"weight":0.6212},
{"Node_id":30223,"weight":0.7657},
{"Node_id":30272,"weight":1.5279},
{"Node_id":30283,"weight":0.7309},
{"Node_id":30293,"weight":0.4503},
{"Node_id":30294,"weight":0.988},
{"Node_id":30296,"weight":1.8695},
{"Node_id":30301,"weight":0.9286},
{"Node_id":30418,"weight":0.1041},
{"Node_id":30423,"weight":0.8349},
{"Node_id":30427,"weight":1.1494},
{"Node_id":30431,"weight":0.3006},
{"Node_id":30447,"weight":1.1527},
{"Node_id":30455,"weight":1.6694},
{"Node_id":30470,"weight":1.1061},
{"Node_id":30476,"weight":1.5814},
{"Node_id":30485,"weight":2.4036},
{"Node_id":30487,"weight":0.8109},
{"Node_id":30518,"weight":4.6259},
{"Node_id":30534,"weight":1.9606},
{"Node_id":30552,"weight":1.6434},
{"Node_id":30559,"weight":1.5849},
{"Node_id":30574,"weight":0.7359},
{"Node_id":30578,"weight":0.8274},
{"Node_id":30580,"weight":1.6368},
{"Node_id":30586,"weight":0.2696},
{"Node_id":30601,"weight":0.4151},
{"Node_id":30613,"weight":2.0725},
{"Node_id":30620,"weight":0.8128},
{"Node_id":30635,"weight":1.4546},
{"Node_id":30652,"weight":0.498},
{"Node_id":30653,"weight":1.812},
{"Node_id":30665,"weight":0.0096},
{"Node_id":30668,"weight":2.7515},
{"Node_id":30674,"weight":0.5477},
{"Node_id":30678,"weight":2.6037},
{"Node_id":30681,"weight":0.5976},
{"Node_id":30708,"weight":0.4781},
{"Node_id":30711,"weight":0.0684},
{"Node_id":30712,"weight":3.1002},
{"Node_id":30721,"weight":0.5963},
{"Node_id":30724,"weight":2.599},
{"Node_id":30738,"weight":1.4723},
{"Node_id":30749,"weight":1.6288},
{"Node_id":30750,"weight":0.2225},
{"Node_id":30751,"weight":2.6037},
{"Node_id":30766,"weight":3.8085},
{"Node_id":30776,"weight":0.227},
{"Node_id":30783,"weight":0.0632},
{"Node_id":30784,"weight":1.9671},
{"Node_id":30789,"weight":0.2322},
{"Node_id":30808,"weight":0.8876},
{"Node_id":30814,"weight":2.2208},
{"Node_id":30816,"weight":0.8435},
{"Node_id":30817,"weight":0.2023},
{"Node_id":30818,"weight":2.4574},
{"Node_id":30822,"weight":1.9625},
{"Node_id":30823,"weight":1.2593},
{"Node_id":30829,"weight":0.4469},
{"Node_id":30837,"weight":3.0252},
{"Node_id":30838,"weight":0.3901},
{"Node_id":30854,"weight":1.2373},
{"Node_id":30859,"weight":1.1803},
{"Node_id":30886,"weight":0.6384},
{"Node_id":30892,"weight":0.7182},
{"Node_id":30898,"weight":1.9423},
{"Node_id":30903,"weight":1.8886},
{"Node_id":30926,"weight":0.3491},
{"Node_id":30933,"weight":1.8345},
{"Node_id":30934,"weight":0.8387},
{"Node_id":30955,"weight":1.7599},
{"Node_id":30975,"weight":2.5327},
{"Node_id":30978,"weight":0.6646},
{"Node_id":30983,"weight":2.3996},
{"Node_id":30987,"weight":1.0779},
{"Node_id":30988,"weight":2.1461},
{"Node_id":31007,"weight":1.4795},
{"Node_id":31016,"weight":7.2637},
{"Node_id":31030,"weight":0.6155},
{"Node_id":31032,"weight":1.0553},
{"Node_id":31099,"weight":0.9679},
{"Node_id":31100,"weight":2.6194},
{"Node_id":31104,"weight":0.0584},
{"Node_id":31111,"weight":0.3178},
{"Node_id":31113,"weight":5.0141},
{"Node_id":31129,"weight":0.8397},
{"Node_id":31147,"weight":0.4515},
{"Node_id":31165,"weight":1.7174},
{"Node_id":31167,"weight":0.2027},
{"Node_id":31168,"weight":1.5617},
{"Node_id":31186,"weight":1.6501},
{"Node_id":31187,"weight":0.7236},
{"Node_id":31198,"weight":0.9901},
{"Node_id":31224,"weight":0.1294},
{"Node_id":31225,"weight":0.4722},
{"Node_id":31255,"weight":2.9195},
{"Node_id":31259,"weight":0.9425},
{"Node_id":31306,"weight":0.9559},
{"Node_id":31310,"weight":0.8968},
{"Node_id":31311,"weight":3.0389},
{"Node_id":31324,"weight":3.3377},
{"Node_id":31332,"weight":0.7552},
{"Node_id":31338,"weight":1.3334},
{"Node_id":31341,"weight":0.6794},
{"Node_id":31350,"weight":0.4815},
{"Node_id":31405,"weight":0.8137},
{"Node_id":31424,"weight":0.4658},
{"Node_id":31430,"weight":1.0507},
{"Node_id":31510,"weight":0.4217},
{"Node_id":31519,"weight":1.5701},
{"Node_id":31520,"weight":1.0212},
{"Node_id":31529,"weight":0.623},
{"Node_id":31540,"weight":1.1195},
{"Node_id":31547,"weight":2.2835},
{"Node_id":31548,"weight":1.0716},
{"Node_id":31555,"weight":0.0664},
{"Node_id":31561,"weight":1.0885},
{"Node_id":31563,"weight":0.6274},
{"Node_id":31580,"weight":1.719},
{"Node_id":31581,"weight":0.4705},
{"Node_id":31588,"weight":1.6815},
{"Node_id":31589,"weight":1.4507},
{"Node_id":31676,"weight":0.0997},
{"Node_id":31679,"weight":3.1574},
{"Node_id":31884,"weight":2.1113},
{"Node_id":31888,"weight":1.0094},
{"Node_id":31890,"weight":2.1983},
{"Node_id":31891,"weight":2.0575},
{"Node_id":31954,"weight":0.7547},
{"Node_id":31955,"weight":2.1418},
{"Node_id":31959,"weight":0.3413},
{"Node_id":31962,"weight":0.036},
{"Node_id":31964,"weight":1.7671},
{"Node_id":31977,"weight":0.674},
{"Node_id":32070,"weight":3.0252},
{"Node_id":32077,"weight":0.7001},
{"Node_id":32078,"weight":1.9634},
{"Node_id":32079,"weight":1.8523},
{"Node_id":32307,"weight":0.4929},
{"Node_id":32310,"weight":0.7055},
{"Node_id":32322,"weight":1.3267},
{"Node_id":32467,"weight":1.1141},
{"Node_id":32468,"weight":0.3285},
{"Node_id":32485,"weight":2.3571},
{"Node_id":32517,"weight":2.0125},
{"Node_id":32529,"weight":1.7792},
{"Node_id":32530,"weight":1.7472},
{"Node_id":32584,"weight":1.104},
{"Node_id":32590,"weight":0.6812},
{"Node_id":32679,"weight":2.6194},
{"Node_id":32686,"weight":0.2978},
{"Node_id":32692,"weight":1.6702},
{"Node_id":32713,"weight":1.3237},
{"Node_id":32726,"weight":2.8079},
{"Node_id":32744,"weight":0.8847},
{"Node_id":32752,"weight":0.6464},
{"Node_id":32754,"weight":0.5023},
{"Node_id":32764,"weight":1.6346},
{"Node_id":32772,"weight":0.6482},
{"Node_id":32783,"weight":0.5524},
{"Node_id":32791,"weight":1.0501},
{"Node_id":32806,"weight":1.5722},
{"Node_id":32837,"weight":0.3988},
{"Node_id":32850,"weight":3.6473},
{"Node_id":32875,"weight":2.8305},
{"Node_id":32892,"weight":0.5572},
{"Node_id":32937,"weight":0.3011},
{"Node_id":32948,"weight":2.579},
{"Node_id":32955,"weight":1.686},
{"Node_id":32970,"weight":0.0456},
{"Node_id":32971,"weight":1.8236},
{"Node_id":32972,"weight":3.7226},
{"Node_id":32981,"weight":1.9487},
{"Node_id":32998,"weight":1.7323},
{"Node_id":33012,"weight":2.6844},
{"Node_id":33163,"weight":0.164},
{"Node_id":33185,"weight":2.4994},
{"Node_id":33214,"weight":1.8712},
{"Node_id":33215,"weight":2.2541},
{"Node_id":33219,"weight":2.5415},
{"Node_id":33220,"weight":0.046},
{"Node_id":33235,"weight":0.5292},
{"Node_id":33236,"weight":1.8464},
{"Node_id":33241,"weight":0.0072},
{"Node_id":33244,"weight":0.4739},
{"Node_id":33252,"weight":3.9713},
{"Node_id":33267,"weight":0.2088},
{"Node_id":33278,"weight":4.322},
{"Node_id":33300,"weight":0.8698},
{"Node_id":33351,"weight":0.1358},
{"Node_id":33352,"weight":0.7386},
{"Node_id":33364,"weight":3.0738},
{"Node_id":33365,"weight":0.8669},
{"Node_id":33370,"weight":3.577},
{"Node_id":33374,"weight":0.4055},
{"Node_id":33375,"weight":0.066},
{"Node_id":33408,"weight":0.0869},
{"Node_id":33412,"weight":0.6024},
{"Node_id":33418,"weight":1.5136},
{"Node_id":33440,"weight":1.1965},
{"Node_id":33445,"weight":0.0596},
{"Node_id":33450,"weight":0.9584},
{"Node_id":33452,"weight":2.9381},
{"Node_id":33458,"weight":2.3737},
{"Node_id":33462,"weight":0.3508},
{"Node_id":33475,"weight":0.5279},
{"Node_id":33477,"weight":0.1161},
{"Node_id":33479,"weight":1.6679},
{"Node_id":33486,"weight":1.6967},
{"Node_id":33570,"weight":1.3646},
{"Node_id":33580,"weight":1.3566},
{"Node_id":33589,"weight":0.2708},
{"Node_id":33595,"weight":1.1396},
{"Node_id":33599,"weight":2.3853},
{"Node_id":33606,"weight":0.5645},
{"Node_id":33607,"weight":1.0864},
{"Node_id":33618,"weight":2.1461},
{"Node_id":33629,"weight":0.0024},
{"Node_id":33640,"weight":0.028},
{"Node_id":33646,"weight":2.0212},
{"Node_id":33657,"weight":0.8905},
{"Node_id":33662,"weight":0.4025},
{"Node_id":33671,"weight":2.0928},
{"Node_id":33675,"weight":2.481},
{"Node_id":33679,"weight":2.1407},
{"Node_id":33684,"weight":0.7318},
{"Node_id":33708,"weight":1.2546},
{"Node_id":33710,"weight":1.1314},
{"Node_id":33714,"weight":0.0468},
{"Node_id":33724,"weight":2.1239},
{"Node_id":33725,"weight":0.5305},
{"Node_id":33730,"weight":2.0675},
{"Node_id":33735,"weight":0.1125},
{"Node_id":33737,"weight":7.8236},
{"Node_id":33738,"weight":1.4868},
{"Node_id":33753,"weight":3.1523},
{"Node_id":33754,"weight":1.8295},
{"Node_id":33834,"weight":1.4507},
{"Node_id":33835,"weight":2.2599},
{"Node_id":33846,"weight":0.9435},
{"Node_id":33866,"weight":0.5871},
{"Node_id":33871,"weight":0.1069},
{"Node_id":33872,"weight":0.3388},
{"Node_id":33876,"weight":0.4929},
{"Node_id":33883,"weight":2.6979},
{"Node_id":33892,"weight":0.51},
{"Node_id":33893,"weight":1.3243},
{"Node_id":33911,"weight":0.1869},
{"Node_id":33934,"weight":1.5949},
{"Node_id":33936,"weight":4.5458},
{"Node_id":33966,"weight":0.6758},
{"Node_id":33967,"weight":1.7417},
{"Node_id":33985,"weight":0.4667},
{"Node_id":33986,"weight":1.1478},
{"Node_id":34002,"weight":2.441},
{"Node_id":34013,"weight":0.9714},
{"Node_id":34037,"weight":2.2764},
{"Node_id":34039,"weight":0.2011},
{"Node_id":34042,"weight":0.6924},
{"Node_id":34048,"weight":0.9654},
{"Node_id":34060,"weight":0.2245},
{"Node_id":34064,"weight":0.5976},
{"Node_id":34073,"weight":1.1742},
{"Node_id":34085,"weight":0.1053},
{"Node_id":34086,"weight":2.5152},
{"Node_id":34089,"weight":0.9346},
{"Node_id":34091,"weight":0.1358},
{"Node_id":34092,"weight":0.7708},
{"Node_id":34116,"weight":0.4398},
{"Node_id":34154,"weight":1.3944},
{"Node_id":34155,"weight":0.3109},
{"Node_id":34187,"weight":0.8194},
{"Node_id":34188,"weight":1.2779},
{"Node_id":34189,"weight":0.2197},
{"Node_id":34199,"weight":1.6434},
{"Node_id":34226,"weight":0.1346},
{"Node_id":34230,"weight":1.4604},
{"Node_id":34232,"weight":2.645},
{"Node_id":34250,"weight":1.3304},
{"Node_id":34251,"weight":1.2191},
{"Node_id":34253,"weight":2.4315},
{"Node_id":34277,"weight":0.6248},
{"Node_id":34285,"weight":1.2915},
{"Node_id":34294,"weight":3.3652},
{"Node_id":34335,"weight":0.3503},
{"Node_id":34353,"weight":2.2344},
{"Node_id":34354,"weight":1.3177},
{"Node_id":34376,"weight":1.1842},
{"Node_id":34385,"weight":0.5749},
{"Node_id":34414,"weight":1.9072},
{"Node_id":34431,"weight":7.6004},
{"Node_id":34444,"weight":4.394},
{"Node_id":34448,"weight":2.6744},
{"Node_id":34454,"weight":0.619},
{"Node_id":34455,"weight":0.5322},
{"Node_id":52198,"weight":1.9214},
{"Node_id":52202,"weight":2.184},
{"Node_id":52203,"weight":3.483},
{"Node_id":52204,"weight":2.2799},
{"Node_id":52207,"weight":2.5051},
{"Node_id":52209,"weight":2.3015},
{"Node_id":52210,"weight":2.2634},
{"Node_id":52217,"weight":1.4319},
{"Node_id":52225,"weight":1.6936},
{"Node_id":52250,"weight":1.5736},
{"Node_id":52277,"weight":2.4866},
{"Node_id":52284,"weight":1.744},
{"Node_id":52291,"weight":2.5852},
{"Node_id":52297,"weight":1.3976},
{"Node_id":52298,"weight":1.5513},
{"Node_id":52300,"weight":1.5492},
{"Node_id":52307,"weight":1.8421},
{"Node_id":52311,"weight":2.001},
{"Node_id":52312,"weight":1.6353},
{"Node_id":52345,"weight":2.1928},
{"Node_id":52355,"weight":1.5764},
{"Node_id":52363,"weight":4.2766},
{"Node_id":52367,"weight":5.2159},
{"Node_id":52371,"weight":1.5666},
{"Node_id":52374,"weight":1.866},
{"Node_id":52505,"weight":3.3227},
{"Node_id":53021,"weight":2.0887},
{"Node_id":53260,"weight":2.2196},
{"Node_id":53264,"weight":3.9549},
{"Node_id":53265,"weight":1.4474},
{"Node_id":53268,"weight":1.7433},
{"Node_id":53270,"weight":2.3866},
{"Node_id":53280,"weight":2.3433},
{"Node_id":53284,"weight":2.5519},
{"Node_id":53286,"weight":2.3648},
{"Node_id":53292,"weight":5.2933},
{"Node_id":53295,"weight":1.9305},
{"Node_id":53300,"weight":2.3271},
{"Node_id":53302,"weight":4.6469},
{"Node_id":53304,"weight":3.4523},
{"Node_id":53308,"weight":1.6142},
{"Node_id":53331,"weight":3.6677},
{"Node_id":53338,"weight":3.1173},
{"Node_id":53342,"weight":2.9786},
{"Node_id":53390,"weight":3.7852},
{"Node_id":53392,"weight":2.1218},
{"Node_id":53395,"weight":5.9496},
{"Node_id":53412,"weight":1.4261},
{"Node_id":53416,"weight":1.4815},
{"Node_id":53421,"weight":2.579},
{"Node_id":53441,"weight":2.2494},
{"Node_id":53442,"weight":2.5669},
{"Node_id":53445,"weight":2.3371},
{"Node_id":53464,"weight":1.4855},
{"Node_id":53469,"weight":1.6777},
{"Node_id":53706,"weight":5.4217},
{"Node_id":53770,"weight":5.045},
{"Node_id":53781,"weight":3.7401},
{"Node_id":53793,"weight":1.4881},
{"Node_id":53796,"weight":2.0575},
{"Node_id":53797,"weight":1.7922},
{"Node_id":53830,"weight":3.0978},
{"Node_id":53831,"weight":3.8132},
{"Node_id":53838,"weight":3.0644},
{"Node_id":53863,"weight":2.8381},
{"Node_id":53875,"weight":2.6337},
{"Node_id":53876,"weight":1.5485},
{"Node_id":53920,"weight":1.4782},
{"Node_id":53941,"weight":2.1928},
{"Node_id":53968,"weight":3.4356},
{"Node_id":53970,"weight":3.2507},
{"Node_id":53988,"weight":2.6466},
{"Node_id":53989,"weight":2.1796},
{"Node_id":54014,"weight":2.6321},
{"Node_id":54048,"weight":2.1514},
{"Node_id":54057,"weight":2.2084},
{"Node_id":54101,"weight":2.1239},
{"Node_id":54110,"weight":1.7089},
{"Node_id":54113,"weight":3.3871},
{"Node_id":54114,"weight":2.9277},
{"Node_id":54133,"weight":1.5109},
{"Node_id":54134,"weight":2.4519},
{"Node_id":54135,"weight":1.7105},
{"Node_id":54140,"weight":2.7586},
{"Node_id":54150,"weight":2.0565},
{"Node_id":54167,"weight":1.6754},
{"Node_id":54171,"weight":2.1155},
{"Node_id":54196,"weight":1.5999},
{"Node_id":54298,"weight":1.3907},
{"Node_id":54306,"weight":4.9548},
{"Node_id":54442,"weight":1.6523},
{"Node_id":54457,"weight":1.6627},
{"Node_id":54464,"weight":1.6982},
{"Node_id":54465,"weight":2.4505},
{"Node_id":54467,"weight":1.7825},
{"Node_id":54604,"weight":1.6186},
{"Node_id":55213,"weight":1.9746},
{"Node_id":55351,"weight":1.6612},
{"Node_id":55369,"weight":1.5892},
{"Node_id":55371,"weight":1.7377},
{"Node_id":55372,"weight":2.3321},
{"Node_id":55382,"weight":2.5609},
{"Node_id":55406,"weight":1.5022},
{"Node_id":55407,"weight":2.5066},
{"Node_id":55501,"weight":8.1114},
{"Node_id":55509,"weight":2.0959},
{"Node_id":55513,"weight":3.8372},
{"Node_id":55532,"weight":2.1031},
{"Node_id":55562,"weight":1.7151},
{"Node_id":55657,"weight":2.6482},
{"Node_id":55663,"weight":1.9468},
{"Node_id":55742,"weight":2.9808},
{"Node_id":55745,"weight":1.6792},
{"Node_id":55755,"weight":1.659},
{"Node_id":55765,"weight":1.5652},
{"Node_id":55766,"weight":2.6945},
{"Node_id":55768,"weight":1.5715},
{"Node_id":55769,"weight":1.4723},
{"Node_id":55770,"weight":3.0435},
{"Node_id":55776,"weight":1.4822},
{"Node_id":55778,"weight":2.0436},
{"Node_id":55793,"weight":1.6906},
{"Node_id":55794,"weight":1.7736},
{"Node_id":55796,"weight":2.7857},
{"Node_id":55797,"weight":2.3546},
{"Node_id":55799,"weight":4.0694},
{"Node_id":55810,"weight":2.3648},
{"Node_id":55811,"weight":3.596},
{"Node_id":55819,"weight":2.3395},
{"Node_id":55821,"weight":2.4588},
{"Node_id":55823,"weight":2.8652},
{"Node_id":55824,"weight":1.5062},
{"Node_id":55829,"weight":1.776},
{"Node_id":55832,"weight":1.6974},
{"Node_id":55839,"weight":2.6563},
{"Node_id":55840,"weight":1.6486},
{"Node_id":55841,"weight":1.9332},
{"Node_id":55872,"weight":1.5035},
{"Node_id":55873,"weight":1.3882},
{"Node_id":55875,"weight":3.3652},
{"Node_id":55880,"weight":1.3988},
{"Node_id":55884,"weight":4.1002},
{"Node_id":55902,"weight":1.752},
{"Node_id":55903,"weight":3.0252},
{"Node_id":55910,"weight":2.2242},
{"Node_id":55914,"weight":2.0745},
{"Node_id":55922,"weight":5.2347},
{"Node_id":55930,"weight":3.1859},
{"Node_id":55951,"weight":3.2342},
{"Node_id":55996,"weight":2.0918},
{"Node_id":55997,"weight":4.8588},
{"Node_id":56084,"weight":1.9241},
{"Node_id":56090,"weight":1.8532},
{"Node_id":56106,"weight":1.4474},
{"Node_id":56107,"weight":3.0229},
{"Node_id":56109,"weight":1.5218},
{"Node_id":56345,"weight":1.8957},
{"Node_id":56348,"weight":4.1914},
{"Node_id":56353,"weight":5.0294},
{"Node_id":56359,"weight":1.5218},
{"Node_id":56530,"weight":1.6762},
{"Node_id":56532,"weight":3.0389},
{"Node_id":56579,"weight":1.7448},
{"Node_id":56585,"weight":1.5828},
{"Node_id":56688,"weight":2.9917},
{"Node_id":56692,"weight":1.9811},
{"Node_id":56694,"weight":1.5771},
{"Node_id":56695,"weight":1.8062},
{"Node_id":56696,"weight":2.0125},
{"Node_id":56712,"weight":1.7535},
{"Node_id":56717,"weight":1.8379},
{"Node_id":56727,"weight":1.3869},
{"Node_id":56746,"weight":1.3882},
{"Node_id":56755,"weight":2.9381},
{"Node_id":56782,"weight":3.2905},
{"Node_id":56783,"weight":1.901},
{"Node_id":56786,"weight":7.8236},
{"Node_id":56793,"weight":1.4915},
{"Node_id":56876,"weight":2.8248},
{"Node_id":56886,"weight":1.9783},
{"Node_id":56887,"weight":1.6508},
{"Node_id":56900,"weight":1.414},
{"Node_id":56902,"weight":2.0318},
{"Node_id":56968,"weight":2.5371},
{"Node_id":56969,"weight":1.414},
{"Node_id":57016,"weight":1.8111},
{"Node_id":57075,"weight":1.5143},
{"Node_id":57076,"weight":1.8203},
{"Node_id":57080,"weight":4.8588},
{"Node_id":57088,"weight":3.248},
{"Node_id":57093,"weight":1.5568},
{"Node_id":57094,"weight":1.6361},
{"Node_id":57098,"weight":7.1301},
{"Node_id":57135,"weight":3.5732},
{"Node_id":57137,"weight":2.9962},
{"Node_id":57138,"weight":2.3198},
{"Node_id":57177,"weight":4.2915},
{"Node_id":57181,"weight":2.1884},
{"Node_id":57183,"weight":3.4761},
{"Node_id":57267,"weight":2.9195},
{"Node_id":57268,"weight":1.7728},
{"Node_id":57270,"weight":1.7504},
{"Node_id":57283,"weight":3.5657},
{"Node_id":57304,"weight":4.3066},
{"Node_id":57308,"weight":1.8245},
{"Node_id":57468,"weight":1.8295},
{"Node_id":57469,"weight":2.4698},
{"Node_id":57470,"weight":1.9305},
{"Node_id":57474,"weight":1.6244},
{"Node_id":58215,"weight":1.7881},
{"Node_id":58224,"weight":4.6363},
{"Node_id":58236,"weight":1.4481},
{"Node_id":58243,"weight":1.9296},
{"Node_id":58248,"weight":1.5757},
{"Node_id":58260,"weight":2.1796},
{"Node_id":58358,"weight":4.5653},
{"Node_id":58513,"weight":1.699},
{"Node_id":58525,"weight":2.8496},
{"Node_id":58530,"weight":1.4513},
{"Node_id":58541,"weight":2.8535},
{"Node_id":58542,"weight":2.1972},
{"Node_id":58543,"weight":2.3609},
{"Node_id":58546,"weight":4.9264},
{"Node_id":58549,"weight":2.4909},
{"Node_id":58554,"weight":2.1493},
{"Node_id":58562,"weight":1.587},
{"Node_id":58568,"weight":1.7906},
{"Node_id":58573,"weight":1.5136},
{"Node_id":58574,"weight":3.7806},
{"Node_id":58579,"weight":1.9287},
{"Node_id":58582,"weight":1.9305},
{"Node_id":58584,"weight":2.2967},
{"Node_id":58705,"weight":3.9936},
{"Node_id":58708,"weight":1.9386},
{"Node_id":58720,"weight":2.2402},
{"Node_id":58800,"weight":2.0887},
{"Node_id":58822,"weight":1.6013},
{"Node_id":58823,"weight":2.2705},
{"Node_id":58833,"weight":2.3559},
{"Node_id":58954,"weight":4.6053},
{"Node_id":58980,"weight":1.5878},
{"Node_id":58986,"weight":2.0836},
{"Node_id":58991,"weight":2.4262},
{"Node_id":58994,"weight":2.4089},
{"Node_id":58995,"weight":3.1247},
{"Node_id":59030,"weight":1.6383},
{"Node_id":59031,"weight":1.4808},
{"Node_id":59033,"weight":4.9989},
{"Node_id":59034,"weight":1.6672},
{"Node_id":59035,"weight":2.7115},
{"Node_id":59039,"weight":1.6694},
{"Node_id":59041,"weight":1.86},
{"Node_id":59123,"weight":1.8103},
{"Node_id":59135,"weight":3.7991},
{"Node_id":59138,"weight":1.8913},
{"Node_id":59145,"weight":3.1807},
{"Node_id":59147,"weight":3.0095},
{"Node_id":59153,"weight":2.5745},
{"Node_id":59185,"weight":2.879},
{"Node_id":59189,"weight":1.5849},
{"Node_id":59207,"weight":1.8087},
{"Node_id":59211,"weight":3.1148},
{"Node_id":59321,"weight":5.6232},
{"Node_id":59338,"weight":2.0318},
{"Node_id":59340,"weight":2.0918},
{"Node_id":59402,"weight":2.8116},
{"Node_id":59406,"weight":2.5181},
{"Node_id":59441,"weight":1.5506},
{"Node_id":59443,"weight":2.5474},
{"Node_id":59446,"weight":3.9441},
{"Node_id":59531,"weight":2.8613},
{"Node_id":59675,"weight":1.7005},
{"Node_id":59732,"weight":3.005},
{"Node_id":59791,"weight":1.9551},
{"Node_id":59795,"weight":1.6936},
{"Node_id":59797,"weight":2.1376},
{"Node_id":59880,"weight":2.1983},
{"Node_id":59881,"weight":1.5666},
{"Node_id":59883,"weight":1.886},
{"Node_id":59890,"weight":2.6596},
{"Node_id":59893,"weight":1.5123},
{"Node_id":59896,"weight":2.1407},
{"Node_id":59931,"weight":3.449},
{"Node_id":59982,"weight":1.6434},
{"Node_id":59985,"weight":2.0067},
{"Node_id":59986,"weight":2.0019},
{"Node_id":59993,"weight":2.9465},
{"Node_id":60018,"weight":1.4736},
{"Node_id":60025,"weight":2.6037},
{"Node_id":60028,"weight":4.9989},
{"Node_id":60032,"weight":2.8633},
{"Node_id":60034,"weight":2.2196},
{"Node_id":60052,"weight":1.7575},
{"Node_id":60064,"weight":1.6523},
{"Node_id":60188,"weight":1.9395},
{"Node_id":60252,"weight":2.521},
{"Node_id":60316,"weight":1.9597},
{"Node_id":60446,"weight":2.7046},
{"Node_id":60452,"weight":2.5609},
{"Node_id":60453,"weight":2.4049},
{"Node_id":60470,"weight":3.0762},
{"Node_id":60472,"weight":1.683},
{"Node_id":60477,"weight":1.4709},
{"Node_id":60586,"weight":5.11},
{"Node_id":60594,"weight":1.6657},
{"Node_id":60604,"weight":3.3903},
{"Node_id":60788,"weight":2.9962},
{"Node_id":61026,"weight":2.6979},
{"Node_id":61075,"weight":2.3763},
{"Node_id":61077,"weight":3.3347},
{"Node_id":61085,"weight":2.5579},
{"Node_id":61087,"weight":1.4396},
{"Node_id":61093,"weight":1.7213},
{"Node_id":61138,"weight":1.9551},
{"Node_id":61145,"weight":1.3888},
{"Node_id":61165,"weight":2.0555},
{"Node_id":61208,"weight":1.568},
{"Node_id":61212,"weight":1.5589},
{"Node_id":61251,"weight":2.9529},
{"Node_id":61253,"weight":4.0221},
{"Node_id":61445,"weight":2.5283},
{"Node_id":61446,"weight":2.5459},
{"Node_id":61493,"weight":1.8421},
{"Node_id":61510,"weight":2.7115},
{"Node_id":61700,"weight":2.2764},
{"Node_id":61703,"weight":2.0525},
{"Node_id":61704,"weight":3.0481},
{"Node_id":61711,"weight":2.4505},
{"Node_id":61714,"weight":5.0141},
{"Node_id":61717,"weight":2.0565},
{"Node_id":61726,"weight":1.4565},
{"Node_id":61730,"weight":1.5548},
{"Node_id":61787,"weight":1.7097},
{"Node_id":61788,"weight":1.5701},
{"Node_id":61828,"weight":3.4899},
{"Node_id":61833,"weight":3.0435},
{"Node_id":61835,"weight":4.2766},
{"Node_id":62090,"weight":3.1885},
{"Node_id":62097,"weight":4.5555},
{"Node_id":62162,"weight":1.8413},
{"Node_id":62165,"weight":1.9036},
{"Node_id":62172,"weight":2.3088},
{"Node_id":62179,"weight":2.0202},
{"Node_id":62186,"weight":4.8458},
{"Node_id":62196,"weight":2.342},
{"Node_id":62322,"weight":3.0275},
{"Node_id":62571,"weight":3.4523},
{"Node_id":62632,"weight":2.3546},
{"Node_id":62836,"weight":1.4435},
{"Node_id":62857,"weight":2.4505},
{"Node_id":62866,"weight":2.0675},
{"Node_id":62877,"weight":4.3694},
{"Node_id":62887,"weight":1.607},
{"Node_id":62899,"weight":2.7287},
{"Node_id":63254,"weight":4.4451},
{"Node_id":63260,"weight":2.6531},
{"Node_id":63265,"weight":1.6361},
{"Node_id":63266,"weight":4.7832},
{"Node_id":63274,"weight":1.8721},
{"Node_id":63279,"weight":1.6853},
{"Node_id":63290,"weight":3.0343},
{"Node_id":63293,"weight":1.6891},
{"Node_id":63295,"weight":1.6049},
{"Node_id":63333,"weight":3.0006},
{"Node_id":63346,"weight":2.0846},
{"Node_id":63347,"weight":3.8227},
{"Node_id":63349,"weight":1.8808},
{"Node_id":63605,"weight":1.8054},
{"Node_id":63839,"weight":4.6903},
{"Node_id":63875,"weight":2.6645},
{"Node_id":63881,"weight":2.0096},
{"Node_id":63882,"weight":1.628},
{"Node_id":63885,"weight":3.1124},
{"Node_id":63890,"weight":1.5842},
{"Node_id":63897,"weight":2.8135},
{"Node_id":63950,"weight":1.6114},
{"Node_id":63958,"weight":1.4364},
{"Node_id":63964,"weight":2.1589},
{"Node_id":63969,"weight":2.8362},
{"Node_id":63975,"weight":2.3622},
{"Node_id":63991,"weight":1.4083},
{"Node_id":63996,"weight":2.7392},
{"Node_id":64006,"weight":2.0},
{"Node_id":64012,"weight":2.1302},
{"Node_id":64019,"weight":1.7089},
{"Node_id":64020,"weight":1.4948},
{"Node_id":64027,"weight":2.3827},
{"Node_id":64034,"weight":2.5549},
{"Node_id":64050,"weight":2.6962},
{"Node_id":64067,"weight":3.0905},
{"Node_id":64070,"weight":2.2669},
{"Node_id":64073,"weight":9.2102},
{"Node_id":64090,"weight":2.4643},
{"Node_id":64091,"weight":1.467},
{"Node_id":64093,"weight":2.8362},
{"Node_id":64097,"weight":1.8532},
{"Node_id":64108,"weight":1.9143},
{"Node_id":64114,"weight":1.6906},
{"Node_id":64134,"weight":3.5398},
{"Node_id":64138,"weight":3.4258},
{"Node_id":64154,"weight":2.2967},
{"Node_id":64159,"weight":4.6576},
{"Node_id":64163,"weight":3.1124},
{"Node_id":64165,"weight":1.9839},
{"Node_id":64166,"weight":1.4736},
{"Node_id":64171,"weight":1.6553},
{"Node_id":64181,"weight":3.1197},
{"Node_id":64196,"weight":1.8764},
{"Node_id":64200,"weight":2.6777},
{"Node_id":64269,"weight":1.8438},
{"Node_id":64274,"weight":1.7865},
{"Node_id":64287,"weight":1.3951},
{"Node_id":64296,"weight":5.0933},
{"Node_id":64320,"weight":1.4617},
{"Node_id":64326,"weight":1.4941},
{"Node_id":64352,"weight":1.4045},
{"Node_id":64359,"weight":4.2692},
{"Node_id":64365,"weight":2.0289},
{"Node_id":64368,"weight":2.5714},
{"Node_id":64379,"weight":2.5944},
{"Node_id":64394,"weight":3.6312},
{"Node_id":64408,"weight":1.5835},
{"Node_id":64409,"weight":1.6215},
{"Node_id":64452,"weight":1.9072},
{"Node_id":64486,"weight":1.4455},
{"Node_id":64489,"weight":1.7857},
{"Node_id":64497,"weight":1.6515},
{"Node_id":64501,"weight":2.3521},
{"Node_id":64504,"weight":1.8455},
{"Node_id":64513,"weight":2.0309},
{"Node_id":64514,"weight":1.6171},
{"Node_id":64608,"weight":1.7307},
{"Node_id":64610,"weight":2.4195},
{"Node_id":64612,"weight":6.8113},
{"Node_id":64618,"weight":1.8515},
{"Node_id":64620,"weight":2.6995},
{"Node_id":64677,"weight":2.0605},
{"Node_id":64695,"weight":1.5211},
{"Node_id":64700,"weight":2.3259},
{"Node_id":64713,"weight":2.8477},
{"Node_id":64718,"weight":2.9508},
{"Node_id":64722,"weight":2.0},
{"Node_id":64731,"weight":2.8023},
{"Node_id":64746,"weight":2.2425},
{"Node_id":64754,"weight":1.4166},
{"Node_id":64760,"weight":1.7906},
{"Node_id":64761,"weight":1.5555},
{"Node_id":64768,"weight":2.2095},
{"Node_id":64769,"weight":1.9432},
{"Node_id":64860,"weight":1.8738},
{"Node_id":64861,"weight":5.8061},
{"Node_id":64865,"weight":2.7876},
{"Node_id":64899,"weight":2.0665},
{"Node_id":64922,"weight":1.8029},
{"Node_id":64938,"weight":1.8211},
{"Node_id":64946,"weight":1.7663},
{"Node_id":64965,"weight":1.9746},
{"Node_id":64977,"weight":3.5398},
{"Node_id":64988,"weight":2.4601},
{"Node_id":64990,"weight":1.7198},
{"Node_id":65006,"weight":2.3075},
{"Node_id":65026,"weight":1.7776},
{"Node_id":65034,"weight":2.9571},
{"Node_id":65049,"weight":1.6944},
{"Node_id":65067,"weight":5.3771},
{"Node_id":65071,"weight":2.001},
{"Node_id":65077,"weight":6.7242},
{"Node_id":65087,"weight":2.1763},
{"Node_id":65138,"weight":2.0856},
{"Node_id":65279,"weight":1.5589},
{"Node_id":65280,"weight":2.0989},
{"Node_id":65329,"weight":1.5673},
{"Node_id":65377,"weight":1.5927},
{"Node_id":65433,"weight":2.3358},
{"Node_id":65437,"weight":1.439},
{"Node_id":65439,"weight":1.7881},
{"Node_id":65448,"weight":2.6695},
{"Node_id":65452,"weight":2.5867},
{"Node_id":65455,"weight":2.1376},
{"Node_id":65456,"weight":1.9972},
{"Node_id":65477,"weight":1.8021},
{"Node_id":65481,"weight":1.7066},
{"Node_id":65512,"weight":1.5306},
{"Node_id":65525,"weight":3.5326},
{"Node_id":65558,"weight":1.6687},
{"Node_id":65619,"weight":2.8116},
{"Node_id":65624,"weight":1.7448},
{"Node_id":65626,"weight":1.6951},
{"Node_id":65699,"weight":3.2761},
{"Node_id":65701,"weight":1.712},
{"Node_id":65721,"weight":1.9615},
{"Node_id":65749,"weight":3.4795},
{"Node_id":65752,"weight":3.3109},
{"Node_id":65832,"weight":4.5751},
{"Node_id":65977,"weight":1.8261},
{"Node_id":66007,"weight":2.0048},
{"Node_id":66016,"weight":1.9241},
{"Node_id":66017,"weight":1.7528},
{"Node_id":66046,"weight":2.2895},
{"Node_id":66101,"weight":1.4293},
{"Node_id":66110,"weight":2.2576},
{"Node_id":66124,"weight":4.0106},
{"Node_id":66128,"weight":1.6092},
{"Node_id":66131,"weight":1.945},
{"Node_id":66132,"weight":2.5504},
{"Node_id":66152,"weight":2.0745},
{"Node_id":66153,"weight":1.8948},
{"Node_id":66158,"weight":1.5666},
{"Node_id":66159,"weight":1.5555},
{"Node_id":66160,"weight":1.8054},
{"Node_id":66171,"weight":2.0695},
{"Node_id":66186,"weight":1.7456},
{"Node_id":66188,"weight":2.2931},
{"Node_id":66190,"weight":1.3988},
{"Node_id":66191,"weight":1.969},
{"Node_id":66192,"weight":2.0231},
{"Node_id":66195,"weight":3.3438},
{"Node_id":66201,"weight":2.3622},
{"Node_id":66211,"weight":1.4729},
{"Node_id":66227,"weight":2.1906},
{"Node_id":66236,"weight":1.5499},
{"Node_id":66241,"weight":3.842},
{"Node_id":66270,"weight":2.7218},
{"Node_id":66274,"weight":1.5015},
{"Node_id":66275,"weight":6.2126},
{"Node_id":66276,"weight":1.4442},
{"Node_id":66281,"weight":3.3021},
{"Node_id":66282,"weight":1.7551},
{"Node_id":66290,"weight":2.7712},
{"Node_id":66304,"weight":6.8113},
{"Node_id":66311,"weight":2.0144},
{"Node_id":66382,"weight":2.0416},
{"Node_id":66385,"weight":1.9134},
{"Node_id":66387,"weight":4.8203},
{"Node_id":66394,"weight":2.025},
{"Node_id":66400,"weight":1.4461},
{"Node_id":66413,"weight":1.6523},
{"Node_id":66414,"weight":2.5745},
{"Node_id":66425,"weight":3.4969},
{"Node_id":66441,"weight":3.4692},
{"Node_id":66442,"weight":2.3088},
{"Node_id":66446,"weight":2.5564},
{"Node_id":66496,"weight":2.0289},
{"Node_id":66517,"weight":2.0173},
{"Node_id":66519,"weight":1.5272},
{"Node_id":66523,"weight":2.0897},
{"Node_id":66531,"weight":1.4815},
{"Node_id":66537,"weight":1.6997},
{"Node_id":66567,"weight":1.8583},
{"Node_id":66568,"weight":4.5268},
{"Node_id":66570,"weight":1.8643},
{"Node_id":66584,"weight":1.8532},
{"Node_id":66585,"weight":2.727},
{"Node_id":66709,"weight":1.8617},
{"Node_id":66715,"weight":2.9635},
{"Node_id":66858,"weight":1.6822},
{"Node_id":66859,"weight":2.3039},
{"Node_id":66872,"weight":1.5109},
{"Node_id":66895,"weight":3.2847},
{"Node_id":66920,"weight":1.4855},
{"Node_id":66937,"weight":1.8678},
{"Node_id":66946,"weight":2.2151},
{"Node_id":66949,"weight":5.0141},
{"Node_id":66959,"weight":1.5375},
{"Node_id":66984,"weight":1.9116}]