[{"Inferred_node_ids":[13379],"Node_id":6832},
{"Inferred_node_ids":[13389],"Node_id":6833},
{"Inferred_node_ids":[13373],"Node_id":6834},
{"Inferred_node_ids":[13362],"Node_id":6835},
{"Inferred_node_ids":[13360],"Node_id":6836},
{"Inferred_node_ids":[13408],"Node_id":6837},
{"Inferred_node_ids":[13348],"Node_id":6838},
{"Inferred_node_ids":[13357],"Node_id":7683},
{"Inferred_node_ids":[13376],"Node_id":7684},
{"Inferred_node_ids":[13345],"Node_id":7685},
{"Inferred_node_ids":[13384],"Node_id":7686},
{"Inferred_node_ids":[13386],"Node_id":7687},
{"Inferred_node_ids":[13346],"Node_id":7688},
{"Inferred_node_ids":[13374],"Node_id":7858},
{"Inferred_node_ids":[13383],"Node_id":7859},
{"Inferred_node_ids":[13363],"Node_id":7860},
{"Inferred_node_ids":[13359],"Node_id":7861},
{"Inferred_node_ids":[13347],"Node_id":7862},
{"Inferred_node_ids":[13377],"Node_id":7863},
{"Inferred_node_ids":[13405],"Node_id":7864},
{"Inferred_node_ids":[13406],"Node_id":7865},
{"Inferred_node_ids":[13378],"Node_id":7866},
{"Inferred_node_ids":[13391],"Node_id":7867},
{"Inferred_node_ids":[13390],"Node_id":7868},
{"Inferred_node_ids":[13368],"Node_id":7869},
{"Inferred_node_ids":[13398],"Node_id":7870},
{"Inferred_node_ids":[13352],"Node_id":7871},
{"Inferred_node_ids":[13400],"Node_id":7873},
{"Inferred_node_ids":[13350],"Node_id":7874},
{"Inferred_node_ids":[13385],"Node_id":7875},
{"Inferred_node_ids":[13392],"Node_id":7876},
{"Inferred_node_ids":[13365],"Node_id":7877},
{"Inferred_node_ids":[13353],"Node_id":10308},
{"Inferred_node_ids":[13394],"Node_id":10309},
{"Inferred_node_ids":[13351],"Node_id":10311},
{"Inferred_node_ids":[13371],"Node_id":10312},
{"Inferred_node_ids":[13382],"Node_id":10313},
{"Inferred_node_ids":[13404],"Node_id":11475},
{"Inferred_node_ids":[13387],"Node_id":11476},
{"Inferred_node_ids":[13407],"Node_id":11477},
{"Inferred_node_ids":[13349],"Node_id":11478},
{"Inferred_node_ids":[13388],"Node_id":11479},
{"Inferred_node_ids":[13397],"Node_id":11480},
{"Inferred_node_ids":[13372],"Node_id":11481},
{"Inferred_node_ids":[13381],"Node_id":12327},
{"Inferred_node_ids":[13393],"Node_id":12328},
{"Inferred_node_ids":[13402],"Node_id":12330},
{"Inferred_node_ids":[13403],"Node_id":12331},
{"Inferred_node_ids":[13399],"Node_id":12502},
{"Inferred_node_ids":[13361],"Node_id":12503},
{"Inferred_node_ids":[13395],"Node_id":12504},
{"Inferred_node_ids":[13354],"Node_id":12505},
{"Inferred_node_ids":[13375],"Node_id":12506},
{"Inferred_node_ids":[13396],"Node_id":12508},
{"Inferred_node_ids":[13364],"Node_id":12509},
{"Inferred_node_ids":[13344],"Node_id":12510},
{"Inferred_node_ids":[13356],"Node_id":12511},
{"Inferred_node_ids":[13367],"Node_id":12512},
{"Inferred_node_ids":[13369],"Node_id":12513},
{"Inferred_node_ids":[13380],"Node_id":12514},
{"Inferred_node_ids":[13366],"Node_id":12515},
{"Inferred_node_ids":[13370],"Node_id":12516},
{"Inferred_node_ids":[13401],"Node_id":12517},
{"Inferred_node_ids":[13358],"Node_id":12518},
{"Inferred_node_ids":[13355],"Node_id":12519}]