[{"Node_id":13619,"weight":1.9214},
{"Node_id":13623,"weight":2.184},
{"Node_id":13624,"weight":3.483},
{"Node_id":13625,"weight":2.2799},
{"Node_id":13628,"weight":2.5051},
{"Node_id":13630,"weight":2.3015},
{"Node_id":13631,"weight":2.2634},
{"Node_id":13638,"weight":1.4319},
{"Node_id":13646,"weight":1.6936},
{"Node_id":13671,"weight":1.5736},
{"Node_id":13698,"weight":2.4866},
{"Node_id":13705,"weight":1.744},
{"Node_id":13712,"weight":2.5852},
{"Node_id":13718,"weight":1.3976},
{"Node_id":13719,"weight":1.5513},
{"Node_id":13721,"weight":1.5492},
{"Node_id":13728,"weight":1.8421},
{"Node_id":13732,"weight":2.001},
{"Node_id":13733,"weight":1.6353},
{"Node_id":13766,"weight":2.1928},
{"Node_id":13776,"weight":1.5764},
{"Node_id":13784,"weight":4.2766},
{"Node_id":13788,"weight":5.2159},
{"Node_id":13792,"weight":1.5666},
{"Node_id":13795,"weight":1.866},
{"Node_id":13926,"weight":3.3227},
{"Node_id":14442,"weight":2.0887},
{"Node_id":14681,"weight":2.2196},
{"Node_id":14685,"weight":3.9549},
{"Node_id":14686,"weight":1.4474},
{"Node_id":14689,"weight":1.7433},
{"Node_id":14691,"weight":2.3866},
{"Node_id":14701,"weight":2.3433},
{"Node_id":14705,"weight":2.5519},
{"Node_id":14707,"weight":2.3648},
{"Node_id":14713,"weight":5.2933},
{"Node_id":14716,"weight":1.9305},
{"Node_id":14721,"weight":2.3271},
{"Node_id":14723,"weight":4.6469},
{"Node_id":14725,"weight":3.4523},
{"Node_id":14729,"weight":1.6142},
{"Node_id":14752,"weight":3.6677},
{"Node_id":14759,"weight":3.1173},
{"Node_id":14763,"weight":2.9786},
{"Node_id":14811,"weight":3.7852},
{"Node_id":14813,"weight":2.1218},
{"Node_id":14816,"weight":5.9496},
{"Node_id":14833,"weight":1.4261},
{"Node_id":14837,"weight":1.4815},
{"Node_id":14842,"weight":2.579},
{"Node_id":14862,"weight":2.2494},
{"Node_id":14863,"weight":2.5669},
{"Node_id":14866,"weight":2.3371},
{"Node_id":14885,"weight":1.4855},
{"Node_id":14890,"weight":1.6777},
{"Node_id":15127,"weight":5.4217},
{"Node_id":15191,"weight":5.045},
{"Node_id":15202,"weight":3.7401},
{"Node_id":15214,"weight":1.4881},
{"Node_id":15217,"weight":2.0575},
{"Node_id":15218,"weight":1.7922},
{"Node_id":15251,"weight":3.0978},
{"Node_id":15252,"weight":3.8132},
{"Node_id":15259,"weight":3.0644},
{"Node_id":15284,"weight":2.8381},
{"Node_id":15296,"weight":2.6337},
{"Node_id":15297,"weight":1.5485},
{"Node_id":15341,"weight":1.4782},
{"Node_id":15362,"weight":2.1928},
{"Node_id":15389,"weight":3.4356},
{"Node_id":15391,"weight":3.2507},
{"Node_id":15409,"weight":2.6466},
{"Node_id":15410,"weight":2.1796},
{"Node_id":15435,"weight":2.6321},
{"Node_id":15469,"weight":2.1514},
{"Node_id":15478,"weight":2.2084},
{"Node_id":15522,"weight":2.1239},
{"Node_id":15531,"weight":1.7089},
{"Node_id":15534,"weight":3.3871},
{"Node_id":15535,"weight":2.9277},
{"Node_id":15554,"weight":1.5109},
{"Node_id":15555,"weight":2.4519},
{"Node_id":15556,"weight":1.7105},
{"Node_id":15561,"weight":2.7586},
{"Node_id":15571,"weight":2.0565},
{"Node_id":15588,"weight":1.6754},
{"Node_id":15592,"weight":2.1155},
{"Node_id":15617,"weight":1.5999},
{"Node_id":15719,"weight":1.3907},
{"Node_id":15727,"weight":4.9548},
{"Node_id":15863,"weight":1.6523},
{"Node_id":15878,"weight":1.6627},
{"Node_id":15885,"weight":1.6982},
{"Node_id":15886,"weight":2.4505},
{"Node_id":15888,"weight":1.7825},
{"Node_id":16025,"weight":1.6186},
{"Node_id":16091,"weight":1.8404},
{"Node_id":16208,"weight":1.9532},
{"Node_id":16300,"weight":2.3063},
{"Node_id":16301,"weight":1.6868},
{"Node_id":16303,"weight":1.7825},
{"Node_id":16334,"weight":3.2071},
{"Node_id":16335,"weight":1.7988},
{"Node_id":16337,"weight":1.7043},
{"Node_id":16338,"weight":5.11},
{"Node_id":16430,"weight":3.3529},
{"Node_id":16473,"weight":2.658},
{"Node_id":16474,"weight":2.2657},
{"Node_id":16475,"weight":1.6921},
{"Node_id":16476,"weight":4.1778},
{"Node_id":16477,"weight":1.7711},
{"Node_id":16480,"weight":3.2098},
{"Node_id":16489,"weight":5.9496},
{"Node_id":16490,"weight":2.0407},
{"Node_id":16491,"weight":1.7448},
{"Node_id":16516,"weight":1.5589},
{"Node_id":16517,"weight":2.7098},
{"Node_id":16633,"weight":1.7543},
{"Node_id":16634,"weight":1.9746},
{"Node_id":16707,"weight":1.4729},
{"Node_id":16708,"weight":1.7575},
{"Node_id":16709,"weight":2.936},
{"Node_id":16711,"weight":1.4749},
{"Node_id":16729,"weight":2.4754},
{"Node_id":16730,"weight":2.4302},
{"Node_id":16770,"weight":1.7898},
{"Node_id":16771,"weight":1.7043},
{"Node_id":16772,"weight":1.6612},
{"Node_id":16773,"weight":1.8669},
{"Node_id":16774,"weight":1.6762},
{"Node_id":16775,"weight":2.2208},
{"Node_id":16776,"weight":3.0297},
{"Node_id":16777,"weight":2.4262},
{"Node_id":16778,"weight":2.4155},
{"Node_id":16779,"weight":3.2017},
{"Node_id":16780,"weight":2.4866},
{"Node_id":16781,"weight":2.9939},
{"Node_id":16782,"weight":4.4538},
{"Node_id":16783,"weight":2.1796},
{"Node_id":16784,"weight":1.8523},
{"Node_id":16785,"weight":2.0038},
{"Node_id":16786,"weight":1.9934},
{"Node_id":16787,"weight":1.5652},
{"Node_id":16788,"weight":1.6792},
{"Node_id":16789,"weight":1.561},
{"Node_id":16790,"weight":1.5892},
{"Node_id":16791,"weight":1.6006},
{"Node_id":16792,"weight":1.7377},
{"Node_id":16793,"weight":2.3321},
{"Node_id":16794,"weight":2.0202},
{"Node_id":16795,"weight":4.284},
{"Node_id":16796,"weight":3.4969},
{"Node_id":16797,"weight":1.5736},
{"Node_id":16798,"weight":1.7857},
{"Node_id":16799,"weight":2.3271},
{"Node_id":16800,"weight":1.873},
{"Node_id":16801,"weight":2.0685},
{"Node_id":16802,"weight":1.8506},
{"Node_id":16803,"weight":2.5609},
{"Node_id":16804,"weight":1.6034},
{"Node_id":16806,"weight":3.3808},
{"Node_id":16807,"weight":2.2599},
{"Node_id":16808,"weight":3.6801},
{"Node_id":16809,"weight":5.1441},
{"Node_id":16810,"weight":4.0396},
{"Node_id":16811,"weight":2.1611},
{"Node_id":16812,"weight":4.7832},
{"Node_id":16813,"weight":3.4258},
{"Node_id":16814,"weight":2.6662},
{"Node_id":16815,"weight":2.4208},
{"Node_id":16816,"weight":1.5687},
{"Node_id":16817,"weight":2.8191},
{"Node_id":16818,"weight":1.4935},
{"Node_id":16819,"weight":1.7362},
{"Node_id":16820,"weight":1.7808},
{"Node_id":16821,"weight":2.1503},
{"Node_id":16822,"weight":6.1637},
{"Node_id":16823,"weight":1.9359},
{"Node_id":16824,"weight":3.3287},
{"Node_id":16825,"weight":3.0458},
{"Node_id":16826,"weight":2.1165},
{"Node_id":16827,"weight":1.5022},
{"Node_id":16828,"weight":2.5066},
{"Node_id":16832,"weight":2.4089},
{"Node_id":16833,"weight":1.7615},
{"Node_id":16834,"weight":1.4995},
{"Node_id":16835,"weight":1.9597},
{"Node_id":16836,"weight":2.955},
{"Node_id":16840,"weight":1.6634},
{"Node_id":16886,"weight":1.6883},
{"Node_id":16889,"weight":4.2331},
{"Node_id":16911,"weight":2.1062},
{"Node_id":16912,"weight":1.5949},
{"Node_id":16913,"weight":2.0705},
{"Node_id":16914,"weight":5.1441},
{"Node_id":16915,"weight":1.9018},
{"Node_id":16916,"weight":1.5582},
{"Node_id":16917,"weight":1.9477},
{"Node_id":16918,"weight":3.4095},
{"Node_id":16919,"weight":1.798},
{"Node_id":16920,"weight":3.8132},
{"Node_id":16921,"weight":5.1794},
{"Node_id":16922,"weight":8.1114},
{"Node_id":16923,"weight":3.5732},
{"Node_id":16924,"weight":6.5699},
{"Node_id":16925,"weight":1.8506},
{"Node_id":16926,"weight":3.2098},
{"Node_id":16927,"weight":2.1665},
{"Node_id":16928,"weight":1.6056},
{"Node_id":16929,"weight":4.5653},
{"Node_id":16930,"weight":2.0959},
{"Node_id":16931,"weight":3.1099},
{"Node_id":16932,"weight":2.2907},
{"Node_id":16933,"weight":5.2734},
{"Node_id":16934,"weight":3.8372},
{"Node_id":16935,"weight":1.6649},
{"Node_id":16936,"weight":2.5775},
{"Node_id":16937,"weight":3.0929},
{"Node_id":16938,"weight":1.7036},
{"Node_id":16939,"weight":2.5297},
{"Node_id":16940,"weight":1.917},
{"Node_id":16941,"weight":1.5416},
{"Node_id":16942,"weight":2.5913},
{"Node_id":16943,"weight":2.2006},
{"Node_id":16944,"weight":2.2073},
{"Node_id":16945,"weight":1.7346},
{"Node_id":16946,"weight":1.7252},
{"Node_id":16947,"weight":2.2871},
{"Node_id":16948,"weight":2.375},
{"Node_id":16949,"weight":1.9487},
{"Node_id":16950,"weight":2.5684},
{"Node_id":16951,"weight":2.4221},
{"Node_id":16952,"weight":1.6523},
{"Node_id":16953,"weight":2.1031},
{"Node_id":16954,"weight":1.7607},
{"Node_id":16955,"weight":1.4045},
{"Node_id":16956,"weight":2.3321},
{"Node_id":16957,"weight":3.5146},
{"Node_id":16958,"weight":3.7991},
{"Node_id":16959,"weight":2.5534},
{"Node_id":16960,"weight":2.2028},
{"Node_id":16961,"weight":1.9896},
{"Node_id":16962,"weight":1.8843},
{"Node_id":16963,"weight":2.8381},
{"Node_id":16964,"weight":1.5076},
{"Node_id":16965,"weight":2.184},
{"Node_id":16966,"weight":2.0416},
{"Node_id":16967,"weight":3.7579},
{"Node_id":16968,"weight":1.9296},
{"Node_id":16969,"weight":2.1093},
{"Node_id":16970,"weight":2.7876},
{"Node_id":16971,"weight":2.2657},
{"Node_id":16972,"weight":3.1651},
{"Node_id":16973,"weight":4.0163},
{"Node_id":16974,"weight":2.0192},
{"Node_id":16975,"weight":2.6678},
{"Node_id":16976,"weight":2.4768},
{"Node_id":16977,"weight":1.5245},
{"Node_id":16978,"weight":4.7954},
{"Node_id":16979,"weight":1.9896},
{"Node_id":16980,"weight":2.3075},
{"Node_id":16981,"weight":2.5023},
{"Node_id":16982,"weight":1.421},
{"Node_id":16983,"weight":1.7151},
{"Node_id":16984,"weight":1.5575},
{"Node_id":16985,"weight":1.9634},
{"Node_id":16986,"weight":1.4178},
{"Node_id":16987,"weight":4.6469},
{"Node_id":16988,"weight":1.9232},
{"Node_id":17028,"weight":3.1651},
{"Node_id":17044,"weight":2.0231},
{"Node_id":17045,"weight":1.5779},
{"Node_id":17048,"weight":1.597},
{"Node_id":17049,"weight":1.7881},
{"Node_id":17050,"weight":2.474},
{"Node_id":17051,"weight":5.077},
{"Node_id":17052,"weight":2.0887},
{"Node_id":17053,"weight":2.7766},
{"Node_id":17054,"weight":2.5929},
{"Node_id":17060,"weight":3.6843},
{"Node_id":17061,"weight":2.6037},
{"Node_id":17067,"weight":4.7832},
{"Node_id":17076,"weight":3.6233},
{"Node_id":17077,"weight":2.5341},
{"Node_id":17078,"weight":2.6482},
{"Node_id":17079,"weight":2.2095},
{"Node_id":17080,"weight":2.2634},
{"Node_id":17081,"weight":1.653},
{"Node_id":17082,"weight":1.397},
{"Node_id":17083,"weight":2.5166},
{"Node_id":17084,"weight":1.9468},
{"Node_id":17085,"weight":2.0338},
{"Node_id":17086,"weight":1.7528},
{"Node_id":17087,"weight":1.53},
{"Node_id":17162,"weight":1.8128},
{"Node_id":17163,"weight":2.9808},
{"Node_id":17164,"weight":4.2402},
{"Node_id":17165,"weight":1.935},
{"Node_id":17166,"weight":1.6792},
{"Node_id":17167,"weight":3.2591},
{"Node_id":17168,"weight":1.6538},
{"Node_id":17169,"weight":2.1568},
{"Node_id":17170,"weight":3.1781},
{"Node_id":17171,"weight":2.881},
{"Node_id":17172,"weight":1.4848},
{"Node_id":17173,"weight":1.5793},
{"Node_id":17174,"weight":3.1833},
{"Node_id":17175,"weight":2.7857},
{"Node_id":17176,"weight":1.659},
{"Node_id":17177,"weight":1.6754},
{"Node_id":17178,"weight":1.7575},
{"Node_id":17179,"weight":2.2955},
{"Node_id":17180,"weight":2.0202},
{"Node_id":17181,"weight":2.7235},
{"Node_id":17182,"weight":2.1796},
{"Node_id":17183,"weight":2.7339},
{"Node_id":17184,"weight":3.3967},
{"Node_id":17185,"weight":2.4208},
{"Node_id":17186,"weight":1.5652},
{"Node_id":17187,"weight":2.6945},
{"Node_id":17188,"weight":4.1064},
{"Node_id":17189,"weight":1.5715},
{"Node_id":17190,"weight":1.4723},
{"Node_id":17191,"weight":3.0435},
{"Node_id":17192,"weight":1.5259},
{"Node_id":17193,"weight":2.1312},
{"Node_id":17194,"weight":1.5002},
{"Node_id":17195,"weight":6.3182},
{"Node_id":17196,"weight":2.0745},
{"Node_id":17197,"weight":1.4822},
{"Node_id":17198,"weight":1.4848},
{"Node_id":17199,"weight":2.0436},
{"Node_id":17200,"weight":1.9905},
{"Node_id":17201,"weight":2.4852},
{"Node_id":17202,"weight":1.8643},
{"Node_id":17203,"weight":3.1651},
{"Node_id":17204,"weight":3.7357},
{"Node_id":17205,"weight":1.3932},
{"Node_id":17206,"weight":1.4975},
{"Node_id":17207,"weight":1.8037},
{"Node_id":17208,"weight":1.5963},
{"Node_id":17209,"weight":2.5224},
{"Node_id":17210,"weight":3.842},
{"Node_id":17211,"weight":2.1622},
{"Node_id":17212,"weight":1.8515},
{"Node_id":17213,"weight":5.8401},
{"Node_id":17214,"weight":1.6906},
{"Node_id":17215,"weight":1.7736},
{"Node_id":17216,"weight":1.9296},
{"Node_id":17217,"weight":2.7857},
{"Node_id":17218,"weight":2.3546},
{"Node_id":17219,"weight":3.776},
{"Node_id":17220,"weight":4.0694},
{"Node_id":17221,"weight":2.4671},
{"Node_id":17222,"weight":2.173},
{"Node_id":17223,"weight":1.752},
{"Node_id":17224,"weight":2.0038},
{"Node_id":17225,"weight":1.4371},
{"Node_id":17226,"weight":2.7081},
{"Node_id":17227,"weight":1.4835},
{"Node_id":17228,"weight":1.9962},
{"Node_id":17229,"weight":2.727},
{"Node_id":17230,"weight":2.2517},
{"Node_id":17231,"weight":2.3648},
{"Node_id":17232,"weight":3.596},
{"Node_id":17233,"weight":2.6257},
{"Node_id":17234,"weight":2.4275},
{"Node_id":17235,"weight":1.9277},
{"Node_id":17236,"weight":2.3866},
{"Node_id":17237,"weight":5.3992},
{"Node_id":17238,"weight":1.4624},
{"Node_id":17239,"weight":1.5485},
{"Node_id":17240,"weight":2.3395},
{"Node_id":17241,"weight":1.8895},
{"Node_id":17242,"weight":2.4588},
{"Node_id":17243,"weight":2.2799},
{"Node_id":17244,"weight":2.8652},
{"Node_id":17245,"weight":1.5062},
{"Node_id":17246,"weight":1.4881},
{"Node_id":17247,"weight":1.5842},
{"Node_id":17248,"weight":1.4921},
{"Node_id":17249,"weight":1.8078},
{"Node_id":17250,"weight":1.776},
{"Node_id":17251,"weight":3.305},
{"Node_id":17252,"weight":2.5959},
{"Node_id":17253,"weight":1.6974},
{"Node_id":17254,"weight":2.2196},
{"Node_id":17255,"weight":1.4848},
{"Node_id":17256,"weight":2.881},
{"Node_id":17257,"weight":1.7401},
{"Node_id":17258,"weight":2.3234},
{"Node_id":17259,"weight":1.6208},
{"Node_id":17260,"weight":2.6563},
{"Node_id":17261,"weight":1.6486},
{"Node_id":17262,"weight":1.9332},
{"Node_id":17263,"weight":1.8523},
{"Node_id":17264,"weight":2.8229},
{"Node_id":17265,"weight":2.5579},
{"Node_id":17266,"weight":2.6401},
{"Node_id":17287,"weight":2.0907},
{"Node_id":17288,"weight":6.0725},
{"Node_id":17289,"weight":2.8574},
{"Node_id":17290,"weight":1.4178},
{"Node_id":17291,"weight":1.5992},
{"Node_id":17292,"weight":2.1719},
{"Node_id":17293,"weight":1.5035},
{"Node_id":17294,"weight":1.3882},
{"Node_id":17295,"weight":2.2576},
{"Node_id":17296,"weight":3.3652},
{"Node_id":17297,"weight":2.5254},
{"Node_id":17298,"weight":1.7105},
{"Node_id":17299,"weight":4.8458},
{"Node_id":17300,"weight":2.2552},
{"Node_id":17301,"weight":1.3988},
{"Node_id":17302,"weight":1.4172},
{"Node_id":17303,"weight":1.6523},
{"Node_id":17304,"weight":1.7963},
{"Node_id":17305,"weight":4.1002},
{"Node_id":17306,"weight":2.5066},
{"Node_id":17307,"weight":2.5385},
{"Node_id":17308,"weight":2.877},
{"Node_id":17309,"weight":1.9523},
{"Node_id":17310,"weight":2.5714},
{"Node_id":17311,"weight":1.4565},
{"Node_id":17312,"weight":1.744},
{"Node_id":17313,"weight":1.6732},
{"Node_id":17314,"weight":1.798},
{"Node_id":17315,"weight":1.9305},
{"Node_id":17316,"weight":1.4229},
{"Node_id":17317,"weight":1.543},
{"Node_id":17318,"weight":4.1711},
{"Node_id":17319,"weight":2.6711},
{"Node_id":17320,"weight":2.205},
{"Node_id":17321,"weight":3.1347},
{"Node_id":17322,"weight":1.4815},
{"Node_id":17323,"weight":1.752},
{"Node_id":17324,"weight":3.0252},
{"Node_id":17325,"weight":1.6368},
{"Node_id":17326,"weight":2.9593},
{"Node_id":17327,"weight":3.1964},
{"Node_id":17328,"weight":2.0565},
{"Node_id":17329,"weight":1.9296},
{"Node_id":17330,"weight":1.8136},
{"Node_id":17331,"weight":2.2242},
{"Node_id":17332,"weight":2.3571},
{"Node_id":17333,"weight":3.8038},
{"Node_id":17334,"weight":2.0938},
{"Node_id":17335,"weight":2.0745},
{"Node_id":17336,"weight":2.5123},
{"Node_id":17337,"weight":1.5786},
{"Node_id":17338,"weight":1.726},
{"Node_id":17339,"weight":1.4663},
{"Node_id":17340,"weight":2.6563},
{"Node_id":17341,"weight":1.4147},
{"Node_id":17342,"weight":2.9011},
{"Node_id":17343,"weight":5.2347},
{"Node_id":17344,"weight":3.4095},
{"Node_id":17345,"weight":3.4225},
{"Node_id":17346,"weight":1.8557},
{"Node_id":17347,"weight":2.6498},
{"Node_id":17348,"weight":2.1134},
{"Node_id":17349,"weight":2.366},
{"Node_id":17350,"weight":1.9395},
{"Node_id":17351,"weight":3.1859},
{"Node_id":17352,"weight":2.2907},
{"Node_id":17353,"weight":1.8337},
{"Node_id":17354,"weight":1.5652},
{"Node_id":17355,"weight":2.543},
{"Node_id":17356,"weight":5.8061},
{"Node_id":17357,"weight":3.6969},
{"Node_id":17358,"weight":2.1774},
{"Node_id":17359,"weight":1.4795},
{"Node_id":17360,"weight":1.3944},
{"Node_id":17361,"weight":2.3222},
{"Node_id":17362,"weight":1.8012},
{"Node_id":17363,"weight":5.2933},
{"Node_id":17364,"weight":3.3079},
{"Node_id":17365,"weight":4.4278},
{"Node_id":17366,"weight":1.5652},
{"Node_id":17367,"weight":2.5944},
{"Node_id":17368,"weight":2.0856},
{"Node_id":17369,"weight":1.5029},
{"Node_id":17370,"weight":2.8751},
{"Node_id":17371,"weight":1.5361},
{"Node_id":17372,"weight":3.2342},
{"Node_id":17373,"weight":1.9432},
{"Node_id":17374,"weight":1.639},
{"Node_id":17375,"weight":2.0436},
{"Node_id":17378,"weight":5.7105},
{"Node_id":17415,"weight":1.8834},
{"Node_id":17416,"weight":1.6657},
{"Node_id":17417,"weight":2.0918},
{"Node_id":17418,"weight":4.8588},
{"Node_id":17419,"weight":2.9257},
{"Node_id":17420,"weight":3.4323},
{"Node_id":17430,"weight":1.8756},
{"Node_id":17486,"weight":4.1982},
{"Node_id":17487,"weight":3.6392},
{"Node_id":17488,"weight":1.9727},
{"Node_id":17489,"weight":5.7414},
{"Node_id":17490,"weight":3.0929},
{"Node_id":17491,"weight":2.3609},
{"Node_id":17492,"weight":1.7113},
{"Node_id":17493,"weight":1.4268},
{"Node_id":17496,"weight":2.9896},
{"Node_id":17497,"weight":2.0938},
{"Node_id":17498,"weight":3.6718},
{"Node_id":17499,"weight":2.1124},
{"Node_id":17500,"weight":2.5519},
{"Node_id":17501,"weight":2.3445},
{"Node_id":17502,"weight":1.5527},
{"Node_id":17503,"weight":1.752},
{"Node_id":17504,"weight":2.7658},
{"Node_id":17505,"weight":1.9241},
{"Node_id":17506,"weight":1.8506},
{"Node_id":17507,"weight":2.4951},
{"Node_id":17508,"weight":3.3168},
{"Node_id":17509,"weight":1.9368},
{"Node_id":17510,"weight":2.2599},
{"Node_id":17511,"weight":1.8532},
{"Node_id":17512,"weight":2.2379},
{"Node_id":17513,"weight":1.8379},
{"Node_id":17514,"weight":3.6718},
{"Node_id":17515,"weight":1.6317},
{"Node_id":17516,"weight":3.7624},
{"Node_id":17517,"weight":1.5617},
{"Node_id":17518,"weight":1.8566},
{"Node_id":17519,"weight":1.8575},
{"Node_id":17520,"weight":1.6013},
{"Node_id":17522,"weight":3.2648},
{"Node_id":17524,"weight":2.508},
{"Node_id":17525,"weight":1.4198},
{"Node_id":17526,"weight":2.4478},
{"Node_id":17527,"weight":1.4474},
{"Node_id":17528,"weight":3.0229},
{"Node_id":17529,"weight":2.0377},
{"Node_id":17530,"weight":1.5218},
{"Node_id":17763,"weight":4.833},
{"Node_id":17764,"weight":1.5485},
{"Node_id":17765,"weight":2.3063},
{"Node_id":17766,"weight":1.8957},
{"Node_id":17767,"weight":1.8045},
{"Node_id":17768,"weight":3.1422},
{"Node_id":17769,"weight":4.1914},
{"Node_id":17770,"weight":4.3534},
{"Node_id":17771,"weight":1.6302},
{"Node_id":17772,"weight":1.8738},
{"Node_id":17773,"weight":1.5245},
{"Node_id":17774,"weight":5.0294},
{"Node_id":17775,"weight":1.5807},
{"Node_id":17776,"weight":3.8716},
{"Node_id":17777,"weight":2.2907},
{"Node_id":17778,"weight":2.6612},
{"Node_id":17779,"weight":2.2061},
{"Node_id":17780,"weight":1.5218},
{"Node_id":17781,"weight":2.2017},
{"Node_id":17782,"weight":5.3771},
{"Node_id":17783,"weight":2.3918},
{"Node_id":17784,"weight":1.5327},
{"Node_id":17785,"weight":1.5527},
{"Node_id":17786,"weight":2.2448},
{"Node_id":17787,"weight":2.1752},
{"Node_id":17930,"weight":5.2347},
{"Node_id":17931,"weight":1.9606},
{"Node_id":17932,"weight":1.7719},
{"Node_id":17933,"weight":1.4474},
{"Node_id":17934,"weight":2.4768},
{"Node_id":17945,"weight":1.7417},
{"Node_id":17946,"weight":2.9808},
{"Node_id":17947,"weight":4.3534},
{"Node_id":17948,"weight":2.2529},
{"Node_id":17949,"weight":1.4128},
{"Node_id":17950,"weight":1.5992},
{"Node_id":17951,"weight":1.6762},
{"Node_id":17952,"weight":2.0212},
{"Node_id":17953,"weight":3.0389},
{"Node_id":17954,"weight":3.3377},
{"Node_id":17955,"weight":2.1578},
{"Node_id":17999,"weight":2.6337},
{"Node_id":18000,"weight":1.7448},
{"Node_id":18001,"weight":1.6331},
{"Node_id":18002,"weight":2.0397},
{"Node_id":18003,"weight":1.7464},
{"Node_id":18004,"weight":1.9802},
{"Node_id":18005,"weight":2.027},
{"Node_id":18006,"weight":1.5828},
{"Node_id":18007,"weight":3.0504},
{"Node_id":18008,"weight":1.4281},
{"Node_id":18009,"weight":2.1557},
{"Node_id":18010,"weight":1.7881},
{"Node_id":18020,"weight":1.575},
{"Node_id":18021,"weight":2.1884},
{"Node_id":18066,"weight":4.212},
{"Node_id":18067,"weight":3.5326},
{"Node_id":18068,"weight":3.248},
{"Node_id":18069,"weight":1.4526},
{"Node_id":18070,"weight":1.4565},
{"Node_id":18071,"weight":2.1093},
{"Node_id":18109,"weight":2.9917},
{"Node_id":18110,"weight":1.5779},
{"Node_id":18111,"weight":2.1503},
{"Node_id":18112,"weight":1.465},
{"Node_id":18113,"weight":1.9811},
{"Node_id":18114,"weight":1.4526},
{"Node_id":18115,"weight":1.5771},
{"Node_id":18116,"weight":1.8062},
{"Node_id":18117,"weight":2.0125},
{"Node_id":18118,"weight":5.7414},
{"Node_id":18119,"weight":4.1318},
{"Node_id":18120,"weight":2.5371},
{"Node_id":18121,"weight":2.1323},
{"Node_id":18122,"weight":1.4223},
{"Node_id":18123,"weight":4.3858},
{"Node_id":18124,"weight":4.4364},
{"Node_id":18125,"weight":1.4064},
{"Node_id":18126,"weight":1.4533},
{"Node_id":18127,"weight":1.513},
{"Node_id":18128,"weight":1.7036},
{"Node_id":18129,"weight":2.1218},
{"Node_id":18130,"weight":4.4451},
{"Node_id":18131,"weight":1.6538},
{"Node_id":18132,"weight":2.2185},
{"Node_id":18133,"weight":1.7535},
{"Node_id":18134,"weight":2.102},
{"Node_id":18135,"weight":1.397},
{"Node_id":18136,"weight":2.0685},
{"Node_id":18137,"weight":1.8851},
{"Node_id":18138,"weight":1.8379},
{"Node_id":18139,"weight":5.6515},
{"Node_id":18140,"weight":1.8992},
{"Node_id":18141,"weight":1.7939},
{"Node_id":18142,"weight":2.0125},
{"Node_id":18143,"weight":2.5594},
{"Node_id":18144,"weight":1.7244},
{"Node_id":18145,"weight":3.6969},
{"Node_id":18146,"weight":3.1703},
{"Node_id":18147,"weight":1.5184},
{"Node_id":18148,"weight":1.3869},
{"Node_id":18149,"weight":2.1829},
{"Node_id":18150,"weight":2.2196},
{"Node_id":18151,"weight":1.9597},
{"Node_id":18152,"weight":2.8477},
{"Node_id":18153,"weight":1.6694},
{"Node_id":18154,"weight":3.577},
{"Node_id":18155,"weight":2.889},
{"Node_id":18156,"weight":2.885},
{"Node_id":18157,"weight":1.5259},
{"Node_id":18158,"weight":3.8567},
{"Node_id":18159,"weight":3.3079},
{"Node_id":18160,"weight":1.8354},
{"Node_id":18161,"weight":1.7736},
{"Node_id":18162,"weight":3.714},
{"Node_id":18163,"weight":1.8371},
{"Node_id":18164,"weight":2.9808},
{"Node_id":18165,"weight":2.9614},
{"Node_id":18166,"weight":3.4934},
{"Node_id":18167,"weight":1.3882},
{"Node_id":18168,"weight":1.7623},
{"Node_id":18169,"weight":2.3711},
{"Node_id":18170,"weight":1.4313},
{"Node_id":18171,"weight":1.5527},
{"Node_id":18172,"weight":2.2599},
{"Node_id":18173,"weight":2.0029},
{"Node_id":18174,"weight":2.6596},
{"Node_id":18175,"weight":1.9359},
{"Node_id":18176,"weight":2.9381},
{"Node_id":18177,"weight":2.9174},
{"Node_id":18178,"weight":1.6171},
{"Node_id":18179,"weight":1.8103},
{"Node_id":18180,"weight":1.5334},
{"Node_id":18181,"weight":2.887},
{"Node_id":18182,"weight":1.8186},
{"Node_id":18183,"weight":1.9542},
{"Node_id":18194,"weight":1.6785},
{"Node_id":18195,"weight":3.0006},
{"Node_id":18196,"weight":2.1785},
{"Node_id":18197,"weight":3.0786},
{"Node_id":18198,"weight":3.8275},
{"Node_id":18199,"weight":1.7881},
{"Node_id":18200,"weight":3.055},
{"Node_id":18201,"weight":1.9662},
{"Node_id":18202,"weight":2.4671},
{"Node_id":18203,"weight":3.2905},
{"Node_id":18204,"weight":1.901},
{"Node_id":18205,"weight":1.9802},
{"Node_id":18206,"weight":1.9802},
{"Node_id":18207,"weight":7.8236},
{"Node_id":18209,"weight":1.8021},
{"Node_id":18211,"weight":1.6913},
{"Node_id":18212,"weight":2.645},
{"Node_id":18213,"weight":4.0163},
{"Node_id":18214,"weight":1.4915},
{"Node_id":18215,"weight":1.5347},
{"Node_id":18216,"weight":2.6531},
{"Node_id":18217,"weight":2.2611},
{"Node_id":18296,"weight":4.3454},
{"Node_id":18297,"weight":2.8248},
{"Node_id":18300,"weight":2.4994},
{"Node_id":18301,"weight":1.748},
{"Node_id":18302,"weight":1.4855},
{"Node_id":18303,"weight":2.764},
{"Node_id":18304,"weight":1.8721},
{"Node_id":18305,"weight":2.4492},
{"Node_id":18306,"weight":1.8904},
{"Node_id":18307,"weight":1.9783},
{"Node_id":18308,"weight":1.6508},
{"Node_id":18309,"weight":2.1302},
{"Node_id":18310,"weight":2.4356},
{"Node_id":18311,"weight":2.0897},
{"Node_id":18312,"weight":3.1322},
{"Node_id":18313,"weight":1.956},
{"Node_id":18314,"weight":4.5362},
{"Node_id":18315,"weight":2.8574},
{"Node_id":18316,"weight":1.925},
{"Node_id":18317,"weight":3.2314},
{"Node_id":18318,"weight":4.6053},
{"Node_id":18319,"weight":2.7839},
{"Node_id":18320,"weight":1.5177},
{"Node_id":18321,"weight":1.414},
{"Node_id":18322,"weight":1.7496},
{"Node_id":18323,"weight":2.0318},
{"Node_id":18324,"weight":3.2424},
{"Node_id":18325,"weight":1.8756},
{"Node_id":18389,"weight":2.5371},
{"Node_id":18390,"weight":1.414},
{"Node_id":18391,"weight":2.4643},
{"Node_id":18392,"weight":1.8278},
{"Node_id":18420,"weight":1.8128},
{"Node_id":18421,"weight":1.4461},
{"Node_id":18422,"weight":2.0446},
{"Node_id":18423,"weight":2.5821},
{"Node_id":18424,"weight":3.4761},
{"Node_id":18425,"weight":1.5062},
{"Node_id":18426,"weight":2.0989},
{"Node_id":18427,"weight":2.3788},
{"Node_id":18428,"weight":1.5485},
{"Node_id":18429,"weight":4.4108},
{"Node_id":18430,"weight":1.6951},
{"Node_id":18431,"weight":1.827},
{"Node_id":18432,"weight":1.4384},
{"Node_id":18433,"weight":2.7551},
{"Node_id":18434,"weight":1.7409},
{"Node_id":18435,"weight":2.1333},
{"Node_id":18436,"weight":1.9634},
{"Node_id":18437,"weight":1.8111},
{"Node_id":18438,"weight":2.7604},
{"Node_id":18439,"weight":1.5779},
{"Node_id":18440,"weight":4.1383},
{"Node_id":18441,"weight":1.4565},
{"Node_id":18442,"weight":3.6233},
{"Node_id":18443,"weight":1.7599},
{"Node_id":18444,"weight":2.5806},
{"Node_id":18445,"weight":1.4096},
{"Node_id":18446,"weight":3.9072},
{"Node_id":18447,"weight":1.8211},
{"Node_id":18448,"weight":2.5312},
{"Node_id":18449,"weight":1.8037},
{"Node_id":18450,"weight":2.9657},
{"Node_id":18451,"weight":2.6514},
{"Node_id":18452,"weight":1.4229},
{"Node_id":18453,"weight":2.7132},
{"Node_id":18454,"weight":1.8404},
{"Node_id":18455,"weight":1.9332},
{"Node_id":18456,"weight":2.5867},
{"Node_id":18457,"weight":1.6694},
{"Node_id":18458,"weight":4.119},
{"Node_id":18459,"weight":2.4937},
{"Node_id":18460,"weight":3.9992},
{"Node_id":18461,"weight":1.9268},
{"Node_id":18462,"weight":1.4351},
{"Node_id":18463,"weight":1.5361},
{"Node_id":18464,"weight":1.6501},
{"Node_id":18465,"weight":1.9001},
{"Node_id":18466,"weight":3.7401},
{"Node_id":18467,"weight":2.1961},
{"Node_id":18491,"weight":1.5396},
{"Node_id":18492,"weight":1.4409},
{"Node_id":18493,"weight":6.0299},
{"Node_id":18494,"weight":1.8037},
{"Node_id":18495,"weight":2.1939},
{"Node_id":18496,"weight":1.5143},
{"Node_id":18497,"weight":1.8203},
{"Node_id":18498,"weight":1.5055},
{"Node_id":18499,"weight":1.8575},
{"Node_id":18500,"weight":2.2402},
{"Node_id":18501,"weight":4.8588},
{"Node_id":18502,"weight":1.4274},
{"Node_id":18503,"weight":2.0948},
{"Node_id":18504,"weight":2.1503},
{"Node_id":18505,"weight":2.1051},
{"Node_id":18506,"weight":1.726},
{"Node_id":18507,"weight":1.9395},
{"Node_id":18508,"weight":1.3982},
{"Node_id":18509,"weight":3.248},
{"Node_id":18510,"weight":1.5687},
{"Node_id":18511,"weight":2.3395},
{"Node_id":18512,"weight":1.6128},
{"Node_id":18513,"weight":1.3919},
{"Node_id":18514,"weight":1.5568},
{"Node_id":18515,"weight":1.6361},
{"Node_id":18516,"weight":2.6928},
{"Node_id":18517,"weight":2.891},
{"Node_id":18518,"weight":2.6844},
{"Node_id":18519,"weight":7.1301},
{"Node_id":18520,"weight":1.9597},
{"Node_id":18526,"weight":1.893},
{"Node_id":18527,"weight":3.9176},
{"Node_id":18528,"weight":2.3198},
{"Node_id":18529,"weight":2.6678},
{"Node_id":18530,"weight":2.0948},
{"Node_id":18531,"weight":1.8592},
{"Node_id":18532,"weight":4.7357},
{"Node_id":18533,"weight":2.3309},
{"Node_id":18534,"weight":1.4185},
{"Node_id":18535,"weight":1.7615},
{"Node_id":18536,"weight":1.4644},
{"Node_id":18537,"weight":3.1729},
{"Node_id":18538,"weight":2.6794},
{"Node_id":18539,"weight":2.97},
{"Node_id":18540,"weight":1.4611},
{"Node_id":18547,"weight":2.6777},
{"Node_id":18548,"weight":1.7043},
{"Node_id":18549,"weight":2.0877},
{"Node_id":18550,"weight":1.822},
{"Node_id":18551,"weight":3.1755},
{"Node_id":18552,"weight":1.6244},
{"Node_id":18553,"weight":1.5389},
{"Node_id":18554,"weight":2.0907},
{"Node_id":18555,"weight":1.843},
{"Node_id":18556,"weight":3.5732},
{"Node_id":18557,"weight":1.7971},
{"Node_id":18558,"weight":2.9962},
{"Node_id":18559,"weight":2.3198},
{"Node_id":18560,"weight":2.4275},
{"Node_id":18561,"weight":1.4835},
{"Node_id":18562,"weight":1.6501},
{"Node_id":18563,"weight":1.832},
{"Node_id":18564,"weight":1.39},
{"Node_id":18565,"weight":2.3358},
{"Node_id":18566,"weight":1.9662},
{"Node_id":18567,"weight":1.6815},
{"Node_id":18568,"weight":1.9802},
{"Node_id":18569,"weight":3.5253},
{"Node_id":18570,"weight":2.7986},
{"Node_id":18571,"weight":2.6744},
{"Node_id":18572,"weight":2.5224},
{"Node_id":18573,"weight":3.7624},
{"Node_id":18574,"weight":3.0786},
{"Node_id":18575,"weight":2.0565},
{"Node_id":18577,"weight":2.5327},
{"Node_id":18580,"weight":2.7912},
{"Node_id":18582,"weight":3.8372},
{"Node_id":18583,"weight":2.5975},
{"Node_id":18584,"weight":2.3546},
{"Node_id":18585,"weight":1.9459},
{"Node_id":18588,"weight":2.2529},
{"Node_id":18589,"weight":4.2546},
{"Node_id":18590,"weight":3.3777},
{"Node_id":18591,"weight":2.6289},
{"Node_id":18592,"weight":1.7719},
{"Node_id":18593,"weight":2.8324},
{"Node_id":18594,"weight":1.8843},
{"Node_id":18595,"weight":2.0877},
{"Node_id":18596,"weight":2.5929},
{"Node_id":18597,"weight":1.6777},
{"Node_id":18598,"weight":4.2915},
{"Node_id":18599,"weight":1.4409},
{"Node_id":18600,"weight":1.4644},
{"Node_id":18601,"weight":3.3591},
{"Node_id":18602,"weight":2.1884},
{"Node_id":18603,"weight":2.9298},
{"Node_id":18604,"weight":3.4761},
{"Node_id":18605,"weight":4.4988},
{"Node_id":18606,"weight":3.7669},
{"Node_id":18607,"weight":2.1525},
{"Node_id":18683,"weight":2.7676},
{"Node_id":18684,"weight":1.8878},
{"Node_id":18685,"weight":3.7313},
{"Node_id":18686,"weight":2.2599},
{"Node_id":18687,"weight":4.0514},
{"Node_id":18688,"weight":2.9195},
{"Node_id":18689,"weight":1.7728},
{"Node_id":18690,"weight":1.3976},
{"Node_id":18691,"weight":1.7504},
{"Node_id":18692,"weight":1.6853},
{"Node_id":18693,"weight":1.9868},
{"Node_id":18694,"weight":2.1589},
{"Node_id":18695,"weight":2.3149},
{"Node_id":18696,"weight":2.3879},
{"Node_id":18697,"weight":4.8458},
{"Node_id":18698,"weight":1.4915},
{"Node_id":18699,"weight":2.239},
{"Node_id":18700,"weight":2.1643},
{"Node_id":18701,"weight":2.5489},
{"Node_id":18702,"weight":1.6649},
{"Node_id":18703,"weight":1.6702},
{"Node_id":18704,"weight":3.5657},
{"Node_id":18705,"weight":1.9783},
{"Node_id":18706,"weight":1.7939},
{"Node_id":18707,"weight":5.3771},
{"Node_id":18708,"weight":2.0456},
{"Node_id":18709,"weight":3.4969},
{"Node_id":18710,"weight":2.0456},
{"Node_id":18712,"weight":2.6827},
{"Node_id":18714,"weight":2.4288},
{"Node_id":18721,"weight":3.4727},
{"Node_id":18722,"weight":2.0948},
{"Node_id":18723,"weight":2.0525},
{"Node_id":18724,"weight":5.0609},
{"Node_id":18725,"weight":4.3066},
{"Node_id":18726,"weight":3.1099},
{"Node_id":18727,"weight":2.6131},
{"Node_id":18728,"weight":1.8245},
{"Node_id":18729,"weight":1.8245},
{"Node_id":18730,"weight":1.4455},
{"Node_id":18757,"weight":2.145},
{"Node_id":18758,"weight":3.055},
{"Node_id":18759,"weight":3.8518},
{"Node_id":18829,"weight":1.5252},
{"Node_id":18830,"weight":1.9487},
{"Node_id":18831,"weight":1.513},
{"Node_id":18832,"weight":1.6597},
{"Node_id":18833,"weight":2.2402},
{"Node_id":18834,"weight":3.2342},
{"Node_id":18835,"weight":2.2787},
{"Node_id":18836,"weight":2.173},
{"Node_id":18837,"weight":4.3297},
{"Node_id":18838,"weight":2.7586},
{"Node_id":18839,"weight":1.8295},
{"Node_id":18840,"weight":2.6596},
{"Node_id":18841,"weight":2.3508},
{"Node_id":18842,"weight":5.2734},
{"Node_id":18843,"weight":3.9072},
{"Node_id":18844,"weight":5.7732},
{"Node_id":18845,"weight":1.3951},
{"Node_id":18871,"weight":3.2205},
{"Node_id":18872,"weight":1.5779},
{"Node_id":18873,"weight":3.9495},
{"Node_id":18874,"weight":2.0918},
{"Node_id":18875,"weight":1.7833},
{"Node_id":18876,"weight":1.4795},
{"Node_id":18877,"weight":1.3907},
{"Node_id":18878,"weight":1.5694},
{"Node_id":18879,"weight":1.6762},
{"Node_id":18880,"weight":2.8267},
{"Node_id":18881,"weight":2.1785},
{"Node_id":18882,"weight":1.6171},
{"Node_id":18883,"weight":1.3882},
{"Node_id":18884,"weight":4.7242},
{"Node_id":18885,"weight":2.5415},
{"Node_id":18886,"weight":2.0397},
{"Node_id":18887,"weight":1.58},
{"Node_id":18888,"weight":1.5437},
{"Node_id":18889,"weight":1.8295},
{"Node_id":18890,"weight":2.4698},
{"Node_id":18891,"weight":1.9305},
{"Node_id":18892,"weight":3.8132},
{"Node_id":18893,"weight":1.9036},
{"Node_id":18894,"weight":1.8054},
{"Node_id":18895,"weight":1.6244},
{"Node_id":18896,"weight":1.5506},
{"Node_id":18897,"weight":1.8851},
{"Node_id":18898,"weight":1.6471},
{"Node_id":18899,"weight":3.1912},
{"Node_id":18900,"weight":1.5687},
{"Node_id":18901,"weight":1.4598},
{"Node_id":18902,"weight":2.2344},
{"Node_id":18903,"weight":2.0048},
{"Node_id":18904,"weight":2.5094},
{"Node_id":18905,"weight":2.1796},
{"Node_id":18906,"weight":2.2425},
{"Node_id":18907,"weight":5.5957},
{"Node_id":18908,"weight":3.1912},
{"Node_id":18923,"weight":1.7623},
{"Node_id":18924,"weight":1.4481},
{"Node_id":18925,"weight":1.5096},
{"Node_id":18926,"weight":1.4422},
{"Node_id":18927,"weight":4.7592},
{"Node_id":18928,"weight":2.2129},
{"Node_id":19012,"weight":3.1651},
{"Node_id":19013,"weight":2.3284},
{"Node_id":19014,"weight":2.0067},
{"Node_id":19015,"weight":1.5793},
{"Node_id":19016,"weight":2.3358},
{"Node_id":19051,"weight":1.4172},
{"Node_id":19079,"weight":3.7313},
{"Node_id":19080,"weight":1.7206},
{"Node_id":19081,"weight":2.9529},
{"Node_id":19116,"weight":1.3932},
{"Node_id":19119,"weight":4.5751},
{"Node_id":19121,"weight":3.0929},
{"Node_id":19126,"weight":2.9786},
{"Node_id":19170,"weight":1.822},
{"Node_id":19171,"weight":1.7464},
{"Node_id":19174,"weight":1.4487},
{"Node_id":19198,"weight":1.3913},
{"Node_id":19199,"weight":1.3963},
{"Node_id":19200,"weight":2.3918},
{"Node_id":19220,"weight":1.5779},
{"Node_id":19285,"weight":2.8458},
{"Node_id":19411,"weight":1.4591},
{"Node_id":19412,"weight":4.0049},
{"Node_id":19413,"weight":1.793},
{"Node_id":19438,"weight":1.6936},
{"Node_id":19439,"weight":2.0212},
{"Node_id":19440,"weight":4.5653},
{"Node_id":19442,"weight":2.0077},
{"Node_id":19549,"weight":1.8379},
{"Node_id":19550,"weight":1.9802},
{"Node_id":19552,"weight":3.6352},
{"Node_id":19553,"weight":2.1323},
{"Node_id":19554,"weight":4.1982},
{"Node_id":19577,"weight":1.9746},
{"Node_id":19578,"weight":3.1651},
{"Node_id":19579,"weight":2.5023},
{"Node_id":19589,"weight":1.8834},
{"Node_id":19590,"weight":1.4121},
{"Node_id":19624,"weight":2.5268},
{"Node_id":19625,"weight":1.469},
{"Node_id":19626,"weight":2.8229},
{"Node_id":19627,"weight":3.3197},
{"Node_id":19628,"weight":3.5289},
{"Node_id":19629,"weight":1.6013},
{"Node_id":19630,"weight":1.5204},
{"Node_id":19631,"weight":3.5807},
{"Node_id":19632,"weight":2.0605},
{"Node_id":19633,"weight":1.7036},
{"Node_id":19634,"weight":1.7206},
{"Node_id":19635,"weight":2.1302},
{"Node_id":19636,"weight":1.7881},
{"Node_id":19637,"weight":1.7159},
{"Node_id":19638,"weight":4.3297},
{"Node_id":19639,"weight":1.6493},
{"Node_id":19640,"weight":1.7206},
{"Node_id":19643,"weight":1.5624},
{"Node_id":19644,"weight":1.6013},
{"Node_id":19645,"weight":4.6363},
{"Node_id":19646,"weight":1.631},
{"Node_id":19647,"weight":2.764},
{"Node_id":19648,"weight":1.9877},
{"Node_id":19649,"weight":2.5852},
{"Node_id":19650,"weight":1.793},
{"Node_id":19651,"weight":3.0621},
{"Node_id":19652,"weight":2.7029},
{"Node_id":19653,"weight":3.504},
{"Node_id":19654,"weight":1.6553},
{"Node_id":19655,"weight":1.5715},
{"Node_id":19656,"weight":1.9423},
{"Node_id":19657,"weight":1.4481},
{"Node_id":19658,"weight":1.4494},
{"Node_id":19659,"weight":1.5575},
{"Node_id":19660,"weight":5.045},
{"Node_id":19661,"weight":2.1687},
{"Node_id":19662,"weight":1.9915},
{"Node_id":19663,"weight":2.7132},
{"Node_id":19664,"weight":1.9296},
{"Node_id":19665,"weight":2.1072},
{"Node_id":19666,"weight":3.842},
{"Node_id":19667,"weight":1.9259},
{"Node_id":19668,"weight":2.2344},
{"Node_id":19669,"weight":1.5757},
{"Node_id":19670,"weight":2.9852},
{"Node_id":19671,"weight":2.102},
{"Node_id":19672,"weight":1.9423},
{"Node_id":19673,"weight":1.8557},
{"Node_id":19674,"weight":2.2517},
{"Node_id":19675,"weight":2.6911},
{"Node_id":19676,"weight":4.1513},
{"Node_id":19677,"weight":2.9786},
{"Node_id":19678,"weight":5.5957},
{"Node_id":19679,"weight":1.8362},
{"Node_id":19680,"weight":2.7201},
{"Node_id":19681,"weight":2.1796},
{"Node_id":19682,"weight":1.8904},
{"Node_id":19683,"weight":3.2992},
{"Node_id":19684,"weight":1.9764},
{"Node_id":19685,"weight":1.7963},
{"Node_id":19686,"weight":2.1},
{"Node_id":19687,"weight":2.3321},
{"Node_id":19688,"weight":2.3584},
{"Node_id":19689,"weight":3.0574},
{"Node_id":19690,"weight":2.3866},
{"Node_id":19691,"weight":1.5245},
{"Node_id":19692,"weight":1.8387},
{"Node_id":19693,"weight":3.4095},
{"Node_id":19694,"weight":1.9943},
{"Node_id":19695,"weight":1.5722},
{"Node_id":19773,"weight":2.0416},
{"Node_id":19774,"weight":2.127},
{"Node_id":19775,"weight":2.6811},
{"Node_id":19776,"weight":1.8695},
{"Node_id":19777,"weight":2.0309},
{"Node_id":19778,"weight":2.1124},
{"Node_id":19779,"weight":4.5653},
{"Node_id":19780,"weight":2.3996},
{"Node_id":19781,"weight":1.4881},
{"Node_id":19782,"weight":2.7287},
{"Node_id":19783,"weight":3.0905},
{"Node_id":19784,"weight":2.0887},
{"Node_id":19785,"weight":1.4513},
{"Node_id":19790,"weight":4.3534},
{"Node_id":19791,"weight":1.4416},
{"Node_id":19801,"weight":1.9423},
{"Node_id":19802,"weight":2.0745},
{"Node_id":19803,"weight":2.5852},
{"Node_id":19805,"weight":2.7046},
{"Node_id":19806,"weight":1.7703},
{"Node_id":19807,"weight":1.4875},
{"Node_id":19808,"weight":1.6288},
{"Node_id":19816,"weight":1.7639},
{"Node_id":19818,"weight":2.3408},
{"Node_id":19821,"weight":3.4624},
{"Node_id":19822,"weight":1.4147},
{"Node_id":19823,"weight":1.552},
{"Node_id":19824,"weight":3.0139},
{"Node_id":19825,"weight":4.1064},
{"Node_id":19826,"weight":3.6595},
{"Node_id":19827,"weight":1.7276},
{"Node_id":19828,"weight":3.3347},
{"Node_id":19858,"weight":2.4533},
{"Node_id":19859,"weight":2.4221},
{"Node_id":19860,"weight":2.9011},
{"Node_id":19861,"weight":2.274},
{"Node_id":19862,"weight":2.8691},
{"Node_id":19863,"weight":1.397},
{"Node_id":19864,"weight":1.8992},
{"Node_id":19865,"weight":1.5157},
{"Node_id":19866,"weight":2.8496},
{"Node_id":19867,"weight":1.8295},
{"Node_id":19868,"weight":1.6273},
{"Node_id":19934,"weight":1.699},
{"Node_id":19935,"weight":2.1176},
{"Node_id":19939,"weight":2.126},
{"Node_id":19940,"weight":1.6567},
{"Node_id":19942,"weight":2.7462},
{"Node_id":19943,"weight":2.1796},
{"Node_id":19944,"weight":2.1218},
{"Node_id":19945,"weight":1.532},
{"Node_id":19946,"weight":2.8496},
{"Node_id":19947,"weight":3.8038},
{"Node_id":19948,"weight":1.9241},
{"Node_id":19949,"weight":3.5004},
{"Node_id":19950,"weight":2.3635},
{"Node_id":19951,"weight":1.4513},
{"Node_id":19952,"weight":1.5218},
{"Node_id":19953,"weight":1.6951},
{"Node_id":19954,"weight":1.9089},
{"Node_id":19958,"weight":3.0857},
{"Node_id":19959,"weight":2.5852},
{"Node_id":19960,"weight":4.7242},
{"Node_id":19961,"weight":1.956},
{"Node_id":19962,"weight":2.8535},
{"Node_id":19963,"weight":2.1972},
{"Node_id":19964,"weight":2.3609},
{"Node_id":19965,"weight":3.1347},
{"Node_id":19966,"weight":1.9981},
{"Node_id":19967,"weight":4.9264},
{"Node_id":19968,"weight":2.2979},
{"Node_id":19969,"weight":3.5217},
{"Node_id":19970,"weight":2.4909},
{"Node_id":19971,"weight":1.5191},
{"Node_id":19972,"weight":2.1302},
{"Node_id":19973,"weight":1.6967},
{"Node_id":19974,"weight":2.61},
{"Node_id":19975,"weight":2.1493},
{"Node_id":19976,"weight":2.2895},
{"Node_id":19977,"weight":3.1075},
{"Node_id":19978,"weight":1.5444},
{"Node_id":19979,"weight":1.5177},
{"Node_id":19980,"weight":1.4683},
{"Node_id":19981,"weight":2.001},
{"Node_id":19982,"weight":1.4888},
{"Node_id":19983,"weight":1.587},
{"Node_id":19984,"weight":2.5714},
{"Node_id":19985,"weight":1.5527},
{"Node_id":19986,"weight":2.7894},
{"Node_id":19987,"weight":1.4147},
{"Node_id":19988,"weight":1.6739},
{"Node_id":19989,"weight":1.7906},
{"Node_id":19990,"weight":6.264},
{"Node_id":19991,"weight":2.4075},
{"Node_id":19994,"weight":1.5136},
{"Node_id":19995,"weight":3.7806},
{"Node_id":19996,"weight":6.2126},
{"Node_id":19997,"weight":3.0072},
{"Node_id":19998,"weight":3.8275},
{"Node_id":19999,"weight":3.5362},
{"Node_id":20000,"weight":1.9287},
{"Node_id":20001,"weight":2.5836},
{"Node_id":20002,"weight":2.0202},
{"Node_id":20003,"weight":1.9305},
{"Node_id":20004,"weight":1.4749},
{"Node_id":20005,"weight":2.2967},
{"Node_id":20006,"weight":2.9195},
{"Node_id":20098,"weight":2.3271},
{"Node_id":20099,"weight":1.7535},
{"Node_id":20101,"weight":1.9395},
{"Node_id":20102,"weight":1.4134},
{"Node_id":20115,"weight":1.8678},
{"Node_id":20116,"weight":2.2084},
{"Node_id":20117,"weight":1.8095},
{"Node_id":20118,"weight":2.9215},
{"Node_id":20119,"weight":2.7218},
{"Node_id":20120,"weight":1.8404},
{"Node_id":20121,"weight":1.3944},
{"Node_id":20122,"weight":2.2587},
{"Node_id":20123,"weight":1.7074},
{"Node_id":20124,"weight":3.776},
{"Node_id":20125,"weight":4.6363},
{"Node_id":20126,"weight":3.9936},
{"Node_id":20127,"weight":2.231},
{"Node_id":20128,"weight":1.7028},
{"Node_id":20129,"weight":1.9386},
{"Node_id":20130,"weight":1.7144},
{"Node_id":20131,"weight":1.6442},
{"Node_id":20136,"weight":1.4191},
{"Node_id":20137,"weight":1.6229},
{"Node_id":20138,"weight":1.7417},
{"Node_id":20139,"weight":3.6636},
{"Node_id":20140,"weight":1.6853},
{"Node_id":20141,"weight":2.2402},
{"Node_id":20142,"weight":5.4217},
{"Node_id":20143,"weight":1.4217},
{"Node_id":20144,"weight":2.0928},
{"Node_id":20164,"weight":2.3234},
{"Node_id":20183,"weight":5.3555},
{"Node_id":20184,"weight":2.441},
{"Node_id":20185,"weight":1.5506},
{"Node_id":20186,"weight":2.9874},
{"Node_id":20197,"weight":1.6442},
{"Node_id":20198,"weight":1.3869},
{"Node_id":20199,"weight":1.7036},
{"Node_id":20200,"weight":1.789},
{"Node_id":20201,"weight":1.5687},
{"Node_id":20202,"weight":2.2253},
{"Node_id":20203,"weight":3.2619},
{"Node_id":20204,"weight":3.0252},
{"Node_id":20207,"weight":1.6777},
{"Node_id":20209,"weight":4.4451},
{"Node_id":20212,"weight":1.9542},
{"Node_id":20220,"weight":1.886},
{"Node_id":20221,"weight":2.0887},
{"Node_id":20224,"weight":3.5398},
{"Node_id":20225,"weight":2.3699},
{"Node_id":20228,"weight":1.6545},
{"Node_id":20229,"weight":1.9905},
{"Node_id":20230,"weight":2.1312},
{"Node_id":20231,"weight":1.9386},
{"Node_id":20243,"weight":1.6013},
{"Node_id":20244,"weight":2.2705},
{"Node_id":20245,"weight":2.3259},
{"Node_id":20246,"weight":1.5015},
{"Node_id":20247,"weight":1.6339},
{"Node_id":20248,"weight":4.4716},
{"Node_id":20249,"weight":2.0897},
{"Node_id":20250,"weight":2.1665},
{"Node_id":20251,"weight":2.5836},
{"Node_id":20252,"weight":1.9578},
{"Node_id":20253,"weight":3.7991},
{"Node_id":20254,"weight":2.3559},
{"Node_id":20255,"weight":2.3996},
{"Node_id":20256,"weight":1.4982},
{"Node_id":20257,"weight":1.6605},
{"Node_id":20258,"weight":1.9802},
{"Node_id":20259,"weight":2.2129},
{"Node_id":20260,"weight":2.9215},
{"Node_id":20261,"weight":2.5944},
{"Node_id":20265,"weight":2.1072},
{"Node_id":20266,"weight":2.8477},
{"Node_id":20267,"weight":1.4526},
{"Node_id":20268,"weight":1.7711},
{"Node_id":20269,"weight":1.8021},
{"Node_id":20333,"weight":2.9133},
{"Node_id":20334,"weight":1.5076},
{"Node_id":20335,"weight":2.3622},
{"Node_id":20336,"weight":2.9423},
{"Node_id":20337,"weight":2.9874},
{"Node_id":20338,"weight":2.0826},
{"Node_id":20339,"weight":1.726},
{"Node_id":20340,"weight":1.7433},
{"Node_id":20341,"weight":2.223},
{"Node_id":20342,"weight":2.7081},
{"Node_id":20343,"weight":2.936},
{"Node_id":20345,"weight":2.7132},
{"Node_id":20347,"weight":1.9905},
{"Node_id":20348,"weight":1.9018},
{"Node_id":20349,"weight":4.1711},
{"Node_id":20350,"weight":1.4683},
{"Node_id":20351,"weight":2.0695},
{"Node_id":20352,"weight":1.3907},
{"Node_id":20353,"weight":4.7015},
{"Node_id":20355,"weight":1.5863},
{"Node_id":20358,"weight":2.5297},
{"Node_id":20373,"weight":3.8085},
{"Node_id":20374,"weight":1.3894},
{"Node_id":20375,"weight":4.6053},
{"Node_id":20376,"weight":4.4896},
{"Node_id":20377,"weight":3.4591},
{"Node_id":20378,"weight":2.2859},
{"Node_id":20379,"weight":1.5076},
{"Node_id":20380,"weight":1.6085},
{"Node_id":20381,"weight":1.4134},
{"Node_id":20382,"weight":2.0555},
{"Node_id":20384,"weight":1.7252},
{"Node_id":20386,"weight":1.9615},
{"Node_id":20387,"weight":2.1397},
{"Node_id":20388,"weight":2.885},
{"Node_id":20389,"weight":2.3673},
{"Node_id":20390,"weight":1.9359},
{"Node_id":20393,"weight":1.812},
{"Node_id":20394,"weight":2.3471},
{"Node_id":20395,"weight":2.1525},
{"Node_id":20396,"weight":2.2979},
{"Node_id":20397,"weight":4.9264},
{"Node_id":20398,"weight":3.4591},
{"Node_id":20399,"weight":3.4865},
{"Node_id":20400,"weight":2.2716},
{"Node_id":20401,"weight":1.5878},
{"Node_id":20402,"weight":4.9126},
{"Node_id":20403,"weight":1.3951},
{"Node_id":20404,"weight":2.2599},
{"Node_id":20405,"weight":2.1983},
{"Node_id":20406,"weight":1.6694},
{"Node_id":20407,"weight":2.0836},
{"Node_id":20408,"weight":1.8532},
{"Node_id":20409,"weight":2.5564},
{"Node_id":20410,"weight":2.4089},
{"Node_id":20411,"weight":2.1514},
{"Node_id":20412,"weight":2.4262},
{"Node_id":20415,"weight":2.4089},
{"Node_id":20416,"weight":3.1247},
{"Node_id":20419,"weight":1.7639},
{"Node_id":20420,"weight":2.6962},
{"Node_id":20431,"weight":1.5471},
{"Node_id":20432,"weight":1.6898},
{"Node_id":20433,"weight":1.3951},
{"Node_id":20434,"weight":1.6449},
{"Node_id":20435,"weight":2.0705},
{"Node_id":20436,"weight":1.8575},
{"Node_id":20437,"weight":3.2178},
{"Node_id":20438,"weight":2.6337},
{"Node_id":20439,"weight":2.5489},
{"Node_id":20440,"weight":2.0635},
{"Node_id":20441,"weight":2.6194},
{"Node_id":20442,"weight":1.656},
{"Node_id":20443,"weight":2.1939},
{"Node_id":20444,"weight":1.5694},
{"Node_id":20445,"weight":1.7631},
{"Node_id":20446,"weight":1.4255},
{"Node_id":20447,"weight":3.9441},
{"Node_id":20448,"weight":1.4268},
{"Node_id":20449,"weight":1.4403},
{"Node_id":20450,"weight":2.7081},
{"Node_id":20451,"weight":1.6383},
{"Node_id":20452,"weight":1.4808},
{"Node_id":20453,"weight":1.7496},
{"Node_id":20454,"weight":4.9989},
{"Node_id":20455,"weight":1.6672},
{"Node_id":20456,"weight":2.7115},
{"Node_id":20457,"weight":1.4875},
{"Node_id":20458,"weight":1.6412},
{"Node_id":20459,"weight":2.0655},
{"Node_id":20460,"weight":1.6694},
{"Node_id":20461,"weight":1.5771},
{"Node_id":20462,"weight":1.86},
{"Node_id":20463,"weight":5.7732},
{"Node_id":20464,"weight":4.2402},
{"Node_id":20465,"weight":2.5594},
{"Node_id":20466,"weight":6.1171},
{"Node_id":20502,"weight":2.2196},
{"Node_id":20503,"weight":2.6178},
{"Node_id":20504,"weight":4.5951},
{"Node_id":20505,"weight":3.7898},
{"Node_id":20506,"weight":2.9678},
{"Node_id":20543,"weight":1.7315},
{"Node_id":20544,"weight":1.8103},
{"Node_id":20545,"weight":2.6695},
{"Node_id":20546,"weight":1.5673},
{"Node_id":20547,"weight":3.5732},
{"Node_id":20548,"weight":2.0338},
{"Node_id":20549,"weight":2.8652},
{"Node_id":20550,"weight":2.3395},
{"Node_id":20551,"weight":2.4574},
{"Node_id":20552,"weight":3.1099},
{"Node_id":20553,"weight":2.5944},
{"Node_id":20554,"weight":2.1557},
{"Node_id":20555,"weight":3.449},
{"Node_id":20556,"weight":3.7991},
{"Node_id":20557,"weight":1.8712},
{"Node_id":20558,"weight":5.3992},
{"Node_id":20559,"weight":1.8913},
{"Node_id":20563,"weight":1.9359},
{"Node_id":20564,"weight":1.4306},
{"Node_id":20565,"weight":3.3438},
{"Node_id":20566,"weight":3.1807},
{"Node_id":20567,"weight":1.467},
{"Node_id":20568,"weight":3.0095},
{"Node_id":20569,"weight":3.226},
{"Node_id":20570,"weight":2.6084},
{"Node_id":20571,"weight":2.5224},
{"Node_id":20572,"weight":2.0645},
{"Node_id":20573,"weight":1.5513},
{"Node_id":20574,"weight":2.5745},
{"Node_id":20575,"weight":1.4756},
{"Node_id":20604,"weight":2.4451},
{"Node_id":20605,"weight":2.239},
{"Node_id":20606,"weight":2.879},
{"Node_id":20607,"weight":1.879},
{"Node_id":20608,"weight":3.8469},
{"Node_id":20609,"weight":1.9662},
{"Node_id":20610,"weight":1.5849},
{"Node_id":20611,"weight":1.8387},
{"Node_id":20612,"weight":1.4326},
{"Node_id":20613,"weight":2.401},
{"Node_id":20624,"weight":1.5062},
{"Node_id":20625,"weight":2.3609},
{"Node_id":20626,"weight":1.7752},
{"Node_id":20627,"weight":2.0115},
{"Node_id":20628,"weight":1.8087},
{"Node_id":20629,"weight":1.4396},
{"Node_id":20630,"weight":2.1862},
{"Node_id":20631,"weight":2.0846},
{"Node_id":20632,"weight":3.1148},
{"Node_id":20633,"weight":1.5252},
{"Node_id":20634,"weight":4.2546},
{"Node_id":20635,"weight":4.0514},
{"Node_id":20636,"weight":2.6482},
{"Node_id":20637,"weight":1.983},
{"Node_id":20638,"weight":1.712},
{"Node_id":20639,"weight":6.6441},
{"Node_id":20640,"weight":2.7166},
{"Node_id":20718,"weight":3.7898},
{"Node_id":20719,"weight":1.9736},
{"Node_id":20722,"weight":1.4941},
{"Node_id":20723,"weight":3.504},
{"Node_id":20724,"weight":1.5715},
{"Node_id":20725,"weight":3.3652},
{"Node_id":20726,"weight":2.6645},
{"Node_id":20727,"weight":4.0634},
{"Node_id":20728,"weight":3.2178},
{"Node_id":20729,"weight":2.3003},
{"Node_id":20730,"weight":2.6695},
{"Node_id":20731,"weight":4.3614},
{"Node_id":20732,"weight":6.1171},
{"Node_id":20733,"weight":2.3699},
{"Node_id":20734,"weight":3.7806},
{"Node_id":20735,"weight":2.2219},
{"Node_id":20736,"weight":3.6352},
{"Node_id":20737,"weight":1.6171},
{"Node_id":20738,"weight":3.9713},
{"Node_id":20739,"weight":1.983},
{"Node_id":20740,"weight":2.4866},
{"Node_id":20741,"weight":1.5603},
{"Node_id":20742,"weight":5.6232},
{"Node_id":20743,"weight":3.5075},
{"Node_id":20747,"weight":1.4435},
{"Node_id":20748,"weight":1.9708},
{"Node_id":20749,"weight":1.7385},
{"Node_id":20750,"weight":2.1546},
{"Node_id":20757,"weight":2.0545},
{"Node_id":20758,"weight":3.3591},
{"Node_id":20759,"weight":2.0318},
{"Node_id":20760,"weight":3.7624},
{"Node_id":20761,"weight":2.0918},
{"Node_id":20762,"weight":3.4624},
{"Node_id":20763,"weight":2.6353},
{"Node_id":20764,"weight":2.0755},
{"Node_id":20765,"weight":2.6353},
{"Node_id":20766,"weight":1.4795},
{"Node_id":20767,"weight":1.7599},
{"Node_id":20768,"weight":1.4306},
{"Node_id":20769,"weight":1.78},
{"Node_id":20770,"weight":2.0221},
{"Node_id":20771,"weight":1.4332},
{"Node_id":20772,"weight":2.8248},
{"Node_id":20773,"weight":3.2452},
{"Node_id":20776,"weight":4.0049},
{"Node_id":20777,"weight":2.0595},
{"Node_id":20778,"weight":3.1912},
{"Node_id":20782,"weight":1.5743},
{"Node_id":20783,"weight":3.9713},
{"Node_id":20784,"weight":1.6929},
{"Node_id":20814,"weight":1.5828},
{"Node_id":20815,"weight":2.0309},
{"Node_id":20816,"weight":1.4663},
{"Node_id":20817,"weight":1.7082},
{"Node_id":20818,"weight":1.4928},
{"Node_id":20822,"weight":1.5231},
{"Node_id":20823,"weight":2.8116},
{"Node_id":20824,"weight":1.5062},
{"Node_id":20825,"weight":2.7166},
{"Node_id":20826,"weight":2.3458},
{"Node_id":20827,"weight":2.5181},
{"Node_id":20828,"weight":2.7857},
{"Node_id":20829,"weight":1.6739},
{"Node_id":20830,"weight":2.2646},
{"Node_id":20831,"weight":4.9548},
{"Node_id":20832,"weight":3.4456},
{"Node_id":20833,"weight":1.7028},
{"Node_id":20834,"weight":2.0348},
{"Node_id":20835,"weight":2.5066},
{"Node_id":20836,"weight":1.68},
{"Node_id":20837,"weight":1.9802},
{"Node_id":20838,"weight":4.2331},
{"Node_id":20839,"weight":2.2106},
{"Node_id":20840,"weight":2.3699},
{"Node_id":20841,"weight":4.2619},
{"Node_id":20842,"weight":2.2017},
{"Node_id":20843,"weight":2.441},
{"Node_id":20844,"weight":1.602},
{"Node_id":20845,"weight":2.1939},
{"Node_id":20848,"weight":2.4342},
{"Node_id":20849,"weight":1.9161},
{"Node_id":20852,"weight":2.0625},
{"Node_id":20853,"weight":2.4712},
{"Node_id":20854,"weight":2.4698},
{"Node_id":20855,"weight":2.645},
{"Node_id":20856,"weight":2.0348},
{"Node_id":20857,"weight":2.3173},
{"Node_id":20858,"weight":3.6595},
{"Node_id":20859,"weight":1.5143},
{"Node_id":20860,"weight":1.6739},
{"Node_id":20861,"weight":2.0735},
{"Node_id":20862,"weight":1.5506},
{"Node_id":20863,"weight":3.0343},
{"Node_id":20864,"weight":2.5474},
{"Node_id":20865,"weight":1.5701},
{"Node_id":20866,"weight":2.0358},
{"Node_id":20867,"weight":3.9441},
{"Node_id":20868,"weight":2.5385},
{"Node_id":20869,"weight":1.866},
{"Node_id":20870,"weight":1.8506},
{"Node_id":20871,"weight":2.877},
{"Node_id":20872,"weight":1.5204},
{"Node_id":20951,"weight":1.7776},
{"Node_id":20952,"weight":2.8613},
{"Node_id":20953,"weight":1.5934},
{"Node_id":20978,"weight":2.6563},
{"Node_id":20979,"weight":1.8261},
{"Node_id":20980,"weight":3.5435},
{"Node_id":20981,"weight":1.5464},
{"Node_id":20982,"weight":1.6006},
{"Node_id":21058,"weight":1.8286},
{"Node_id":21059,"weight":2.1407},
{"Node_id":21060,"weight":2.4115},
{"Node_id":21061,"weight":2.5297},
{"Node_id":21062,"weight":1.7639},
{"Node_id":21094,"weight":1.3982},
{"Node_id":21095,"weight":2.5699},
{"Node_id":21096,"weight":1.7005},
{"Node_id":21153,"weight":3.005},
{"Node_id":21154,"weight":1.5035},
{"Node_id":21199,"weight":6.3182},
{"Node_id":21200,"weight":1.7512},
{"Node_id":21201,"weight":5.5957},
{"Node_id":21202,"weight":1.4749},
{"Node_id":21203,"weight":4.1846},
{"Node_id":21204,"weight":2.9571},
{"Node_id":21205,"weight":1.4507},
{"Node_id":21206,"weight":4.4988},
{"Node_id":21207,"weight":2.0715},
{"Node_id":21208,"weight":1.7528},
{"Node_id":21209,"weight":1.6747},
{"Node_id":21210,"weight":1.6295},
{"Node_id":21211,"weight":3.3871},
{"Node_id":21212,"weight":1.9551},
{"Node_id":21213,"weight":2.6006},
{"Node_id":21216,"weight":1.6936},
{"Node_id":21217,"weight":2.1103},
{"Node_id":21218,"weight":2.1376},
{"Node_id":21219,"weight":1.6405},
{"Node_id":21220,"weight":2.4671},
{"Node_id":21221,"weight":1.5423},
{"Node_id":21222,"weight":1.4624},
{"Node_id":21223,"weight":6.3182},
{"Node_id":21224,"weight":1.8695},
{"Node_id":21225,"weight":2.0289},
{"Node_id":21227,"weight":4.1318},
{"Node_id":21249,"weight":2.2529},
{"Node_id":21252,"weight":1.6361},
{"Node_id":21254,"weight":5.7105},
{"Node_id":21274,"weight":3.6352},
{"Node_id":21275,"weight":3.356},
{"Node_id":21276,"weight":2.61},
{"Node_id":21277,"weight":1.8992},
{"Node_id":21279,"weight":3.9124},
{"Node_id":21282,"weight":1.5109},
{"Node_id":21285,"weight":2.1535},
{"Node_id":21286,"weight":3.2818},
{"Node_id":21287,"weight":3.9713},
{"Node_id":21288,"weight":1.7623},
{"Node_id":21289,"weight":4.3297},
{"Node_id":21290,"weight":2.0585},
{"Node_id":21291,"weight":2.5474},
{"Node_id":21292,"weight":2.184},
{"Node_id":21293,"weight":2.1643},
{"Node_id":21294,"weight":3.6115},
{"Node_id":21295,"weight":1.854},
{"Node_id":21296,"weight":2.7515},
{"Node_id":21297,"weight":1.8738},
{"Node_id":21298,"weight":2.0846},
{"Node_id":21301,"weight":2.1983},
{"Node_id":21302,"weight":1.5666},
{"Node_id":21303,"weight":3.9658},
{"Node_id":21304,"weight":1.886},
{"Node_id":21305,"weight":1.7955},
{"Node_id":21306,"weight":2.3173},
{"Node_id":21307,"weight":1.9441},
{"Node_id":21308,"weight":1.5279},
{"Node_id":21309,"weight":2.2017},
{"Node_id":21310,"weight":1.5204},
{"Node_id":21311,"weight":2.6596},
{"Node_id":21312,"weight":2.9939},
{"Node_id":21313,"weight":1.5764},
{"Node_id":21314,"weight":1.5123},
{"Node_id":21315,"weight":2.5729},
{"Node_id":21316,"weight":2.1578},
{"Node_id":21317,"weight":2.1407},
{"Node_id":21318,"weight":1.6353},
{"Node_id":21319,"weight":2.3892},
{"Node_id":21320,"weight":2.3039},
{"Node_id":21321,"weight":2.7046},
{"Node_id":21322,"weight":1.6164},
{"Node_id":21323,"weight":1.8295},
{"Node_id":21324,"weight":3.6273},
{"Node_id":21325,"weight":2.9195},
{"Node_id":21330,"weight":1.8566},
{"Node_id":21331,"weight":2.2483},
{"Node_id":21332,"weight":2.2174},
{"Node_id":21333,"weight":2.3533},
{"Node_id":21334,"weight":3.0028},
{"Node_id":21335,"weight":1.5471},
{"Node_id":21336,"weight":3.2017},
{"Node_id":21337,"weight":2.366},
{"Node_id":21338,"weight":2.9195},
{"Node_id":21339,"weight":2.6466},
{"Node_id":21340,"weight":3.416},
{"Node_id":21341,"weight":1.4236},
{"Node_id":21342,"weight":4.0455},
{"Node_id":21343,"weight":2.1687},
{"Node_id":21344,"weight":1.8635},
{"Node_id":21345,"weight":2.7201},
{"Node_id":21346,"weight":1.4968},
{"Node_id":21347,"weight":1.5631},
{"Node_id":21348,"weight":2.6482},
{"Node_id":21349,"weight":2.2811},
{"Node_id":21350,"weight":3.5884},
{"Node_id":21351,"weight":1.9746},
{"Node_id":21352,"weight":3.449},
{"Node_id":21353,"weight":1.9332},
{"Node_id":21354,"weight":2.223},
{"Node_id":21355,"weight":2.7931},
{"Node_id":21362,"weight":1.4928},
{"Node_id":21365,"weight":2.1051},
{"Node_id":21366,"weight":3.1124},
{"Node_id":21367,"weight":3.1002},
{"Node_id":21368,"weight":2.2028},
{"Node_id":21369,"weight":3.9124},
{"Node_id":21370,"weight":3.8372},
{"Node_id":21371,"weight":2.7694},
{"Node_id":21372,"weight":4.0574},
{"Node_id":21373,"weight":7.418},
{"Node_id":21376,"weight":2.4288},
{"Node_id":21377,"weight":4.0514},
{"Node_id":21378,"weight":1.5293},
{"Node_id":21379,"weight":1.5396},
{"Node_id":21383,"weight":2.4329},
{"Node_id":21399,"weight":2.4155},
{"Node_id":21402,"weight":8.1114},
{"Node_id":21403,"weight":1.6434},
{"Node_id":21406,"weight":2.0067},
{"Node_id":21407,"weight":2.0019},
{"Node_id":21408,"weight":3.6432},
{"Node_id":21409,"weight":2.1884},
{"Node_id":21410,"weight":2.2174},
{"Node_id":21411,"weight":2.0836},
{"Node_id":21412,"weight":2.0289},
{"Node_id":21413,"weight":2.6777},
{"Node_id":21414,"weight":2.9465},
{"Node_id":21415,"weight":1.5927},
{"Node_id":21436,"weight":1.7013},
{"Node_id":21437,"weight":2.4356},
{"Node_id":21438,"weight":1.6747},
{"Node_id":21439,"weight":1.4736},
{"Node_id":21440,"weight":2.1145},
{"Node_id":21441,"weight":1.5029},
{"Node_id":21442,"weight":1.5409},
{"Node_id":21443,"weight":1.8669},
{"Node_id":21444,"weight":3.8227},
{"Node_id":21445,"weight":1.7409},
{"Node_id":21446,"weight":2.6037},
{"Node_id":21447,"weight":2.7912},
{"Node_id":21448,"weight":1.9468},
{"Node_id":21449,"weight":4.9989},
{"Node_id":21450,"weight":1.4855},
{"Node_id":21451,"weight":1.843},
{"Node_id":21452,"weight":1.8773},
{"Node_id":21453,"weight":2.8633},
{"Node_id":21454,"weight":6.3182},
{"Node_id":21455,"weight":2.2196},
{"Node_id":21456,"weight":3.1002},
{"Node_id":21457,"weight":1.5306},
{"Node_id":21458,"weight":3.3591},
{"Node_id":21459,"weight":1.5347},
{"Node_id":21460,"weight":1.4468},
{"Node_id":21461,"weight":1.6649},
{"Node_id":21462,"weight":1.7599},
{"Node_id":21463,"weight":2.2425},
{"Node_id":21464,"weight":2.0615},
{"Node_id":21465,"weight":1.3875},
{"Node_id":21466,"weight":2.321},
{"Node_id":21467,"weight":4.4538},
{"Node_id":21468,"weight":1.4789},
{"Node_id":21469,"weight":1.4572},
{"Node_id":21470,"weight":2.6678},
{"Node_id":21471,"weight":6.5008},
{"Node_id":21472,"weight":5.4685},
{"Node_id":21473,"weight":1.7575},
{"Node_id":21474,"weight":1.9662},
{"Node_id":21475,"weight":1.532},
{"Node_id":21476,"weight":1.5002},
{"Node_id":21477,"weight":1.4578},
{"Node_id":21478,"weight":4.3858},
{"Node_id":21481,"weight":3.2876},
{"Node_id":21482,"weight":3.6885},
{"Node_id":21483,"weight":2.0058},
{"Node_id":21484,"weight":2.0397},
{"Node_id":21485,"weight":1.6523},
{"Node_id":21486,"weight":6.4362},
{"Node_id":21487,"weight":1.86},
{"Node_id":21488,"weight":1.6959},
{"Node_id":21489,"weight":2.1643},
{"Node_id":21490,"weight":1.5736},
{"Node_id":21608,"weight":1.6822},
{"Node_id":21609,"weight":1.9395},
{"Node_id":21610,"weight":1.5245},
{"Node_id":21611,"weight":3.6554},
{"Node_id":21612,"weight":3.3714},
{"Node_id":21615,"weight":1.4585},
{"Node_id":21616,"weight":2.0705},
{"Node_id":21670,"weight":1.6982},
{"Node_id":21671,"weight":2.1093},
{"Node_id":21672,"weight":2.2669},
{"Node_id":21673,"weight":2.521},
{"Node_id":21674,"weight":1.9839},
{"Node_id":21675,"weight":2.4248},
{"Node_id":21676,"weight":1.752},
{"Node_id":21677,"weight":2.576},
{"Node_id":21733,"weight":2.4383},
{"Node_id":21734,"weight":1.9934},
{"Node_id":21735,"weight":1.8913},
{"Node_id":21736,"weight":4.4108},
{"Node_id":21737,"weight":1.9597},
{"Node_id":21738,"weight":1.659},
{"Node_id":21745,"weight":1.9223},
{"Node_id":21746,"weight":2.0173},
{"Node_id":21747,"weight":3.9604},
{"Node_id":21856,"weight":2.579},
{"Node_id":21857,"weight":2.205},
{"Node_id":21858,"weight":3.504},
{"Node_id":21859,"weight":1.4624},
{"Node_id":21866,"weight":5.8753},
{"Node_id":21867,"weight":2.7046},
{"Node_id":21868,"weight":1.4422},
{"Node_id":21869,"weight":3.4899},
{"Node_id":21870,"weight":2.6995},
{"Node_id":21871,"weight":3.0833},
{"Node_id":21872,"weight":1.6501},
{"Node_id":21873,"weight":2.5609},
{"Node_id":21874,"weight":2.4049},
{"Node_id":21875,"weight":2.2276},
{"Node_id":21876,"weight":3.248},
{"Node_id":21877,"weight":2.1376},
{"Node_id":21878,"weight":1.5694},
{"Node_id":21879,"weight":1.901},
{"Node_id":21880,"weight":1.9792},
{"Node_id":21881,"weight":1.9487},
{"Node_id":21882,"weight":3.1026},
{"Node_id":21883,"weight":1.4172},
{"Node_id":21890,"weight":3.1807},
{"Node_id":21891,"weight":3.0762},
{"Node_id":21892,"weight":4.1383},
{"Node_id":21893,"weight":1.683},
{"Node_id":21894,"weight":2.4615},
{"Node_id":21895,"weight":1.719},
{"Node_id":21896,"weight":2.214},
{"Node_id":21897,"weight":1.7639},
{"Node_id":21898,"weight":1.4709},
{"Node_id":21899,"weight":2.0725},
{"Node_id":21900,"weight":1.517},
{"Node_id":21901,"weight":1.6747},
{"Node_id":21905,"weight":3.4356},
{"Node_id":21906,"weight":3.3871},
{"Node_id":21907,"weight":2.027},
{"Node_id":21908,"weight":3.714},
{"Node_id":21909,"weight":2.3112},
{"Node_id":21910,"weight":1.6605},
{"Node_id":21911,"weight":1.9886},
{"Node_id":21912,"weight":4.7832},
{"Node_id":21913,"weight":1.9377},
{"Node_id":21914,"weight":1.8128},
{"Node_id":21925,"weight":3.1938},
{"Node_id":21926,"weight":2.5415},
{"Node_id":21927,"weight":1.5548},
{"Node_id":21928,"weight":1.5807},
{"Node_id":21929,"weight":2.2356},
{"Node_id":21930,"weight":2.3136},
{"Node_id":21931,"weight":1.7607},
{"Node_id":21932,"weight":3.4356},
{"Node_id":21933,"weight":2.6728},
{"Node_id":21934,"weight":1.628},
{"Node_id":21935,"weight":1.5225},
{"Node_id":21938,"weight":3.7054},
{"Node_id":21957,"weight":3.4865},
{"Node_id":21958,"weight":4.226},
{"Node_id":21959,"weight":2.7857},
{"Node_id":21995,"weight":1.6875},
{"Node_id":21996,"weight":4.6793},
{"Node_id":21997,"weight":1.6792},
{"Node_id":21998,"weight":2.0775},
{"Node_id":21999,"weight":2.6777},
{"Node_id":22000,"weight":3.2619},
{"Node_id":22001,"weight":1.6288},
{"Node_id":22002,"weight":4.8458},
{"Node_id":22003,"weight":1.822},
{"Node_id":22004,"weight":2.6482},
{"Node_id":22005,"weight":4.9264},
{"Node_id":22006,"weight":1.4115},
{"Node_id":22007,"weight":5.11},
{"Node_id":22008,"weight":3.3777},
{"Node_id":22009,"weight":2.2413},
{"Node_id":22010,"weight":2.5195},
{"Node_id":22011,"weight":3.3347},
{"Node_id":22012,"weight":2.1557},
{"Node_id":22013,"weight":1.4921},
{"Node_id":22014,"weight":3.1447},
{"Node_id":22015,"weight":1.6657},
{"Node_id":22016,"weight":3.9604},
{"Node_id":22017,"weight":2.5254},
{"Node_id":22018,"weight":5.2159},
{"Node_id":22019,"weight":2.1546},
{"Node_id":22020,"weight":2.3124},
{"Node_id":22021,"weight":1.5143},
{"Node_id":22022,"weight":3.6718},
{"Node_id":22023,"weight":2.576},
{"Node_id":22024,"weight":2.3879},
{"Node_id":22025,"weight":3.3903},
{"Node_id":22026,"weight":5.1975},
{"Node_id":22027,"weight":2.9402},
{"Node_id":22028,"weight":2.2752},
{"Node_id":22029,"weight":2.342},
{"Node_id":22030,"weight":3.3529},
{"Node_id":22031,"weight":1.5423},
{"Node_id":22032,"weight":2.9593},
{"Node_id":22033,"weight":1.6754},
{"Node_id":22034,"weight":3.3621},
{"Node_id":22035,"weight":1.8396},
{"Node_id":22036,"weight":2.2634},
{"Node_id":22090,"weight":2.2775},
{"Node_id":22091,"weight":2.2859},
{"Node_id":22092,"weight":2.4574},
{"Node_id":22093,"weight":3.0006},
{"Node_id":22094,"weight":2.3149},
{"Node_id":22095,"weight":2.5181},
{"Node_id":22096,"weight":1.5327},
{"Node_id":22097,"weight":1.5143},
{"Node_id":22098,"weight":2.5729},
{"Node_id":22209,"weight":2.9962},
{"Node_id":22218,"weight":1.4306},
{"Node_id":22220,"weight":2.173},
{"Node_id":22221,"weight":2.9786},
{"Node_id":22222,"weight":2.7322},
{"Node_id":22223,"weight":1.4185},
{"Node_id":22224,"weight":3.1124},
{"Node_id":22227,"weight":2.1386},
{"Node_id":22228,"weight":2.1665},
{"Node_id":22438,"weight":3.105},
{"Node_id":22439,"weight":2.3699},
{"Node_id":22440,"weight":3.3317},
{"Node_id":22441,"weight":1.5109},
{"Node_id":22444,"weight":3.4258},
{"Node_id":22445,"weight":1.6777},
{"Node_id":22446,"weight":1.5029},
{"Node_id":22447,"weight":2.6979},
{"Node_id":22448,"weight":3.3347},
{"Node_id":22449,"weight":2.1482},
{"Node_id":22450,"weight":2.397},
{"Node_id":22451,"weight":2.9765},
{"Node_id":22452,"weight":1.9588},
{"Node_id":22496,"weight":2.3763},
{"Node_id":22497,"weight":1.4229},
{"Node_id":22498,"weight":3.3347},
{"Node_id":22499,"weight":2.5867},
{"Node_id":22500,"weight":1.9404},
{"Node_id":22501,"weight":1.8904},
{"Node_id":22502,"weight":2.4089},
{"Node_id":22503,"weight":2.2494},
{"Node_id":22504,"weight":2.0318},
{"Node_id":22505,"weight":3.8132},
{"Node_id":22506,"weight":2.5579},
{"Node_id":22507,"weight":1.9107},
{"Node_id":22508,"weight":1.4396},
{"Node_id":22509,"weight":2.1632},
{"Node_id":22510,"weight":2.481},
{"Node_id":22511,"weight":3.0667},
{"Node_id":22512,"weight":2.3711},
{"Node_id":22513,"weight":2.1654},
{"Node_id":22514,"weight":1.7213},
{"Node_id":22515,"weight":2.274},
{"Node_id":22516,"weight":1.8387},
{"Node_id":22517,"weight":2.2657},
{"Node_id":22518,"weight":2.3259},
{"Node_id":22519,"weight":2.9215},
{"Node_id":22520,"weight":1.4975},
{"Node_id":22557,"weight":1.532},
{"Node_id":22558,"weight":3.5845},
{"Node_id":22559,"weight":1.9551},
{"Node_id":22560,"weight":2.1752},
{"Node_id":22561,"weight":1.8816},
{"Node_id":22562,"weight":2.7374},
{"Node_id":22563,"weight":1.4026},
{"Node_id":22564,"weight":2.9571},
{"Node_id":22565,"weight":5.4217},
{"Node_id":22566,"weight":1.3888},
{"Node_id":22567,"weight":4.5951},
{"Node_id":22568,"weight":1.9551},
{"Node_id":22569,"weight":3.8918},
{"Node_id":22570,"weight":1.4611},
{"Node_id":22571,"weight":1.7151},
{"Node_id":22572,"weight":1.4166},
{"Node_id":22573,"weight":3.9992},
{"Node_id":22580,"weight":2.5519},
{"Node_id":22584,"weight":4.226},
{"Node_id":22585,"weight":1.5527},
{"Node_id":22586,"weight":2.0555},
{"Node_id":22623,"weight":3.416},
{"Node_id":22624,"weight":2.8516},
{"Node_id":22625,"weight":2.0856},
{"Node_id":22626,"weight":2.0745},
{"Node_id":22627,"weight":2.0959},
{"Node_id":22628,"weight":2.1482},
{"Node_id":22629,"weight":1.568},
{"Node_id":22630,"weight":3.0435},
{"Node_id":22631,"weight":1.5701},
{"Node_id":22632,"weight":2.0755},
{"Node_id":22633,"weight":1.5589},
{"Node_id":22634,"weight":1.4261},
{"Node_id":22635,"weight":2.9444},
{"Node_id":22636,"weight":2.474},
{"Node_id":22637,"weight":2.4615},
{"Node_id":22638,"weight":1.615},
{"Node_id":22640,"weight":3.4795},
{"Node_id":22641,"weight":3.0905},
{"Node_id":22644,"weight":2.5564},
{"Node_id":22645,"weight":1.3982},
{"Node_id":22646,"weight":2.1249},
{"Node_id":22647,"weight":2.61},
{"Node_id":22648,"weight":4.9126},
{"Node_id":22649,"weight":2.599},
{"Node_id":22650,"weight":1.532},
{"Node_id":22651,"weight":1.7268},
{"Node_id":22652,"weight":1.465},
{"Node_id":22653,"weight":2.5239},
{"Node_id":22654,"weight":1.9179},
{"Node_id":22670,"weight":3.1885},
{"Node_id":22671,"weight":2.7115},
{"Node_id":22672,"weight":2.9529},
{"Node_id":22673,"weight":3.6115},
{"Node_id":22674,"weight":4.0221},
{"Node_id":22675,"weight":2.7166},
{"Node_id":22676,"weight":1.421},
{"Node_id":22677,"weight":2.8023},
{"Node_id":22678,"weight":2.0407},
{"Node_id":22679,"weight":3.0905},
{"Node_id":22680,"weight":3.3999},
{"Node_id":22681,"weight":2.2775},
{"Node_id":22682,"weight":2.4657},
{"Node_id":22686,"weight":1.8878},
{"Node_id":22687,"weight":2.8613},
{"Node_id":22688,"weight":2.0397},
{"Node_id":22689,"weight":2.145},
{"Node_id":22725,"weight":1.6997},
{"Node_id":22726,"weight":1.8965},
{"Node_id":22727,"weight":3.1807},
{"Node_id":22755,"weight":2.6257},
{"Node_id":22756,"weight":3.9441},
{"Node_id":22757,"weight":1.3988},
{"Node_id":22758,"weight":2.6645},
{"Node_id":22759,"weight":1.6493},
{"Node_id":22760,"weight":4.8203},
{"Node_id":22761,"weight":2.0856},
{"Node_id":22839,"weight":1.8379},
{"Node_id":22840,"weight":4.0279},
{"Node_id":22841,"weight":2.6563},
{"Node_id":22842,"weight":1.4604},
{"Node_id":22843,"weight":1.7583},
{"Node_id":22844,"weight":3.7313},
{"Node_id":22860,"weight":1.6442},
{"Node_id":22861,"weight":2.3983},
{"Node_id":22863,"weight":1.4249},
{"Node_id":22865,"weight":2.3571},
{"Node_id":22866,"weight":2.5283},
{"Node_id":22867,"weight":2.5459},
{"Node_id":22868,"weight":1.656},
{"Node_id":22869,"weight":3.0667},
{"Node_id":22870,"weight":3.1472},
{"Node_id":22885,"weight":1.7583},
{"Node_id":22886,"weight":3.1755},
{"Node_id":22903,"weight":1.7881},
{"Node_id":22904,"weight":4.4538},
{"Node_id":22905,"weight":1.8128},
{"Node_id":22906,"weight":5.4927},
{"Node_id":22907,"weight":1.8278},
{"Node_id":22908,"weight":1.7841},
{"Node_id":22909,"weight":2.3371},
{"Node_id":22910,"weight":1.9953},
{"Node_id":22911,"weight":3.7226},
{"Node_id":22912,"weight":4.4192},
{"Node_id":22913,"weight":1.8825},
{"Node_id":22914,"weight":1.8421},
{"Node_id":22925,"weight":1.469},
{"Node_id":22926,"weight":2.9657},
{"Node_id":22927,"weight":2.6894},
{"Node_id":22928,"weight":2.7339},
{"Node_id":22929,"weight":3.5472},
{"Node_id":22930,"weight":3.2507},
{"Node_id":22931,"weight":2.7115},
{"Node_id":22932,"weight":3.7535},
{"Node_id":22933,"weight":2.4102},
{"Node_id":22934,"weight":1.8337},
{"Node_id":22935,"weight":6.8113},
{"Node_id":22936,"weight":1.6732},
{"Node_id":22951,"weight":2.4181},
{"Node_id":22952,"weight":3.2178},
{"Node_id":22953,"weight":1.4166},
{"Node_id":22954,"weight":2.3483},
{"Node_id":22958,"weight":3.4624},
{"Node_id":22959,"weight":2.0959},
{"Node_id":22960,"weight":1.9606},
{"Node_id":22961,"weight":1.6515},
{"Node_id":22962,"weight":1.5002},
{"Node_id":22963,"weight":1.5534},
{"Node_id":22964,"weight":2.5254},
{"Node_id":22965,"weight":2.6353},
{"Node_id":22966,"weight":2.4262},
{"Node_id":22967,"weight":2.4248},
{"Node_id":22968,"weight":2.5519},
{"Node_id":23081,"weight":2.2943},
{"Node_id":23082,"weight":5.7105},
{"Node_id":23083,"weight":2.5609},
{"Node_id":23084,"weight":2.1983},
{"Node_id":23085,"weight":1.7417},
{"Node_id":23086,"weight":2.1113},
{"Node_id":23120,"weight":5.077},
{"Node_id":23121,"weight":2.2764},
{"Node_id":23122,"weight":6.4362},
{"Node_id":23123,"weight":1.3944},
{"Node_id":23124,"weight":2.0525},
{"Node_id":23125,"weight":3.0481},
{"Node_id":23126,"weight":4.5951},
{"Node_id":23127,"weight":2.9444},
{"Node_id":23128,"weight":1.4242},
{"Node_id":23129,"weight":3.0072},
{"Node_id":23130,"weight":2.7287},
{"Node_id":23131,"weight":1.726},
{"Node_id":23132,"weight":2.4505},
{"Node_id":23133,"weight":2.3408},
{"Node_id":23134,"weight":3.449},
{"Node_id":23135,"weight":5.0141},
{"Node_id":23136,"weight":3.2704},
{"Node_id":23137,"weight":1.7151},
{"Node_id":23138,"weight":2.0565},
{"Node_id":23139,"weight":5.8753},
{"Node_id":23140,"weight":1.4995},
{"Node_id":23141,"weight":2.599},
{"Node_id":23142,"weight":1.793},
{"Node_id":23143,"weight":3.3683},
{"Node_id":23144,"weight":1.9699},
{"Node_id":23145,"weight":2.5975},
{"Node_id":23146,"weight":2.1461},
{"Node_id":23147,"weight":1.4565},
{"Node_id":23148,"weight":2.4464},
{"Node_id":23149,"weight":2.4288},
{"Node_id":23150,"weight":1.4198},
{"Node_id":23151,"weight":1.5548},
{"Node_id":23152,"weight":2.5821},
{"Node_id":23153,"weight":1.5002},
{"Node_id":23154,"weight":3.4934},
{"Node_id":23155,"weight":3.1075},
{"Node_id":23156,"weight":1.9089},
{"Node_id":23157,"weight":2.4881},
{"Node_id":23158,"weight":1.4941},
{"Node_id":23159,"weight":1.8145},
{"Node_id":23160,"weight":1.7776},
{"Node_id":23161,"weight":7.418},
{"Node_id":23162,"weight":2.145},
{"Node_id":23163,"weight":3.3871},
{"Node_id":23164,"weight":2.881},
{"Node_id":23167,"weight":1.6419},
{"Node_id":23169,"weight":3.1912},
{"Node_id":23170,"weight":3.3438},
{"Node_id":23171,"weight":4.3143},
{"Node_id":23172,"weight":1.6368},
{"Node_id":23174,"weight":2.205},
{"Node_id":23175,"weight":1.7825},
{"Node_id":23177,"weight":3.2287},
{"Node_id":23194,"weight":2.1386},
{"Node_id":23195,"weight":1.4915},
{"Node_id":23196,"weight":3.248},
{"Node_id":23197,"weight":2.173},
{"Node_id":23198,"weight":2.7569},
{"Node_id":23199,"weight":1.6085},
{"Node_id":23200,"weight":3.1885},
{"Node_id":23201,"weight":1.6099},
{"Node_id":23202,"weight":4.0514},
{"Node_id":23203,"weight":2.16},
{"Node_id":23204,"weight":2.0765},
{"Node_id":23205,"weight":2.4796},
{"Node_id":23208,"weight":1.7097},
{"Node_id":23209,"weight":1.5701},
{"Node_id":23210,"weight":1.7393},
{"Node_id":23211,"weight":3.9936},
{"Node_id":23212,"weight":1.5225},
{"Node_id":23213,"weight":2.0775},
{"Node_id":23214,"weight":1.8228},
{"Node_id":23215,"weight":2.2811},
{"Node_id":23216,"weight":1.8869},
{"Node_id":23217,"weight":1.5942},
{"Node_id":23218,"weight":1.6099},
{"Node_id":23219,"weight":1.5177},
{"Node_id":23220,"weight":1.6027},
{"Node_id":23221,"weight":1.5204},
{"Node_id":23222,"weight":2.2471},
{"Node_id":23223,"weight":1.6523},
{"Node_id":23224,"weight":5.0141},
{"Node_id":23225,"weight":2.7766},
{"Node_id":23226,"weight":4.833},
{"Node_id":23227,"weight":2.2084},
{"Node_id":23228,"weight":3.6392},
{"Node_id":23229,"weight":2.7876},
{"Node_id":23230,"weight":4.7474},
{"Node_id":23233,"weight":0.1294},
{"Node_id":23234,"weight":1.2721},
{"Node_id":23235,"weight":3.2676},
{"Node_id":23240,"weight":1.4204},
{"Node_id":23241,"weight":0.4561},
{"Node_id":23248,"weight":2.5166},
{"Node_id":23256,"weight":1.6822},
{"Node_id":23281,"weight":0.7598},
{"Node_id":23307,"weight":4.0878},
{"Node_id":23314,"weight":3.7011},
{"Node_id":23327,"weight":3.429},
{"Node_id":23330,"weight":0.3437},
{"Node_id":23337,"weight":0.3602},
{"Node_id":23341,"weight":4.8988},
{"Node_id":23342,"weight":1.7535},
{"Node_id":23376,"weight":2.5195},
{"Node_id":23386,"weight":0.5849},
{"Node_id":23394,"weight":0.2408},
{"Node_id":23398,"weight":0.2884},
{"Node_id":23402,"weight":0.9714},
{"Node_id":23405,"weight":0.2745},
{"Node_id":23535,"weight":1.8379},
{"Node_id":24319,"weight":1.39},
{"Node_id":24320,"weight":2.9896},
{"Node_id":24323,"weight":1.8878},
{"Node_id":24325,"weight":2.1333},
{"Node_id":24335,"weight":1.3081},
{"Node_id":24340,"weight":0.1378},
{"Node_id":24342,"weight":2.4356},
{"Node_id":24348,"weight":0.8217},
{"Node_id":24351,"weight":0.2152},
{"Node_id":24358,"weight":5.4927},
{"Node_id":24360,"weight":0.1463},
{"Node_id":24364,"weight":1.1521},
{"Node_id":24387,"weight":1.901},
{"Node_id":24394,"weight":0.3789},
{"Node_id":24446,"weight":0.4583},
{"Node_id":24448,"weight":0.6745},
{"Node_id":24451,"weight":1.1703},
{"Node_id":24468,"weight":0.795},
{"Node_id":24472,"weight":2.6162},
{"Node_id":24477,"weight":1.5008},
{"Node_id":24500,"weight":1.0299},
{"Node_id":24501,"weight":2.508},
{"Node_id":24504,"weight":1.014},
{"Node_id":24525,"weight":2.1676},
{"Node_id":24767,"weight":1.6114},
{"Node_id":24840,"weight":0.5941},
{"Node_id":24851,"weight":0.5117},
{"Node_id":24863,"weight":1.4064},
{"Node_id":24866,"weight":4.833},
{"Node_id":24867,"weight":0.7291},
{"Node_id":24900,"weight":2.2646},
{"Node_id":24901,"weight":0.6517},
{"Node_id":24908,"weight":0.3146},
{"Node_id":24933,"weight":3.0458},
{"Node_id":24945,"weight":2.1578},
{"Node_id":24946,"weight":1.5942},
{"Node_id":25011,"weight":2.7339},
{"Node_id":25038,"weight":1.789},
{"Node_id":25040,"weight":2.3309},
{"Node_id":25058,"weight":0.9464},
{"Node_id":25059,"weight":0.0748},
{"Node_id":25083,"weight":0.2088},
{"Node_id":25085,"weight":2.401},
{"Node_id":25118,"weight":0.9455},
{"Node_id":25127,"weight":1.2345},
{"Node_id":25180,"weight":0.1523},
{"Node_id":25183,"weight":0.7773},
{"Node_id":25184,"weight":0.5262},
{"Node_id":25202,"weight":2.0645},
{"Node_id":25203,"weight":0.0324},
{"Node_id":25204,"weight":2.6385},
{"Node_id":25209,"weight":0.3917},
{"Node_id":25219,"weight":0.5066},
{"Node_id":25236,"weight":1.2174},
{"Node_id":25240,"weight":3.2178},
{"Node_id":25265,"weight":0.2908},
{"Node_id":25514,"weight":3.5884},
{"Node_id":25529,"weight":4.7474},
{"Node_id":25536,"weight":0.4934},
{"Node_id":25537,"weight":0.4243},
{"Node_id":25539,"weight":3.3621},
{"Node_id":25680,"weight":6.6441}]