[{"Inferred_node_ids":[95364],"Node_id":59865},
{"Inferred_node_ids":[95384],"Node_id":59866},
{"Inferred_node_ids":[95401],"Node_id":59867},
{"Inferred_node_ids":[95459],"Node_id":59868},
{"Inferred_node_ids":[95437],"Node_id":59869},
{"Inferred_node_ids":[95445],"Node_id":59870},
{"Inferred_node_ids":[95454],"Node_id":59871},
{"Inferred_node_ids":[95432],"Node_id":60716},
{"Inferred_node_ids":[95441],"Node_id":60717},
{"Inferred_node_ids":[95391],"Node_id":60718},
{"Inferred_node_ids":[95396],"Node_id":60719},
{"Inferred_node_ids":[95430],"Node_id":60720},
{"Inferred_node_ids":[95431],"Node_id":60721},
{"Inferred_node_ids":[95452],"Node_id":60891},
{"Inferred_node_ids":[95390],"Node_id":60892},
{"Inferred_node_ids":[95395],"Node_id":60893},
{"Inferred_node_ids":[95410],"Node_id":60894},
{"Inferred_node_ids":[95457],"Node_id":60895},
{"Inferred_node_ids":[95381],"Node_id":60896},
{"Inferred_node_ids":[95453],"Node_id":60897},
{"Inferred_node_ids":[95411],"Node_id":60898},
{"Inferred_node_ids":[95467],"Node_id":60899},
{"Inferred_node_ids":[95368],"Node_id":60900},
{"Inferred_node_ids":[95385],"Node_id":60901},
{"Inferred_node_ids":[95387],"Node_id":60902},
{"Inferred_node_ids":[95373],"Node_id":60904},
{"Inferred_node_ids":[95382],"Node_id":60905},
{"Inferred_node_ids":[95442],"Node_id":60906},
{"Inferred_node_ids":[95371],"Node_id":60907},
{"Inferred_node_ids":[95462],"Node_id":60908},
{"Inferred_node_ids":[95456],"Node_id":60909},
{"Inferred_node_ids":[95399],"Node_id":60910},
{"Inferred_node_ids":[95379],"Node_id":63341},
{"Inferred_node_ids":[95405],"Node_id":63342},
{"Inferred_node_ids":[95372],"Node_id":63343},
{"Inferred_node_ids":[95406],"Node_id":63344},
{"Inferred_node_ids":[95363],"Node_id":63345},
{"Inferred_node_ids":[95448],"Node_id":63346},
{"Inferred_node_ids":[95388],"Node_id":65816},
{"Inferred_node_ids":[95428],"Node_id":65817},
{"Inferred_node_ids":[95439],"Node_id":65819},
{"Inferred_node_ids":[95417],"Node_id":65820},
{"Inferred_node_ids":[95450],"Node_id":65821},
{"Inferred_node_ids":[95420],"Node_id":65822},
{"Inferred_node_ids":[95403],"Node_id":65823},
{"Inferred_node_ids":[95416],"Node_id":65854},
{"Inferred_node_ids":[95424],"Node_id":65855},
{"Inferred_node_ids":[95455],"Node_id":65856},
{"Inferred_node_ids":[95400],"Node_id":65857},
{"Inferred_node_ids":[95402],"Node_id":65858},
{"Inferred_node_ids":[95383],"Node_id":65859},
{"Inferred_node_ids":[95389],"Node_id":65860},
{"Inferred_node_ids":[95414],"Node_id":65861},
{"Inferred_node_ids":[95440],"Node_id":65862},
{"Inferred_node_ids":[95369],"Node_id":65863},
{"Inferred_node_ids":[95465],"Node_id":65864},
{"Inferred_node_ids":[95435],"Node_id":65865},
{"Inferred_node_ids":[95375],"Node_id":66859},
{"Inferred_node_ids":[95367],"Node_id":66860},
{"Inferred_node_ids":[95460],"Node_id":83888},
{"Inferred_node_ids":[95415],"Node_id":83889},
{"Inferred_node_ids":[95374],"Node_id":83890},
{"Inferred_node_ids":[95380],"Node_id":83891},
{"Inferred_node_ids":[95425],"Node_id":83892},
{"Inferred_node_ids":[95469],"Node_id":83893},
{"Inferred_node_ids":[95444],"Node_id":84740},
{"Inferred_node_ids":[95429],"Node_id":84742},
{"Inferred_node_ids":[95473],"Node_id":84743},
{"Inferred_node_ids":[95470],"Node_id":84744},
{"Inferred_node_ids":[95412],"Node_id":84914},
{"Inferred_node_ids":[95408],"Node_id":84915},
{"Inferred_node_ids":[95426],"Node_id":84916},
{"Inferred_node_ids":[95443],"Node_id":84917},
{"Inferred_node_ids":[95377],"Node_id":84918},
{"Inferred_node_ids":[95466],"Node_id":84919},
{"Inferred_node_ids":[95451],"Node_id":84921},
{"Inferred_node_ids":[95468],"Node_id":84922},
{"Inferred_node_ids":[95446],"Node_id":84923},
{"Inferred_node_ids":[95421],"Node_id":84924},
{"Inferred_node_ids":[95461],"Node_id":84926},
{"Inferred_node_ids":[95365],"Node_id":84927},
{"Inferred_node_ids":[95433],"Node_id":84928},
{"Inferred_node_ids":[95472],"Node_id":84929},
{"Inferred_node_ids":[95392],"Node_id":84930},
{"Inferred_node_ids":[95370],"Node_id":84931},
{"Inferred_node_ids":[95464],"Node_id":84932},
{"Inferred_node_ids":[95378],"Node_id":84933},
{"Inferred_node_ids":[95397],"Node_id":87363},
{"Inferred_node_ids":[95427],"Node_id":87365},
{"Inferred_node_ids":[95398],"Node_id":87366},
{"Inferred_node_ids":[95436],"Node_id":87367},
{"Inferred_node_ids":[95447],"Node_id":87368},
{"Inferred_node_ids":[95422],"Node_id":89838},
{"Inferred_node_ids":[95409],"Node_id":89839},
{"Inferred_node_ids":[95458],"Node_id":89843},
{"Inferred_node_ids":[95463],"Node_id":89844},
{"Inferred_node_ids":[95394],"Node_id":89845},
{"Inferred_node_ids":[95413],"Node_id":89876},
{"Inferred_node_ids":[95407],"Node_id":89877},
{"Inferred_node_ids":[95449],"Node_id":89878},
{"Inferred_node_ids":[95434],"Node_id":89879},
{"Inferred_node_ids":[95386],"Node_id":89880},
{"Inferred_node_ids":[95393],"Node_id":89881},
{"Inferred_node_ids":[95419],"Node_id":89883},
{"Inferred_node_ids":[95418],"Node_id":89884},
{"Inferred_node_ids":[95376],"Node_id":89885},
{"Inferred_node_ids":[95404],"Node_id":89886},
{"Inferred_node_ids":[95366],"Node_id":89887},
{"Inferred_node_ids":[95471],"Node_id":90881},
{"Inferred_node_ids":[95438],"Node_id":90882},
{"Inferred_node_ids":[95423],"Node_id":90883}]