[{"Node_id":0,"weight":5.8401},
{"Node_id":1,"weight":1.6906},
{"Node_id":2,"weight":1.7736},
{"Node_id":3,"weight":1.9296},
{"Node_id":4,"weight":2.7857},
{"Node_id":5,"weight":2.3546},
{"Node_id":6,"weight":3.776},
{"Node_id":7,"weight":4.0694},
{"Node_id":8,"weight":2.4671},
{"Node_id":9,"weight":2.173},
{"Node_id":10,"weight":1.752},
{"Node_id":11,"weight":2.0038},
{"Node_id":12,"weight":1.4371},
{"Node_id":13,"weight":2.7081},
{"Node_id":14,"weight":1.4835},
{"Node_id":15,"weight":1.9962},
{"Node_id":16,"weight":2.727},
{"Node_id":17,"weight":2.2517},
{"Node_id":18,"weight":2.3648},
{"Node_id":19,"weight":3.596},
{"Node_id":20,"weight":2.6257},
{"Node_id":21,"weight":2.4275},
{"Node_id":22,"weight":1.9277},
{"Node_id":23,"weight":2.3866},
{"Node_id":24,"weight":5.3992},
{"Node_id":25,"weight":1.4624},
{"Node_id":26,"weight":1.5485},
{"Node_id":27,"weight":2.3395},
{"Node_id":28,"weight":1.8895},
{"Node_id":29,"weight":2.4588},
{"Node_id":30,"weight":2.2799},
{"Node_id":31,"weight":2.8652},
{"Node_id":32,"weight":1.5062},
{"Node_id":33,"weight":1.4881},
{"Node_id":34,"weight":1.5842},
{"Node_id":35,"weight":1.4921},
{"Node_id":36,"weight":1.8078},
{"Node_id":37,"weight":1.776},
{"Node_id":38,"weight":3.305},
{"Node_id":39,"weight":2.5959},
{"Node_id":40,"weight":1.6974},
{"Node_id":41,"weight":2.2196},
{"Node_id":42,"weight":1.4848},
{"Node_id":43,"weight":2.881},
{"Node_id":44,"weight":1.7401},
{"Node_id":45,"weight":2.3234},
{"Node_id":46,"weight":1.6208},
{"Node_id":47,"weight":2.6563},
{"Node_id":48,"weight":1.6486},
{"Node_id":49,"weight":1.9332},
{"Node_id":50,"weight":1.8523},
{"Node_id":51,"weight":2.8229},
{"Node_id":52,"weight":2.5579},
{"Node_id":53,"weight":2.6401},
{"Node_id":54,"weight":1.5272},
{"Node_id":55,"weight":1.5368},
{"Node_id":56,"weight":4.8078},
{"Node_id":57,"weight":1.9868},
{"Node_id":59,"weight":1.9287},
{"Node_id":60,"weight":1.5049},
{"Node_id":62,"weight":1.5977},
{"Node_id":63,"weight":2.5489},
{"Node_id":64,"weight":2.1928},
{"Node_id":66,"weight":2.3776},
{"Node_id":67,"weight":2.2799},
{"Node_id":68,"weight":2.4369},
{"Node_id":69,"weight":3.0881},
{"Node_id":70,"weight":1.4565},
{"Node_id":71,"weight":2.0816},
{"Node_id":72,"weight":2.7784},
{"Node_id":74,"weight":2.0907},
{"Node_id":75,"weight":6.0725},
{"Node_id":76,"weight":2.8574},
{"Node_id":77,"weight":1.4178},
{"Node_id":78,"weight":1.5992},
{"Node_id":79,"weight":2.1719},
{"Node_id":80,"weight":1.5035},
{"Node_id":81,"weight":1.3882},
{"Node_id":82,"weight":2.2576},
{"Node_id":83,"weight":3.3652},
{"Node_id":84,"weight":2.5254},
{"Node_id":85,"weight":1.7105},
{"Node_id":86,"weight":4.8458},
{"Node_id":87,"weight":2.2552},
{"Node_id":88,"weight":1.3988},
{"Node_id":89,"weight":1.4172},
{"Node_id":90,"weight":1.6523},
{"Node_id":91,"weight":1.7963},
{"Node_id":92,"weight":4.1002},
{"Node_id":93,"weight":2.5066},
{"Node_id":94,"weight":2.5385},
{"Node_id":95,"weight":2.877},
{"Node_id":96,"weight":1.9523},
{"Node_id":97,"weight":2.5714},
{"Node_id":98,"weight":1.4565},
{"Node_id":99,"weight":1.744},
{"Node_id":100,"weight":1.6732},
{"Node_id":101,"weight":1.798},
{"Node_id":102,"weight":1.9305},
{"Node_id":103,"weight":1.4229},
{"Node_id":104,"weight":1.543},
{"Node_id":105,"weight":4.1711},
{"Node_id":106,"weight":2.6711},
{"Node_id":107,"weight":2.205},
{"Node_id":108,"weight":3.1347},
{"Node_id":109,"weight":1.4815},
{"Node_id":110,"weight":1.752},
{"Node_id":111,"weight":3.0252},
{"Node_id":112,"weight":1.6368},
{"Node_id":113,"weight":2.9593},
{"Node_id":114,"weight":3.1964},
{"Node_id":115,"weight":2.0565},
{"Node_id":116,"weight":1.9296},
{"Node_id":117,"weight":1.8136},
{"Node_id":118,"weight":2.2242},
{"Node_id":119,"weight":2.3571},
{"Node_id":120,"weight":3.8038},
{"Node_id":121,"weight":2.0938},
{"Node_id":122,"weight":2.0745},
{"Node_id":123,"weight":2.5123},
{"Node_id":124,"weight":1.5786},
{"Node_id":125,"weight":1.726},
{"Node_id":126,"weight":1.4663},
{"Node_id":127,"weight":2.6563},
{"Node_id":128,"weight":1.4147},
{"Node_id":129,"weight":2.9011},
{"Node_id":130,"weight":5.2347},
{"Node_id":131,"weight":3.4095},
{"Node_id":132,"weight":3.4225},
{"Node_id":133,"weight":1.8557},
{"Node_id":134,"weight":2.6498},
{"Node_id":135,"weight":2.1134},
{"Node_id":136,"weight":2.366},
{"Node_id":137,"weight":1.9395},
{"Node_id":138,"weight":3.1859},
{"Node_id":139,"weight":2.2907},
{"Node_id":140,"weight":1.8337},
{"Node_id":141,"weight":1.5652},
{"Node_id":142,"weight":2.543},
{"Node_id":143,"weight":5.8061},
{"Node_id":144,"weight":3.6969},
{"Node_id":145,"weight":2.1774},
{"Node_id":146,"weight":1.4795},
{"Node_id":147,"weight":1.3944},
{"Node_id":148,"weight":2.3222},
{"Node_id":149,"weight":1.8012},
{"Node_id":150,"weight":5.2933},
{"Node_id":151,"weight":3.3079},
{"Node_id":152,"weight":4.4278},
{"Node_id":153,"weight":1.5652},
{"Node_id":154,"weight":2.5944},
{"Node_id":155,"weight":2.0856},
{"Node_id":156,"weight":1.5029},
{"Node_id":157,"weight":2.8751},
{"Node_id":158,"weight":1.5361},
{"Node_id":159,"weight":3.2342},
{"Node_id":160,"weight":1.9432},
{"Node_id":161,"weight":1.639},
{"Node_id":162,"weight":2.0436},
{"Node_id":165,"weight":5.7105},
{"Node_id":168,"weight":2.0019},
{"Node_id":170,"weight":3.9124},
{"Node_id":173,"weight":1.7841},
{"Node_id":177,"weight":2.5975},
{"Node_id":180,"weight":2.1418},
{"Node_id":182,"weight":1.9098},
{"Node_id":185,"weight":1.4242},
{"Node_id":188,"weight":2.5913},
{"Node_id":191,"weight":1.6822},
{"Node_id":195,"weight":3.5004},
{"Node_id":198,"weight":1.4096},
{"Node_id":202,"weight":1.8834},
{"Node_id":203,"weight":1.6657},
{"Node_id":204,"weight":2.0918},
{"Node_id":205,"weight":4.8588},
{"Node_id":206,"weight":2.9257},
{"Node_id":207,"weight":3.4323},
{"Node_id":213,"weight":1.6258},
{"Node_id":216,"weight":2.0154},
{"Node_id":217,"weight":1.8756},
{"Node_id":245,"weight":1.5423},
{"Node_id":252,"weight":2.5254},
{"Node_id":253,"weight":1.8808},
{"Node_id":260,"weight":2.8496},
{"Node_id":261,"weight":1.8178},
{"Node_id":269,"weight":1.8153},
{"Node_id":270,"weight":2.4302},
{"Node_id":272,"weight":2.2611},
{"Node_id":273,"weight":4.1982},
{"Node_id":274,"weight":3.6392},
{"Node_id":275,"weight":1.9727},
{"Node_id":276,"weight":5.7414},
{"Node_id":277,"weight":3.0929},
{"Node_id":278,"weight":2.3609},
{"Node_id":279,"weight":1.7113},
{"Node_id":280,"weight":1.4268},
{"Node_id":283,"weight":2.9896},
{"Node_id":284,"weight":2.0938},
{"Node_id":285,"weight":3.6718},
{"Node_id":286,"weight":2.1124},
{"Node_id":287,"weight":2.5519},
{"Node_id":288,"weight":2.3445},
{"Node_id":289,"weight":1.5527},
{"Node_id":290,"weight":1.752},
{"Node_id":291,"weight":2.7658},
{"Node_id":292,"weight":1.9241},
{"Node_id":293,"weight":1.8506},
{"Node_id":294,"weight":2.4951},
{"Node_id":295,"weight":3.3168},
{"Node_id":296,"weight":1.9368},
{"Node_id":297,"weight":2.2599},
{"Node_id":298,"weight":1.8532},
{"Node_id":299,"weight":2.2379},
{"Node_id":300,"weight":1.8379},
{"Node_id":301,"weight":3.6718},
{"Node_id":302,"weight":1.6317},
{"Node_id":303,"weight":3.7624},
{"Node_id":304,"weight":1.5617},
{"Node_id":305,"weight":1.8566},
{"Node_id":306,"weight":1.8575},
{"Node_id":307,"weight":1.6013},
{"Node_id":309,"weight":3.2648},
{"Node_id":311,"weight":2.508},
{"Node_id":312,"weight":1.4198},
{"Node_id":313,"weight":2.4478},
{"Node_id":314,"weight":1.4474},
{"Node_id":315,"weight":3.0229},
{"Node_id":316,"weight":2.0377},
{"Node_id":317,"weight":1.5218},
{"Node_id":320,"weight":2.0555},
{"Node_id":322,"weight":1.8261},
{"Node_id":323,"weight":2.887},
{"Node_id":325,"weight":1.7898},
{"Node_id":326,"weight":3.3999},
{"Node_id":327,"weight":2.0545},
{"Node_id":329,"weight":2.0928},
{"Node_id":330,"weight":2.0105},
{"Node_id":331,"weight":1.5582},
{"Node_id":334,"weight":2.6466},
{"Node_id":335,"weight":1.4134},
{"Node_id":336,"weight":1.8186},
{"Node_id":340,"weight":3.5922},
{"Node_id":341,"weight":1.8371},
{"Node_id":342,"weight":2.5564},
{"Node_id":345,"weight":1.4293},
{"Node_id":347,"weight":2.2028},
{"Node_id":348,"weight":3.2905},
{"Node_id":349,"weight":3.7357},
{"Node_id":352,"weight":1.6368},
{"Node_id":353,"weight":1.9188},
{"Node_id":355,"weight":5.045},
{"Node_id":356,"weight":3.3168},
{"Node_id":357,"weight":2.5356},
{"Node_id":360,"weight":3.8817},
{"Node_id":363,"weight":1.9395},
{"Node_id":364,"weight":1.4915},
{"Node_id":365,"weight":1.6936},
{"Node_id":368,"weight":3.3746},
{"Node_id":372,"weight":1.8843},
{"Node_id":373,"weight":1.45},
{"Node_id":374,"weight":2.2847},
{"Node_id":377,"weight":1.4442},
{"Node_id":382,"weight":1.9662},
{"Node_id":383,"weight":1.6324},
{"Node_id":384,"weight":1.7456},
{"Node_id":387,"weight":1.6717},
{"Node_id":393,"weight":3.1964},
{"Node_id":394,"weight":1.5069},
{"Node_id":395,"weight":2.2219},
{"Node_id":398,"weight":2.3027},
{"Node_id":410,"weight":2.4895},
{"Node_id":413,"weight":2.2118},
{"Node_id":417,"weight":1.45},
{"Node_id":422,"weight":1.656},
{"Node_id":425,"weight":2.1503},
{"Node_id":428,"weight":1.4703},
{"Node_id":431,"weight":3.1148},
{"Node_id":435,"weight":1.5715},
{"Node_id":438,"weight":1.5771},
{"Node_id":440,"weight":2.1093},
{"Node_id":443,"weight":3.2847},
{"Node_id":446,"weight":1.8211},
{"Node_id":451,"weight":1.5863},
{"Node_id":454,"weight":1.4789},
{"Node_id":460,"weight":2.3905},
{"Node_id":463,"weight":2.2859},
{"Node_id":470,"weight":1.6739},
{"Node_id":473,"weight":1.4591},
{"Node_id":481,"weight":1.854},
{"Node_id":484,"weight":2.3027},
{"Node_id":490,"weight":2.5094},
{"Node_id":493,"weight":2.8535},
{"Node_id":496,"weight":1.5382},
{"Node_id":502,"weight":2.401},
{"Node_id":503,"weight":6.8113},
{"Node_id":506,"weight":2.2265},
{"Node_id":509,"weight":2.5474},
{"Node_id":515,"weight":4.3858},
{"Node_id":516,"weight":4.3614},
{"Node_id":517,"weight":3.1807},
{"Node_id":520,"weight":1.7988},
{"Node_id":523,"weight":1.8128},
{"Node_id":529,"weight":3.6352},
{"Node_id":531,"weight":1.9395},
{"Node_id":535,"weight":2.3711},
{"Node_id":536,"weight":4.0221},
{"Node_id":538,"weight":4.1127},
{"Node_id":544,"weight":3.9549},
{"Node_id":550,"weight":4.833},
{"Node_id":551,"weight":1.5485},
{"Node_id":552,"weight":2.3063},
{"Node_id":553,"weight":1.8957},
{"Node_id":554,"weight":1.8045},
{"Node_id":555,"weight":3.1422},
{"Node_id":556,"weight":4.1914},
{"Node_id":557,"weight":4.3534},
{"Node_id":558,"weight":1.6302},
{"Node_id":559,"weight":1.8738},
{"Node_id":560,"weight":1.5245},
{"Node_id":561,"weight":5.0294},
{"Node_id":562,"weight":1.5807},
{"Node_id":563,"weight":3.8716},
{"Node_id":564,"weight":2.2907},
{"Node_id":565,"weight":2.6612},
{"Node_id":566,"weight":2.2061},
{"Node_id":567,"weight":1.5218},
{"Node_id":568,"weight":2.2017},
{"Node_id":569,"weight":5.3771},
{"Node_id":570,"weight":2.3918},
{"Node_id":571,"weight":1.5327},
{"Node_id":572,"weight":1.5527},
{"Node_id":573,"weight":2.2448},
{"Node_id":574,"weight":2.1752},
{"Node_id":575,"weight":3.0953},
{"Node_id":577,"weight":3.1651},
{"Node_id":580,"weight":1.8103},
{"Node_id":584,"weight":2.3458},
{"Node_id":588,"weight":4.1778},
{"Node_id":589,"weight":2.1155},
{"Node_id":593,"weight":1.8678},
{"Node_id":594,"weight":4.8458},
{"Node_id":595,"weight":2.7218},
{"Node_id":599,"weight":1.5828},
{"Node_id":600,"weight":2.0685},
{"Node_id":601,"weight":4.2051},
{"Node_id":602,"weight":2.7218},
{"Node_id":606,"weight":2.9743},
{"Node_id":607,"weight":2.4155},
{"Node_id":608,"weight":5.3343},
{"Node_id":609,"weight":1.5416},
{"Node_id":610,"weight":2.6861},
{"Node_id":614,"weight":8.517},
{"Node_id":615,"weight":3.0095},
{"Node_id":616,"weight":2.0416},
{"Node_id":617,"weight":1.9839},
{"Node_id":618,"weight":1.5561},
{"Node_id":619,"weight":1.7971},
{"Node_id":623,"weight":2.474},
{"Node_id":624,"weight":1.7663},
{"Node_id":625,"weight":3.0857},
{"Node_id":626,"weight":1.4921},
{"Node_id":627,"weight":1.7671},
{"Node_id":628,"weight":4.4024},
{"Node_id":629,"weight":1.9652},
{"Node_id":633,"weight":1.7097},
{"Node_id":634,"weight":1.6142},
{"Node_id":635,"weight":2.1972},
{"Node_id":636,"weight":2.6678},
{"Node_id":637,"weight":1.4026},
{"Node_id":638,"weight":2.2764},
{"Node_id":639,"weight":2.342},
{"Node_id":643,"weight":2.1197},
{"Node_id":644,"weight":1.5347},
{"Node_id":645,"weight":3.279},
{"Node_id":646,"weight":1.8515},
{"Node_id":647,"weight":1.5177},
{"Node_id":648,"weight":2.401},
{"Node_id":649,"weight":3.2205},
{"Node_id":650,"weight":4.1254},
{"Node_id":654,"weight":2.0836},
{"Node_id":655,"weight":1.5197},
{"Node_id":656,"weight":1.7825},
{"Node_id":657,"weight":3.2818},
{"Node_id":658,"weight":2.3853},
{"Node_id":659,"weight":1.7074},
{"Node_id":660,"weight":1.43},
{"Node_id":662,"weight":3.1912},
{"Node_id":666,"weight":1.7841},
{"Node_id":667,"weight":1.4422},
{"Node_id":668,"weight":2.8191},
{"Node_id":669,"weight":3.1833},
{"Node_id":670,"weight":3.3168},
{"Node_id":671,"weight":2.5066},
{"Node_id":672,"weight":2.4881},
{"Node_id":674,"weight":1.6244},
{"Node_id":675,"weight":1.9532},
{"Node_id":679,"weight":1.3894},
{"Node_id":680,"weight":1.5444},
{"Node_id":681,"weight":2.223},
{"Node_id":682,"weight":2.3222},
{"Node_id":683,"weight":3.3197},
{"Node_id":684,"weight":2.274},
{"Node_id":685,"weight":2.4356},
{"Node_id":687,"weight":1.822},
{"Node_id":688,"weight":1.8583},
{"Node_id":689,"weight":2.4221},
{"Node_id":693,"weight":3.2314},
{"Node_id":694,"weight":1.7151},
{"Node_id":695,"weight":2.7063},
{"Node_id":696,"weight":3.9282},
{"Node_id":697,"weight":1.9934},
{"Node_id":698,"weight":1.4377},
{"Node_id":699,"weight":2.0836},
{"Node_id":701,"weight":1.7089},
{"Node_id":702,"weight":5.5429},
{"Node_id":703,"weight":1.4371},
{"Node_id":707,"weight":5.2159},
{"Node_id":708,"weight":4.9989},
{"Node_id":709,"weight":4.6053},
{"Node_id":710,"weight":1.712},
{"Node_id":711,"weight":1.5389},
{"Node_id":712,"weight":5.4217},
{"Node_id":713,"weight":1.7906},
{"Node_id":715,"weight":1.7198},
{"Node_id":717,"weight":5.2347},
{"Node_id":718,"weight":1.9606},
{"Node_id":719,"weight":1.7719},
{"Node_id":720,"weight":1.4474},
{"Node_id":721,"weight":2.4768},
{"Node_id":731,"weight":1.8396},
{"Node_id":732,"weight":1.7417},
{"Node_id":733,"weight":2.9808},
{"Node_id":734,"weight":4.3534},
{"Node_id":735,"weight":2.2529},
{"Node_id":736,"weight":1.4128},
{"Node_id":737,"weight":1.5992},
{"Node_id":738,"weight":1.6762},
{"Node_id":739,"weight":2.0212},
{"Node_id":740,"weight":3.0389},
{"Node_id":741,"weight":3.3377},
{"Node_id":742,"weight":2.1578},
{"Node_id":743,"weight":2.5684},
{"Node_id":744,"weight":3.1222},
{"Node_id":745,"weight":4.0939},
{"Node_id":746,"weight":2.5913},
{"Node_id":748,"weight":1.9792},
{"Node_id":749,"weight":2.0948},
{"Node_id":751,"weight":2.9113},
{"Node_id":752,"weight":1.9699},
{"Node_id":753,"weight":1.9953},
{"Node_id":755,"weight":3.7401},
{"Node_id":756,"weight":1.7639},
{"Node_id":757,"weight":1.5265},
{"Node_id":758,"weight":3.6038},
{"Node_id":760,"weight":1.5963},
{"Node_id":761,"weight":2.3112},
{"Node_id":762,"weight":3.1523},
{"Node_id":763,"weight":2.6434},
{"Node_id":764,"weight":2.3711},
{"Node_id":766,"weight":2.6194},
{"Node_id":767,"weight":1.3995},
{"Node_id":768,"weight":1.7401},
{"Node_id":769,"weight":2.9765},
{"Node_id":770,"weight":2.0685},
{"Node_id":771,"weight":1.4644},
{"Node_id":773,"weight":1.6208},
{"Node_id":774,"weight":1.39},
{"Node_id":775,"weight":1.9597},
{"Node_id":776,"weight":2.5836},
{"Node_id":777,"weight":1.402},
{"Node_id":778,"weight":2.1082},
{"Node_id":779,"weight":5.5957},
{"Node_id":780,"weight":1.8515},
{"Node_id":781,"weight":1.4928},
{"Node_id":782,"weight":2.1344},
{"Node_id":783,"weight":2.4181},
{"Node_id":784,"weight":2.1884},
{"Node_id":786,"weight":2.6337},
{"Node_id":787,"weight":1.7448},
{"Node_id":788,"weight":1.6331},
{"Node_id":789,"weight":2.0397},
{"Node_id":790,"weight":1.7464},
{"Node_id":791,"weight":1.9802},
{"Node_id":792,"weight":2.027},
{"Node_id":793,"weight":1.5828},
{"Node_id":794,"weight":3.0504},
{"Node_id":795,"weight":1.4281},
{"Node_id":796,"weight":2.1557},
{"Node_id":797,"weight":1.7881},
{"Node_id":803,"weight":1.6575},
{"Node_id":806,"weight":2.645},
{"Node_id":807,"weight":1.575},
{"Node_id":808,"weight":2.1884},
{"Node_id":809,"weight":3.3317},
{"Node_id":810,"weight":1.5089},
{"Node_id":811,"weight":3.2044},
{"Node_id":812,"weight":1.7005},
{"Node_id":813,"weight":1.9505},
{"Node_id":814,"weight":2.658},
{"Node_id":815,"weight":1.7703},
{"Node_id":816,"weight":2.9257},
{"Node_id":817,"weight":1.5368},
{"Node_id":818,"weight":2.7445},
{"Node_id":819,"weight":1.9962},
{"Node_id":820,"weight":3.4095},
{"Node_id":821,"weight":1.4578},
{"Node_id":822,"weight":2.31},
{"Node_id":823,"weight":2.4951},
{"Node_id":824,"weight":1.4468},
{"Node_id":825,"weight":2.0231},
{"Node_id":826,"weight":2.3445},
{"Node_id":827,"weight":4.9989},
{"Node_id":828,"weight":1.4631},
{"Node_id":829,"weight":5.5957},
{"Node_id":830,"weight":1.7504},
{"Node_id":831,"weight":1.5513},
{"Node_id":832,"weight":1.5764},
{"Node_id":833,"weight":2.4049},
{"Node_id":834,"weight":4.4896},
{"Node_id":835,"weight":3.8567},
{"Node_id":836,"weight":1.5708},
{"Node_id":837,"weight":1.5582},
{"Node_id":838,"weight":3.8616},
{"Node_id":839,"weight":1.513},
{"Node_id":840,"weight":5.4448},
{"Node_id":841,"weight":2.7322},
{"Node_id":842,"weight":1.4077},
{"Node_id":843,"weight":6.0725},
{"Node_id":844,"weight":1.6868},
{"Node_id":845,"weight":1.4229},
{"Node_id":846,"weight":2.9423},
{"Node_id":847,"weight":1.7784},
{"Node_id":848,"weight":2.0585},
{"Node_id":849,"weight":1.8506},
{"Node_id":850,"weight":1.9634},
{"Node_id":851,"weight":1.702},
{"Node_id":852,"weight":1.9588},
{"Node_id":853,"weight":4.212},
{"Node_id":854,"weight":3.5326},
{"Node_id":855,"weight":3.248},
{"Node_id":856,"weight":1.4526},
{"Node_id":857,"weight":1.4565},
{"Node_id":858,"weight":2.1093},
{"Node_id":864,"weight":2.3763},
{"Node_id":867,"weight":2.0605},
{"Node_id":871,"weight":1.5191},
{"Node_id":873,"weight":1.9072},
{"Node_id":876,"weight":2.4275},
{"Node_id":878,"weight":2.0241},
{"Node_id":882,"weight":3.7624},
{"Node_id":884,"weight":2.9678},
{"Node_id":889,"weight":1.5596},
{"Node_id":891,"weight":1.4901},
{"Node_id":894,"weight":2.1493},
{"Node_id":896,"weight":2.9917},
{"Node_id":897,"weight":1.5779},
{"Node_id":898,"weight":2.1503},
{"Node_id":899,"weight":1.465},
{"Node_id":900,"weight":1.9811},
{"Node_id":901,"weight":1.4526},
{"Node_id":902,"weight":1.5771},
{"Node_id":903,"weight":1.8062},
{"Node_id":904,"weight":2.0125},
{"Node_id":905,"weight":5.7414},
{"Node_id":906,"weight":4.1318},
{"Node_id":907,"weight":2.5371},
{"Node_id":908,"weight":2.1323},
{"Node_id":909,"weight":1.4223},
{"Node_id":910,"weight":4.3858},
{"Node_id":911,"weight":4.4364},
{"Node_id":912,"weight":1.4064},
{"Node_id":913,"weight":1.4533},
{"Node_id":914,"weight":1.513},
{"Node_id":915,"weight":1.7036},
{"Node_id":916,"weight":2.1218},
{"Node_id":917,"weight":4.4451},
{"Node_id":918,"weight":1.6538},
{"Node_id":919,"weight":2.2185},
{"Node_id":920,"weight":1.7535},
{"Node_id":921,"weight":2.102},
{"Node_id":922,"weight":1.397},
{"Node_id":923,"weight":2.0685},
{"Node_id":924,"weight":1.8851},
{"Node_id":925,"weight":1.8379},
{"Node_id":926,"weight":5.6515},
{"Node_id":927,"weight":1.8992},
{"Node_id":928,"weight":1.7939},
{"Node_id":929,"weight":2.0125},
{"Node_id":930,"weight":2.5594},
{"Node_id":931,"weight":1.7244},
{"Node_id":932,"weight":3.6969},
{"Node_id":933,"weight":3.1703},
{"Node_id":934,"weight":1.5184},
{"Node_id":935,"weight":1.3869},
{"Node_id":936,"weight":2.1829},
{"Node_id":937,"weight":2.2196},
{"Node_id":938,"weight":1.9597},
{"Node_id":939,"weight":2.8477},
{"Node_id":940,"weight":1.6694},
{"Node_id":941,"weight":3.577},
{"Node_id":942,"weight":2.889},
{"Node_id":943,"weight":2.885},
{"Node_id":944,"weight":1.5259},
{"Node_id":945,"weight":3.8567},
{"Node_id":946,"weight":3.3079},
{"Node_id":947,"weight":1.8354},
{"Node_id":948,"weight":1.7736},
{"Node_id":949,"weight":3.714},
{"Node_id":950,"weight":1.8371},
{"Node_id":951,"weight":2.9808},
{"Node_id":952,"weight":2.9614},
{"Node_id":953,"weight":3.4934},
{"Node_id":954,"weight":1.3882},
{"Node_id":955,"weight":1.7623},
{"Node_id":956,"weight":2.3711},
{"Node_id":957,"weight":1.4313},
{"Node_id":958,"weight":1.5527},
{"Node_id":959,"weight":2.2599},
{"Node_id":960,"weight":2.0029},
{"Node_id":961,"weight":2.6596},
{"Node_id":962,"weight":1.9359},
{"Node_id":963,"weight":2.9381},
{"Node_id":964,"weight":2.9174},
{"Node_id":965,"weight":1.6171},
{"Node_id":966,"weight":1.8103},
{"Node_id":967,"weight":1.5334},
{"Node_id":968,"weight":2.887},
{"Node_id":969,"weight":1.8186},
{"Node_id":970,"weight":1.9542},
{"Node_id":981,"weight":1.6785},
{"Node_id":982,"weight":3.0006},
{"Node_id":983,"weight":2.1785},
{"Node_id":984,"weight":3.0786},
{"Node_id":985,"weight":3.8275},
{"Node_id":986,"weight":1.7881},
{"Node_id":987,"weight":3.055},
{"Node_id":988,"weight":1.9662},
{"Node_id":989,"weight":2.4671},
{"Node_id":990,"weight":3.2905},
{"Node_id":991,"weight":1.901},
{"Node_id":992,"weight":1.9802},
{"Node_id":993,"weight":1.9802},
{"Node_id":994,"weight":7.8236},
{"Node_id":996,"weight":1.8021},
{"Node_id":998,"weight":1.6913},
{"Node_id":999,"weight":2.645},
{"Node_id":1000,"weight":4.0163},
{"Node_id":1001,"weight":1.4915},
{"Node_id":1002,"weight":1.5347},
{"Node_id":1003,"weight":2.6531},
{"Node_id":1004,"weight":2.2611},
{"Node_id":1010,"weight":2.9508},
{"Node_id":1013,"weight":1.9625},
{"Node_id":1014,"weight":3.4456},
{"Node_id":1017,"weight":1.4121},
{"Node_id":1018,"weight":2.7569},
{"Node_id":1019,"weight":5.11},
{"Node_id":1022,"weight":2.3309},
{"Node_id":1023,"weight":1.4468},
{"Node_id":1024,"weight":4.8588},
{"Node_id":1025,"weight":2.1218},
{"Node_id":1028,"weight":2.5327},
{"Node_id":1029,"weight":1.5286},
{"Node_id":1030,"weight":2.1708},
{"Node_id":1031,"weight":1.7792},
{"Node_id":1032,"weight":1.5835},
{"Node_id":1035,"weight":2.0575},
{"Node_id":1036,"weight":1.9662},
{"Node_id":1037,"weight":1.4249},
{"Node_id":1038,"weight":1.9072},
{"Node_id":1039,"weight":1.8635},
{"Node_id":1040,"weight":2.7183},
{"Node_id":1043,"weight":2.1665},
{"Node_id":1044,"weight":2.3944},
{"Node_id":1045,"weight":1.8447},
{"Node_id":1046,"weight":6.1171},
{"Node_id":1047,"weight":2.5564},
{"Node_id":1048,"weight":1.7663},
{"Node_id":1049,"weight":1.9962},
{"Node_id":1052,"weight":1.6317},
{"Node_id":1053,"weight":2.0989},
{"Node_id":1054,"weight":3.1222},
{"Node_id":1055,"weight":2.3737},
{"Node_id":1056,"weight":2.0125},
{"Node_id":1057,"weight":3.6352},
{"Node_id":1058,"weight":5.2539},
{"Node_id":1059,"weight":2.8613},
{"Node_id":1062,"weight":2.6894},
{"Node_id":1063,"weight":1.6215},
{"Node_id":1064,"weight":2.1796},
{"Node_id":1065,"weight":2.6962},
{"Node_id":1066,"weight":2.2611},
{"Node_id":1067,"weight":1.5368},
{"Node_id":1068,"weight":1.5211},
{"Node_id":1069,"weight":1.789},
{"Node_id":1070,"weight":2.2185},
{"Node_id":1073,"weight":1.6157},
{"Node_id":1074,"weight":4.0455},
{"Node_id":1075,"weight":2.9174},
{"Node_id":1076,"weight":2.4519},
{"Node_id":1077,"weight":3.5075},
{"Node_id":1078,"weight":1.5225},
{"Node_id":1079,"weight":1.9953},
{"Node_id":1080,"weight":2.214},
{"Node_id":1081,"weight":2.1312},
{"Node_id":1082,"weight":2.1568},
{"Node_id":1083,"weight":4.3454},
{"Node_id":1084,"weight":2.8248},
{"Node_id":1087,"weight":2.4994},
{"Node_id":1088,"weight":1.748},
{"Node_id":1089,"weight":1.4855},
{"Node_id":1090,"weight":2.764},
{"Node_id":1091,"weight":1.8721},
{"Node_id":1092,"weight":2.4492},
{"Node_id":1093,"weight":1.8904},
{"Node_id":1094,"weight":1.9783},
{"Node_id":1095,"weight":1.6508},
{"Node_id":1096,"weight":2.1302},
{"Node_id":1097,"weight":2.4356},
{"Node_id":1098,"weight":2.0897},
{"Node_id":1099,"weight":3.1322},
{"Node_id":1100,"weight":1.956},
{"Node_id":1101,"weight":4.5362},
{"Node_id":1102,"weight":2.8574},
{"Node_id":1103,"weight":1.925},
{"Node_id":1104,"weight":3.2314},
{"Node_id":1105,"weight":4.6053},
{"Node_id":1106,"weight":2.7839},
{"Node_id":1107,"weight":1.5177},
{"Node_id":1108,"weight":1.414},
{"Node_id":1109,"weight":1.7496},
{"Node_id":1110,"weight":2.0318},
{"Node_id":1111,"weight":3.2424},
{"Node_id":1112,"weight":1.8756},
{"Node_id":1140,"weight":2.4657},
{"Node_id":1164,"weight":1.4442},
{"Node_id":1167,"weight":2.5519},
{"Node_id":1168,"weight":1.6346},
{"Node_id":1169,"weight":2.8343},
{"Node_id":1173,"weight":1.6508},
{"Node_id":1176,"weight":2.5371},
{"Node_id":1177,"weight":1.414},
{"Node_id":1178,"weight":2.4643},
{"Node_id":1179,"weight":1.8278},
{"Node_id":1180,"weight":2.5867},
{"Node_id":1181,"weight":3.2992},
{"Node_id":1182,"weight":2.5137},
{"Node_id":1183,"weight":1.5701},
{"Node_id":1184,"weight":4.4192},
{"Node_id":1185,"weight":1.4287},
{"Node_id":1186,"weight":2.5836},
{"Node_id":1187,"weight":1.4422},
{"Node_id":1188,"weight":2.4712},
{"Node_id":1189,"weight":3.6154},
{"Node_id":1190,"weight":1.4749},
{"Node_id":1191,"weight":2.1546},
{"Node_id":1192,"weight":2.727},
{"Node_id":1193,"weight":2.8751},
{"Node_id":1194,"weight":3.9604},
{"Node_id":1195,"weight":2.2705},
{"Node_id":1196,"weight":3.6352},
{"Node_id":1197,"weight":1.7663},
{"Node_id":1198,"weight":1.7082},
{"Node_id":1199,"weight":1.8515},
{"Node_id":1200,"weight":3.4865},
{"Node_id":1201,"weight":1.6027},
{"Node_id":1202,"weight":3.4865},
{"Node_id":1203,"weight":1.9027},
{"Node_id":1204,"weight":3.0621},
{"Node_id":1205,"weight":1.6092},
{"Node_id":1206,"weight":2.0897},
{"Node_id":1207,"weight":1.8128},
{"Node_id":1208,"weight":1.4461},
{"Node_id":1209,"weight":2.0446},
{"Node_id":1210,"weight":2.5821},
{"Node_id":1211,"weight":3.4761},
{"Node_id":1212,"weight":1.5062},
{"Node_id":1213,"weight":2.0989},
{"Node_id":1214,"weight":2.3788},
{"Node_id":1215,"weight":1.5485},
{"Node_id":1216,"weight":4.4108},
{"Node_id":1217,"weight":1.6951},
{"Node_id":1218,"weight":1.827},
{"Node_id":1219,"weight":1.4384},
{"Node_id":1220,"weight":2.7551},
{"Node_id":1221,"weight":1.7409},
{"Node_id":1222,"weight":2.1333},
{"Node_id":1223,"weight":1.9634},
{"Node_id":1224,"weight":1.8111},
{"Node_id":1225,"weight":2.7604},
{"Node_id":1226,"weight":1.5779},
{"Node_id":1227,"weight":4.1383},
{"Node_id":1228,"weight":1.4565},
{"Node_id":1229,"weight":3.6233},
{"Node_id":1230,"weight":1.7599},
{"Node_id":1231,"weight":2.5806},
{"Node_id":1232,"weight":1.4096},
{"Node_id":1233,"weight":3.9072},
{"Node_id":1234,"weight":1.8211},
{"Node_id":1235,"weight":2.5312},
{"Node_id":1236,"weight":1.8037},
{"Node_id":1237,"weight":2.9657},
{"Node_id":1238,"weight":2.6514},
{"Node_id":1239,"weight":1.4229},
{"Node_id":1240,"weight":2.7132},
{"Node_id":1241,"weight":1.8404},
{"Node_id":1242,"weight":1.9332},
{"Node_id":1243,"weight":2.5867},
{"Node_id":1244,"weight":1.6694},
{"Node_id":1245,"weight":4.119},
{"Node_id":1246,"weight":2.4937},
{"Node_id":1247,"weight":3.9992},
{"Node_id":1248,"weight":1.9268},
{"Node_id":1249,"weight":1.4351},
{"Node_id":1250,"weight":1.5361},
{"Node_id":1251,"weight":1.6501},
{"Node_id":1252,"weight":1.9001},
{"Node_id":1253,"weight":3.7401},
{"Node_id":1254,"weight":2.1961},
{"Node_id":3829,"weight":1.9214},
{"Node_id":3833,"weight":2.184},
{"Node_id":3834,"weight":3.483},
{"Node_id":3835,"weight":2.2799},
{"Node_id":3837,"weight":1.9802},
{"Node_id":3838,"weight":2.5051},
{"Node_id":3840,"weight":2.3015},
{"Node_id":3841,"weight":2.2634},
{"Node_id":3842,"weight":2.4994},
{"Node_id":3845,"weight":1.6493},
{"Node_id":3847,"weight":2.0367},
{"Node_id":3848,"weight":1.4319},
{"Node_id":3849,"weight":3.8918},
{"Node_id":3851,"weight":1.8825},
{"Node_id":3855,"weight":2.321},
{"Node_id":3856,"weight":1.6936},
{"Node_id":3861,"weight":2.4195},
{"Node_id":3863,"weight":1.8203},
{"Node_id":3865,"weight":2.184},
{"Node_id":3866,"weight":1.7036},
{"Node_id":3871,"weight":2.7912},
{"Node_id":3877,"weight":3.7945},
{"Node_id":3881,"weight":1.5736},
{"Node_id":3882,"weight":1.9597},
{"Node_id":3884,"weight":1.4474},
{"Node_id":3886,"weight":2.0241},
{"Node_id":3908,"weight":2.4866},
{"Node_id":3911,"weight":3.2124},
{"Node_id":3912,"weight":2.5123},
{"Node_id":3915,"weight":1.744},
{"Node_id":3919,"weight":1.8643},
{"Node_id":3921,"weight":1.7036},
{"Node_id":3922,"weight":2.5852},
{"Node_id":3925,"weight":3.9713},
{"Node_id":3927,"weight":2.0212},
{"Node_id":3928,"weight":1.3976},
{"Node_id":3929,"weight":1.5513},
{"Node_id":3931,"weight":1.5492},
{"Node_id":3932,"weight":2.0456},
{"Node_id":3934,"weight":2.0595},
{"Node_id":3938,"weight":1.8421},
{"Node_id":3940,"weight":3.429},
{"Node_id":3942,"weight":2.001},
{"Node_id":3943,"weight":1.6353},
{"Node_id":3944,"weight":1.4539},
{"Node_id":3945,"weight":4.219},
{"Node_id":3961,"weight":1.5638},
{"Node_id":3965,"weight":2.4102},
{"Node_id":3971,"weight":1.6034},
{"Node_id":3975,"weight":1.9532},
{"Node_id":3976,"weight":2.1928},
{"Node_id":3977,"weight":1.6493},
{"Node_id":3979,"weight":2.3983},
{"Node_id":3984,"weight":2.3271},
{"Node_id":3986,"weight":1.5764},
{"Node_id":3988,"weight":2.7115},
{"Node_id":3994,"weight":4.2766},
{"Node_id":3996,"weight":3.2397},
{"Node_id":3998,"weight":5.2159},
{"Node_id":4002,"weight":1.5666},
{"Node_id":4005,"weight":1.866},
{"Node_id":4007,"weight":2.1218},
{"Node_id":4009,"weight":3.596},
{"Node_id":4012,"weight":2.887},
{"Node_id":4136,"weight":3.3227},
{"Node_id":4424,"weight":2.3371},
{"Node_id":4425,"weight":1.6405},
{"Node_id":4427,"weight":2.5882},
{"Node_id":4429,"weight":1.4631},
{"Node_id":4430,"weight":2.821},
{"Node_id":4432,"weight":3.4323},
{"Node_id":4433,"weight":2.3088},
{"Node_id":4434,"weight":2.1103},
{"Node_id":4436,"weight":2.3088},
{"Node_id":4437,"weight":2.5806},
{"Node_id":4438,"weight":2.1741},
{"Node_id":4439,"weight":1.822},
{"Node_id":4441,"weight":2.498},
{"Node_id":4442,"weight":5.3555},
{"Node_id":4443,"weight":2.9257},
{"Node_id":4445,"weight":4.322},
{"Node_id":4447,"weight":1.4644},
{"Node_id":4448,"weight":3.0762},
{"Node_id":4449,"weight":1.8328},
{"Node_id":4452,"weight":2.7658},
{"Node_id":4454,"weight":1.7615},
{"Node_id":4455,"weight":2.2095},
{"Node_id":4456,"weight":2.6037},
{"Node_id":4459,"weight":1.4881},
{"Node_id":4460,"weight":2.8172},
{"Node_id":4466,"weight":1.3926},
{"Node_id":4469,"weight":1.8652},
{"Node_id":4473,"weight":2.0154},
{"Node_id":4478,"weight":2.0989},
{"Node_id":4484,"weight":2.3905},
{"Node_id":4488,"weight":1.6478},
{"Node_id":4491,"weight":1.6456},
{"Node_id":4495,"weight":2.4492},
{"Node_id":4496,"weight":1.6186},
{"Node_id":4499,"weight":2.0125},
{"Node_id":4503,"weight":2.599},
{"Node_id":4504,"weight":1.4703},
{"Node_id":4508,"weight":2.4062},
{"Node_id":4512,"weight":1.628},
{"Node_id":4513,"weight":1.439},
{"Node_id":4515,"weight":1.9821},
{"Node_id":4518,"weight":1.5029},
{"Node_id":4522,"weight":1.8764},
{"Node_id":4523,"weight":4.6576},
{"Node_id":4525,"weight":2.0086},
{"Node_id":4526,"weight":1.628},
{"Node_id":4529,"weight":1.9981},
{"Node_id":4533,"weight":4.7242},
{"Node_id":4534,"weight":2.6178},
{"Node_id":4536,"weight":3.1651},
{"Node_id":4537,"weight":2.1807},
{"Node_id":4538,"weight":4.4538},
{"Node_id":4541,"weight":2.6612},
{"Node_id":4545,"weight":4.6363},
{"Node_id":4546,"weight":1.8738},
{"Node_id":4548,"weight":2.214},
{"Node_id":4549,"weight":3.0905},
{"Node_id":4550,"weight":2.2471},
{"Node_id":4554,"weight":1.9081},
{"Node_id":4558,"weight":2.1354},
{"Node_id":4559,"weight":1.9477},
{"Node_id":4561,"weight":3.1026},
{"Node_id":4562,"weight":1.8583},
{"Node_id":4563,"weight":3.727},
{"Node_id":4565,"weight":2.239},
{"Node_id":4568,"weight":4.1982},
{"Node_id":4572,"weight":1.4716},
{"Node_id":4573,"weight":1.5603},
{"Node_id":4575,"weight":3.988},
{"Node_id":4576,"weight":2.0495},
{"Node_id":4577,"weight":2.2006},
{"Node_id":4579,"weight":2.4383},
{"Node_id":4583,"weight":3.6312},
{"Node_id":4587,"weight":2.4221},
{"Node_id":4588,"weight":2.8419},
{"Node_id":4590,"weight":4.6684},
{"Node_id":4591,"weight":4.0163},
{"Node_id":4592,"weight":2.7803},
{"Node_id":4594,"weight":1.4663},
{"Node_id":4599,"weight":2.0289},
{"Node_id":4603,"weight":2.4128},
{"Node_id":4604,"weight":1.6434},
{"Node_id":4606,"weight":2.7392},
{"Node_id":4607,"weight":3.1991},
{"Node_id":4608,"weight":2.2506},
{"Node_id":4610,"weight":1.9542},
{"Node_id":4616,"weight":3.749},
{"Node_id":4619,"weight":2.0289},
{"Node_id":4620,"weight":2.0505},
{"Node_id":4621,"weight":1.4982},
{"Node_id":4623,"weight":1.686},
{"Node_id":4624,"weight":3.0857},
{"Node_id":4625,"weight":4.2402},
{"Node_id":4627,"weight":2.7803},
{"Node_id":4630,"weight":1.5478},
{"Node_id":4633,"weight":2.4451},
{"Node_id":4634,"weight":3.2424},
{"Node_id":4635,"weight":4.0049},
{"Node_id":4636,"weight":2.6878},
{"Node_id":4637,"weight":4.508},
{"Node_id":4638,"weight":1.4624},
{"Node_id":4639,"weight":4.3776},
{"Node_id":4640,"weight":2.3408},
{"Node_id":4641,"weight":2.0515},
{"Node_id":4642,"weight":1.7167},
{"Node_id":4643,"weight":1.5437},
{"Node_id":4644,"weight":1.7089},
{"Node_id":4645,"weight":2.0525},
{"Node_id":4646,"weight":1.4403},
{"Node_id":4647,"weight":2.6695},
{"Node_id":4648,"weight":2.2564},
{"Node_id":4649,"weight":1.5197},
{"Node_id":4650,"weight":2.5654},
{"Node_id":4651,"weight":1.4281},
{"Node_id":4652,"weight":2.0887},
{"Node_id":4658,"weight":3.9388},
{"Node_id":4661,"weight":1.8145},
{"Node_id":4665,"weight":1.8721},
{"Node_id":4670,"weight":2.1939},
{"Node_id":4676,"weight":3.3967},
{"Node_id":4683,"weight":1.4611},
{"Node_id":4691,"weight":1.5934},
{"Node_id":4700,"weight":2.7201},
{"Node_id":4710,"weight":1.4089},
{"Node_id":4718,"weight":1.5471},
{"Node_id":4721,"weight":4.4192},
{"Node_id":4729,"weight":1.4657},
{"Node_id":4733,"weight":1.9241},
{"Node_id":4741,"weight":2.9051},
{"Node_id":4743,"weight":1.3913},
{"Node_id":4746,"weight":1.6339},
{"Node_id":4754,"weight":1.628},
{"Node_id":4756,"weight":7.418},
{"Node_id":4760,"weight":1.4716},
{"Node_id":4768,"weight":4.1448},
{"Node_id":4770,"weight":2.4838},
{"Node_id":4775,"weight":1.3957},
{"Node_id":4783,"weight":1.7971},
{"Node_id":4785,"weight":3.6038},
{"Node_id":4791,"weight":5.3771},
{"Node_id":4799,"weight":1.5354},
{"Node_id":4801,"weight":2.366},
{"Node_id":4808,"weight":1.4716},
{"Node_id":4816,"weight":1.8447},
{"Node_id":4818,"weight":5.6515},
{"Node_id":4826,"weight":6.6441},
{"Node_id":4834,"weight":2.4937},
{"Node_id":4836,"weight":2.0715},
{"Node_id":4845,"weight":2.3149},
{"Node_id":4853,"weight":3.3621},
{"Node_id":4854,"weight":1.843},
{"Node_id":4855,"weight":2.1611},
{"Node_id":4873,"weight":2.397},
{"Node_id":4877,"weight":4.0939},
{"Node_id":4878,"weight":1.7097},
{"Node_id":4881,"weight":3.9229},
{"Node_id":4882,"weight":3.8227},
{"Node_id":4883,"weight":4.5751},
{"Node_id":4885,"weight":2.806},
{"Node_id":4886,"weight":5.077},
{"Node_id":4887,"weight":1.4178},
{"Node_id":4888,"weight":4.1064},
{"Node_id":4889,"weight":2.0695},
{"Node_id":4890,"weight":1.6085},
{"Node_id":4891,"weight":2.2196},
{"Node_id":4892,"weight":1.6027},
{"Node_id":4893,"weight":2.0907},
{"Node_id":4894,"weight":2.9635},
{"Node_id":4895,"weight":3.9549},
{"Node_id":4896,"weight":1.4474},
{"Node_id":4897,"weight":1.7051},
{"Node_id":4898,"weight":2.3996},
{"Node_id":4899,"weight":1.7433},
{"Node_id":4900,"weight":2.1807},
{"Node_id":4901,"weight":2.3866},
{"Node_id":4902,"weight":1.3919},
{"Node_id":4903,"weight":2.0928},
{"Node_id":4906,"weight":4.5751},
{"Node_id":4907,"weight":1.8481},
{"Node_id":4908,"weight":2.0938},
{"Node_id":4909,"weight":1.9615},
{"Node_id":4910,"weight":2.0299},
{"Node_id":4911,"weight":2.3433},
{"Node_id":4912,"weight":1.7159},
{"Node_id":4913,"weight":2.5504},
{"Node_id":4914,"weight":2.9765},
{"Node_id":4915,"weight":2.5519},
{"Node_id":4916,"weight":1.8523},
{"Node_id":4917,"weight":2.3648},
{"Node_id":4918,"weight":3.2876},
{"Node_id":4919,"weight":1.9755},
{"Node_id":4920,"weight":1.4868},
{"Node_id":4921,"weight":1.4481},
{"Node_id":4922,"weight":1.4384},
{"Node_id":4923,"weight":5.2933},
{"Node_id":4924,"weight":1.4313},
{"Node_id":4925,"weight":3.3287},
{"Node_id":4926,"weight":1.9305},
{"Node_id":4927,"weight":4.8078},
{"Node_id":4928,"weight":2.5195},
{"Node_id":4929,"weight":1.3882},
{"Node_id":4930,"weight":3.2151},
{"Node_id":4931,"weight":2.3271},
{"Node_id":4932,"weight":1.6208},
{"Node_id":4933,"weight":4.6469},
{"Node_id":4934,"weight":2.2943},
{"Node_id":4935,"weight":3.4523},
{"Node_id":4936,"weight":1.4617},
{"Node_id":4937,"weight":1.4313},
{"Node_id":4938,"weight":3.0978},
{"Node_id":4939,"weight":1.6142},
{"Node_id":4940,"weight":1.3869},
{"Node_id":4941,"weight":3.0006},
{"Node_id":4942,"weight":2.8691},
{"Node_id":4943,"weight":1.7276},
{"Node_id":4944,"weight":1.3982},
{"Node_id":4945,"weight":1.8869},
{"Node_id":4946,"weight":2.0918},
{"Node_id":4951,"weight":2.7604},
{"Node_id":4952,"weight":1.7647},
{"Node_id":4953,"weight":3.4225},
{"Node_id":4954,"weight":3.1651},
{"Node_id":4955,"weight":2.6482},
{"Node_id":4956,"weight":1.6434},
{"Node_id":4957,"weight":2.6662},
{"Node_id":4958,"weight":1.5204},
{"Node_id":4959,"weight":1.8704},
{"Node_id":4960,"weight":1.4455},
{"Node_id":4961,"weight":1.452},
{"Node_id":4962,"weight":3.6677},
{"Node_id":4963,"weight":2.9722},
{"Node_id":4964,"weight":1.6405},
{"Node_id":4967,"weight":3.511},
{"Node_id":4968,"weight":1.6627},
{"Node_id":4969,"weight":3.1173},
{"Node_id":4970,"weight":2.2752},
{"Node_id":4971,"weight":1.6049},
{"Node_id":4972,"weight":1.6612},
{"Node_id":4973,"weight":2.9786},
{"Node_id":4974,"weight":1.9496},
{"Node_id":4975,"weight":1.7151},
{"Node_id":4978,"weight":1.8037},
{"Node_id":4979,"weight":1.7448},
{"Node_id":4980,"weight":1.9197},
{"Node_id":4981,"weight":2.6369},
{"Node_id":5017,"weight":1.4494},
{"Node_id":5018,"weight":4.4024},
{"Node_id":5019,"weight":2.1397},
{"Node_id":5020,"weight":1.4822},
{"Node_id":5021,"weight":3.7852},
{"Node_id":5022,"weight":1.9487},
{"Node_id":5023,"weight":2.1218},
{"Node_id":5024,"weight":2.2242},
{"Node_id":5025,"weight":1.9972},
{"Node_id":5026,"weight":5.9496},
{"Node_id":5027,"weight":2.1961},
{"Node_id":5028,"weight":1.86},
{"Node_id":5029,"weight":2.9298},
{"Node_id":5032,"weight":4.1711},
{"Node_id":5033,"weight":2.4142},
{"Node_id":5034,"weight":2.4838},
{"Node_id":5035,"weight":2.4629},
{"Node_id":5036,"weight":3.2676},
{"Node_id":5037,"weight":4.6259},
{"Node_id":5038,"weight":4.5555},
{"Node_id":5039,"weight":1.7865},
{"Node_id":5040,"weight":1.4862},
{"Node_id":5041,"weight":1.8921},
{"Node_id":5042,"weight":1.5055},
{"Node_id":5043,"weight":1.4261},
{"Node_id":5044,"weight":1.7551},
{"Node_id":5045,"weight":1.8652},
{"Node_id":5046,"weight":5.2539},
{"Node_id":5047,"weight":1.4815},
{"Node_id":5048,"weight":1.4287},
{"Node_id":5049,"weight":1.5451},
{"Node_id":5050,"weight":1.6229},
{"Node_id":5051,"weight":4.2051},
{"Node_id":5052,"weight":2.579},
{"Node_id":5053,"weight":1.5885},
{"Node_id":5054,"weight":2.883},
{"Node_id":5055,"weight":1.5361},
{"Node_id":5056,"weight":1.8371},
{"Node_id":5057,"weight":3.4591},
{"Node_id":5058,"weight":2.5654},
{"Node_id":5061,"weight":7.8236},
{"Node_id":5063,"weight":2.1503},
{"Node_id":5065,"weight":2.3136},
{"Node_id":5066,"weight":1.5849},
{"Node_id":5067,"weight":2.1207},
{"Node_id":5068,"weight":2.4075},
{"Node_id":5070,"weight":2.9487},
{"Node_id":5071,"weight":1.5225},
{"Node_id":5072,"weight":2.2494},
{"Node_id":5073,"weight":2.5669},
{"Node_id":5074,"weight":3.2452},
{"Node_id":5075,"weight":2.8439},
{"Node_id":5076,"weight":2.3371},
{"Node_id":5077,"weight":1.3913},
{"Node_id":5078,"weight":4.3066},
{"Node_id":5079,"weight":2.7712},
{"Node_id":5080,"weight":5.077},
{"Node_id":5081,"weight":1.9386},
{"Node_id":5082,"weight":3.3903},
{"Node_id":5083,"weight":2.7115},
{"Node_id":5084,"weight":1.5764},
{"Node_id":5085,"weight":2.2425},
{"Node_id":5086,"weight":2.0144},
{"Node_id":5087,"weight":1.4955},
{"Node_id":5088,"weight":1.4364},
{"Node_id":5089,"weight":1.7639},
{"Node_id":5090,"weight":4.872},
{"Node_id":5092,"weight":1.4338},
{"Node_id":5094,"weight":2.2967},
{"Node_id":5095,"weight":1.4855},
{"Node_id":5096,"weight":3.0297},
{"Node_id":5097,"weight":1.421},
{"Node_id":5098,"weight":1.9487},
{"Node_id":5099,"weight":2.6434},
{"Node_id":5100,"weight":1.6777},
{"Node_id":5101,"weight":1.5008},
{"Node_id":5102,"weight":2.9765},
{"Node_id":5103,"weight":1.7082},
{"Node_id":5104,"weight":2.4168},
{"Node_id":5105,"weight":6.0725},
{"Node_id":5106,"weight":2.6305},
{"Node_id":5107,"weight":4.7242},
{"Node_id":5108,"weight":2.0505},
{"Node_id":5109,"weight":2.9174},
{"Node_id":5111,"weight":4.9989},
{"Node_id":5112,"weight":3.6513},
{"Node_id":5115,"weight":1.8387},
{"Node_id":5116,"weight":3.7357},
{"Node_id":5120,"weight":6.3754},
{"Node_id":5121,"weight":1.7059},
{"Node_id":5125,"weight":3.8969},
{"Node_id":5126,"weight":2.4062},
{"Node_id":5127,"weight":1.8895},
{"Node_id":5131,"weight":5.8061},
{"Node_id":5133,"weight":1.6883},
{"Node_id":5134,"weight":2.1589},
{"Node_id":5138,"weight":3.2287},
{"Node_id":5140,"weight":1.737},
{"Node_id":5141,"weight":3.5435},
{"Node_id":5142,"weight":2.6385},
{"Node_id":5146,"weight":2.0816},
{"Node_id":5148,"weight":1.5575},
{"Node_id":5149,"weight":3.3257},
{"Node_id":5150,"weight":1.5729},
{"Node_id":5151,"weight":2.1939},
{"Node_id":5155,"weight":2.0585},
{"Node_id":5157,"weight":2.1525},
{"Node_id":5158,"weight":5.3771},
{"Node_id":5160,"weight":3.562},
{"Node_id":5161,"weight":3.6392},
{"Node_id":5165,"weight":2.7622},
{"Node_id":5167,"weight":2.7029},
{"Node_id":5168,"weight":2.1611},
{"Node_id":5171,"weight":2.0086},
{"Node_id":5172,"weight":2.4796},
{"Node_id":5176,"weight":2.2955},
{"Node_id":5178,"weight":1.8532},
{"Node_id":5179,"weight":1.9432},
{"Node_id":5182,"weight":2.2073},
{"Node_id":5183,"weight":2.895},
{"Node_id":5184,"weight":3.7446},
{"Node_id":5188,"weight":1.7151},
{"Node_id":5190,"weight":2.2494},
{"Node_id":5191,"weight":2.6596},
{"Node_id":5194,"weight":2.1676},
{"Node_id":5196,"weight":2.3944},
{"Node_id":5197,"weight":2.0299},
{"Node_id":5201,"weight":2.881},
{"Node_id":5203,"weight":1.7417},
{"Node_id":5204,"weight":6.4362},
{"Node_id":5207,"weight":2.4615},
{"Node_id":5210,"weight":1.6486},
{"Node_id":5211,"weight":1.4908},
{"Node_id":5215,"weight":2.3112},
{"Node_id":5217,"weight":1.7711},
{"Node_id":5218,"weight":3.0006},
{"Node_id":5221,"weight":3.9495},
{"Node_id":5225,"weight":4.6363},
{"Node_id":5226,"weight":1.7074},
{"Node_id":5230,"weight":2.7427},
{"Node_id":5232,"weight":2.5549},
{"Node_id":5233,"weight":2.5037},
{"Node_id":5236,"weight":7.8236},
{"Node_id":5240,"weight":1.744},
{"Node_id":5241,"weight":2.1589},
{"Node_id":5242,"weight":4.4108},
{"Node_id":5246,"weight":2.4726},
{"Node_id":5248,"weight":1.602},
{"Node_id":5249,"weight":1.9063},
{"Node_id":5252,"weight":1.6486},
{"Node_id":5256,"weight":1.5506},
{"Node_id":5258,"weight":3.3683},
{"Node_id":5259,"weight":1.6434},
{"Node_id":5263,"weight":1.8472},
{"Node_id":5265,"weight":2.4275},
{"Node_id":5266,"weight":2.481},
{"Node_id":5269,"weight":1.9072},
{"Node_id":5273,"weight":1.9395},
{"Node_id":5276,"weight":2.6777},
{"Node_id":5277,"weight":3.4523},
{"Node_id":5281,"weight":2.3321},
{"Node_id":5283,"weight":4.7954},
{"Node_id":5284,"weight":2.0221},
{"Node_id":5287,"weight":4.872},
{"Node_id":5291,"weight":2.7201},
{"Node_id":5295,"weight":3.5922},
{"Node_id":5296,"weight":3.5472},
{"Node_id":5300,"weight":1.4995},
{"Node_id":5302,"weight":2.3711},
{"Node_id":5303,"weight":4.8203},
{"Node_id":5306,"weight":2.9072},
{"Node_id":5310,"weight":1.6754},
{"Node_id":5314,"weight":1.8913},
{"Node_id":5315,"weight":2.2494},
{"Node_id":5316,"weight":2.8731},
{"Node_id":5320,"weight":2.7712},
{"Node_id":5322,"weight":2.2436},
{"Node_id":5323,"weight":1.9821},
{"Node_id":5326,"weight":1.6627},
{"Node_id":5330,"weight":1.5416},
{"Node_id":5334,"weight":3.1372},
{"Node_id":5335,"weight":1.587},
{"Node_id":5337,"weight":5.4217},
{"Node_id":5338,"weight":5.5429},
{"Node_id":5339,"weight":2.5534},
{"Node_id":5340,"weight":1.4223},
{"Node_id":5341,"weight":2.2728},
{"Node_id":5342,"weight":3.3377},
{"Node_id":5399,"weight":2.6995},
{"Node_id":5401,"weight":5.045},
{"Node_id":5402,"weight":3.8766},
{"Node_id":5403,"weight":1.719},
{"Node_id":5404,"weight":1.7354},
{"Node_id":5405,"weight":2.4768},
{"Node_id":5406,"weight":1.7198},
{"Node_id":5407,"weight":2.0416},
{"Node_id":5408,"weight":1.6982},
{"Node_id":5409,"weight":3.6076},
{"Node_id":5410,"weight":3.4523},
{"Node_id":5411,"weight":3.6273},
{"Node_id":5412,"weight":3.7401},
{"Node_id":5413,"weight":2.0338},
{"Node_id":5414,"weight":1.6906},
{"Node_id":5415,"weight":3.6718},
{"Node_id":5416,"weight":2.1418},
{"Node_id":5417,"weight":1.6419},
{"Node_id":5418,"weight":1.8549},
{"Node_id":5419,"weight":2.0212},
{"Node_id":5420,"weight":3.3808},
{"Node_id":5421,"weight":3.8469},
{"Node_id":5422,"weight":3.305},
{"Node_id":5423,"weight":1.4742},
{"Node_id":5424,"weight":1.4881},
{"Node_id":5425,"weight":1.9523},
{"Node_id":5426,"weight":1.5464},
{"Node_id":5427,"weight":2.0575},
{"Node_id":5428,"weight":1.7922},
{"Node_id":5431,"weight":4.1579},
{"Node_id":5432,"weight":1.615},
{"Node_id":5433,"weight":5.4927},
{"Node_id":5436,"weight":3.7446},
{"Node_id":5439,"weight":3.5075},
{"Node_id":5440,"weight":1.7472},
{"Node_id":5441,"weight":1.4001},
{"Node_id":5442,"weight":3.6885},
{"Node_id":5443,"weight":2.5519},
{"Node_id":5444,"weight":1.8145},
{"Node_id":5445,"weight":3.8372},
{"Node_id":5446,"weight":2.0615},
{"Node_id":5447,"weight":2.0785},
{"Node_id":5448,"weight":2.1654},
{"Node_id":5449,"weight":1.6114},
{"Node_id":5450,"weight":1.812},
{"Node_id":5451,"weight":1.9143},
{"Node_id":5452,"weight":1.7567},
{"Node_id":5453,"weight":2.1862},
{"Node_id":5454,"weight":2.1906},
{"Node_id":5455,"weight":2.7357},
{"Node_id":5456,"weight":2.9465},
{"Node_id":5457,"weight":2.1249},
{"Node_id":5458,"weight":3.6432},
{"Node_id":5459,"weight":5.1441},
{"Node_id":5460,"weight":5.2734},
{"Node_id":5461,"weight":3.0978},
{"Node_id":5462,"weight":3.8132},
{"Node_id":5463,"weight":5.045},
{"Node_id":5464,"weight":2.401},
{"Node_id":5465,"weight":2.101},
{"Node_id":5466,"weight":1.515},
{"Node_id":5467,"weight":2.9072},
{"Node_id":5468,"weight":1.8575},
{"Node_id":5469,"weight":3.0644},
{"Node_id":5470,"weight":3.0366},
{"Node_id":5471,"weight":2.3039},
{"Node_id":5472,"weight":1.7849},
{"Node_id":5473,"weight":3.0184},
{"Node_id":5474,"weight":1.886},
{"Node_id":5475,"weight":2.0038},
{"Node_id":5476,"weight":2.025},
{"Node_id":5486,"weight":1.9206},
{"Node_id":5487,"weight":2.4329},
{"Node_id":5488,"weight":3.9658},
{"Node_id":5489,"weight":2.5579},
{"Node_id":5490,"weight":2.0192},
{"Node_id":5493,"weight":2.8135},
{"Node_id":5494,"weight":2.8381},
{"Node_id":5495,"weight":2.889},
{"Node_id":5496,"weight":2.0338},
{"Node_id":5497,"weight":3.0667},
{"Node_id":5498,"weight":1.9323},
{"Node_id":5499,"weight":1.7237},
{"Node_id":5500,"weight":1.7599},
{"Node_id":5501,"weight":2.3015},
{"Node_id":5502,"weight":1.4881},
{"Node_id":5503,"weight":1.3988},
{"Node_id":5504,"weight":2.9786},
{"Node_id":5505,"weight":3.3652},
{"Node_id":5506,"weight":2.6337},
{"Node_id":5507,"weight":1.5485},
{"Node_id":5508,"weight":2.5297},
{"Node_id":5509,"weight":1.5327},
{"Node_id":5510,"weight":1.7663},
{"Node_id":5511,"weight":1.9423},
{"Node_id":5512,"weight":1.4422},
{"Node_id":5513,"weight":1.5885},
{"Node_id":5514,"weight":1.5729},
{"Node_id":5515,"weight":1.5306},
{"Node_id":5516,"weight":2.7409},
{"Node_id":5517,"weight":1.8012},
{"Node_id":5518,"weight":4.8588},
{"Node_id":5519,"weight":2.7218},
{"Node_id":5520,"weight":3.0297},
{"Node_id":5521,"weight":3.2098},
{"Node_id":5522,"weight":1.5638},
{"Node_id":5523,"weight":1.5764},
{"Node_id":5524,"weight":2.4478},
{"Node_id":5525,"weight":2.0989},
{"Node_id":5526,"weight":1.8886},
{"Node_id":5527,"weight":1.7736},
{"Node_id":5528,"weight":2.3259},
{"Node_id":5529,"weight":2.2379},
{"Node_id":5530,"weight":4.0221},
{"Node_id":5531,"weight":1.5771},
{"Node_id":5532,"weight":2.1134},
{"Node_id":5533,"weight":3.0229},
{"Node_id":5534,"weight":3.9658},
{"Node_id":5535,"weight":1.7551},
{"Node_id":5536,"weight":1.5793},
{"Node_id":5537,"weight":2.6928},
{"Node_id":5538,"weight":1.4828},
{"Node_id":5539,"weight":3.2452},
{"Node_id":5540,"weight":1.9652},
{"Node_id":5541,"weight":1.7128},
{"Node_id":5542,"weight":2.7063},
{"Node_id":5543,"weight":4.5851},
{"Node_id":5544,"weight":1.4147},
{"Node_id":5545,"weight":1.6657},
{"Node_id":5546,"weight":1.4052},
{"Node_id":5547,"weight":1.6324},
{"Node_id":5548,"weight":2.8711},
{"Node_id":5549,"weight":5.0933},
{"Node_id":5550,"weight":1.5659},
{"Node_id":5551,"weight":1.4782},
{"Node_id":5552,"weight":2.6761},
{"Node_id":5553,"weight":2.4796},
{"Node_id":5554,"weight":2.6337},
{"Node_id":5555,"weight":5.4927},
{"Node_id":5558,"weight":2.0928},
{"Node_id":5567,"weight":1.4862},
{"Node_id":5568,"weight":1.4435},
{"Node_id":5569,"weight":4.8458},
{"Node_id":5570,"weight":2.1622},
{"Node_id":5571,"weight":1.8253},
{"Node_id":5572,"weight":2.1928},
{"Node_id":5573,"weight":1.587},
{"Node_id":5574,"weight":1.656},
{"Node_id":5575,"weight":2.4684},
{"Node_id":5576,"weight":3.511},
{"Node_id":5577,"weight":1.5368},
{"Node_id":5578,"weight":1.6027},
{"Node_id":5579,"weight":1.733},
{"Node_id":5580,"weight":1.8609},
{"Node_id":5583,"weight":3.6312},
{"Node_id":5584,"weight":2.3699},
{"Node_id":5585,"weight":2.6928},
{"Node_id":5586,"weight":3.3903},
{"Node_id":5587,"weight":2.2943},
{"Node_id":5590,"weight":1.9597},
{"Node_id":5591,"weight":2.1376},
{"Node_id":5592,"weight":2.6147},
{"Node_id":5593,"weight":2.0485},
{"Node_id":5594,"weight":1.8438},
{"Node_id":5595,"weight":2.97},
{"Node_id":5596,"weight":4.1513},
{"Node_id":5597,"weight":2.9031},
{"Node_id":5598,"weight":1.5197},
{"Node_id":5599,"weight":3.4356},
{"Node_id":5600,"weight":4.4538},
{"Node_id":5601,"weight":3.2507},
{"Node_id":5602,"weight":1.4775},
{"Node_id":5603,"weight":3.6595},
{"Node_id":5604,"weight":1.4769},
{"Node_id":5605,"weight":4.7832},
{"Node_id":5606,"weight":1.8354},
{"Node_id":5607,"weight":2.7857},
{"Node_id":5608,"weight":3.3468},
{"Node_id":5609,"weight":4.284},
{"Node_id":5610,"weight":1.8643},
{"Node_id":5611,"weight":2.1354},
{"Node_id":5612,"weight":1.8153},
{"Node_id":5615,"weight":2.5882},
{"Node_id":5616,"weight":2.1774},
{"Node_id":5617,"weight":4.0049},
{"Node_id":5618,"weight":2.9444},
{"Node_id":5619,"weight":2.6466},
{"Node_id":5620,"weight":2.1796},
{"Node_id":5621,"weight":3.3079},
{"Node_id":5622,"weight":3.562},
{"Node_id":5623,"weight":1.6164},
{"Node_id":5624,"weight":1.9915},
{"Node_id":5625,"weight":2.4994},
{"Node_id":5626,"weight":2.6022},
{"Node_id":5627,"weight":1.5603},
{"Node_id":5628,"weight":2.2716},
{"Node_id":5629,"weight":3.3287},
{"Node_id":5630,"weight":1.7543},
{"Node_id":5631,"weight":3.3468},
{"Node_id":5632,"weight":1.9098},
{"Node_id":5633,"weight":1.8078},
{"Node_id":5634,"weight":2.4519},
{"Node_id":5635,"weight":3.3138},
{"Node_id":5636,"weight":2.6434},
{"Node_id":5637,"weight":2.9939},
{"Node_id":5638,"weight":1.8379},
{"Node_id":5639,"weight":1.7711},
{"Node_id":5640,"weight":3.0072},
{"Node_id":5641,"weight":1.5485},
{"Node_id":5642,"weight":1.4585},
{"Node_id":5643,"weight":3.1222},
{"Node_id":5644,"weight":2.1752},
{"Node_id":5645,"weight":2.6321},
{"Node_id":5646,"weight":2.7183},
{"Node_id":5647,"weight":3.5694},
{"Node_id":5648,"weight":3.1026},
{"Node_id":5649,"weight":2.4315},
{"Node_id":5650,"weight":1.4868},
{"Node_id":5651,"weight":1.6785},
{"Node_id":5652,"weight":2.2576},
{"Node_id":5653,"weight":3.1625},
{"Node_id":5654,"weight":1.827},
{"Node_id":5655,"weight":2.3814},
{"Node_id":5656,"weight":2.6761},
{"Node_id":5657,"weight":1.7988},
{"Node_id":5658,"weight":5.9118},
{"Node_id":5659,"weight":2.4342},
{"Node_id":5660,"weight":1.4461},
{"Node_id":5661,"weight":3.4356},
{"Node_id":5676,"weight":2.0019},
{"Node_id":5677,"weight":1.4982},
{"Node_id":5678,"weight":2.3827},
{"Node_id":5679,"weight":2.1514},
{"Node_id":5680,"weight":1.421},
{"Node_id":5681,"weight":4.2546},
{"Node_id":5682,"weight":2.889},
{"Node_id":5683,"weight":2.6162},
{"Node_id":5684,"weight":1.5899},
{"Node_id":5685,"weight":1.4941},
{"Node_id":5686,"weight":4.508},
{"Node_id":5687,"weight":2.9984},
{"Node_id":5688,"weight":2.2084},
{"Node_id":5689,"weight":2.6401},
{"Node_id":5690,"weight":3.105},
{"Node_id":5691,"weight":2.1145},
{"Node_id":5692,"weight":2.1197},
{"Node_id":5693,"weight":1.9161},
{"Node_id":5729,"weight":2.4643},
{"Node_id":5730,"weight":2.1145},
{"Node_id":5731,"weight":1.7105},
{"Node_id":5732,"weight":2.1239},
{"Node_id":5733,"weight":1.8834},
{"Node_id":5734,"weight":2.7115},
{"Node_id":5735,"weight":2.3597},
{"Node_id":5736,"weight":1.6383},
{"Node_id":5737,"weight":1.4624},
{"Node_id":5738,"weight":3.6392},
{"Node_id":5739,"weight":1.7338},
{"Node_id":5740,"weight":4.3776},
{"Node_id":5741,"weight":1.7089},
{"Node_id":5742,"weight":1.4789},
{"Node_id":5743,"weight":3.2591},
{"Node_id":5744,"weight":3.3871},
{"Node_id":5745,"weight":2.9277},
{"Node_id":5746,"weight":4.5653},
{"Node_id":5747,"weight":3.2178},
{"Node_id":5748,"weight":2.321},
{"Node_id":5749,"weight":2.2073},
{"Node_id":5750,"weight":1.5779},
{"Node_id":5751,"weight":3.8085},
{"Node_id":5752,"weight":1.6186},
{"Node_id":5753,"weight":6.8113},
{"Node_id":5754,"weight":1.6179},
{"Node_id":5755,"weight":1.7377},
{"Node_id":5756,"weight":2.4588},
{"Node_id":5757,"weight":1.6478},
{"Node_id":5758,"weight":1.5231},
{"Node_id":5759,"weight":2.342},
{"Node_id":5760,"weight":1.4644},
{"Node_id":5761,"weight":2.0595},
{"Node_id":5762,"weight":2.2681},
{"Node_id":5764,"weight":1.5109},
{"Node_id":5765,"weight":2.4519},
{"Node_id":5766,"weight":1.7105},
{"Node_id":5769,"weight":3.3871},
{"Node_id":5770,"weight":1.5807},
{"Node_id":5771,"weight":2.7586},
{"Node_id":5772,"weight":2.885},
{"Node_id":5773,"weight":4.5653},
{"Node_id":5774,"weight":3.3683},
{"Node_id":5775,"weight":2.7374},
{"Node_id":5778,"weight":2.0485},
{"Node_id":5779,"weight":1.8261},
{"Node_id":5780,"weight":2.9593},
{"Node_id":5781,"weight":2.0565},
{"Node_id":5782,"weight":2.5123},
{"Node_id":5783,"weight":1.4121},
{"Node_id":5784,"weight":2.2061},
{"Node_id":5785,"weight":1.7136},
{"Node_id":5786,"weight":2.2799},
{"Node_id":5787,"weight":1.7182},
{"Node_id":5788,"weight":1.6486},
{"Node_id":5789,"weight":3.5435},
{"Node_id":5790,"weight":2.0605},
{"Node_id":5791,"weight":3.6233},
{"Node_id":5794,"weight":2.6242},
{"Node_id":5795,"weight":1.5771},
{"Node_id":5796,"weight":1.5402},
{"Node_id":5797,"weight":3.2591},
{"Node_id":5798,"weight":1.6754},
{"Node_id":5799,"weight":1.5238},
{"Node_id":5800,"weight":2.0096},
{"Node_id":5801,"weight":2.8381},
{"Node_id":5802,"weight":2.1155},
{"Node_id":5803,"weight":1.5687},
{"Node_id":5804,"weight":1.4014},
{"Node_id":5805,"weight":1.7417},
{"Node_id":5806,"weight":2.3699},
{"Node_id":5807,"weight":2.0029},
{"Node_id":5808,"weight":1.4962},
{"Node_id":5809,"weight":1.6078},
{"Node_id":5810,"weight":1.7857},
{"Node_id":5811,"weight":3.562},
{"Node_id":5812,"weight":2.8633},
{"Node_id":5816,"weight":1.9259},
{"Node_id":5817,"weight":2.6662},
{"Node_id":5818,"weight":3.5326},
{"Node_id":5819,"weight":4.0163},
{"Node_id":5820,"weight":3.226},
{"Node_id":5821,"weight":1.7051},
{"Node_id":5822,"weight":2.9113},
{"Node_id":5823,"weight":1.8913},
{"Node_id":5826,"weight":1.6085},
{"Node_id":5827,"weight":1.5999},
{"Node_id":5828,"weight":3.0738},
{"Node_id":5829,"weight":1.5878},
{"Node_id":5921,"weight":3.0117},
{"Node_id":5922,"weight":2.2907},
{"Node_id":5923,"weight":1.4868},
{"Node_id":5924,"weight":1.4396},
{"Node_id":5925,"weight":2.4437},
{"Node_id":5926,"weight":2.0038},
{"Node_id":5927,"weight":3.5398},
{"Node_id":5928,"weight":1.8379},
{"Node_id":5929,"weight":1.3907},
{"Node_id":5930,"weight":3.0786},
{"Node_id":5931,"weight":4.0049},
{"Node_id":5932,"weight":3.4969},
{"Node_id":5933,"weight":1.7841},
{"Node_id":5934,"weight":2.4966},
{"Node_id":5935,"weight":4.9126},
{"Node_id":5936,"weight":3.562},
{"Node_id":5937,"weight":4.9548},
{"Node_id":5938,"weight":4.7592},
{"Node_id":5939,"weight":2.1873},
{"Node_id":5940,"weight":2.2219},
{"Node_id":5941,"weight":1.789},
{"Node_id":5942,"weight":2.0367},
{"Node_id":5943,"weight":3.2905},
{"Node_id":5944,"weight":2.5959},
{"Node_id":5945,"weight":4.7015},
{"Node_id":5946,"weight":1.6837},
{"Node_id":5947,"weight":2.5474},
{"Node_id":5948,"weight":2.8004},
{"Node_id":5949,"weight":3.0184},
{"Node_id":5950,"weight":1.4572},
{"Node_id":5995,"weight":3.2733},
{"Node_id":6004,"weight":1.414},
{"Node_id":6014,"weight":4.1002},
{"Node_id":6016,"weight":1.5231},
{"Node_id":6025,"weight":2.0387},
{"Node_id":6036,"weight":5.6232},
{"Node_id":6048,"weight":2.1546},
{"Node_id":6052,"weight":2.0595},
{"Node_id":6054,"weight":2.4994},
{"Node_id":6055,"weight":5.4448},
{"Node_id":6056,"weight":1.7988},
{"Node_id":6057,"weight":1.6412},
{"Node_id":6058,"weight":1.4802},
{"Node_id":6059,"weight":1.4683},
{"Node_id":6060,"weight":4.0634},
{"Node_id":6061,"weight":2.895},
{"Node_id":6062,"weight":3.3347},
{"Node_id":6063,"weight":1.6508},
{"Node_id":6064,"weight":3.3777},
{"Node_id":6065,"weight":2.9072},
{"Node_id":6066,"weight":1.4178},
{"Node_id":6067,"weight":2.4881},
{"Node_id":6068,"weight":2.3788},
{"Node_id":6069,"weight":2.9614},
{"Node_id":6070,"weight":1.6664},
{"Node_id":6071,"weight":1.7963},
{"Node_id":6072,"weight":1.9143},
{"Node_id":6073,"weight":1.6523},
{"Node_id":6074,"weight":1.6538},
{"Node_id":6075,"weight":1.9036},
{"Node_id":6076,"weight":1.7776},
{"Node_id":6077,"weight":3.3999},
{"Node_id":6078,"weight":2.3584},
{"Node_id":6079,"weight":2.1785},
{"Node_id":6080,"weight":2.5224},
{"Node_id":6081,"weight":2.4601},
{"Node_id":6082,"weight":1.7074},
{"Node_id":6083,"weight":1.8834},
{"Node_id":6084,"weight":1.8921},
{"Node_id":6085,"weight":1.39},
{"Node_id":6086,"weight":2.2106},
{"Node_id":6087,"weight":1.9241},
{"Node_id":6088,"weight":1.6627},
{"Node_id":6089,"weight":3.0667},
{"Node_id":6090,"weight":2.0605},
{"Node_id":6091,"weight":2.2895},
{"Node_id":6092,"weight":1.43},
{"Node_id":6093,"weight":2.4698},
{"Node_id":6094,"weight":2.7694},
{"Node_id":6095,"weight":1.6982},
{"Node_id":6096,"weight":2.4505},
{"Node_id":6097,"weight":2.8305},
{"Node_id":6098,"weight":1.7825},
{"Node_id":6120,"weight":1.5042},
{"Node_id":6151,"weight":1.702},
{"Node_id":6152,"weight":1.9152},
{"Node_id":6153,"weight":2.5371},
{"Node_id":6154,"weight":2.3559},
{"Node_id":6155,"weight":6.2126},
{"Node_id":6156,"weight":1.9849},
{"Node_id":6157,"weight":2.5137},
{"Node_id":6158,"weight":2.0846},
{"Node_id":6159,"weight":2.7357},
{"Node_id":6160,"weight":2.7081},
{"Node_id":6161,"weight":2.027},
{"Node_id":6162,"weight":1.9277},
{"Node_id":6163,"weight":1.7816},
{"Node_id":6164,"weight":2.2811},
{"Node_id":6165,"weight":1.4147},
{"Node_id":6166,"weight":3.2071},
{"Node_id":6167,"weight":3.5146},
{"Node_id":6168,"weight":1.5856},
{"Node_id":6169,"weight":2.0212},
{"Node_id":6170,"weight":1.7679},
{"Node_id":6171,"weight":1.9505},
{"Node_id":6172,"weight":3.3935},
{"Node_id":6173,"weight":2.0086},
{"Node_id":6174,"weight":6.5008},
{"Node_id":6175,"weight":1.8295},
{"Node_id":6176,"weight":2.1103},
{"Node_id":6177,"weight":2.2506},
{"Node_id":6178,"weight":1.8328},
{"Node_id":6179,"weight":1.7354},
{"Node_id":6180,"weight":1.7599},
{"Node_id":6181,"weight":3.7945},
{"Node_id":6182,"weight":2.205},
{"Node_id":6183,"weight":4.0221},
{"Node_id":6184,"weight":1.7939},
{"Node_id":6185,"weight":3.4969},
{"Node_id":6186,"weight":1.9811},
{"Node_id":6187,"weight":1.6627},
{"Node_id":6188,"weight":2.6226},
{"Node_id":6189,"weight":1.9643},
{"Node_id":6190,"weight":1.7283},
{"Node_id":6191,"weight":2.8343},
{"Node_id":6192,"weight":2.3483},
{"Node_id":6193,"weight":1.7898},
{"Node_id":6194,"weight":1.7768},
{"Node_id":6195,"weight":1.7559},
{"Node_id":6196,"weight":2.5459},
{"Node_id":6197,"weight":3.4591},
{"Node_id":6198,"weight":1.4782},
{"Node_id":6199,"weight":2.4102},
{"Node_id":6200,"weight":4.3858},
{"Node_id":6201,"weight":1.6339},
{"Node_id":6202,"weight":2.3222},
{"Node_id":6203,"weight":2.9072},
{"Node_id":6204,"weight":1.9718},
{"Node_id":6205,"weight":5.8753},
{"Node_id":6206,"weight":3.4356},
{"Node_id":6207,"weight":1.7671},
{"Node_id":6208,"weight":1.4026},
{"Node_id":6209,"weight":1.7472},
{"Node_id":6210,"weight":1.8421},
{"Node_id":6211,"weight":2.806},
{"Node_id":6212,"weight":2.184},
{"Node_id":6213,"weight":3.9441},
{"Node_id":6214,"weight":1.4775},
{"Node_id":6215,"weight":1.5807},
{"Node_id":6216,"weight":2.877},
{"Node_id":6217,"weight":1.9152},
{"Node_id":6218,"weight":2.9133},
{"Node_id":6219,"weight":1.4185},
{"Node_id":6220,"weight":2.1386},
{"Node_id":6221,"weight":2.9381},
{"Node_id":6222,"weight":2.8594},
{"Node_id":6223,"weight":2.0},
{"Node_id":6224,"weight":2.4396},
{"Node_id":6225,"weight":2.1482},
{"Node_id":6226,"weight":1.8782},
{"Node_id":6227,"weight":3.429},
{"Node_id":6228,"weight":2.893},
{"Node_id":6229,"weight":1.4749},
{"Node_id":6230,"weight":1.6974},
{"Node_id":6231,"weight":2.4519},
{"Node_id":6232,"weight":1.4736},
{"Node_id":6233,"weight":1.822},
{"Node_id":6234,"weight":1.4546},
{"Node_id":6235,"weight":1.6186},
{"Node_id":6236,"weight":2.4754},
{"Node_id":6237,"weight":1.8756},
{"Node_id":6247,"weight":1.8178},
{"Node_id":6251,"weight":1.8278},
{"Node_id":6263,"weight":1.4217},
{"Node_id":6264,"weight":1.7647},
{"Node_id":6265,"weight":2.3234},
{"Node_id":6267,"weight":2.2564},
{"Node_id":6270,"weight":1.9134},
{"Node_id":6274,"weight":2.3533},
{"Node_id":6279,"weight":2.1439},
{"Node_id":6285,"weight":1.4742},
{"Node_id":6292,"weight":2.5624},
{"Node_id":6299,"weight":2.2185},
{"Node_id":6300,"weight":1.5701},
{"Node_id":6301,"weight":1.8404},
{"Node_id":6302,"weight":2.4588},
{"Node_id":6304,"weight":1.5659},
{"Node_id":6307,"weight":1.5361},
{"Node_id":6311,"weight":4.3534},
{"Node_id":6315,"weight":3.0667},
{"Node_id":6316,"weight":2.5445},
{"Node_id":6320,"weight":1.6845},
{"Node_id":6322,"weight":1.7299},
{"Node_id":6326,"weight":5.0141},
{"Node_id":6328,"weight":1.8128},
{"Node_id":6329,"weight":1.8566},
{"Node_id":6333,"weight":3.2124},
{"Node_id":6335,"weight":3.4127},
{"Node_id":6336,"weight":1.5708},
{"Node_id":6337,"weight":1.9868},
{"Node_id":6341,"weight":2.3788},
{"Node_id":6343,"weight":1.6121},
{"Node_id":6344,"weight":2.1578},
{"Node_id":6346,"weight":3.9335},
{"Node_id":6350,"weight":1.4306},
{"Node_id":6352,"weight":2.8574},
{"Node_id":6353,"weight":4.7242},
{"Node_id":6355,"weight":1.6891},
{"Node_id":6356,"weight":1.6186},
{"Node_id":6360,"weight":2.6466},
{"Node_id":6362,"weight":2.2705},
{"Node_id":6363,"weight":3.776},
{"Node_id":6365,"weight":1.5279},
{"Node_id":6366,"weight":2.7748},
{"Node_id":6367,"weight":2.2716},
{"Node_id":6371,"weight":1.8965},
{"Node_id":6373,"weight":3.2071},
{"Node_id":6374,"weight":4.1579},
{"Node_id":6376,"weight":2.1851},
{"Node_id":6377,"weight":2.4923},
{"Node_id":6378,"weight":1.452},
{"Node_id":6379,"weight":2.1145},
{"Node_id":6383,"weight":5.1616},
{"Node_id":6385,"weight":1.5666},
{"Node_id":6386,"weight":1.9332},
{"Node_id":6388,"weight":1.8712},
{"Node_id":6389,"weight":4.2619},
{"Node_id":6390,"weight":2.145},
{"Node_id":6391,"weight":2.955},
{"Node_id":6392,"weight":4.394},
{"Node_id":6396,"weight":2.1535},
{"Node_id":6398,"weight":2.0077},
{"Node_id":6399,"weight":4.8988},
{"Node_id":6401,"weight":2.7339},
{"Node_id":6402,"weight":2.3088},
{"Node_id":6403,"weight":2.3161},
{"Node_id":6405,"weight":1.4474},
{"Node_id":6409,"weight":3.7579},
{"Node_id":6411,"weight":2.6417},
{"Node_id":6412,"weight":3.5472},
{"Node_id":6414,"weight":1.6042},
{"Node_id":6415,"weight":1.6179},
{"Node_id":6417,"weight":1.5729},
{"Node_id":6418,"weight":1.9532},
{"Node_id":6421,"weight":1.7752},
{"Node_id":6423,"weight":1.5042},
{"Node_id":6424,"weight":1.9179},
{"Node_id":6426,"weight":5.2159},
{"Node_id":6427,"weight":4.3066},
{"Node_id":6428,"weight":2.6194},
{"Node_id":6430,"weight":3.5999},
{"Node_id":6431,"weight":1.6092},
{"Node_id":6432,"weight":1.8808},
{"Node_id":6435,"weight":2.1333},
{"Node_id":6436,"weight":1.9886},
{"Node_id":6437,"weight":2.7949},
{"Node_id":6441,"weight":2.2622},
{"Node_id":6442,"weight":3.356},
{"Node_id":6443,"weight":3.2761},
{"Node_id":6448,"weight":1.9098},
{"Node_id":6449,"weight":6.0299},
{"Node_id":6450,"weight":1.7354},
{"Node_id":6456,"weight":2.5137},
{"Node_id":6457,"weight":1.8404},
{"Node_id":6458,"weight":2.3853},
{"Node_id":6465,"weight":2.1072},
{"Node_id":6466,"weight":4.4896},
{"Node_id":6467,"weight":1.5575},
{"Node_id":6473,"weight":2.3371},
{"Node_id":6475,"weight":2.1546},
{"Node_id":6476,"weight":2.2494},
{"Node_id":6477,"weight":1.4795},
{"Node_id":6483,"weight":1.4461},
{"Node_id":6486,"weight":2.1093},
{"Node_id":6487,"weight":3.9388},
{"Node_id":6488,"weight":1.5293},
{"Node_id":6494,"weight":1.5471},
{"Node_id":6497,"weight":3.6312},
{"Node_id":6498,"weight":1.5225},
{"Node_id":6499,"weight":1.4448},
{"Node_id":6505,"weight":2.4128},
{"Node_id":6510,"weight":2.3063},
{"Node_id":6511,"weight":1.6868},
{"Node_id":6513,"weight":1.7825},
{"Node_id":6515,"weight":1.5736},
{"Node_id":6516,"weight":1.4921},
{"Node_id":6518,"weight":2.9277},
{"Node_id":6519,"weight":2.3711},
{"Node_id":6520,"weight":4.7128},
{"Node_id":6522,"weight":1.7315},
{"Node_id":6523,"weight":1.6056},
{"Node_id":6524,"weight":2.2705},
{"Node_id":6525,"weight":1.9125},
{"Node_id":6527,"weight":2.2991},
{"Node_id":6528,"weight":1.452},
{"Node_id":6529,"weight":2.0029},
{"Node_id":6530,"weight":2.1503},
{"Node_id":6531,"weight":3.7011},
{"Node_id":6533,"weight":1.7947},
{"Node_id":6534,"weight":2.1439},
{"Node_id":6535,"weight":3.1833},
{"Node_id":6537,"weight":1.9027},
{"Node_id":6539,"weight":5.4685},
{"Node_id":6540,"weight":1.789},
{"Node_id":6541,"weight":3.0072},
{"Node_id":6544,"weight":3.2071},
{"Node_id":6545,"weight":1.7988},
{"Node_id":6546,"weight":1.5116},
{"Node_id":6547,"weight":1.7043},
{"Node_id":6548,"weight":5.11},
{"Node_id":6549,"weight":1.5464},
{"Node_id":6550,"weight":3.8567},
{"Node_id":6551,"weight":4.8853},
{"Node_id":6552,"weight":1.4507},
{"Node_id":6553,"weight":2.0989},
{"Node_id":6554,"weight":2.5944},
{"Node_id":6556,"weight":4.1448},
{"Node_id":6557,"weight":1.893},
{"Node_id":6558,"weight":1.8286},
{"Node_id":6560,"weight":1.5313},
{"Node_id":6561,"weight":1.4007},
{"Node_id":6562,"weight":1.8652},
{"Node_id":6563,"weight":2.8731},
{"Node_id":6565,"weight":1.7647},
{"Node_id":6567,"weight":3.5362},
{"Node_id":6568,"weight":1.4598},
{"Node_id":6569,"weight":1.5913},
{"Node_id":6571,"weight":1.4756},
{"Node_id":6573,"weight":2.231},
{"Node_id":6574,"weight":1.5603},
{"Node_id":6575,"weight":3.3999},
{"Node_id":6576,"weight":3.0275},
{"Node_id":6578,"weight":2.3931},
{"Node_id":6580,"weight":2.3346},
{"Node_id":6581,"weight":2.0436},
{"Node_id":6582,"weight":3.3683},
{"Node_id":6583,"weight":1.7276},
{"Node_id":6585,"weight":2.4505},
{"Node_id":6587,"weight":4.9126},
{"Node_id":6588,"weight":3.3777},
{"Node_id":6589,"weight":1.9868},
{"Node_id":6590,"weight":1.5382},
{"Node_id":6591,"weight":1.9905},
{"Node_id":6593,"weight":5.0141},
{"Node_id":6595,"weight":3.511},
{"Node_id":6596,"weight":3.3347},
{"Node_id":6598,"weight":4.4364},
{"Node_id":6599,"weight":1.8549},
{"Node_id":6600,"weight":2.1302},
{"Node_id":6602,"weight":2.7427},
{"Node_id":6604,"weight":2.9593},
{"Node_id":6606,"weight":2.5944},
{"Node_id":6607,"weight":1.5638},
{"Node_id":6608,"weight":2.1643},
{"Node_id":6609,"weight":3.2648},
{"Node_id":6611,"weight":2.2265},
{"Node_id":6613,"weight":2.1093},
{"Node_id":6615,"weight":1.6679},
{"Node_id":6616,"weight":2.3788},
{"Node_id":6617,"weight":1.4591},
{"Node_id":6618,"weight":2.6777},
{"Node_id":6619,"weight":1.4928},
{"Node_id":6621,"weight":2.2811},
{"Node_id":6623,"weight":4.2619},
{"Node_id":6625,"weight":2.0887},
{"Node_id":6626,"weight":1.5499},
{"Node_id":6628,"weight":4.6155},
{"Node_id":6629,"weight":2.1082},
{"Node_id":6630,"weight":1.7914},
{"Node_id":6632,"weight":3.6312},
{"Node_id":6634,"weight":1.8328},
{"Node_id":6636,"weight":1.9459},
{"Node_id":6637,"weight":3.0715},
{"Node_id":6639,"weight":2.8324},
{"Node_id":6640,"weight":3.3529},
{"Node_id":6661,"weight":1.6361},
{"Node_id":6667,"weight":1.8764},
{"Node_id":6683,"weight":2.658},
{"Node_id":6684,"weight":2.2657},
{"Node_id":6685,"weight":1.6921},
{"Node_id":6686,"weight":4.1778},
{"Node_id":6687,"weight":1.7711},
{"Node_id":6688,"weight":2.401},
{"Node_id":6689,"weight":2.5066},
{"Node_id":6690,"weight":3.2098},
{"Node_id":6691,"weight":1.8974},
{"Node_id":6692,"weight":3.7011},
{"Node_id":6693,"weight":1.5042},
{"Node_id":6694,"weight":2.0134},
{"Node_id":6695,"weight":2.1386},
{"Node_id":6696,"weight":2.8248},
{"Node_id":6697,"weight":1.6582},
{"Node_id":6698,"weight":2.5371},
{"Node_id":6699,"weight":5.9496},
{"Node_id":6700,"weight":2.0407},
{"Node_id":6701,"weight":1.7448},
{"Node_id":6714,"weight":1.4338},
{"Node_id":6725,"weight":2.0535},
{"Node_id":6726,"weight":1.5589},
{"Node_id":6727,"weight":2.7098},
{"Node_id":6730,"weight":3.4795},
{"Node_id":6732,"weight":1.6523},
{"Node_id":6733,"weight":2.6162},
{"Node_id":6735,"weight":2.0077},
{"Node_id":6736,"weight":3.9936},
{"Node_id":6739,"weight":1.4064},
{"Node_id":6740,"weight":1.5049},
{"Node_id":6744,"weight":1.5218},
{"Node_id":6745,"weight":1.3919},
{"Node_id":6750,"weight":1.4928},
{"Node_id":6751,"weight":2.5415},
{"Node_id":6757,"weight":2.1323},
{"Node_id":6758,"weight":2.0077},
{"Node_id":6763,"weight":1.7448},
{"Node_id":6765,"weight":4.8853},
{"Node_id":6766,"weight":2.9852},
{"Node_id":6771,"weight":4.4896},
{"Node_id":6772,"weight":1.4559},
{"Node_id":6774,"weight":9.223372E18},
{"Node_id":6775,"weight":2.1397},
{"Node_id":6780,"weight":2.0775},
{"Node_id":6781,"weight":1.8808},
{"Node_id":6783,"weight":1.4223},
{"Node_id":6784,"weight":2.4142},
{"Node_id":6790,"weight":5.0609},
{"Node_id":6793,"weight":2.0856},
{"Node_id":6794,"weight":2.1557},
{"Node_id":6804,"weight":9.2102},
{"Node_id":6805,"weight":1.5197},
{"Node_id":6816,"weight":4.2692},
{"Node_id":6817,"weight":2.4115},
{"Node_id":6829,"weight":2.2587},
{"Node_id":6830,"weight":1.9188},
{"Node_id":6841,"weight":2.8191},
{"Node_id":6843,"weight":1.7543},
{"Node_id":6844,"weight":1.9746},
{"Node_id":6854,"weight":1.9532},
{"Node_id":6858,"weight":3.2151},
{"Node_id":6863,"weight":1.8886},
{"Node_id":6865,"weight":1.7615},
{"Node_id":6869,"weight":1.6959},
{"Node_id":6872,"weight":2.2174},
{"Node_id":6876,"weight":2.4342},
{"Node_id":6879,"weight":1.6974},
{"Node_id":6884,"weight":2.4248},
{"Node_id":6892,"weight":1.6427},
{"Node_id":6897,"weight":2.7931},
{"Node_id":6901,"weight":1.7736},
{"Node_id":6905,"weight":2.7029},
{"Node_id":6908,"weight":2.6305},
{"Node_id":6909,"weight":2.6911},
{"Node_id":6910,"weight":2.9529},
{"Node_id":6911,"weight":2.3635},
{"Node_id":6915,"weight":2.3609},
{"Node_id":6916,"weight":2.0289},
{"Node_id":6917,"weight":1.4729},
{"Node_id":6918,"weight":1.7575},
{"Node_id":6919,"weight":2.936},
{"Node_id":6921,"weight":1.4749},
{"Node_id":6923,"weight":1.5334},
{"Node_id":6925,"weight":2.1429},
{"Node_id":6926,"weight":2.4396},
{"Node_id":6928,"weight":2.2811},
{"Node_id":6929,"weight":1.6208},
{"Node_id":6930,"weight":1.7906},
{"Node_id":6932,"weight":1.8029},
{"Node_id":6934,"weight":1.3982},
{"Node_id":6938,"weight":1.7354},
{"Node_id":6939,"weight":2.4754},
{"Node_id":6940,"weight":2.4302},
{"Node_id":6980,"weight":1.7898},
{"Node_id":6981,"weight":1.7043},
{"Node_id":6982,"weight":1.6612},
{"Node_id":6983,"weight":1.8669},
{"Node_id":6984,"weight":1.6762},
{"Node_id":6985,"weight":2.2208},
{"Node_id":6986,"weight":3.0297},
{"Node_id":6987,"weight":2.4262},
{"Node_id":6988,"weight":2.4155},
{"Node_id":6989,"weight":3.2017},
{"Node_id":6990,"weight":2.4866},
{"Node_id":6991,"weight":2.9939},
{"Node_id":6992,"weight":4.4538},
{"Node_id":6993,"weight":2.1796},
{"Node_id":6994,"weight":1.8523},
{"Node_id":6995,"weight":2.0038},
{"Node_id":6996,"weight":1.9934},
{"Node_id":6997,"weight":1.5652},
{"Node_id":6998,"weight":1.6792},
{"Node_id":6999,"weight":1.561},
{"Node_id":7000,"weight":1.5892},
{"Node_id":7001,"weight":1.6006},
{"Node_id":7002,"weight":1.7377},
{"Node_id":7003,"weight":2.3321},
{"Node_id":7004,"weight":2.0202},
{"Node_id":7005,"weight":4.284},
{"Node_id":7006,"weight":3.4969},
{"Node_id":7007,"weight":1.5736},
{"Node_id":7008,"weight":1.7857},
{"Node_id":7009,"weight":2.3271},
{"Node_id":7010,"weight":1.873},
{"Node_id":7011,"weight":2.0685},
{"Node_id":7012,"weight":1.8506},
{"Node_id":7013,"weight":2.5609},
{"Node_id":7014,"weight":1.6034},
{"Node_id":7015,"weight":2.0358},
{"Node_id":7016,"weight":3.3808},
{"Node_id":7017,"weight":2.2599},
{"Node_id":7018,"weight":3.6801},
{"Node_id":7019,"weight":5.1441},
{"Node_id":7020,"weight":4.0396},
{"Node_id":7021,"weight":2.1611},
{"Node_id":7022,"weight":4.7832},
{"Node_id":7023,"weight":3.4258},
{"Node_id":7024,"weight":2.6662},
{"Node_id":7025,"weight":2.4208},
{"Node_id":7026,"weight":1.5687},
{"Node_id":7027,"weight":2.8191},
{"Node_id":7028,"weight":1.4935},
{"Node_id":7029,"weight":1.7362},
{"Node_id":7030,"weight":1.7808},
{"Node_id":7031,"weight":2.1503},
{"Node_id":7032,"weight":6.1637},
{"Node_id":7033,"weight":1.9359},
{"Node_id":7034,"weight":3.3287},
{"Node_id":7035,"weight":3.0458},
{"Node_id":7036,"weight":2.1165},
{"Node_id":7037,"weight":1.5022},
{"Node_id":7038,"weight":2.5066},
{"Node_id":7041,"weight":1.4281},
{"Node_id":7042,"weight":2.4089},
{"Node_id":7043,"weight":1.7615},
{"Node_id":7044,"weight":1.4995},
{"Node_id":7045,"weight":1.9597},
{"Node_id":7046,"weight":2.955},
{"Node_id":7049,"weight":2.4235},
{"Node_id":7050,"weight":1.6634},
{"Node_id":7056,"weight":1.9915},
{"Node_id":7059,"weight":1.6273},
{"Node_id":7063,"weight":2.7986},
{"Node_id":7068,"weight":6.0725},
{"Node_id":7074,"weight":3.8275},
{"Node_id":7081,"weight":2.1302},
{"Node_id":7086,"weight":2.2129},
{"Node_id":7087,"weight":1.683},
{"Node_id":7088,"weight":3.3621},
{"Node_id":7089,"weight":3.4692},
{"Node_id":7093,"weight":2.9635},
{"Node_id":7094,"weight":1.8965},
{"Node_id":7096,"weight":1.6883},
{"Node_id":7099,"weight":4.2331},
{"Node_id":7101,"weight":2.5474},
{"Node_id":7104,"weight":4.1711},
{"Node_id":7106,"weight":1.4128},
{"Node_id":7108,"weight":1.6951},
{"Node_id":7112,"weight":2.7712},
{"Node_id":7116,"weight":2.0397},
{"Node_id":7119,"weight":3.2676},
{"Node_id":7121,"weight":2.1062},
{"Node_id":7122,"weight":1.5949},
{"Node_id":7123,"weight":2.0705},
{"Node_id":7124,"weight":5.1441},
{"Node_id":7125,"weight":1.9018},
{"Node_id":7126,"weight":1.5582},
{"Node_id":7127,"weight":1.9477},
{"Node_id":7128,"weight":3.4095},
{"Node_id":7129,"weight":1.798},
{"Node_id":7130,"weight":3.8132},
{"Node_id":7131,"weight":5.1794},
{"Node_id":7132,"weight":8.1114},
{"Node_id":7133,"weight":3.5732},
{"Node_id":7134,"weight":6.5699},
{"Node_id":7135,"weight":1.8506},
{"Node_id":7136,"weight":3.2098},
{"Node_id":7137,"weight":2.1665},
{"Node_id":7138,"weight":1.6056},
{"Node_id":7139,"weight":4.5653},
{"Node_id":7140,"weight":2.0959},
{"Node_id":7141,"weight":3.1099},
{"Node_id":7142,"weight":2.2907},
{"Node_id":7143,"weight":5.2734},
{"Node_id":7144,"weight":3.8372},
{"Node_id":7145,"weight":1.6649},
{"Node_id":7146,"weight":2.5775},
{"Node_id":7147,"weight":3.0929},
{"Node_id":7148,"weight":1.7036},
{"Node_id":7149,"weight":2.5297},
{"Node_id":7150,"weight":1.917},
{"Node_id":7151,"weight":1.5416},
{"Node_id":7152,"weight":2.5913},
{"Node_id":7153,"weight":2.2006},
{"Node_id":7154,"weight":2.2073},
{"Node_id":7155,"weight":1.7346},
{"Node_id":7156,"weight":1.7252},
{"Node_id":7157,"weight":2.2871},
{"Node_id":7158,"weight":2.375},
{"Node_id":7159,"weight":1.9487},
{"Node_id":7160,"weight":2.5684},
{"Node_id":7161,"weight":2.4221},
{"Node_id":7162,"weight":1.6523},
{"Node_id":7163,"weight":2.1031},
{"Node_id":7164,"weight":1.7607},
{"Node_id":7165,"weight":1.4045},
{"Node_id":7166,"weight":2.3321},
{"Node_id":7167,"weight":3.5146},
{"Node_id":7168,"weight":3.7991},
{"Node_id":7169,"weight":2.5534},
{"Node_id":7170,"weight":2.2028},
{"Node_id":7171,"weight":1.9896},
{"Node_id":7172,"weight":1.8843},
{"Node_id":7173,"weight":2.8381},
{"Node_id":7174,"weight":1.5076},
{"Node_id":7175,"weight":2.184},
{"Node_id":7176,"weight":2.0416},
{"Node_id":7177,"weight":3.7579},
{"Node_id":7178,"weight":1.9296},
{"Node_id":7179,"weight":2.1093},
{"Node_id":7180,"weight":2.7876},
{"Node_id":7181,"weight":2.2657},
{"Node_id":7182,"weight":3.1651},
{"Node_id":7183,"weight":4.0163},
{"Node_id":7184,"weight":2.0192},
{"Node_id":7185,"weight":2.6678},
{"Node_id":7186,"weight":2.4768},
{"Node_id":7187,"weight":1.5245},
{"Node_id":7188,"weight":4.7954},
{"Node_id":7189,"weight":1.9896},
{"Node_id":7190,"weight":2.3075},
{"Node_id":7191,"weight":2.5023},
{"Node_id":7192,"weight":1.421},
{"Node_id":7193,"weight":1.7151},
{"Node_id":7194,"weight":1.5575},
{"Node_id":7195,"weight":1.9634},
{"Node_id":7196,"weight":1.4178},
{"Node_id":7197,"weight":4.6469},
{"Node_id":7198,"weight":1.9232},
{"Node_id":7199,"weight":1.8635},
{"Node_id":7200,"weight":2.7676},
{"Node_id":7201,"weight":5.1975},
{"Node_id":7202,"weight":2.31},
{"Node_id":7203,"weight":2.2967},
{"Node_id":7204,"weight":1.7198},
{"Node_id":7205,"weight":3.7669},
{"Node_id":7206,"weight":2.1186},
{"Node_id":7207,"weight":1.8974},
{"Node_id":7208,"weight":1.4533},
{"Node_id":7209,"weight":2.3931},
{"Node_id":7211,"weight":2.0134},
{"Node_id":7212,"weight":1.9934},
{"Node_id":7213,"weight":1.9542},
{"Node_id":7214,"weight":4.1711},
{"Node_id":7216,"weight":2.5312},
{"Node_id":7217,"weight":4.1002},
{"Node_id":7218,"weight":5.2159},
{"Node_id":7219,"weight":2.8613},
{"Node_id":7220,"weight":1.5842},
{"Node_id":7222,"weight":1.4448},
{"Node_id":7223,"weight":2.9092},
{"Node_id":7224,"weight":2.1578},
{"Node_id":7225,"weight":3.9072},
{"Node_id":7226,"weight":2.1862},
{"Node_id":7228,"weight":1.7097},
{"Node_id":7229,"weight":1.3913},
{"Node_id":7230,"weight":5.4448},
{"Node_id":7231,"weight":2.1072},
{"Node_id":7232,"weight":1.7464},
{"Node_id":7233,"weight":2.7235},
{"Node_id":7234,"weight":3.483},
{"Node_id":7235,"weight":2.3699},
{"Node_id":7238,"weight":3.1651},
{"Node_id":7241,"weight":1.9625},
{"Node_id":7243,"weight":2.8023},
{"Node_id":7246,"weight":3.776},
{"Node_id":7248,"weight":2.0515},
{"Node_id":7250,"weight":1.5561},
{"Node_id":7252,"weight":1.7841},
{"Node_id":7253,"weight":1.4578},
{"Node_id":7254,"weight":2.0231},
{"Node_id":7255,"weight":1.5779},
{"Node_id":7256,"weight":3.7715},
{"Node_id":7257,"weight":1.5035},
{"Node_id":7258,"weight":1.597},
{"Node_id":7259,"weight":1.7881},
{"Node_id":7260,"weight":2.474},
{"Node_id":7261,"weight":5.077},
{"Node_id":7262,"weight":2.0887},
{"Node_id":7263,"weight":2.7766},
{"Node_id":7264,"weight":2.5929},
{"Node_id":7265,"weight":2.0816},
{"Node_id":7266,"weight":2.1906},
{"Node_id":7267,"weight":1.8609},
{"Node_id":7268,"weight":1.6694},
{"Node_id":7269,"weight":2.6945},
{"Node_id":7270,"weight":3.6843},
{"Node_id":7271,"weight":2.6037},
{"Node_id":7274,"weight":3.4356},
{"Node_id":7276,"weight":3.5999},
{"Node_id":7277,"weight":4.7832},
{"Node_id":7279,"weight":1.9441},
{"Node_id":7280,"weight":2.1397},
{"Node_id":7281,"weight":4.3858},
{"Node_id":7282,"weight":1.5863},
{"Node_id":7283,"weight":1.7873},
{"Node_id":7284,"weight":1.4448},
{"Node_id":7286,"weight":3.6233},
{"Node_id":7287,"weight":2.5341},
{"Node_id":7288,"weight":2.6482},
{"Node_id":7289,"weight":2.2095},
{"Node_id":7290,"weight":2.2634},
{"Node_id":7291,"weight":1.653},
{"Node_id":7292,"weight":1.397},
{"Node_id":7293,"weight":2.5166},
{"Node_id":7294,"weight":1.9468},
{"Node_id":7295,"weight":2.0338},
{"Node_id":7296,"weight":1.7528},
{"Node_id":7297,"weight":1.53},
{"Node_id":7300,"weight":2.5699},
{"Node_id":7302,"weight":3.8969},
{"Node_id":7303,"weight":1.8087},
{"Node_id":7305,"weight":2.5023},
{"Node_id":7306,"weight":2.6498},
{"Node_id":7307,"weight":1.9514},
{"Node_id":7309,"weight":2.8516},
{"Node_id":7310,"weight":2.4023},
{"Node_id":7311,"weight":1.4204},
{"Node_id":7312,"weight":1.9634},
{"Node_id":7314,"weight":3.356},
{"Node_id":7315,"weight":1.832},
{"Node_id":7316,"weight":2.366},
{"Node_id":7317,"weight":2.1557},
{"Node_id":7318,"weight":3.1912},
{"Node_id":7320,"weight":1.561},
{"Node_id":7321,"weight":1.7488},
{"Node_id":7322,"weight":1.5786},
{"Node_id":7323,"weight":2.0585},
{"Node_id":7324,"weight":2.9808},
{"Node_id":7325,"weight":3.4899},
{"Node_id":7327,"weight":2.0918},
{"Node_id":7328,"weight":2.6242},
{"Node_id":7329,"weight":2.6979},
{"Node_id":7330,"weight":2.366},
{"Node_id":7331,"weight":1.893},
{"Node_id":7332,"weight":3.5362},
{"Node_id":7335,"weight":2.0625},
{"Node_id":7336,"weight":1.5055},
{"Node_id":7337,"weight":2.5137},
{"Node_id":7338,"weight":2.7392},
{"Node_id":7339,"weight":1.5136},
{"Node_id":7340,"weight":3.0715},
{"Node_id":7343,"weight":2.4342},
{"Node_id":7344,"weight":1.414},
{"Node_id":7345,"weight":2.4574},
{"Node_id":7346,"weight":5.3992},
{"Node_id":7347,"weight":1.4995},
{"Node_id":7348,"weight":2.748},
{"Node_id":7352,"weight":1.9905},
{"Node_id":7353,"weight":1.7323},
{"Node_id":7354,"weight":6.6441},
{"Node_id":7355,"weight":4.226},
{"Node_id":7356,"weight":2.2506},
{"Node_id":7357,"weight":1.5506},
{"Node_id":7360,"weight":1.5942},
{"Node_id":7362,"weight":1.4975},
{"Node_id":7363,"weight":2.1031},
{"Node_id":7364,"weight":1.7315},
{"Node_id":7365,"weight":4.0574},
{"Node_id":7366,"weight":2.9215},
{"Node_id":7367,"weight":2.9808},
{"Node_id":7370,"weight":1.8652},
{"Node_id":7371,"weight":3.7991},
{"Node_id":7372,"weight":1.8128},
{"Node_id":7373,"weight":2.9808},
{"Node_id":7374,"weight":4.2402},
{"Node_id":7375,"weight":1.935},
{"Node_id":7376,"weight":1.6792},
{"Node_id":7377,"weight":3.2591},
{"Node_id":7378,"weight":1.6538},
{"Node_id":7379,"weight":2.1568},
{"Node_id":7380,"weight":3.1781},
{"Node_id":7381,"weight":2.881},
{"Node_id":7382,"weight":1.4848},
{"Node_id":7383,"weight":1.5793},
{"Node_id":7384,"weight":3.1833},
{"Node_id":7385,"weight":2.7857},
{"Node_id":7386,"weight":1.659},
{"Node_id":7387,"weight":1.6754},
{"Node_id":7388,"weight":1.7575},
{"Node_id":7389,"weight":2.2955},
{"Node_id":7390,"weight":2.0202},
{"Node_id":7391,"weight":2.7235},
{"Node_id":7392,"weight":2.1796},
{"Node_id":7393,"weight":2.7339},
{"Node_id":7394,"weight":3.3967},
{"Node_id":7395,"weight":2.4208},
{"Node_id":7396,"weight":1.5652},
{"Node_id":7397,"weight":2.6945},
{"Node_id":7398,"weight":4.1064},
{"Node_id":7399,"weight":1.5715},
{"Node_id":7400,"weight":1.4723},
{"Node_id":7401,"weight":3.0435},
{"Node_id":7402,"weight":1.5259},
{"Node_id":7403,"weight":2.1312},
{"Node_id":7404,"weight":1.5002},
{"Node_id":7405,"weight":6.3182},
{"Node_id":7406,"weight":2.0745},
{"Node_id":7407,"weight":1.4822},
{"Node_id":7408,"weight":1.4848},
{"Node_id":7409,"weight":2.0436},
{"Node_id":7410,"weight":1.9905},
{"Node_id":7411,"weight":2.4852},
{"Node_id":7412,"weight":1.8643},
{"Node_id":7413,"weight":3.1651},
{"Node_id":7414,"weight":3.7357},
{"Node_id":7415,"weight":1.3932},
{"Node_id":7416,"weight":1.4975},
{"Node_id":7417,"weight":1.8037},
{"Node_id":7418,"weight":1.5963},
{"Node_id":7419,"weight":2.5224},
{"Node_id":7420,"weight":3.842},
{"Node_id":7421,"weight":2.1622},
{"Node_id":7422,"weight":1.8515},
{"Node_id":7425,"weight":0.1294},
{"Node_id":7426,"weight":1.2721},
{"Node_id":7427,"weight":3.2676},
{"Node_id":7429,"weight":2.8691},
{"Node_id":7432,"weight":1.4204},
{"Node_id":7433,"weight":0.4561},
{"Node_id":7434,"weight":2.7046},
{"Node_id":7437,"weight":1.62},
{"Node_id":7439,"weight":0.6955},
{"Node_id":7440,"weight":2.5166},
{"Node_id":7441,"weight":5.4448},
{"Node_id":7443,"weight":0.6239},
{"Node_id":7447,"weight":1.9569},
{"Node_id":7448,"weight":1.6822},
{"Node_id":7455,"weight":2.0755},
{"Node_id":7457,"weight":0.4084},
{"Node_id":7458,"weight":2.3185},
{"Node_id":7469,"weight":1.2448},
{"Node_id":7473,"weight":0.7598},
{"Node_id":7476,"weight":1.827},
{"Node_id":7499,"weight":4.0878},
{"Node_id":7502,"weight":2.1741},
{"Node_id":7503,"weight":0.6803},
{"Node_id":7506,"weight":3.7011},
{"Node_id":7512,"weight":4.8588},
{"Node_id":7516,"weight":1.7089},
{"Node_id":7518,"weight":0.2302},
{"Node_id":7519,"weight":3.429},
{"Node_id":7522,"weight":0.3437},
{"Node_id":7523,"weight":0.2294},
{"Node_id":7529,"weight":0.3602},
{"Node_id":7531,"weight":1.6128},
{"Node_id":7533,"weight":4.8988},
{"Node_id":7534,"weight":1.7535},
{"Node_id":7535,"weight":0.6678},
{"Node_id":7536,"weight":1.0465},
{"Node_id":7557,"weight":1.1859},
{"Node_id":7563,"weight":0.3174},
{"Node_id":7567,"weight":0.9346},
{"Node_id":7568,"weight":2.5195},
{"Node_id":7569,"weight":1.0997},
{"Node_id":7571,"weight":0.3293},
{"Node_id":7576,"weight":0.3756},
{"Node_id":7578,"weight":0.5849},
{"Node_id":7580,"weight":0.0532},
{"Node_id":7586,"weight":0.2408},
{"Node_id":7588,"weight":0.9982},
{"Node_id":7590,"weight":0.2884},
{"Node_id":7594,"weight":0.9714},
{"Node_id":7597,"weight":0.2745},
{"Node_id":7599,"weight":0.1141},
{"Node_id":7601,"weight":0.4879},
{"Node_id":7604,"weight":0.1322},
{"Node_id":7727,"weight":1.8379}]