[{"Node_id":117,"weight":5.2347},
{"Node_id":118,"weight":1.9606},
{"Node_id":119,"weight":1.7719},
{"Node_id":120,"weight":1.4474},
{"Node_id":121,"weight":2.4768},
{"Node_id":132,"weight":1.7417},
{"Node_id":133,"weight":2.9808},
{"Node_id":134,"weight":4.3534},
{"Node_id":135,"weight":2.2529},
{"Node_id":136,"weight":1.4128},
{"Node_id":137,"weight":1.5992},
{"Node_id":138,"weight":1.6762},
{"Node_id":139,"weight":2.0212},
{"Node_id":140,"weight":3.0389},
{"Node_id":141,"weight":3.3377},
{"Node_id":142,"weight":2.1578},
{"Node_id":186,"weight":2.6337},
{"Node_id":187,"weight":1.7448},
{"Node_id":188,"weight":1.6331},
{"Node_id":189,"weight":2.0397},
{"Node_id":190,"weight":1.7464},
{"Node_id":191,"weight":1.9802},
{"Node_id":192,"weight":2.027},
{"Node_id":193,"weight":1.5828},
{"Node_id":194,"weight":3.0504},
{"Node_id":195,"weight":1.4281},
{"Node_id":196,"weight":2.1557},
{"Node_id":197,"weight":1.7881},
{"Node_id":207,"weight":1.575},
{"Node_id":208,"weight":2.1884},
{"Node_id":253,"weight":4.212},
{"Node_id":254,"weight":3.5326},
{"Node_id":255,"weight":3.248},
{"Node_id":256,"weight":1.4526},
{"Node_id":257,"weight":1.4565},
{"Node_id":258,"weight":2.1093},
{"Node_id":296,"weight":2.9917},
{"Node_id":297,"weight":1.5779},
{"Node_id":298,"weight":2.1503},
{"Node_id":299,"weight":1.465},
{"Node_id":300,"weight":1.9811},
{"Node_id":301,"weight":1.4526},
{"Node_id":302,"weight":1.5771},
{"Node_id":303,"weight":1.8062},
{"Node_id":304,"weight":2.0125},
{"Node_id":305,"weight":5.7414},
{"Node_id":306,"weight":4.1318},
{"Node_id":307,"weight":2.5371},
{"Node_id":308,"weight":2.1323},
{"Node_id":309,"weight":1.4223},
{"Node_id":310,"weight":4.3858},
{"Node_id":311,"weight":4.4364},
{"Node_id":312,"weight":1.4064},
{"Node_id":313,"weight":1.4533},
{"Node_id":314,"weight":1.513},
{"Node_id":315,"weight":1.7036},
{"Node_id":316,"weight":2.1218},
{"Node_id":317,"weight":4.4451},
{"Node_id":318,"weight":1.6538},
{"Node_id":319,"weight":2.2185},
{"Node_id":320,"weight":1.7535},
{"Node_id":321,"weight":2.102},
{"Node_id":322,"weight":1.397},
{"Node_id":323,"weight":2.0685},
{"Node_id":324,"weight":1.8851},
{"Node_id":325,"weight":1.8379},
{"Node_id":326,"weight":5.6515},
{"Node_id":327,"weight":1.8992},
{"Node_id":328,"weight":1.7939},
{"Node_id":329,"weight":2.0125},
{"Node_id":330,"weight":2.5594},
{"Node_id":331,"weight":1.7244},
{"Node_id":332,"weight":3.6969},
{"Node_id":333,"weight":3.1703},
{"Node_id":334,"weight":1.5184},
{"Node_id":335,"weight":1.3869},
{"Node_id":336,"weight":2.1829},
{"Node_id":337,"weight":2.2196},
{"Node_id":338,"weight":1.9597},
{"Node_id":339,"weight":2.8477},
{"Node_id":340,"weight":1.6694},
{"Node_id":341,"weight":3.577},
{"Node_id":342,"weight":2.889},
{"Node_id":343,"weight":2.885},
{"Node_id":344,"weight":1.5259},
{"Node_id":345,"weight":3.8567},
{"Node_id":346,"weight":3.3079},
{"Node_id":347,"weight":1.8354},
{"Node_id":348,"weight":1.7736},
{"Node_id":349,"weight":3.714},
{"Node_id":350,"weight":1.8371},
{"Node_id":351,"weight":2.9808},
{"Node_id":352,"weight":2.9614},
{"Node_id":353,"weight":3.4934},
{"Node_id":354,"weight":1.3882},
{"Node_id":355,"weight":1.7623},
{"Node_id":356,"weight":2.3711},
{"Node_id":357,"weight":1.4313},
{"Node_id":358,"weight":1.5527},
{"Node_id":359,"weight":2.2599},
{"Node_id":360,"weight":2.0029},
{"Node_id":361,"weight":2.6596},
{"Node_id":362,"weight":1.9359},
{"Node_id":363,"weight":2.9381},
{"Node_id":364,"weight":2.9174},
{"Node_id":365,"weight":1.6171},
{"Node_id":366,"weight":1.8103},
{"Node_id":367,"weight":1.5334},
{"Node_id":368,"weight":2.887},
{"Node_id":369,"weight":1.8186},
{"Node_id":370,"weight":1.9542},
{"Node_id":381,"weight":1.6785},
{"Node_id":382,"weight":3.0006},
{"Node_id":383,"weight":2.1785},
{"Node_id":384,"weight":3.0786},
{"Node_id":385,"weight":3.8275},
{"Node_id":386,"weight":1.7881},
{"Node_id":387,"weight":3.055},
{"Node_id":388,"weight":1.9662},
{"Node_id":389,"weight":2.4671},
{"Node_id":390,"weight":3.2905},
{"Node_id":391,"weight":1.901},
{"Node_id":392,"weight":1.9802},
{"Node_id":393,"weight":1.9802},
{"Node_id":394,"weight":7.8236},
{"Node_id":396,"weight":1.8021},
{"Node_id":398,"weight":1.6913},
{"Node_id":399,"weight":2.645},
{"Node_id":400,"weight":4.0163},
{"Node_id":401,"weight":1.4915},
{"Node_id":402,"weight":1.5347},
{"Node_id":403,"weight":2.6531},
{"Node_id":404,"weight":2.2611},
{"Node_id":483,"weight":4.3454},
{"Node_id":484,"weight":2.8248},
{"Node_id":487,"weight":2.4994},
{"Node_id":488,"weight":1.748},
{"Node_id":489,"weight":1.4855},
{"Node_id":490,"weight":2.764},
{"Node_id":491,"weight":1.8721},
{"Node_id":492,"weight":2.4492},
{"Node_id":493,"weight":1.8904},
{"Node_id":494,"weight":1.9783},
{"Node_id":495,"weight":1.6508},
{"Node_id":496,"weight":2.1302},
{"Node_id":497,"weight":2.4356},
{"Node_id":498,"weight":2.0897},
{"Node_id":499,"weight":3.1322},
{"Node_id":500,"weight":1.956},
{"Node_id":501,"weight":4.5362},
{"Node_id":502,"weight":2.8574},
{"Node_id":503,"weight":1.925},
{"Node_id":504,"weight":3.2314},
{"Node_id":505,"weight":4.6053},
{"Node_id":506,"weight":2.7839},
{"Node_id":507,"weight":1.5177},
{"Node_id":508,"weight":1.414},
{"Node_id":509,"weight":1.7496},
{"Node_id":510,"weight":2.0318},
{"Node_id":511,"weight":3.2424},
{"Node_id":512,"weight":1.8756},
{"Node_id":576,"weight":2.5371},
{"Node_id":577,"weight":1.414},
{"Node_id":578,"weight":2.4643},
{"Node_id":579,"weight":1.8278},
{"Node_id":607,"weight":1.8128},
{"Node_id":608,"weight":1.4461},
{"Node_id":609,"weight":2.0446},
{"Node_id":610,"weight":2.5821},
{"Node_id":611,"weight":3.4761},
{"Node_id":612,"weight":1.5062},
{"Node_id":613,"weight":2.0989},
{"Node_id":614,"weight":2.3788},
{"Node_id":615,"weight":1.5485},
{"Node_id":616,"weight":4.4108},
{"Node_id":617,"weight":1.6951},
{"Node_id":618,"weight":1.827},
{"Node_id":619,"weight":1.4384},
{"Node_id":620,"weight":2.7551},
{"Node_id":621,"weight":1.7409},
{"Node_id":622,"weight":2.1333},
{"Node_id":623,"weight":1.9634},
{"Node_id":624,"weight":1.8111},
{"Node_id":625,"weight":2.7604},
{"Node_id":626,"weight":1.5779},
{"Node_id":627,"weight":4.1383},
{"Node_id":628,"weight":1.4565},
{"Node_id":629,"weight":3.6233},
{"Node_id":630,"weight":1.7599},
{"Node_id":631,"weight":2.5806},
{"Node_id":632,"weight":1.4096},
{"Node_id":633,"weight":3.9072},
{"Node_id":634,"weight":1.8211},
{"Node_id":635,"weight":2.5312},
{"Node_id":636,"weight":1.8037},
{"Node_id":637,"weight":2.9657},
{"Node_id":638,"weight":2.6514},
{"Node_id":639,"weight":1.4229},
{"Node_id":640,"weight":2.7132},
{"Node_id":641,"weight":1.8404},
{"Node_id":642,"weight":1.9332},
{"Node_id":643,"weight":2.5867},
{"Node_id":644,"weight":1.6694},
{"Node_id":645,"weight":4.119},
{"Node_id":646,"weight":2.4937},
{"Node_id":647,"weight":3.9992},
{"Node_id":648,"weight":1.9268},
{"Node_id":649,"weight":1.4351},
{"Node_id":650,"weight":1.5361},
{"Node_id":651,"weight":1.6501},
{"Node_id":652,"weight":1.9001},
{"Node_id":653,"weight":3.7401},
{"Node_id":654,"weight":2.1961},
{"Node_id":667,"weight":0.1294},
{"Node_id":668,"weight":1.2721},
{"Node_id":669,"weight":3.2676},
{"Node_id":674,"weight":1.4204},
{"Node_id":675,"weight":0.4561},
{"Node_id":682,"weight":2.5166},
{"Node_id":690,"weight":1.6822},
{"Node_id":715,"weight":0.7598},
{"Node_id":741,"weight":4.0878},
{"Node_id":748,"weight":3.7011},
{"Node_id":761,"weight":3.429},
{"Node_id":764,"weight":0.3437},
{"Node_id":771,"weight":0.3602},
{"Node_id":775,"weight":4.8988},
{"Node_id":776,"weight":1.7535},
{"Node_id":810,"weight":2.5195},
{"Node_id":820,"weight":0.5849},
{"Node_id":828,"weight":0.2408},
{"Node_id":832,"weight":0.2884},
{"Node_id":836,"weight":0.9714},
{"Node_id":839,"weight":0.2745},
{"Node_id":969,"weight":1.8379},
{"Node_id":1753,"weight":1.39},
{"Node_id":1754,"weight":2.9896},
{"Node_id":1757,"weight":1.8878},
{"Node_id":1759,"weight":2.1333},
{"Node_id":1769,"weight":1.3081},
{"Node_id":1774,"weight":0.1378},
{"Node_id":1776,"weight":2.4356},
{"Node_id":1782,"weight":0.8217},
{"Node_id":1785,"weight":0.2152},
{"Node_id":1792,"weight":5.4927},
{"Node_id":1794,"weight":0.1463},
{"Node_id":1798,"weight":1.1521},
{"Node_id":1821,"weight":1.901},
{"Node_id":1828,"weight":0.3789},
{"Node_id":1880,"weight":0.4583},
{"Node_id":1882,"weight":0.6745},
{"Node_id":1885,"weight":1.1703},
{"Node_id":1902,"weight":0.795},
{"Node_id":1906,"weight":2.6162},
{"Node_id":1911,"weight":1.5008},
{"Node_id":37803,"weight":1.9214},
{"Node_id":37807,"weight":2.184},
{"Node_id":37808,"weight":3.483},
{"Node_id":37809,"weight":2.2799},
{"Node_id":37812,"weight":2.5051},
{"Node_id":37814,"weight":2.3015},
{"Node_id":37815,"weight":2.2634},
{"Node_id":37822,"weight":1.4319},
{"Node_id":37830,"weight":1.6936},
{"Node_id":37855,"weight":1.5736},
{"Node_id":37882,"weight":2.4866},
{"Node_id":37889,"weight":1.744},
{"Node_id":37896,"weight":2.5852},
{"Node_id":37902,"weight":1.3976},
{"Node_id":37903,"weight":1.5513},
{"Node_id":37905,"weight":1.5492},
{"Node_id":37912,"weight":1.8421},
{"Node_id":37916,"weight":2.001},
{"Node_id":37917,"weight":1.6353},
{"Node_id":37950,"weight":2.1928},
{"Node_id":37960,"weight":1.5764},
{"Node_id":37968,"weight":4.2766},
{"Node_id":37972,"weight":5.2159},
{"Node_id":37976,"weight":1.5666},
{"Node_id":37979,"weight":1.866},
{"Node_id":38110,"weight":3.3227},
{"Node_id":38626,"weight":2.0887},
{"Node_id":38865,"weight":2.2196},
{"Node_id":38869,"weight":3.9549},
{"Node_id":38870,"weight":1.4474},
{"Node_id":38873,"weight":1.7433},
{"Node_id":38875,"weight":2.3866},
{"Node_id":38885,"weight":2.3433},
{"Node_id":38889,"weight":2.5519},
{"Node_id":38891,"weight":2.3648},
{"Node_id":38897,"weight":5.2933},
{"Node_id":38900,"weight":1.9305},
{"Node_id":38905,"weight":2.3271},
{"Node_id":38907,"weight":4.6469},
{"Node_id":38909,"weight":3.4523},
{"Node_id":38913,"weight":1.6142},
{"Node_id":38936,"weight":3.6677},
{"Node_id":38943,"weight":3.1173},
{"Node_id":38947,"weight":2.9786},
{"Node_id":38995,"weight":3.7852},
{"Node_id":38997,"weight":2.1218},
{"Node_id":39000,"weight":5.9496},
{"Node_id":39017,"weight":1.4261},
{"Node_id":39021,"weight":1.4815},
{"Node_id":39026,"weight":2.579},
{"Node_id":39029,"weight":1.5361},
{"Node_id":39030,"weight":1.8371},
{"Node_id":39031,"weight":3.4591},
{"Node_id":39032,"weight":2.5654},
{"Node_id":39045,"weight":1.5225},
{"Node_id":39046,"weight":2.2494},
{"Node_id":39047,"weight":2.5669},
{"Node_id":39048,"weight":3.2452},
{"Node_id":39049,"weight":2.8439},
{"Node_id":39050,"weight":2.3371},
{"Node_id":39051,"weight":1.3913},
{"Node_id":39052,"weight":4.3066},
{"Node_id":39053,"weight":2.7712},
{"Node_id":39054,"weight":5.077},
{"Node_id":39055,"weight":1.9386},
{"Node_id":39056,"weight":3.3903},
{"Node_id":39057,"weight":2.7115},
{"Node_id":39058,"weight":1.5764},
{"Node_id":39059,"weight":2.2425},
{"Node_id":39060,"weight":2.0144},
{"Node_id":39061,"weight":1.4955},
{"Node_id":39062,"weight":1.4364},
{"Node_id":39063,"weight":1.7639},
{"Node_id":39064,"weight":4.872},
{"Node_id":39066,"weight":1.4338},
{"Node_id":39068,"weight":2.2967},
{"Node_id":39069,"weight":1.4855},
{"Node_id":39070,"weight":3.0297},
{"Node_id":39071,"weight":1.421},
{"Node_id":39072,"weight":1.9487},
{"Node_id":39073,"weight":2.6434},
{"Node_id":39074,"weight":1.6777},
{"Node_id":39075,"weight":1.5008},
{"Node_id":39076,"weight":2.9765},
{"Node_id":39077,"weight":1.7082},
{"Node_id":39078,"weight":2.4168},
{"Node_id":39079,"weight":6.0725},
{"Node_id":39311,"weight":5.4217},
{"Node_id":39312,"weight":5.5429},
{"Node_id":39313,"weight":2.5534},
{"Node_id":39314,"weight":1.4223},
{"Node_id":39315,"weight":2.2728},
{"Node_id":39316,"weight":3.3377},
{"Node_id":39375,"weight":5.045},
{"Node_id":39376,"weight":3.8766},
{"Node_id":39377,"weight":1.719},
{"Node_id":39378,"weight":1.7354},
{"Node_id":39379,"weight":2.4768},
{"Node_id":39380,"weight":1.7198},
{"Node_id":39381,"weight":2.0416},
{"Node_id":39382,"weight":1.6982},
{"Node_id":39383,"weight":3.6076},
{"Node_id":39384,"weight":3.4523},
{"Node_id":39385,"weight":3.6273},
{"Node_id":39386,"weight":3.7401},
{"Node_id":39387,"weight":2.0338},
{"Node_id":39388,"weight":1.6906},
{"Node_id":39389,"weight":3.6718},
{"Node_id":39390,"weight":2.1418},
{"Node_id":39391,"weight":1.6419},
{"Node_id":39392,"weight":1.8549},
{"Node_id":39393,"weight":2.0212},
{"Node_id":39394,"weight":3.3808},
{"Node_id":39395,"weight":3.8469},
{"Node_id":39396,"weight":3.305},
{"Node_id":39397,"weight":1.4742},
{"Node_id":39398,"weight":1.4881},
{"Node_id":39399,"weight":1.9523},
{"Node_id":39400,"weight":1.5464},
{"Node_id":39401,"weight":2.0575},
{"Node_id":39402,"weight":1.7922},
{"Node_id":39406,"weight":1.615},
{"Node_id":39407,"weight":5.4927},
{"Node_id":39410,"weight":3.7446},
{"Node_id":39413,"weight":3.5075},
{"Node_id":39414,"weight":1.7472},
{"Node_id":39415,"weight":1.4001},
{"Node_id":39416,"weight":3.6885},
{"Node_id":39417,"weight":2.5519},
{"Node_id":39418,"weight":1.8145},
{"Node_id":39419,"weight":3.8372},
{"Node_id":39420,"weight":2.0615},
{"Node_id":39421,"weight":2.0785},
{"Node_id":39422,"weight":2.1654},
{"Node_id":39423,"weight":1.6114},
{"Node_id":39424,"weight":1.812},
{"Node_id":39425,"weight":1.9143},
{"Node_id":39426,"weight":1.7567},
{"Node_id":39427,"weight":2.1862},
{"Node_id":39428,"weight":2.1906},
{"Node_id":39429,"weight":2.7357},
{"Node_id":39430,"weight":2.9465},
{"Node_id":39431,"weight":2.1249},
{"Node_id":39432,"weight":3.6432},
{"Node_id":39433,"weight":5.1441},
{"Node_id":39434,"weight":5.2734},
{"Node_id":39435,"weight":3.0978},
{"Node_id":39436,"weight":3.8132},
{"Node_id":39437,"weight":5.045},
{"Node_id":39438,"weight":2.401},
{"Node_id":39439,"weight":2.101},
{"Node_id":39440,"weight":1.515},
{"Node_id":39441,"weight":2.9072},
{"Node_id":39442,"weight":1.8575},
{"Node_id":39443,"weight":3.0644},
{"Node_id":39444,"weight":3.0366},
{"Node_id":39445,"weight":2.3039},
{"Node_id":39446,"weight":1.7849},
{"Node_id":39447,"weight":3.0184},
{"Node_id":39448,"weight":1.886},
{"Node_id":39449,"weight":2.0038},
{"Node_id":39450,"weight":2.025},
{"Node_id":39461,"weight":2.4329},
{"Node_id":39462,"weight":3.9658},
{"Node_id":39463,"weight":2.5579},
{"Node_id":39464,"weight":2.0192},
{"Node_id":39467,"weight":2.8135},
{"Node_id":39468,"weight":2.8381},
{"Node_id":39469,"weight":2.889},
{"Node_id":39470,"weight":2.0338},
{"Node_id":39471,"weight":3.0667},
{"Node_id":39472,"weight":1.9323},
{"Node_id":39473,"weight":1.7237},
{"Node_id":39474,"weight":1.7599},
{"Node_id":39475,"weight":2.3015},
{"Node_id":39476,"weight":1.4881},
{"Node_id":39477,"weight":1.3988},
{"Node_id":39478,"weight":2.9786},
{"Node_id":39479,"weight":3.3652},
{"Node_id":39480,"weight":2.6337},
{"Node_id":39481,"weight":1.5485},
{"Node_id":39482,"weight":2.5297},
{"Node_id":39483,"weight":1.5327},
{"Node_id":39484,"weight":1.7663},
{"Node_id":39485,"weight":1.9423},
{"Node_id":39486,"weight":1.4422},
{"Node_id":39487,"weight":1.5885},
{"Node_id":39488,"weight":1.5729},
{"Node_id":39489,"weight":1.5306},
{"Node_id":39490,"weight":2.7409},
{"Node_id":39491,"weight":1.8012},
{"Node_id":39492,"weight":4.8588},
{"Node_id":39493,"weight":2.7218},
{"Node_id":39519,"weight":1.6657},
{"Node_id":39520,"weight":1.4052},
{"Node_id":39521,"weight":1.6324},
{"Node_id":39522,"weight":2.8711},
{"Node_id":39523,"weight":5.0933},
{"Node_id":39524,"weight":1.5659},
{"Node_id":39525,"weight":1.4782},
{"Node_id":39526,"weight":2.6761},
{"Node_id":39527,"weight":2.4796},
{"Node_id":39528,"weight":2.6337},
{"Node_id":39529,"weight":5.4927},
{"Node_id":39532,"weight":2.0928},
{"Node_id":39541,"weight":1.4862},
{"Node_id":39542,"weight":1.4435},
{"Node_id":39543,"weight":4.8458},
{"Node_id":39544,"weight":2.1622},
{"Node_id":39545,"weight":1.8253},
{"Node_id":39546,"weight":2.1928},
{"Node_id":39547,"weight":1.587},
{"Node_id":39548,"weight":1.656},
{"Node_id":39549,"weight":2.4684},
{"Node_id":39550,"weight":3.511},
{"Node_id":39551,"weight":1.5368},
{"Node_id":39552,"weight":1.6027},
{"Node_id":39553,"weight":1.733},
{"Node_id":39554,"weight":1.8609},
{"Node_id":39558,"weight":2.3699},
{"Node_id":39559,"weight":2.6928},
{"Node_id":39560,"weight":3.3903},
{"Node_id":39561,"weight":2.2943},
{"Node_id":39565,"weight":2.1376},
{"Node_id":39566,"weight":2.6147},
{"Node_id":39567,"weight":2.0485},
{"Node_id":39568,"weight":1.8438},
{"Node_id":39569,"weight":2.97},
{"Node_id":39570,"weight":4.1513},
{"Node_id":39571,"weight":2.9031},
{"Node_id":39572,"weight":1.5197},
{"Node_id":39573,"weight":3.4356},
{"Node_id":39574,"weight":4.4538},
{"Node_id":39575,"weight":3.2507},
{"Node_id":39576,"weight":1.4775},
{"Node_id":39577,"weight":3.6595},
{"Node_id":39578,"weight":1.4769},
{"Node_id":39579,"weight":4.7832},
{"Node_id":39580,"weight":1.8354},
{"Node_id":39581,"weight":2.7857},
{"Node_id":39582,"weight":3.3468},
{"Node_id":39583,"weight":4.284},
{"Node_id":39584,"weight":1.8643},
{"Node_id":39585,"weight":2.1354},
{"Node_id":39586,"weight":1.8153},
{"Node_id":39590,"weight":2.1774},
{"Node_id":39591,"weight":4.0049},
{"Node_id":39592,"weight":2.9444},
{"Node_id":39593,"weight":2.6466},
{"Node_id":39594,"weight":2.1796},
{"Node_id":39595,"weight":3.3079},
{"Node_id":39596,"weight":3.562},
{"Node_id":39597,"weight":1.6164},
{"Node_id":39598,"weight":1.9915},
{"Node_id":39599,"weight":2.4994},
{"Node_id":39600,"weight":2.6022},
{"Node_id":39601,"weight":1.5603},
{"Node_id":39602,"weight":2.2716},
{"Node_id":39603,"weight":3.3287},
{"Node_id":39604,"weight":1.7543},
{"Node_id":39605,"weight":3.3468},
{"Node_id":39606,"weight":1.9098},
{"Node_id":39607,"weight":1.8078},
{"Node_id":39608,"weight":2.4519},
{"Node_id":39609,"weight":3.3138},
{"Node_id":39610,"weight":2.6434},
{"Node_id":39611,"weight":2.9939},
{"Node_id":39612,"weight":1.8379},
{"Node_id":39613,"weight":1.7711},
{"Node_id":39614,"weight":3.0072},
{"Node_id":39615,"weight":1.5485},
{"Node_id":39616,"weight":1.4585},
{"Node_id":39617,"weight":3.1222},
{"Node_id":39619,"weight":2.6321},
{"Node_id":39621,"weight":3.5694},
{"Node_id":39622,"weight":3.1026},
{"Node_id":39623,"weight":2.4315},
{"Node_id":39624,"weight":1.4868},
{"Node_id":39625,"weight":1.6785},
{"Node_id":39626,"weight":2.2576},
{"Node_id":39627,"weight":3.1625},
{"Node_id":39628,"weight":1.827},
{"Node_id":39629,"weight":2.3814},
{"Node_id":39630,"weight":2.6761},
{"Node_id":39631,"weight":1.7988},
{"Node_id":39632,"weight":5.9118},
{"Node_id":39633,"weight":2.4342},
{"Node_id":39634,"weight":1.4461},
{"Node_id":39635,"weight":3.4356},
{"Node_id":39651,"weight":1.4982},
{"Node_id":39652,"weight":2.3827},
{"Node_id":39653,"weight":2.1514},
{"Node_id":39654,"weight":1.421},
{"Node_id":39655,"weight":4.2546},
{"Node_id":39656,"weight":2.889},
{"Node_id":39657,"weight":2.6162},
{"Node_id":39658,"weight":1.5899},
{"Node_id":39659,"weight":1.4941},
{"Node_id":39660,"weight":4.508},
{"Node_id":39661,"weight":2.9984},
{"Node_id":39662,"weight":2.2084},
{"Node_id":39663,"weight":2.6401},
{"Node_id":39664,"weight":3.105},
{"Node_id":39665,"weight":2.1145},
{"Node_id":39666,"weight":2.1197},
{"Node_id":39667,"weight":1.9161},
{"Node_id":39704,"weight":2.1145},
{"Node_id":39705,"weight":1.7105},
{"Node_id":39706,"weight":2.1239},
{"Node_id":39707,"weight":1.8834},
{"Node_id":39708,"weight":2.7115},
{"Node_id":39709,"weight":2.3597},
{"Node_id":39710,"weight":1.6383},
{"Node_id":39711,"weight":1.4624},
{"Node_id":39712,"weight":3.6392},
{"Node_id":39713,"weight":1.7338},
{"Node_id":39714,"weight":4.3776},
{"Node_id":39715,"weight":1.7089},
{"Node_id":39716,"weight":1.4789},
{"Node_id":39717,"weight":3.2591},
{"Node_id":39718,"weight":3.3871},
{"Node_id":39719,"weight":2.9277},
{"Node_id":39720,"weight":4.5653},
{"Node_id":39721,"weight":3.2178},
{"Node_id":39722,"weight":2.321},
{"Node_id":39723,"weight":2.2073},
{"Node_id":39724,"weight":1.5779},
{"Node_id":39725,"weight":3.8085},
{"Node_id":39726,"weight":1.6186},
{"Node_id":39727,"weight":6.8113},
{"Node_id":39728,"weight":1.6179},
{"Node_id":39729,"weight":1.7377},
{"Node_id":39730,"weight":2.4588},
{"Node_id":39731,"weight":1.6478},
{"Node_id":39732,"weight":1.5231},
{"Node_id":39733,"weight":2.342},
{"Node_id":39734,"weight":1.4644},
{"Node_id":39735,"weight":2.0595},
{"Node_id":39736,"weight":2.2681},
{"Node_id":39738,"weight":1.5109},
{"Node_id":39739,"weight":2.4519},
{"Node_id":39740,"weight":1.7105},
{"Node_id":39743,"weight":3.3871},
{"Node_id":39744,"weight":1.5807},
{"Node_id":39745,"weight":2.7586},
{"Node_id":39746,"weight":2.885},
{"Node_id":39747,"weight":4.5653},
{"Node_id":39748,"weight":3.3683},
{"Node_id":39749,"weight":2.7374},
{"Node_id":39752,"weight":2.0485},
{"Node_id":39753,"weight":1.8261},
{"Node_id":39754,"weight":2.9593},
{"Node_id":39755,"weight":2.0565},
{"Node_id":39756,"weight":2.5123},
{"Node_id":39757,"weight":1.4121},
{"Node_id":39758,"weight":2.2061},
{"Node_id":39759,"weight":1.7136},
{"Node_id":39760,"weight":2.2799},
{"Node_id":39761,"weight":1.7182},
{"Node_id":39762,"weight":1.6486},
{"Node_id":39763,"weight":3.5435},
{"Node_id":39764,"weight":2.0605},
{"Node_id":39765,"weight":3.6233},
{"Node_id":39768,"weight":2.6242},
{"Node_id":39769,"weight":1.5771},
{"Node_id":39770,"weight":1.5402},
{"Node_id":39771,"weight":3.2591},
{"Node_id":39772,"weight":1.6754},
{"Node_id":39773,"weight":1.5238},
{"Node_id":39774,"weight":2.0096},
{"Node_id":39775,"weight":2.8381},
{"Node_id":39776,"weight":2.1155},
{"Node_id":39777,"weight":1.5687},
{"Node_id":39778,"weight":1.4014},
{"Node_id":39779,"weight":1.7417},
{"Node_id":39780,"weight":2.3699},
{"Node_id":39781,"weight":2.0029},
{"Node_id":39782,"weight":1.4962},
{"Node_id":39783,"weight":1.6078},
{"Node_id":39784,"weight":1.7857},
{"Node_id":39785,"weight":3.562},
{"Node_id":39786,"weight":2.8633},
{"Node_id":39790,"weight":1.9259},
{"Node_id":39791,"weight":2.6662},
{"Node_id":39792,"weight":3.5326},
{"Node_id":39793,"weight":4.0163},
{"Node_id":39794,"weight":3.226},
{"Node_id":39795,"weight":1.7051},
{"Node_id":39796,"weight":2.9113},
{"Node_id":39797,"weight":1.8913},
{"Node_id":39800,"weight":1.6085},
{"Node_id":39801,"weight":1.5999},
{"Node_id":39802,"weight":3.0738},
{"Node_id":39803,"weight":1.5878},
{"Node_id":39895,"weight":3.0117},
{"Node_id":39896,"weight":2.2907},
{"Node_id":39897,"weight":1.4868},
{"Node_id":39898,"weight":1.4396},
{"Node_id":39899,"weight":2.4437},
{"Node_id":39900,"weight":2.0038},
{"Node_id":39901,"weight":3.5398},
{"Node_id":39902,"weight":1.8379},
{"Node_id":39903,"weight":1.3907},
{"Node_id":39904,"weight":3.0786},
{"Node_id":39905,"weight":4.0049},
{"Node_id":39906,"weight":3.4969},
{"Node_id":39907,"weight":1.7841},
{"Node_id":39908,"weight":2.4966},
{"Node_id":39909,"weight":4.9126},
{"Node_id":39910,"weight":3.562},
{"Node_id":39911,"weight":4.9548},
{"Node_id":39912,"weight":4.7592},
{"Node_id":39913,"weight":2.1873},
{"Node_id":39914,"weight":2.2219},
{"Node_id":39915,"weight":1.789},
{"Node_id":39916,"weight":2.0367},
{"Node_id":39924,"weight":1.4572},
{"Node_id":40028,"weight":2.4994},
{"Node_id":40029,"weight":5.4448},
{"Node_id":40030,"weight":1.7988},
{"Node_id":40031,"weight":1.6412},
{"Node_id":40032,"weight":1.4802},
{"Node_id":40033,"weight":1.4683},
{"Node_id":40034,"weight":4.0634},
{"Node_id":40035,"weight":2.895},
{"Node_id":40036,"weight":3.3347},
{"Node_id":40037,"weight":1.6508},
{"Node_id":40038,"weight":3.3777},
{"Node_id":40039,"weight":2.9072},
{"Node_id":40040,"weight":1.4178},
{"Node_id":40041,"weight":2.4881},
{"Node_id":40042,"weight":2.3788},
{"Node_id":40043,"weight":2.9614},
{"Node_id":40044,"weight":1.6664},
{"Node_id":40045,"weight":1.7963},
{"Node_id":40046,"weight":1.9143},
{"Node_id":40047,"weight":1.6523},
{"Node_id":40048,"weight":1.6538},
{"Node_id":40049,"weight":1.9036},
{"Node_id":40050,"weight":1.7776},
{"Node_id":40051,"weight":3.3999},
{"Node_id":40052,"weight":2.3584},
{"Node_id":40053,"weight":2.1785},
{"Node_id":40054,"weight":2.5224},
{"Node_id":40055,"weight":2.4601},
{"Node_id":40056,"weight":1.7074},
{"Node_id":40057,"weight":1.8834},
{"Node_id":40058,"weight":1.8921},
{"Node_id":40059,"weight":1.39},
{"Node_id":40060,"weight":2.2106},
{"Node_id":40061,"weight":1.9241},
{"Node_id":40062,"weight":1.6627},
{"Node_id":40063,"weight":3.0667},
{"Node_id":40064,"weight":2.0605},
{"Node_id":40065,"weight":2.2895},
{"Node_id":40066,"weight":1.43},
{"Node_id":40067,"weight":2.4698},
{"Node_id":40068,"weight":2.7694},
{"Node_id":40069,"weight":1.6982},
{"Node_id":40070,"weight":2.4505},
{"Node_id":40071,"weight":2.8305},
{"Node_id":40072,"weight":1.7825},
{"Node_id":40125,"weight":1.702},
{"Node_id":40126,"weight":1.9152},
{"Node_id":40131,"weight":2.5137},
{"Node_id":40192,"weight":2.9133},
{"Node_id":40193,"weight":1.4185},
{"Node_id":40208,"weight":1.4546},
{"Node_id":40209,"weight":1.6186},
{"Node_id":40210,"weight":2.4754},
{"Node_id":40211,"weight":1.8756},
{"Node_id":40237,"weight":1.4217},
{"Node_id":40238,"weight":1.7647},
{"Node_id":40274,"weight":1.5701},
{"Node_id":40275,"weight":1.8404},
{"Node_id":40392,"weight":1.9532},
{"Node_id":40484,"weight":2.3063},
{"Node_id":40485,"weight":1.6868},
{"Node_id":40487,"weight":1.7825},
{"Node_id":40518,"weight":3.2071},
{"Node_id":40519,"weight":1.7988},
{"Node_id":40521,"weight":1.7043},
{"Node_id":40522,"weight":5.11},
{"Node_id":40614,"weight":3.3529},
{"Node_id":40657,"weight":2.658},
{"Node_id":40658,"weight":2.2657},
{"Node_id":40659,"weight":1.6921},
{"Node_id":40660,"weight":4.1778},
{"Node_id":40661,"weight":1.7711},
{"Node_id":40664,"weight":3.2098},
{"Node_id":40673,"weight":5.9496},
{"Node_id":40674,"weight":2.0407},
{"Node_id":40675,"weight":1.7448},
{"Node_id":40700,"weight":1.5589},
{"Node_id":40701,"weight":2.7098},
{"Node_id":40817,"weight":1.7543},
{"Node_id":40818,"weight":1.9746},
{"Node_id":40891,"weight":1.4729},
{"Node_id":40892,"weight":1.7575},
{"Node_id":40893,"weight":2.936},
{"Node_id":40895,"weight":1.4749},
{"Node_id":40913,"weight":2.4754},
{"Node_id":40914,"weight":2.4302},
{"Node_id":40954,"weight":1.7898},
{"Node_id":40955,"weight":1.7043},
{"Node_id":40956,"weight":1.6612},
{"Node_id":40957,"weight":1.8669},
{"Node_id":40958,"weight":1.6762},
{"Node_id":40959,"weight":2.2208},
{"Node_id":40960,"weight":3.0297},
{"Node_id":40961,"weight":2.4262},
{"Node_id":40962,"weight":2.4155},
{"Node_id":40963,"weight":3.2017},
{"Node_id":40964,"weight":2.4866},
{"Node_id":40965,"weight":2.9939},
{"Node_id":40966,"weight":4.4538},
{"Node_id":40967,"weight":2.1796},
{"Node_id":40968,"weight":1.8523},
{"Node_id":40969,"weight":2.0038},
{"Node_id":40970,"weight":1.9934},
{"Node_id":40971,"weight":1.5652},
{"Node_id":40972,"weight":1.6792},
{"Node_id":40973,"weight":1.561},
{"Node_id":40974,"weight":1.5892},
{"Node_id":40975,"weight":1.6006},
{"Node_id":40976,"weight":1.7377},
{"Node_id":40977,"weight":2.3321},
{"Node_id":40978,"weight":2.0202},
{"Node_id":40979,"weight":4.284},
{"Node_id":40980,"weight":3.4969},
{"Node_id":40981,"weight":1.5736},
{"Node_id":40982,"weight":1.7857},
{"Node_id":40983,"weight":2.3271},
{"Node_id":40984,"weight":1.873},
{"Node_id":40985,"weight":2.0685},
{"Node_id":40986,"weight":1.8506},
{"Node_id":40987,"weight":2.5609},
{"Node_id":40988,"weight":1.6034},
{"Node_id":40990,"weight":3.3808},
{"Node_id":40991,"weight":2.2599},
{"Node_id":40992,"weight":3.6801},
{"Node_id":40993,"weight":5.1441},
{"Node_id":40994,"weight":4.0396},
{"Node_id":40995,"weight":2.1611},
{"Node_id":40996,"weight":4.7832},
{"Node_id":40997,"weight":3.4258},
{"Node_id":40998,"weight":2.6662},
{"Node_id":40999,"weight":2.4208},
{"Node_id":41000,"weight":1.5687},
{"Node_id":41001,"weight":2.8191},
{"Node_id":41002,"weight":1.4935},
{"Node_id":41003,"weight":1.7362},
{"Node_id":41004,"weight":1.7808},
{"Node_id":41005,"weight":2.1503},
{"Node_id":41006,"weight":6.1637},
{"Node_id":41007,"weight":1.9359},
{"Node_id":41008,"weight":3.3287},
{"Node_id":41009,"weight":3.0458},
{"Node_id":41010,"weight":2.1165},
{"Node_id":41011,"weight":1.5022},
{"Node_id":41012,"weight":2.5066},
{"Node_id":41016,"weight":2.4089},
{"Node_id":41017,"weight":1.7615},
{"Node_id":41018,"weight":1.4995},
{"Node_id":41019,"weight":1.9597},
{"Node_id":41020,"weight":2.955},
{"Node_id":41024,"weight":1.6634},
{"Node_id":41070,"weight":1.6883},
{"Node_id":41073,"weight":4.2331},
{"Node_id":41095,"weight":2.1062},
{"Node_id":41096,"weight":1.5949},
{"Node_id":41097,"weight":2.0705},
{"Node_id":41098,"weight":5.1441},
{"Node_id":41099,"weight":1.9018},
{"Node_id":41100,"weight":1.5582},
{"Node_id":41101,"weight":1.9477},
{"Node_id":41102,"weight":3.4095},
{"Node_id":41103,"weight":1.798},
{"Node_id":41104,"weight":3.8132},
{"Node_id":41105,"weight":5.1794},
{"Node_id":41106,"weight":8.1114},
{"Node_id":41107,"weight":3.5732},
{"Node_id":41108,"weight":6.5699},
{"Node_id":41109,"weight":1.8506},
{"Node_id":41110,"weight":3.2098},
{"Node_id":41111,"weight":2.1665},
{"Node_id":41112,"weight":1.6056},
{"Node_id":41113,"weight":4.5653},
{"Node_id":41114,"weight":2.0959},
{"Node_id":41115,"weight":3.1099},
{"Node_id":41116,"weight":2.2907},
{"Node_id":41117,"weight":5.2734},
{"Node_id":41118,"weight":3.8372},
{"Node_id":41119,"weight":1.6649},
{"Node_id":41120,"weight":2.5775},
{"Node_id":41121,"weight":3.0929},
{"Node_id":41122,"weight":1.7036},
{"Node_id":41123,"weight":2.5297},
{"Node_id":41124,"weight":1.917},
{"Node_id":41125,"weight":1.5416},
{"Node_id":41126,"weight":2.5913},
{"Node_id":41127,"weight":2.2006},
{"Node_id":41128,"weight":2.2073},
{"Node_id":41129,"weight":1.7346},
{"Node_id":41130,"weight":1.7252},
{"Node_id":41131,"weight":2.2871},
{"Node_id":41132,"weight":2.375},
{"Node_id":41133,"weight":1.9487},
{"Node_id":41134,"weight":2.5684},
{"Node_id":41135,"weight":2.4221},
{"Node_id":41136,"weight":1.6523},
{"Node_id":41137,"weight":2.1031},
{"Node_id":41138,"weight":1.7607},
{"Node_id":41139,"weight":1.4045},
{"Node_id":41140,"weight":2.3321},
{"Node_id":41141,"weight":3.5146},
{"Node_id":41142,"weight":3.7991},
{"Node_id":41143,"weight":2.5534},
{"Node_id":41144,"weight":2.2028},
{"Node_id":41145,"weight":1.9896},
{"Node_id":41146,"weight":1.8843},
{"Node_id":41147,"weight":2.8381},
{"Node_id":41148,"weight":1.5076},
{"Node_id":41149,"weight":2.184},
{"Node_id":41150,"weight":2.0416},
{"Node_id":41151,"weight":3.7579},
{"Node_id":41152,"weight":1.9296},
{"Node_id":41153,"weight":2.1093},
{"Node_id":41154,"weight":2.7876},
{"Node_id":41155,"weight":2.2657},
{"Node_id":41156,"weight":3.1651},
{"Node_id":41157,"weight":4.0163},
{"Node_id":41158,"weight":2.0192},
{"Node_id":41159,"weight":2.6678},
{"Node_id":41160,"weight":2.4768},
{"Node_id":41161,"weight":1.5245},
{"Node_id":41162,"weight":4.7954},
{"Node_id":41163,"weight":1.9896},
{"Node_id":41164,"weight":2.3075},
{"Node_id":41165,"weight":2.5023},
{"Node_id":41166,"weight":1.421},
{"Node_id":41167,"weight":1.7151},
{"Node_id":41168,"weight":1.5575},
{"Node_id":41169,"weight":1.9634},
{"Node_id":41170,"weight":1.4178},
{"Node_id":41171,"weight":4.6469},
{"Node_id":41172,"weight":1.9232},
{"Node_id":41212,"weight":3.1651},
{"Node_id":41228,"weight":2.0231},
{"Node_id":41229,"weight":1.5779},
{"Node_id":41232,"weight":1.597},
{"Node_id":41233,"weight":1.7881},
{"Node_id":41234,"weight":2.474},
{"Node_id":41235,"weight":5.077},
{"Node_id":41236,"weight":2.0887},
{"Node_id":41237,"weight":2.7766},
{"Node_id":41238,"weight":2.5929},
{"Node_id":41244,"weight":3.6843},
{"Node_id":41245,"weight":2.6037},
{"Node_id":41251,"weight":4.7832},
{"Node_id":41260,"weight":3.6233},
{"Node_id":41261,"weight":2.5341},
{"Node_id":41262,"weight":2.6482},
{"Node_id":41263,"weight":2.2095},
{"Node_id":41264,"weight":2.2634},
{"Node_id":41265,"weight":1.653},
{"Node_id":41266,"weight":1.397},
{"Node_id":41267,"weight":2.5166},
{"Node_id":41268,"weight":1.9468},
{"Node_id":41269,"weight":2.0338},
{"Node_id":41270,"weight":1.7528},
{"Node_id":41271,"weight":1.53},
{"Node_id":41346,"weight":1.8128},
{"Node_id":41347,"weight":2.9808},
{"Node_id":41348,"weight":4.2402},
{"Node_id":41349,"weight":1.935},
{"Node_id":41350,"weight":1.6792},
{"Node_id":41351,"weight":3.2591},
{"Node_id":41352,"weight":1.6538},
{"Node_id":41353,"weight":2.1568},
{"Node_id":41354,"weight":3.1781},
{"Node_id":41355,"weight":2.881},
{"Node_id":41356,"weight":1.4848},
{"Node_id":41357,"weight":1.5793},
{"Node_id":41358,"weight":3.1833},
{"Node_id":41359,"weight":2.7857},
{"Node_id":41360,"weight":1.659},
{"Node_id":41361,"weight":1.6754},
{"Node_id":41362,"weight":1.7575},
{"Node_id":41363,"weight":2.2955},
{"Node_id":41364,"weight":2.0202},
{"Node_id":41365,"weight":2.7235},
{"Node_id":41366,"weight":2.1796},
{"Node_id":41367,"weight":2.7339},
{"Node_id":41368,"weight":3.3967},
{"Node_id":41369,"weight":2.4208},
{"Node_id":41370,"weight":1.5652},
{"Node_id":41371,"weight":2.6945},
{"Node_id":41372,"weight":4.1064},
{"Node_id":41373,"weight":1.5715},
{"Node_id":41374,"weight":1.4723},
{"Node_id":41375,"weight":3.0435},
{"Node_id":41376,"weight":1.5259},
{"Node_id":41377,"weight":2.1312},
{"Node_id":41378,"weight":1.5002},
{"Node_id":41379,"weight":6.3182},
{"Node_id":41380,"weight":2.0745},
{"Node_id":41381,"weight":1.4822},
{"Node_id":41382,"weight":1.4848},
{"Node_id":41383,"weight":2.0436},
{"Node_id":41384,"weight":1.9905},
{"Node_id":41385,"weight":2.4852},
{"Node_id":41386,"weight":1.8643},
{"Node_id":41387,"weight":3.1651},
{"Node_id":41388,"weight":3.7357},
{"Node_id":41389,"weight":1.3932},
{"Node_id":41390,"weight":1.4975},
{"Node_id":41391,"weight":1.8037},
{"Node_id":41392,"weight":1.5963},
{"Node_id":41393,"weight":2.5224},
{"Node_id":41394,"weight":3.842},
{"Node_id":41395,"weight":2.1622},
{"Node_id":41396,"weight":1.8515},
{"Node_id":41397,"weight":5.8401},
{"Node_id":41398,"weight":1.6906},
{"Node_id":41399,"weight":1.7736},
{"Node_id":41400,"weight":1.9296},
{"Node_id":41401,"weight":2.7857},
{"Node_id":41402,"weight":2.3546},
{"Node_id":41403,"weight":3.776},
{"Node_id":41404,"weight":4.0694},
{"Node_id":41405,"weight":2.4671},
{"Node_id":41406,"weight":2.173},
{"Node_id":41407,"weight":1.752},
{"Node_id":41408,"weight":2.0038},
{"Node_id":41409,"weight":1.4371},
{"Node_id":41410,"weight":2.7081},
{"Node_id":41411,"weight":1.4835},
{"Node_id":41412,"weight":1.9962},
{"Node_id":41413,"weight":2.727},
{"Node_id":41414,"weight":2.2517},
{"Node_id":41415,"weight":2.3648},
{"Node_id":41416,"weight":3.596},
{"Node_id":41417,"weight":2.6257},
{"Node_id":41418,"weight":2.4275},
{"Node_id":41419,"weight":1.9277},
{"Node_id":41420,"weight":2.3866},
{"Node_id":41421,"weight":5.3992},
{"Node_id":41422,"weight":1.4624},
{"Node_id":41423,"weight":1.5485},
{"Node_id":41424,"weight":2.3395},
{"Node_id":41425,"weight":1.8895},
{"Node_id":41426,"weight":2.4588},
{"Node_id":41427,"weight":2.2799},
{"Node_id":41428,"weight":2.8652},
{"Node_id":41429,"weight":1.5062},
{"Node_id":41430,"weight":1.4881},
{"Node_id":41431,"weight":1.5842},
{"Node_id":41432,"weight":1.4921},
{"Node_id":41433,"weight":1.8078},
{"Node_id":41434,"weight":1.776},
{"Node_id":41435,"weight":3.305},
{"Node_id":41436,"weight":2.5959},
{"Node_id":41437,"weight":1.6974},
{"Node_id":41438,"weight":2.2196},
{"Node_id":41439,"weight":1.4848},
{"Node_id":41440,"weight":2.881},
{"Node_id":41441,"weight":1.7401},
{"Node_id":41442,"weight":2.3234},
{"Node_id":41443,"weight":1.6208},
{"Node_id":41444,"weight":2.6563},
{"Node_id":41445,"weight":1.6486},
{"Node_id":41446,"weight":1.9332},
{"Node_id":41447,"weight":1.8523},
{"Node_id":41448,"weight":2.8229},
{"Node_id":41449,"weight":2.5579},
{"Node_id":41450,"weight":2.6401},
{"Node_id":41471,"weight":2.0907},
{"Node_id":41472,"weight":6.0725},
{"Node_id":41473,"weight":2.8574},
{"Node_id":41474,"weight":1.4178},
{"Node_id":41475,"weight":1.5992},
{"Node_id":41476,"weight":2.1719},
{"Node_id":41477,"weight":1.5035},
{"Node_id":41478,"weight":1.3882},
{"Node_id":41479,"weight":2.2576},
{"Node_id":41480,"weight":3.3652},
{"Node_id":41481,"weight":2.5254},
{"Node_id":41482,"weight":1.7105},
{"Node_id":41483,"weight":4.8458},
{"Node_id":41484,"weight":2.2552},
{"Node_id":41485,"weight":1.3988},
{"Node_id":41486,"weight":1.4172},
{"Node_id":41487,"weight":1.6523},
{"Node_id":41488,"weight":1.7963},
{"Node_id":41489,"weight":4.1002},
{"Node_id":41490,"weight":2.5066},
{"Node_id":41491,"weight":2.5385},
{"Node_id":41492,"weight":2.877},
{"Node_id":41493,"weight":1.9523},
{"Node_id":41494,"weight":2.5714},
{"Node_id":41495,"weight":1.4565},
{"Node_id":41496,"weight":1.744},
{"Node_id":41497,"weight":1.6732},
{"Node_id":41498,"weight":1.798},
{"Node_id":41499,"weight":1.9305},
{"Node_id":41500,"weight":1.4229},
{"Node_id":41501,"weight":1.543},
{"Node_id":41502,"weight":4.1711},
{"Node_id":41503,"weight":2.6711},
{"Node_id":41504,"weight":2.205},
{"Node_id":41505,"weight":3.1347},
{"Node_id":41506,"weight":1.4815},
{"Node_id":41507,"weight":1.752},
{"Node_id":41508,"weight":3.0252},
{"Node_id":41509,"weight":1.6368},
{"Node_id":41510,"weight":2.9593},
{"Node_id":41511,"weight":3.1964},
{"Node_id":41512,"weight":2.0565},
{"Node_id":41513,"weight":1.9296},
{"Node_id":41514,"weight":1.8136},
{"Node_id":41515,"weight":2.2242},
{"Node_id":41516,"weight":2.3571},
{"Node_id":41517,"weight":3.8038},
{"Node_id":41518,"weight":2.0938},
{"Node_id":41519,"weight":2.0745},
{"Node_id":41520,"weight":2.5123},
{"Node_id":41521,"weight":1.5786},
{"Node_id":41522,"weight":1.726},
{"Node_id":41523,"weight":1.4663},
{"Node_id":41524,"weight":2.6563},
{"Node_id":41525,"weight":1.4147},
{"Node_id":41526,"weight":2.9011},
{"Node_id":41527,"weight":5.2347},
{"Node_id":41528,"weight":3.4095},
{"Node_id":41529,"weight":3.4225},
{"Node_id":41530,"weight":1.8557},
{"Node_id":41531,"weight":2.6498},
{"Node_id":41532,"weight":2.1134},
{"Node_id":41533,"weight":2.366},
{"Node_id":41534,"weight":1.9395},
{"Node_id":41535,"weight":3.1859},
{"Node_id":41536,"weight":2.2907},
{"Node_id":41537,"weight":1.8337},
{"Node_id":41538,"weight":1.5652},
{"Node_id":41539,"weight":2.543},
{"Node_id":41540,"weight":5.8061},
{"Node_id":41541,"weight":3.6969},
{"Node_id":41542,"weight":2.1774},
{"Node_id":41543,"weight":1.4795},
{"Node_id":41544,"weight":1.3944},
{"Node_id":41545,"weight":2.3222},
{"Node_id":41546,"weight":1.8012},
{"Node_id":41547,"weight":5.2933},
{"Node_id":41548,"weight":3.3079},
{"Node_id":41549,"weight":4.4278},
{"Node_id":41550,"weight":1.5652},
{"Node_id":41551,"weight":2.5944},
{"Node_id":41552,"weight":2.0856},
{"Node_id":41553,"weight":1.5029},
{"Node_id":41554,"weight":2.8751},
{"Node_id":41555,"weight":1.5361},
{"Node_id":41556,"weight":3.2342},
{"Node_id":41557,"weight":1.9432},
{"Node_id":41558,"weight":1.639},
{"Node_id":41559,"weight":2.0436},
{"Node_id":41562,"weight":5.7105},
{"Node_id":41599,"weight":1.8834},
{"Node_id":41600,"weight":1.6657},
{"Node_id":41601,"weight":2.0918},
{"Node_id":41602,"weight":4.8588},
{"Node_id":41603,"weight":2.9257},
{"Node_id":41604,"weight":3.4323},
{"Node_id":41614,"weight":1.8756},
{"Node_id":41670,"weight":4.1982},
{"Node_id":41671,"weight":3.6392},
{"Node_id":41672,"weight":1.9727},
{"Node_id":41673,"weight":5.7414},
{"Node_id":41674,"weight":3.0929},
{"Node_id":41675,"weight":2.3609},
{"Node_id":41676,"weight":1.7113},
{"Node_id":41677,"weight":1.4268},
{"Node_id":41680,"weight":2.9896},
{"Node_id":41681,"weight":2.0938},
{"Node_id":41682,"weight":3.6718},
{"Node_id":41683,"weight":2.1124},
{"Node_id":41684,"weight":2.5519},
{"Node_id":41685,"weight":2.3445},
{"Node_id":41686,"weight":1.5527},
{"Node_id":41687,"weight":1.752},
{"Node_id":41688,"weight":2.7658},
{"Node_id":41689,"weight":1.9241},
{"Node_id":41690,"weight":1.8506},
{"Node_id":41691,"weight":2.4951},
{"Node_id":41692,"weight":3.3168},
{"Node_id":41693,"weight":1.9368},
{"Node_id":41694,"weight":2.2599},
{"Node_id":41695,"weight":1.8532},
{"Node_id":41696,"weight":2.2379},
{"Node_id":41697,"weight":1.8379},
{"Node_id":41698,"weight":3.6718},
{"Node_id":41699,"weight":1.6317},
{"Node_id":41700,"weight":3.7624},
{"Node_id":41701,"weight":1.5617},
{"Node_id":41702,"weight":1.8566},
{"Node_id":41703,"weight":1.8575},
{"Node_id":41704,"weight":1.6013},
{"Node_id":41706,"weight":3.2648},
{"Node_id":41708,"weight":2.508},
{"Node_id":41709,"weight":1.4198},
{"Node_id":41710,"weight":2.4478},
{"Node_id":41711,"weight":1.4474},
{"Node_id":41712,"weight":3.0229},
{"Node_id":41713,"weight":2.0377},
{"Node_id":41714,"weight":1.5218},
{"Node_id":41947,"weight":4.833},
{"Node_id":41948,"weight":1.5485},
{"Node_id":41949,"weight":2.3063},
{"Node_id":41950,"weight":1.8957},
{"Node_id":41951,"weight":1.8045},
{"Node_id":41952,"weight":3.1422},
{"Node_id":41953,"weight":4.1914},
{"Node_id":41954,"weight":4.3534},
{"Node_id":41955,"weight":1.6302},
{"Node_id":41956,"weight":1.8738},
{"Node_id":41957,"weight":1.5245},
{"Node_id":41958,"weight":5.0294},
{"Node_id":41959,"weight":1.5807},
{"Node_id":41960,"weight":3.8716},
{"Node_id":41961,"weight":2.2907},
{"Node_id":41962,"weight":2.6612},
{"Node_id":41963,"weight":2.2061},
{"Node_id":41964,"weight":1.5218},
{"Node_id":41965,"weight":2.2017},
{"Node_id":41966,"weight":5.3771},
{"Node_id":41967,"weight":2.3918},
{"Node_id":41968,"weight":1.5327},
{"Node_id":41969,"weight":1.5527},
{"Node_id":41970,"weight":2.2448},
{"Node_id":41971,"weight":2.1752}]