[{"Inferred_node_ids":[42268],"Node_id":28564},
{"Inferred_node_ids":[42291],"Node_id":28565},
{"Inferred_node_ids":[42249],"Node_id":28567},
{"Inferred_node_ids":[42241],"Node_id":28568},
{"Inferred_node_ids":[42235],"Node_id":28569},
{"Inferred_node_ids":[42288],"Node_id":28570},
{"Inferred_node_ids":[42247],"Node_id":29415},
{"Inferred_node_ids":[42267],"Node_id":29416},
{"Inferred_node_ids":[42300],"Node_id":29417},
{"Inferred_node_ids":[42313],"Node_id":29418},
{"Inferred_node_ids":[42242],"Node_id":29419},
{"Inferred_node_ids":[42308],"Node_id":29420},
{"Inferred_node_ids":[42280],"Node_id":29590},
{"Inferred_node_ids":[42310],"Node_id":29591},
{"Inferred_node_ids":[42270],"Node_id":29592},
{"Inferred_node_ids":[42237],"Node_id":29593},
{"Inferred_node_ids":[42264],"Node_id":29594},
{"Inferred_node_ids":[42279],"Node_id":29595},
{"Inferred_node_ids":[42284],"Node_id":29596},
{"Inferred_node_ids":[42252],"Node_id":29597},
{"Inferred_node_ids":[42229],"Node_id":29598},
{"Inferred_node_ids":[42272],"Node_id":29599},
{"Inferred_node_ids":[42281],"Node_id":29600},
{"Inferred_node_ids":[42255],"Node_id":29601},
{"Inferred_node_ids":[42301],"Node_id":29602},
{"Inferred_node_ids":[42257],"Node_id":29603},
{"Inferred_node_ids":[42290],"Node_id":29604},
{"Inferred_node_ids":[42304],"Node_id":29605},
{"Inferred_node_ids":[42236],"Node_id":29606},
{"Inferred_node_ids":[42218],"Node_id":29607},
{"Inferred_node_ids":[42230],"Node_id":29608},
{"Inferred_node_ids":[42217],"Node_id":29609},
{"Inferred_node_ids":[42276],"Node_id":32040},
{"Inferred_node_ids":[42305],"Node_id":32041},
{"Inferred_node_ids":[42295],"Node_id":32042},
{"Inferred_node_ids":[42232],"Node_id":32043},
{"Inferred_node_ids":[42293],"Node_id":32044},
{"Inferred_node_ids":[42309],"Node_id":32045},
{"Inferred_node_ids":[42261],"Node_id":34515},
{"Inferred_node_ids":[42240],"Node_id":34516},
{"Inferred_node_ids":[42262],"Node_id":34518},
{"Inferred_node_ids":[42312],"Node_id":34519},
{"Inferred_node_ids":[42220],"Node_id":34520},
{"Inferred_node_ids":[42265],"Node_id":34521},
{"Inferred_node_ids":[42222],"Node_id":34522},
{"Inferred_node_ids":[42254],"Node_id":34553},
{"Inferred_node_ids":[42266],"Node_id":34554},
{"Inferred_node_ids":[42231],"Node_id":34555},
{"Inferred_node_ids":[42269],"Node_id":34556},
{"Inferred_node_ids":[42260],"Node_id":34557},
{"Inferred_node_ids":[42285],"Node_id":34558},
{"Inferred_node_ids":[42271],"Node_id":34559},
{"Inferred_node_ids":[42219],"Node_id":34560},
{"Inferred_node_ids":[42287],"Node_id":34561},
{"Inferred_node_ids":[42263],"Node_id":34562},
{"Inferred_node_ids":[42225],"Node_id":34563},
{"Inferred_node_ids":[42277],"Node_id":34564},
{"Inferred_node_ids":[42226],"Node_id":35558},
{"Inferred_node_ids":[42253],"Node_id":35559},
{"Inferred_node_ids":[42250],"Node_id":35560},
{"Inferred_node_ids":[42307],"Node_id":37902},
{"Inferred_node_ids":[42251],"Node_id":37903},
{"Inferred_node_ids":[42221],"Node_id":37904},
{"Inferred_node_ids":[42302],"Node_id":37905},
{"Inferred_node_ids":[42289],"Node_id":37906},
{"Inferred_node_ids":[42282],"Node_id":37907},
{"Inferred_node_ids":[42246],"Node_id":38753},
{"Inferred_node_ids":[42292],"Node_id":38754},
{"Inferred_node_ids":[42283],"Node_id":38755},
{"Inferred_node_ids":[42234],"Node_id":38756},
{"Inferred_node_ids":[42245],"Node_id":38757},
{"Inferred_node_ids":[42258],"Node_id":38758},
{"Inferred_node_ids":[42286],"Node_id":38928},
{"Inferred_node_ids":[42278],"Node_id":38930},
{"Inferred_node_ids":[42273],"Node_id":38931},
{"Inferred_node_ids":[42306],"Node_id":38932},
{"Inferred_node_ids":[42228],"Node_id":38933},
{"Inferred_node_ids":[42248],"Node_id":38934},
{"Inferred_node_ids":[42239],"Node_id":38935},
{"Inferred_node_ids":[42275],"Node_id":38936},
{"Inferred_node_ids":[42243],"Node_id":38937},
{"Inferred_node_ids":[42298],"Node_id":38938},
{"Inferred_node_ids":[42238],"Node_id":38939},
{"Inferred_node_ids":[42294],"Node_id":38940},
{"Inferred_node_ids":[42223],"Node_id":38941},
{"Inferred_node_ids":[42233],"Node_id":38942},
{"Inferred_node_ids":[42259],"Node_id":38943},
{"Inferred_node_ids":[42274],"Node_id":38944},
{"Inferred_node_ids":[42297],"Node_id":38945},
{"Inferred_node_ids":[42303],"Node_id":38946},
{"Inferred_node_ids":[42296],"Node_id":38947},
{"Inferred_node_ids":[42299],"Node_id":41377},
{"Inferred_node_ids":[42227],"Node_id":41378},
{"Inferred_node_ids":[42256],"Node_id":41379},
{"Inferred_node_ids":[42244],"Node_id":41380},
{"Inferred_node_ids":[42311],"Node_id":41381},
{"Inferred_node_ids":[42224],"Node_id":41382}]