[{"Inferred_node_ids":[70492],"Node_id":40911},
{"Inferred_node_ids":[70536],"Node_id":40912},
{"Inferred_node_ids":[70479],"Node_id":40913},
{"Inferred_node_ids":[70515],"Node_id":40914},
{"Inferred_node_ids":[70481],"Node_id":40915},
{"Inferred_node_ids":[70485],"Node_id":40916},
{"Inferred_node_ids":[70565],"Node_id":40917},
{"Inferred_node_ids":[70510],"Node_id":41762},
{"Inferred_node_ids":[70512],"Node_id":41763},
{"Inferred_node_ids":[70482],"Node_id":41764},
{"Inferred_node_ids":[70490],"Node_id":41765},
{"Inferred_node_ids":[70497],"Node_id":41766},
{"Inferred_node_ids":[70514],"Node_id":41767},
{"Inferred_node_ids":[70544],"Node_id":41937},
{"Inferred_node_ids":[70529],"Node_id":41938},
{"Inferred_node_ids":[70538],"Node_id":41940},
{"Inferred_node_ids":[70537],"Node_id":41941},
{"Inferred_node_ids":[70503],"Node_id":41942},
{"Inferred_node_ids":[70501],"Node_id":41943},
{"Inferred_node_ids":[70491],"Node_id":41944},
{"Inferred_node_ids":[70518],"Node_id":41945},
{"Inferred_node_ids":[70513],"Node_id":41946},
{"Inferred_node_ids":[70493],"Node_id":41947},
{"Inferred_node_ids":[70486],"Node_id":41948},
{"Inferred_node_ids":[70552],"Node_id":41949},
{"Inferred_node_ids":[70550],"Node_id":41951},
{"Inferred_node_ids":[70551],"Node_id":41952},
{"Inferred_node_ids":[70480],"Node_id":41953},
{"Inferred_node_ids":[70532],"Node_id":41954},
{"Inferred_node_ids":[70487],"Node_id":41955},
{"Inferred_node_ids":[70498],"Node_id":41956},
{"Inferred_node_ids":[70525],"Node_id":44387},
{"Inferred_node_ids":[70506],"Node_id":44388},
{"Inferred_node_ids":[70511],"Node_id":44389},
{"Inferred_node_ids":[70530],"Node_id":44390},
{"Inferred_node_ids":[70499],"Node_id":44391},
{"Inferred_node_ids":[70517],"Node_id":44392},
{"Inferred_node_ids":[70495],"Node_id":46862},
{"Inferred_node_ids":[70507],"Node_id":46863},
{"Inferred_node_ids":[70566],"Node_id":46865},
{"Inferred_node_ids":[70557],"Node_id":46866},
{"Inferred_node_ids":[70543],"Node_id":46867},
{"Inferred_node_ids":[70560],"Node_id":46868},
{"Inferred_node_ids":[70555],"Node_id":46869},
{"Inferred_node_ids":[70527],"Node_id":46901},
{"Inferred_node_ids":[70541],"Node_id":46902},
{"Inferred_node_ids":[70484],"Node_id":46903},
{"Inferred_node_ids":[70531],"Node_id":46904},
{"Inferred_node_ids":[70558],"Node_id":46905},
{"Inferred_node_ids":[70534],"Node_id":46906},
{"Inferred_node_ids":[70563],"Node_id":46907},
{"Inferred_node_ids":[70478],"Node_id":46908},
{"Inferred_node_ids":[70528],"Node_id":46909},
{"Inferred_node_ids":[70494],"Node_id":46910},
{"Inferred_node_ids":[70542],"Node_id":46911},
{"Inferred_node_ids":[70540],"Node_id":47906},
{"Inferred_node_ids":[70524],"Node_id":47907},
{"Inferred_node_ids":[70547],"Node_id":64934},
{"Inferred_node_ids":[70553],"Node_id":64935},
{"Inferred_node_ids":[70502],"Node_id":64936},
{"Inferred_node_ids":[70505],"Node_id":64937},
{"Inferred_node_ids":[70521],"Node_id":64938},
{"Inferred_node_ids":[70556],"Node_id":64939},
{"Inferred_node_ids":[70516],"Node_id":65785},
{"Inferred_node_ids":[70533],"Node_id":65787},
{"Inferred_node_ids":[70522],"Node_id":65788},
{"Inferred_node_ids":[70545],"Node_id":65789},
{"Inferred_node_ids":[70549],"Node_id":65790},
{"Inferred_node_ids":[70520],"Node_id":65961},
{"Inferred_node_ids":[70519],"Node_id":65962},
{"Inferred_node_ids":[70523],"Node_id":65963},
{"Inferred_node_ids":[70559],"Node_id":65964},
{"Inferred_node_ids":[70562],"Node_id":65965},
{"Inferred_node_ids":[70509],"Node_id":65966},
{"Inferred_node_ids":[70500],"Node_id":65967},
{"Inferred_node_ids":[70508],"Node_id":65968},
{"Inferred_node_ids":[70504],"Node_id":65969},
{"Inferred_node_ids":[70488],"Node_id":65971},
{"Inferred_node_ids":[70489],"Node_id":65972},
{"Inferred_node_ids":[70535],"Node_id":65973},
{"Inferred_node_ids":[70561],"Node_id":65975},
{"Inferred_node_ids":[70548],"Node_id":65976},
{"Inferred_node_ids":[70539],"Node_id":65977},
{"Inferred_node_ids":[70483],"Node_id":65978},
{"Inferred_node_ids":[70546],"Node_id":65979},
{"Inferred_node_ids":[70554],"Node_id":68410},
{"Inferred_node_ids":[70564],"Node_id":68411},
{"Inferred_node_ids":[70477],"Node_id":68412},
{"Inferred_node_ids":[70496],"Node_id":68413},
{"Inferred_node_ids":[70526],"Node_id":68414}]