[{"Node_id":3924,"weight":0.1696},
{"Node_id":3956,"weight":1.3034},
{"Node_id":4075,"weight":1.0366},
{"Node_id":4077,"weight":2.8286},
{"Node_id":4188,"weight":3.9072},
{"Node_id":4190,"weight":0.1017},
{"Node_id":4194,"weight":0.6673},
{"Node_id":4198,"weight":0.403},
{"Node_id":4199,"weight":1.397},
{"Node_id":4204,"weight":1.6464},
{"Node_id":4286,"weight":0.4629},
{"Node_id":4291,"weight":0.2112},
{"Node_id":4292,"weight":0.4912},
{"Node_id":4294,"weight":0.1914},
{"Node_id":4301,"weight":0.359},
{"Node_id":4306,"weight":1.08},
{"Node_id":4307,"weight":0.8511},
{"Node_id":4309,"weight":1.0848},
{"Node_id":4315,"weight":0.1547},
{"Node_id":4321,"weight":0.5057},
{"Node_id":4332,"weight":5.11},
{"Node_id":4336,"weight":2.4533},
{"Node_id":4342,"weight":0.465},
{"Node_id":4344,"weight":3.4225},
{"Node_id":4345,"weight":1.4474},
{"Node_id":4360,"weight":2.0019},
{"Node_id":4363,"weight":0.3154},
{"Node_id":4368,"weight":0.0148},
{"Node_id":4393,"weight":0.4201},
{"Node_id":4396,"weight":2.1611},
{"Node_id":4397,"weight":1.2517},
{"Node_id":4399,"weight":2.0466},
{"Node_id":4404,"weight":1.5022},
{"Node_id":4435,"weight":0.7213},
{"Node_id":4437,"weight":1.4975},
{"Node_id":4439,"weight":1.9532},
{"Node_id":4442,"weight":3.9604},
{"Node_id":4444,"weight":0.2562},
{"Node_id":4446,"weight":1.3141},
{"Node_id":4450,"weight":2.2907},
{"Node_id":4452,"weight":2.2095},
{"Node_id":4455,"weight":0.8833},
{"Node_id":4460,"weight":1.3825},
{"Node_id":4464,"weight":5.077},
{"Node_id":4465,"weight":0.1636},
{"Node_id":4476,"weight":0.3673},
{"Node_id":4603,"weight":0.1254},
{"Node_id":4604,"weight":0.8114},
{"Node_id":4606,"weight":0.6168},
{"Node_id":4666,"weight":1.1931},
{"Node_id":4667,"weight":0.6278},
{"Node_id":4669,"weight":0.8645},
{"Node_id":4728,"weight":1.4875},
{"Node_id":4740,"weight":1.3584},
{"Node_id":4854,"weight":3.1075},
{"Node_id":4866,"weight":2.3124},
{"Node_id":4868,"weight":0.0384},
{"Node_id":4869,"weight":1.2465},
{"Node_id":4872,"weight":0.7091},
{"Node_id":4873,"weight":0.7245},
{"Node_id":4876,"weight":1.2111},
{"Node_id":4878,"weight":0.0336},
{"Node_id":4886,"weight":0.8397},
{"Node_id":4888,"weight":0.9351},
{"Node_id":4890,"weight":1.1892},
{"Node_id":4893,"weight":0.5706},
{"Node_id":4894,"weight":0.1865},
{"Node_id":4900,"weight":1.3596},
{"Node_id":4901,"weight":0.9906},
{"Node_id":4903,"weight":2.6547},
{"Node_id":4908,"weight":0.7154},
{"Node_id":4926,"weight":0.2607},
{"Node_id":4930,"weight":2.8191},
{"Node_id":4992,"weight":3.5075},
{"Node_id":5002,"weight":0.6897},
{"Node_id":5003,"weight":2.877},
{"Node_id":5005,"weight":0.5155},
{"Node_id":5010,"weight":0.9296},
{"Node_id":5012,"weight":0.3607},
{"Node_id":5014,"weight":0.5576},
{"Node_id":5017,"weight":0.2599},
{"Node_id":5020,"weight":3.2397},
{"Node_id":5021,"weight":0.2233},
{"Node_id":5022,"weight":2.1418},
{"Node_id":5024,"weight":0.2814},
{"Node_id":5027,"weight":1.6732},
{"Node_id":5030,"weight":0.4126},
{"Node_id":5089,"weight":1.7703},
{"Node_id":5093,"weight":0.259},
{"Node_id":5248,"weight":2.8172},
{"Node_id":5260,"weight":4.226},
{"Node_id":5263,"weight":1.1002},
{"Node_id":5479,"weight":0.7227},
{"Node_id":5480,"weight":0.3351},
{"Node_id":5486,"weight":1.7623},
{"Node_id":5491,"weight":2.8362},
{"Node_id":5537,"weight":0.9455},
{"Node_id":5544,"weight":3.0207},
{"Node_id":5547,"weight":2.5898},
{"Node_id":5552,"weight":1.7687},
{"Node_id":5553,"weight":0.8378},
{"Node_id":5558,"weight":0.0977},
{"Node_id":5559,"weight":0.8269},
{"Node_id":5598,"weight":0.4561},
{"Node_id":5602,"weight":2.5549},
{"Node_id":5605,"weight":2.2955},
{"Node_id":5608,"weight":0.1125},
{"Node_id":5612,"weight":1.0684},
{"Node_id":5625,"weight":1.4598},
{"Node_id":5668,"weight":0.1515},
{"Node_id":5670,"weight":0.0324},
{"Node_id":5672,"weight":6.2126},
{"Node_id":5673,"weight":0.7584},
{"Node_id":5688,"weight":0.2713},
{"Node_id":5693,"weight":0.2786},
{"Node_id":5713,"weight":1.2179},
{"Node_id":5714,"weight":5.5689},
{"Node_id":5719,"weight":3.1472},
{"Node_id":5721,"weight":0.1442},
{"Node_id":5723,"weight":0.315},
{"Node_id":5729,"weight":2.0328},
{"Node_id":5731,"weight":0.701},
{"Node_id":5800,"weight":1.5082},
{"Node_id":5802,"weight":0.4794},
{"Node_id":5911,"weight":2.0695},
{"Node_id":5912,"weight":2.7931},
{"Node_id":5913,"weight":2.1418},
{"Node_id":5914,"weight":0.0752},
{"Node_id":5960,"weight":0.3252},
{"Node_id":5973,"weight":1.7623},
{"Node_id":5977,"weight":1.6464},
{"Node_id":6000,"weight":0.2241},
{"Node_id":6004,"weight":2.3776},
{"Node_id":6005,"weight":0.2974},
{"Node_id":6008,"weight":0.3458},
{"Node_id":6012,"weight":1.0372},
{"Node_id":6014,"weight":1.172},
{"Node_id":6139,"weight":1.6739},
{"Node_id":6180,"weight":1.465},
{"Node_id":6181,"weight":0.0937},
{"Node_id":6182,"weight":0.8001},
{"Node_id":6183,"weight":1.0585},
{"Node_id":6184,"weight":4.5751},
{"Node_id":6187,"weight":1.8816},
{"Node_id":6189,"weight":0.2896},
{"Node_id":6195,"weight":0.1487},
{"Node_id":6196,"weight":0.1386},
{"Node_id":6197,"weight":0.5134},
{"Node_id":6204,"weight":0.9639},
{"Node_id":6206,"weight":0.877},
{"Node_id":6208,"weight":0.3084},
{"Node_id":6209,"weight":1.822},
{"Node_id":6211,"weight":0.8549},
{"Node_id":6212,"weight":1.8278},
{"Node_id":6215,"weight":1.2797},
{"Node_id":6217,"weight":1.6397},
{"Node_id":6253,"weight":0.6508},
{"Node_id":6262,"weight":1.7647},
{"Node_id":6265,"weight":0.1688},
{"Node_id":6266,"weight":1.2633},
{"Node_id":6268,"weight":0.6327},
{"Node_id":6271,"weight":1.9542},
{"Node_id":6274,"weight":1.5109},
{"Node_id":6278,"weight":0.5706},
{"Node_id":6282,"weight":1.0933},
{"Node_id":6284,"weight":0.5236},
{"Node_id":6287,"weight":1.3267},
{"Node_id":14584,"weight":1.9214},
{"Node_id":14588,"weight":2.184},
{"Node_id":14589,"weight":3.483},
{"Node_id":14590,"weight":2.2799},
{"Node_id":14592,"weight":1.9802},
{"Node_id":14593,"weight":2.5051},
{"Node_id":14595,"weight":2.3015},
{"Node_id":14596,"weight":2.2634},
{"Node_id":14597,"weight":2.4994},
{"Node_id":14600,"weight":1.6493},
{"Node_id":14602,"weight":2.0367},
{"Node_id":14603,"weight":1.4319},
{"Node_id":14604,"weight":3.8918},
{"Node_id":14606,"weight":1.8825},
{"Node_id":14610,"weight":2.321},
{"Node_id":14611,"weight":1.6936},
{"Node_id":14616,"weight":2.4195},
{"Node_id":14618,"weight":1.8203},
{"Node_id":14620,"weight":2.184},
{"Node_id":14621,"weight":1.7036},
{"Node_id":14626,"weight":2.7912},
{"Node_id":14632,"weight":3.7945},
{"Node_id":14636,"weight":1.5736},
{"Node_id":14637,"weight":1.9597},
{"Node_id":14639,"weight":1.4474},
{"Node_id":14641,"weight":2.0241},
{"Node_id":14663,"weight":2.4866},
{"Node_id":14666,"weight":3.2124},
{"Node_id":14667,"weight":2.5123},
{"Node_id":14670,"weight":1.744},
{"Node_id":14674,"weight":1.8643},
{"Node_id":14676,"weight":1.7036},
{"Node_id":14677,"weight":2.5852},
{"Node_id":14680,"weight":3.9713},
{"Node_id":14682,"weight":2.0212},
{"Node_id":14683,"weight":1.3976},
{"Node_id":14684,"weight":1.5513},
{"Node_id":14686,"weight":1.5492},
{"Node_id":14687,"weight":2.0456},
{"Node_id":14689,"weight":2.0595},
{"Node_id":14693,"weight":1.8421},
{"Node_id":14695,"weight":3.429},
{"Node_id":14697,"weight":2.001},
{"Node_id":14698,"weight":1.6353},
{"Node_id":14699,"weight":1.4539},
{"Node_id":14700,"weight":4.219},
{"Node_id":14717,"weight":1.5638},
{"Node_id":14721,"weight":2.4102},
{"Node_id":14727,"weight":1.6034},
{"Node_id":14731,"weight":1.9532},
{"Node_id":14732,"weight":2.1928},
{"Node_id":14733,"weight":1.6493},
{"Node_id":14735,"weight":2.3983},
{"Node_id":14740,"weight":2.3271},
{"Node_id":14742,"weight":1.5764},
{"Node_id":14744,"weight":2.7115},
{"Node_id":14750,"weight":4.2766},
{"Node_id":14752,"weight":3.2397},
{"Node_id":14754,"weight":5.2159},
{"Node_id":14758,"weight":1.5666},
{"Node_id":14761,"weight":1.866},
{"Node_id":14763,"weight":2.1218},
{"Node_id":14765,"weight":3.596},
{"Node_id":14768,"weight":2.887},
{"Node_id":14892,"weight":3.3227},
{"Node_id":15434,"weight":2.0887},
{"Node_id":15673,"weight":2.2196},
{"Node_id":15676,"weight":2.9635},
{"Node_id":15677,"weight":3.9549},
{"Node_id":15678,"weight":1.4474},
{"Node_id":15680,"weight":2.3996},
{"Node_id":15681,"weight":1.7433},
{"Node_id":15682,"weight":2.1807},
{"Node_id":15683,"weight":2.3866},
{"Node_id":15684,"weight":1.3919},
{"Node_id":15690,"weight":2.0938},
{"Node_id":15693,"weight":2.3433},
{"Node_id":15696,"weight":2.5504},
{"Node_id":15698,"weight":2.5519},
{"Node_id":15700,"weight":2.3648},
{"Node_id":15704,"weight":1.4481},
{"Node_id":15706,"weight":5.2933},
{"Node_id":15707,"weight":1.4313},
{"Node_id":15709,"weight":1.9305},
{"Node_id":15711,"weight":2.5195},
{"Node_id":15713,"weight":3.2151},
{"Node_id":15714,"weight":2.3271},
{"Node_id":15716,"weight":4.6469},
{"Node_id":15717,"weight":2.2943},
{"Node_id":15718,"weight":3.4523},
{"Node_id":15722,"weight":1.6142},
{"Node_id":15724,"weight":3.0006},
{"Node_id":15736,"weight":3.4225},
{"Node_id":15742,"weight":1.8704},
{"Node_id":15744,"weight":1.452},
{"Node_id":15745,"weight":3.6677},
{"Node_id":15747,"weight":1.6405},
{"Node_id":15751,"weight":1.6627},
{"Node_id":15752,"weight":3.1173},
{"Node_id":15756,"weight":2.9786},
{"Node_id":15758,"weight":1.7151},
{"Node_id":15762,"weight":1.7448},
{"Node_id":15803,"weight":1.4822},
{"Node_id":15804,"weight":3.7852},
{"Node_id":15806,"weight":2.1218},
{"Node_id":15809,"weight":5.9496},
{"Node_id":15810,"weight":2.1961},
{"Node_id":15811,"weight":1.86},
{"Node_id":15815,"weight":4.1711},
{"Node_id":15818,"weight":2.4629},
{"Node_id":15820,"weight":4.6259},
{"Node_id":15821,"weight":4.5555},
{"Node_id":15824,"weight":1.8921},
{"Node_id":15826,"weight":1.4261},
{"Node_id":15830,"weight":1.4815},
{"Node_id":15832,"weight":1.5451},
{"Node_id":15835,"weight":2.579},
{"Node_id":15838,"weight":1.5361},
{"Node_id":15839,"weight":1.8371},
{"Node_id":15841,"weight":2.5654},
{"Node_id":15858,"weight":2.2494},
{"Node_id":15859,"weight":2.5669},
{"Node_id":15861,"weight":2.8439},
{"Node_id":15862,"weight":2.3371},
{"Node_id":15863,"weight":1.3913},
{"Node_id":15865,"weight":2.7712},
{"Node_id":15867,"weight":1.9386},
{"Node_id":15876,"weight":1.4364},
{"Node_id":15883,"weight":1.4855},
{"Node_id":15885,"weight":1.421},
{"Node_id":15887,"weight":2.6434},
{"Node_id":15888,"weight":1.6777},
{"Node_id":15892,"weight":2.4168},
{"Node_id":16125,"weight":5.4217},
{"Node_id":16126,"weight":5.5429},
{"Node_id":16130,"weight":3.3377},
{"Node_id":16198,"weight":5.045},
{"Node_id":16199,"weight":3.8766},
{"Node_id":16201,"weight":1.7354},
{"Node_id":16203,"weight":1.7198},
{"Node_id":16206,"weight":3.6076},
{"Node_id":16208,"weight":3.6273},
{"Node_id":16209,"weight":3.7401},
{"Node_id":16214,"weight":1.6419},
{"Node_id":16216,"weight":2.0212},
{"Node_id":16218,"weight":3.8469},
{"Node_id":16220,"weight":1.4742},
{"Node_id":16221,"weight":1.4881},
{"Node_id":16222,"weight":1.9523},
{"Node_id":16224,"weight":2.0575},
{"Node_id":16225,"weight":1.7922},
{"Node_id":16230,"weight":5.4927},
{"Node_id":16233,"weight":3.7446},
{"Node_id":16236,"weight":3.5075},
{"Node_id":16237,"weight":1.7472},
{"Node_id":16240,"weight":2.5519},
{"Node_id":16242,"weight":3.8372},
{"Node_id":16243,"weight":2.0615},
{"Node_id":16247,"weight":1.812},
{"Node_id":16249,"weight":1.7567},
{"Node_id":16251,"weight":2.1906},
{"Node_id":16253,"weight":2.9465},
{"Node_id":16255,"weight":3.6432},
{"Node_id":16256,"weight":5.1441},
{"Node_id":16258,"weight":3.0978},
{"Node_id":16259,"weight":3.8132},
{"Node_id":16261,"weight":2.401},
{"Node_id":16263,"weight":1.515},
{"Node_id":16264,"weight":2.9072},
{"Node_id":16265,"weight":1.8575},
{"Node_id":16266,"weight":3.0644},
{"Node_id":16268,"weight":2.3039},
{"Node_id":16273,"weight":2.025},
{"Node_id":16285,"weight":3.9658},
{"Node_id":16291,"weight":2.8381},
{"Node_id":16293,"weight":2.0338},
{"Node_id":16295,"weight":1.9323},
{"Node_id":16303,"weight":2.6337},
{"Node_id":16304,"weight":1.5485},
{"Node_id":16305,"weight":2.5297},
{"Node_id":16307,"weight":1.7663},
{"Node_id":16309,"weight":1.4422},
{"Node_id":16311,"weight":1.5729},
{"Node_id":16313,"weight":2.7409},
{"Node_id":16345,"weight":2.8711},
{"Node_id":16347,"weight":1.5659},
{"Node_id":16348,"weight":1.4782},
{"Node_id":16350,"weight":2.4796},
{"Node_id":16352,"weight":5.4927},
{"Node_id":16364,"weight":1.4862},
{"Node_id":16367,"weight":2.1622},
{"Node_id":16368,"weight":1.8253},
{"Node_id":16369,"weight":2.1928},
{"Node_id":16371,"weight":1.656},
{"Node_id":16375,"weight":1.6027},
{"Node_id":16377,"weight":1.8609},
{"Node_id":16382,"weight":2.6928},
{"Node_id":16383,"weight":3.3903},
{"Node_id":16389,"weight":2.6147},
{"Node_id":16393,"weight":4.1513},
{"Node_id":16395,"weight":1.5197},
{"Node_id":16396,"weight":3.4356},
{"Node_id":16397,"weight":4.4538},
{"Node_id":16398,"weight":3.2507},
{"Node_id":16399,"weight":1.4775},
{"Node_id":16400,"weight":3.6595},
{"Node_id":16403,"weight":1.8354},
{"Node_id":16404,"weight":2.7857},
{"Node_id":16407,"weight":1.8643},
{"Node_id":16408,"weight":2.1354},
{"Node_id":16412,"weight":2.5882},
{"Node_id":16416,"weight":2.6466},
{"Node_id":16417,"weight":2.1796},
{"Node_id":16419,"weight":3.562},
{"Node_id":16423,"weight":2.6022},
{"Node_id":16425,"weight":2.2716},
{"Node_id":16427,"weight":1.7543},
{"Node_id":16429,"weight":1.9098},
{"Node_id":16431,"weight":2.4519},
{"Node_id":16433,"weight":2.6434},
{"Node_id":16436,"weight":1.7711},
{"Node_id":16438,"weight":1.5485},
{"Node_id":16440,"weight":3.1222},
{"Node_id":16441,"weight":2.1752},
{"Node_id":16442,"weight":2.6321},
{"Node_id":16443,"weight":2.7183},
{"Node_id":16445,"weight":3.1026},
{"Node_id":16449,"weight":2.2576},
{"Node_id":16450,"weight":3.1625},
{"Node_id":16452,"weight":2.3814},
{"Node_id":16475,"weight":2.3827},
{"Node_id":16476,"weight":2.1514},
{"Node_id":16481,"weight":1.5899},
{"Node_id":16482,"weight":1.4941},
{"Node_id":16484,"weight":2.9984},
{"Node_id":16485,"weight":2.2084},
{"Node_id":16487,"weight":3.105},
{"Node_id":16488,"weight":2.1145},
{"Node_id":16528,"weight":1.7105},
{"Node_id":16529,"weight":2.1239},
{"Node_id":16531,"weight":2.7115},
{"Node_id":16533,"weight":1.6383},
{"Node_id":16535,"weight":3.6392},
{"Node_id":16538,"weight":1.7089},
{"Node_id":16541,"weight":3.3871},
{"Node_id":16542,"weight":2.9277},
{"Node_id":16543,"weight":4.5653},
{"Node_id":16547,"weight":1.5779},
{"Node_id":16548,"weight":3.8085},
{"Node_id":16551,"weight":1.6179},
{"Node_id":16553,"weight":2.4588},
{"Node_id":16554,"weight":1.6478},
{"Node_id":16556,"weight":2.342},
{"Node_id":16559,"weight":2.2681},
{"Node_id":16561,"weight":1.5109},
{"Node_id":16562,"weight":2.4519},
{"Node_id":16563,"weight":1.7105},
{"Node_id":16567,"weight":1.5807},
{"Node_id":16568,"weight":2.7586},
{"Node_id":16569,"weight":2.885},
{"Node_id":16571,"weight":3.3683},
{"Node_id":16578,"weight":2.0565},
{"Node_id":16580,"weight":1.4121},
{"Node_id":16582,"weight":1.7136},
{"Node_id":16584,"weight":1.7182},
{"Node_id":16585,"weight":1.6486},
{"Node_id":16586,"weight":3.5435},
{"Node_id":16594,"weight":3.2591},
{"Node_id":16595,"weight":1.6754},
{"Node_id":16599,"weight":2.1155},
{"Node_id":16601,"weight":1.4014},
{"Node_id":16602,"weight":1.7417},
{"Node_id":16609,"weight":2.8633},
{"Node_id":16616,"weight":4.0163},
{"Node_id":16618,"weight":1.7051},
{"Node_id":16620,"weight":1.8913},
{"Node_id":16624,"weight":1.5999},
{"Node_id":16725,"weight":1.8379},
{"Node_id":16726,"weight":1.3907},
{"Node_id":16731,"weight":2.4966},
{"Node_id":16733,"weight":3.562},
{"Node_id":16734,"weight":4.9548},
{"Node_id":16736,"weight":2.1873},
{"Node_id":16856,"weight":1.7988},
{"Node_id":16858,"weight":1.4802},
{"Node_id":16860,"weight":4.0634},
{"Node_id":16862,"weight":3.3347},
{"Node_id":16864,"weight":3.3777},
{"Node_id":16866,"weight":1.4178},
{"Node_id":16868,"weight":2.3788},
{"Node_id":16870,"weight":1.6664},
{"Node_id":16872,"weight":1.9143},
{"Node_id":16873,"weight":1.6523},
{"Node_id":16874,"weight":1.6538},
{"Node_id":16878,"weight":2.3584},
{"Node_id":16880,"weight":2.5224},
{"Node_id":16883,"weight":1.8834},
{"Node_id":16888,"weight":1.6627},
{"Node_id":16890,"weight":2.0605},
{"Node_id":16895,"weight":1.6982},
{"Node_id":16896,"weight":2.4505},
{"Node_id":16898,"weight":1.7825},
{"Node_id":17039,"weight":1.6186},
{"Node_id":17679,"weight":1.9746},
{"Node_id":17840,"weight":1.7043},
{"Node_id":17841,"weight":1.6612},
{"Node_id":17844,"weight":2.2208},
{"Node_id":17848,"weight":3.2017},
{"Node_id":17850,"weight":2.9939},
{"Node_id":17854,"weight":2.0038},
{"Node_id":17859,"weight":1.5892},
{"Node_id":17861,"weight":1.7377},
{"Node_id":17862,"weight":2.3321},
{"Node_id":17864,"weight":4.284},
{"Node_id":17868,"weight":2.3271},
{"Node_id":17872,"weight":2.5609},
{"Node_id":17874,"weight":2.0358},
{"Node_id":17880,"weight":2.1611},
{"Node_id":17886,"weight":2.8191},
{"Node_id":17891,"weight":6.1637},
{"Node_id":17893,"weight":3.3287},
{"Node_id":17895,"weight":2.1165},
{"Node_id":17896,"weight":1.5022},
{"Node_id":17897,"weight":2.5066},
{"Node_id":17905,"weight":2.955},
{"Node_id":17986,"weight":1.5949},
{"Node_id":17990,"weight":1.5582},
{"Node_id":17992,"weight":3.4095},
{"Node_id":17994,"weight":3.8132},
{"Node_id":17996,"weight":8.1114},
{"Node_id":17998,"weight":6.5699},
{"Node_id":18004,"weight":2.0959},
{"Node_id":18006,"weight":2.2907},
{"Node_id":18008,"weight":3.8372},
{"Node_id":18010,"weight":2.5775},
{"Node_id":18013,"weight":2.5297},
{"Node_id":18019,"weight":1.7346},
{"Node_id":18020,"weight":1.7252},
{"Node_id":18023,"weight":1.9487},
{"Node_id":18025,"weight":2.4221},
{"Node_id":18027,"weight":2.1031},
{"Node_id":18028,"weight":1.7607},
{"Node_id":18030,"weight":2.3321},
{"Node_id":18041,"weight":3.7579},
{"Node_id":18049,"weight":2.6678},
{"Node_id":18051,"weight":1.5245},
{"Node_id":18053,"weight":1.9896},
{"Node_id":18055,"weight":2.5023},
{"Node_id":18057,"weight":1.7151},
{"Node_id":18059,"weight":1.9634},
{"Node_id":18156,"weight":2.6482},
{"Node_id":18158,"weight":2.2634},
{"Node_id":18160,"weight":1.397},
{"Node_id":18162,"weight":1.9468},
{"Node_id":18165,"weight":1.53},
{"Node_id":18241,"weight":2.9808},
{"Node_id":18243,"weight":1.935},
{"Node_id":18244,"weight":1.6792},
{"Node_id":18250,"weight":1.4848},
{"Node_id":18252,"weight":3.1833},
{"Node_id":18254,"weight":1.659},
{"Node_id":18259,"weight":2.7235},
{"Node_id":18264,"weight":1.5652},
{"Node_id":18265,"weight":2.6945},
{"Node_id":18267,"weight":1.5715},
{"Node_id":18268,"weight":1.4723},
{"Node_id":18269,"weight":3.0435},
{"Node_id":18271,"weight":2.1312},
{"Node_id":18272,"weight":1.5002},
{"Node_id":18274,"weight":2.0745},
{"Node_id":18275,"weight":1.4822},
{"Node_id":18276,"weight":1.4848},
{"Node_id":18277,"weight":2.0436},
{"Node_id":18281,"weight":3.1651},
{"Node_id":18284,"weight":1.4975},
{"Node_id":18292,"weight":1.6906},
{"Node_id":18293,"weight":1.7736},
{"Node_id":18295,"weight":2.7857},
{"Node_id":18296,"weight":2.3546},
{"Node_id":18298,"weight":4.0694},
{"Node_id":18299,"weight":2.4671},
{"Node_id":18301,"weight":1.752},
{"Node_id":18302,"weight":2.0038},
{"Node_id":18305,"weight":1.4835},
{"Node_id":18307,"weight":2.727},
{"Node_id":18309,"weight":2.3648},
{"Node_id":18310,"weight":3.596},
{"Node_id":18314,"weight":2.3866},
{"Node_id":18316,"weight":1.4624},
{"Node_id":18318,"weight":2.3395},
{"Node_id":18320,"weight":2.4588},
{"Node_id":18322,"weight":2.8652},
{"Node_id":18323,"weight":1.5062},
{"Node_id":18324,"weight":1.4881},
{"Node_id":18326,"weight":1.4921},
{"Node_id":18328,"weight":1.776},
{"Node_id":18331,"weight":1.6974},
{"Node_id":18334,"weight":2.881},
{"Node_id":18338,"weight":2.6563},
{"Node_id":18339,"weight":1.6486},
{"Node_id":18340,"weight":1.9332},
{"Node_id":18341,"weight":1.8523},
{"Node_id":18342,"weight":2.8229},
{"Node_id":18367,"weight":2.8574},
{"Node_id":18370,"weight":2.1719},
{"Node_id":18371,"weight":1.5035},
{"Node_id":18372,"weight":1.3882},
{"Node_id":18374,"weight":3.3652},
{"Node_id":18376,"weight":1.7105},
{"Node_id":18378,"weight":2.2552},
{"Node_id":18379,"weight":1.3988},
{"Node_id":18382,"weight":1.7963},
{"Node_id":18383,"weight":4.1002},
{"Node_id":18384,"weight":2.5066},
{"Node_id":18386,"weight":2.877},
{"Node_id":18389,"weight":1.4565},
{"Node_id":18396,"weight":4.1711},
{"Node_id":18398,"weight":2.205},
{"Node_id":18399,"weight":3.1347},
{"Node_id":18401,"weight":1.752},
{"Node_id":18402,"weight":3.0252},
{"Node_id":18406,"weight":2.0565},
{"Node_id":18408,"weight":1.8136},
{"Node_id":18409,"weight":2.2242},
{"Node_id":18412,"weight":2.0938},
{"Node_id":18413,"weight":2.0745},
{"Node_id":18415,"weight":1.5786},
{"Node_id":18417,"weight":1.4663},
{"Node_id":18421,"weight":5.2347},
{"Node_id":18424,"weight":1.8557},
{"Node_id":18427,"weight":2.366},
{"Node_id":18429,"weight":3.1859},
{"Node_id":18431,"weight":1.8337},
{"Node_id":18433,"weight":2.543},
{"Node_id":18437,"weight":1.4795},
{"Node_id":18438,"weight":1.3944},
{"Node_id":18441,"weight":5.2933},
{"Node_id":18444,"weight":1.5652},
{"Node_id":18450,"weight":3.2342},
{"Node_id":18453,"weight":2.0436},
{"Node_id":18456,"weight":5.7105},
{"Node_id":18495,"weight":2.0918},
{"Node_id":18496,"weight":4.8588},
{"Node_id":18498,"weight":3.4323},
{"Node_id":18567,"weight":1.9727},
{"Node_id":18569,"weight":3.0929},
{"Node_id":18570,"weight":2.3609},
{"Node_id":18575,"weight":2.9896},
{"Node_id":18578,"weight":2.1124},
{"Node_id":18580,"weight":2.3445},
{"Node_id":18582,"weight":1.752},
{"Node_id":18584,"weight":1.9241},
{"Node_id":18586,"weight":2.4951},
{"Node_id":18589,"weight":2.2599},
{"Node_id":18590,"weight":1.8532},
{"Node_id":18592,"weight":1.8379},
{"Node_id":18594,"weight":1.6317},
{"Node_id":18597,"weight":1.8566},
{"Node_id":18599,"weight":1.6013},
{"Node_id":18605,"weight":2.4478},
{"Node_id":18606,"weight":3.0184},
{"Node_id":18607,"weight":1.4474},
{"Node_id":18608,"weight":3.0229},
{"Node_id":18609,"weight":2.9529},
{"Node_id":18611,"weight":1.5218},
{"Node_id":18861,"weight":1.8957},
{"Node_id":18864,"weight":4.1914},
{"Node_id":18866,"weight":1.6302},
{"Node_id":18868,"weight":1.5245},
{"Node_id":18869,"weight":5.0294},
{"Node_id":18875,"weight":1.5218},
{"Node_id":18877,"weight":5.3771},
{"Node_id":18879,"weight":1.5327},
{"Node_id":19030,"weight":1.7719},
{"Node_id":19032,"weight":2.4768},
{"Node_id":19044,"weight":2.9808},
{"Node_id":19045,"weight":4.3534},
{"Node_id":19046,"weight":2.2529},
{"Node_id":19049,"weight":1.6762},
{"Node_id":19051,"weight":3.0389},
{"Node_id":19052,"weight":3.3377},
{"Node_id":19099,"weight":1.7448},
{"Node_id":19105,"weight":1.5828},
{"Node_id":19106,"weight":3.0504},
{"Node_id":19109,"weight":1.7881},
{"Node_id":19168,"weight":3.248},
{"Node_id":19170,"weight":1.4565},
{"Node_id":19171,"weight":2.1093},
{"Node_id":19209,"weight":2.9917},
{"Node_id":19210,"weight":1.5779},
{"Node_id":19213,"weight":1.9811},
{"Node_id":19214,"weight":1.4526},
{"Node_id":19215,"weight":1.5771},
{"Node_id":19216,"weight":1.8062},
{"Node_id":19217,"weight":2.0125},
{"Node_id":19221,"weight":2.1323},
{"Node_id":19223,"weight":4.3858},
{"Node_id":19228,"weight":1.7036},
{"Node_id":19230,"weight":4.4451},
{"Node_id":19232,"weight":2.2185},
{"Node_id":19233,"weight":1.7535},
{"Node_id":19234,"weight":2.102},
{"Node_id":19236,"weight":2.0685},
{"Node_id":19238,"weight":1.8379},
{"Node_id":19240,"weight":1.8992},
{"Node_id":19242,"weight":2.0125},
{"Node_id":19244,"weight":1.7244},
{"Node_id":19248,"weight":1.3869},
{"Node_id":19251,"weight":1.9597},
{"Node_id":19253,"weight":1.6694},
{"Node_id":19255,"weight":2.889},
{"Node_id":19257,"weight":1.5259},
{"Node_id":19258,"weight":3.8567},
{"Node_id":19264,"weight":2.9808},
{"Node_id":19265,"weight":2.9614},
{"Node_id":19267,"weight":1.3882},
{"Node_id":19268,"weight":1.7623},
{"Node_id":19269,"weight":2.3711},
{"Node_id":19273,"weight":2.0029},
{"Node_id":19276,"weight":2.9381},
{"Node_id":19277,"weight":2.9174},
{"Node_id":19279,"weight":1.8103},
{"Node_id":19281,"weight":2.887},
{"Node_id":19295,"weight":3.0006},
{"Node_id":19298,"weight":3.8275},
{"Node_id":19303,"weight":3.2905},
{"Node_id":19304,"weight":1.901},
{"Node_id":19306,"weight":1.9802},
{"Node_id":19307,"weight":7.8236},
{"Node_id":19313,"weight":4.0163},
{"Node_id":19314,"weight":1.4915},
{"Node_id":19315,"weight":1.5347},
{"Node_id":19397,"weight":2.8248},
{"Node_id":19401,"weight":1.748},
{"Node_id":19405,"weight":2.4492},
{"Node_id":19407,"weight":1.9783},
{"Node_id":19408,"weight":1.6508},
{"Node_id":19413,"weight":1.956},
{"Node_id":19415,"weight":2.8574},
{"Node_id":19421,"weight":1.414},
{"Node_id":19422,"weight":1.7496},
{"Node_id":19423,"weight":2.0318},
{"Node_id":19425,"weight":1.8756},
{"Node_id":19493,"weight":2.5371},
{"Node_id":19494,"weight":1.414},
{"Node_id":19525,"weight":1.4461},
{"Node_id":19526,"weight":2.0446},
{"Node_id":19530,"weight":2.0989},
{"Node_id":19532,"weight":1.5485},
{"Node_id":19534,"weight":1.6951},
{"Node_id":19535,"weight":1.827},
{"Node_id":19537,"weight":2.7551},
{"Node_id":19539,"weight":2.1333},
{"Node_id":19540,"weight":1.9634},
{"Node_id":19541,"weight":1.8111},
{"Node_id":19543,"weight":1.5779},
{"Node_id":19546,"weight":3.6233},
{"Node_id":19556,"weight":1.4229},
{"Node_id":19563,"weight":2.4937},
{"Node_id":19565,"weight":1.9268},
{"Node_id":19569,"weight":1.9001},
{"Node_id":19607,"weight":1.4409},
{"Node_id":19610,"weight":2.1939},
{"Node_id":19611,"weight":1.5143},
{"Node_id":19612,"weight":1.8203},
{"Node_id":19613,"weight":1.5055},
{"Node_id":19616,"weight":4.8588},
{"Node_id":19617,"weight":1.4274},
{"Node_id":19622,"weight":1.9395},
{"Node_id":19624,"weight":3.248},
{"Node_id":19628,"weight":1.3919},
{"Node_id":19629,"weight":1.5568},
{"Node_id":19630,"weight":1.6361},
{"Node_id":19632,"weight":2.891},
{"Node_id":19634,"weight":7.1301},
{"Node_id":19642,"weight":3.9176},
{"Node_id":19645,"weight":2.0948},
{"Node_id":19647,"weight":4.7357},
{"Node_id":19649,"weight":1.4185},
{"Node_id":19653,"weight":2.6794},
{"Node_id":19663,"weight":1.7043},
{"Node_id":19665,"weight":1.822},
{"Node_id":19671,"weight":3.5732},
{"Node_id":19672,"weight":1.7971},
{"Node_id":19673,"weight":2.9962},
{"Node_id":19674,"weight":2.3198},
{"Node_id":19675,"weight":2.4275},
{"Node_id":19680,"weight":2.3358},
{"Node_id":19683,"weight":1.9802},
{"Node_id":19685,"weight":2.7986},
{"Node_id":19707,"weight":1.7719},
{"Node_id":19709,"weight":1.8843},
{"Node_id":19713,"weight":4.2915},
{"Node_id":19716,"weight":3.3591},
{"Node_id":19717,"weight":2.1884},
{"Node_id":19718,"weight":2.9298},
{"Node_id":19719,"weight":3.4761},
{"Node_id":19721,"weight":3.7669},
{"Node_id":19805,"weight":2.9195},
{"Node_id":19806,"weight":1.7728},
{"Node_id":19808,"weight":1.7504},
{"Node_id":19816,"weight":2.239},
{"Node_id":19818,"weight":2.5489},
{"Node_id":19821,"weight":3.5657},
{"Node_id":19822,"weight":1.9783},
{"Node_id":19824,"weight":5.3771},
{"Node_id":19845,"weight":5.0609},
{"Node_id":19846,"weight":4.3066},
{"Node_id":19847,"weight":3.1099},
{"Node_id":19849,"weight":1.8245},
{"Node_id":19850,"weight":1.8245},
{"Node_id":19958,"weight":1.513},
{"Node_id":19962,"weight":2.2787},
{"Node_id":19968,"weight":2.3508},
{"Node_id":20005,"weight":1.7833},
{"Node_id":20008,"weight":1.5694},
{"Node_id":20011,"weight":2.1785},
{"Node_id":20012,"weight":1.6171},
{"Node_id":20014,"weight":4.7242},
{"Node_id":20019,"weight":1.8295},
{"Node_id":20020,"weight":2.4698},
{"Node_id":20021,"weight":1.9305},
{"Node_id":20023,"weight":1.9036},
{"Node_id":20025,"weight":1.6244},
{"Node_id":20026,"weight":1.5506},
{"Node_id":20027,"weight":1.8851},
{"Node_id":20030,"weight":1.5687},
{"Node_id":20032,"weight":2.2344},
{"Node_id":20035,"weight":2.1796},
{"Node_id":21233,"weight":1.9802},
{"Node_id":21320,"weight":2.8229},
{"Node_id":21322,"weight":3.5289},
{"Node_id":21326,"weight":2.0605},
{"Node_id":21329,"weight":2.1302},
{"Node_id":21330,"weight":1.7881},
{"Node_id":21331,"weight":1.7159},
{"Node_id":21338,"weight":1.6013},
{"Node_id":21339,"weight":4.6363},
{"Node_id":21350,"weight":1.9423},
{"Node_id":21351,"weight":1.4481},
{"Node_id":21353,"weight":1.5575},
{"Node_id":21356,"weight":1.9915},
{"Node_id":21358,"weight":1.9296},
{"Node_id":21360,"weight":3.842},
{"Node_id":21362,"weight":2.2344},
{"Node_id":21363,"weight":1.5757},
{"Node_id":21364,"weight":2.9852},
{"Node_id":21367,"weight":1.8557},
{"Node_id":21369,"weight":2.6911},
{"Node_id":21371,"weight":2.9786},
{"Node_id":21373,"weight":1.8362},
{"Node_id":21375,"weight":2.1796},
{"Node_id":21383,"weight":2.1},
{"Node_id":21389,"weight":1.8387},
{"Node_id":26340,"weight":1.9943},
{"Node_id":26422,"weight":1.8695},
{"Node_id":26423,"weight":2.0309},
{"Node_id":26425,"weight":4.5653},
{"Node_id":26426,"weight":2.3996},
{"Node_id":26429,"weight":3.0905},
{"Node_id":26431,"weight":1.4513},
{"Node_id":26479,"weight":3.0139},
{"Node_id":26482,"weight":1.7276},
{"Node_id":26525,"weight":2.4221},
{"Node_id":26527,"weight":2.274},
{"Node_id":26530,"weight":1.8992},
{"Node_id":26602,"weight":1.699},
{"Node_id":26611,"weight":2.1796},
{"Node_id":26612,"weight":2.1218},
{"Node_id":26614,"weight":2.8496},
{"Node_id":26615,"weight":3.8038},
{"Node_id":26618,"weight":2.3635},
{"Node_id":26619,"weight":1.4513},
{"Node_id":26626,"weight":2.1557},
{"Node_id":26631,"weight":2.8535},
{"Node_id":26632,"weight":2.1972},
{"Node_id":26633,"weight":2.3609},
{"Node_id":26636,"weight":4.9264},
{"Node_id":26639,"weight":2.4909},
{"Node_id":26645,"weight":2.1493},
{"Node_id":26647,"weight":3.1075},
{"Node_id":26651,"weight":2.001},
{"Node_id":26652,"weight":1.4888},
{"Node_id":26653,"weight":1.587},
{"Node_id":26654,"weight":2.5714},
{"Node_id":26658,"weight":1.6739},
{"Node_id":26659,"weight":1.7906},
{"Node_id":26661,"weight":2.4075},
{"Node_id":26664,"weight":1.5136},
{"Node_id":26665,"weight":3.7806},
{"Node_id":26667,"weight":3.0072},
{"Node_id":26669,"weight":3.5362},
{"Node_id":26670,"weight":1.9287},
{"Node_id":26672,"weight":2.0202},
{"Node_id":26673,"weight":1.9305},
{"Node_id":26675,"weight":2.2967},
{"Node_id":26676,"weight":2.9195},
{"Node_id":26794,"weight":2.2587},
{"Node_id":26797,"weight":4.6363},
{"Node_id":26798,"weight":3.9936},
{"Node_id":26801,"weight":1.9386},
{"Node_id":26803,"weight":1.6442},
{"Node_id":26814,"weight":2.2402},
{"Node_id":26815,"weight":5.4217},
{"Node_id":26861,"weight":1.5506},
{"Node_id":26862,"weight":2.9874},
{"Node_id":26874,"weight":1.3869},
{"Node_id":26879,"weight":3.2619},
{"Node_id":26897,"weight":2.0887},
{"Node_id":26905,"weight":1.9905},
{"Node_id":26926,"weight":1.6013},
{"Node_id":26927,"weight":2.2705},
{"Node_id":26929,"weight":1.5015},
{"Node_id":26932,"weight":2.0897},
{"Node_id":26937,"weight":2.3559},
{"Node_id":27046,"weight":2.3622},
{"Node_id":27047,"weight":2.9423},
{"Node_id":27050,"weight":1.726},
{"Node_id":27059,"weight":1.9018},
{"Node_id":27060,"weight":4.1711},
{"Node_id":27062,"weight":2.0695},
{"Node_id":27086,"weight":4.6053},
{"Node_id":27087,"weight":4.4896},
{"Node_id":27088,"weight":3.4591},
{"Node_id":27092,"weight":1.4134},
{"Node_id":27102,"weight":2.3673},
{"Node_id":27103,"weight":1.9359},
{"Node_id":27106,"weight":1.812},
{"Node_id":27110,"weight":4.9264},
{"Node_id":27112,"weight":3.4865},
{"Node_id":27114,"weight":1.5878},
{"Node_id":27115,"weight":4.9126},
{"Node_id":27116,"weight":1.3951},
{"Node_id":27119,"weight":1.6694},
{"Node_id":27120,"weight":2.0836},
{"Node_id":27122,"weight":2.5564},
{"Node_id":27124,"weight":2.1514},
{"Node_id":27125,"weight":2.4262},
{"Node_id":27126,"weight":2.6563},
{"Node_id":27127,"weight":1.4565},
{"Node_id":27128,"weight":2.4089},
{"Node_id":27129,"weight":1.5478},
{"Node_id":27130,"weight":3.1247},
{"Node_id":27131,"weight":1.7631},
{"Node_id":27132,"weight":4.7711},
{"Node_id":27133,"weight":2.0338},
{"Node_id":27134,"weight":2.4221},
{"Node_id":27136,"weight":2.6962},
{"Node_id":27148,"weight":1.6898},
{"Node_id":27150,"weight":1.6449},
{"Node_id":27152,"weight":1.8575},
{"Node_id":27154,"weight":2.6337},
{"Node_id":27156,"weight":2.0635},
{"Node_id":27158,"weight":1.656},
{"Node_id":27161,"weight":1.7631},
{"Node_id":27162,"weight":1.4255},
{"Node_id":27164,"weight":1.4268},
{"Node_id":27167,"weight":1.6383},
{"Node_id":27168,"weight":1.4808},
{"Node_id":27170,"weight":4.9989},
{"Node_id":27171,"weight":1.6672},
{"Node_id":27172,"weight":2.7115},
{"Node_id":27175,"weight":2.0655},
{"Node_id":27176,"weight":1.6694},
{"Node_id":27178,"weight":1.86},
{"Node_id":27181,"weight":2.5594},
{"Node_id":27220,"weight":4.5951},
{"Node_id":27222,"weight":2.9678},
{"Node_id":27260,"weight":1.8103},
{"Node_id":27262,"weight":1.5673},
{"Node_id":27265,"weight":2.8652},
{"Node_id":27269,"weight":2.5944},
{"Node_id":27272,"weight":3.7991},
{"Node_id":27275,"weight":1.8913},
{"Node_id":27280,"weight":1.4306},
{"Node_id":27282,"weight":3.1807},
{"Node_id":27284,"weight":3.0095},
{"Node_id":27289,"weight":1.5513},
{"Node_id":27290,"weight":2.5745},
{"Node_id":27322,"weight":2.879},
{"Node_id":27325,"weight":1.9662},
{"Node_id":27326,"weight":1.5849},
{"Node_id":27329,"weight":2.401},
{"Node_id":27341,"weight":2.3609},
{"Node_id":27344,"weight":1.8087},
{"Node_id":27346,"weight":2.1862},
{"Node_id":27348,"weight":3.1148},
{"Node_id":27351,"weight":4.0514},
{"Node_id":27353,"weight":1.983},
{"Node_id":27354,"weight":1.712},
{"Node_id":27439,"weight":3.504},
{"Node_id":27441,"weight":3.3652},
{"Node_id":27445,"weight":2.3003},
{"Node_id":27447,"weight":4.3614},
{"Node_id":27448,"weight":6.1171},
{"Node_id":27451,"weight":2.2219},
{"Node_id":27453,"weight":1.6171},
{"Node_id":27456,"weight":2.4866},
{"Node_id":27458,"weight":5.6232},
{"Node_id":27464,"weight":1.9708},
{"Node_id":27466,"weight":2.1546},
{"Node_id":27474,"weight":3.3591},
{"Node_id":27475,"weight":2.0318},
{"Node_id":27477,"weight":2.0918},
{"Node_id":27478,"weight":3.4624},
{"Node_id":27481,"weight":2.6353},
{"Node_id":27483,"weight":1.7599},
{"Node_id":27485,"weight":1.78},
{"Node_id":27486,"weight":2.0221},
{"Node_id":27489,"weight":3.2452},
{"Node_id":27494,"weight":3.1912},
{"Node_id":27499,"weight":3.9713},
{"Node_id":27538,"weight":1.4663},
{"Node_id":27545,"weight":2.8116},
{"Node_id":27548,"weight":2.3458},
{"Node_id":27549,"weight":2.5181},
{"Node_id":27552,"weight":2.2646},
{"Node_id":27554,"weight":3.4456},
{"Node_id":27555,"weight":1.7028},
{"Node_id":27558,"weight":1.68},
{"Node_id":27560,"weight":4.2331},
{"Node_id":27562,"weight":2.3699},
{"Node_id":27563,"weight":4.2619},
{"Node_id":27574,"weight":2.0625},
{"Node_id":27578,"weight":2.0348},
{"Node_id":27584,"weight":1.5506},
{"Node_id":27586,"weight":2.5474},
{"Node_id":27589,"weight":3.9441},
{"Node_id":27591,"weight":1.866},
{"Node_id":27674,"weight":2.8613},
{"Node_id":27706,"weight":1.8261},
{"Node_id":27789,"weight":1.7639},
{"Node_id":27825,"weight":1.3982},
{"Node_id":27827,"weight":1.7005},
{"Node_id":27884,"weight":3.005},
{"Node_id":27933,"weight":5.5957},
{"Node_id":27935,"weight":4.1846},
{"Node_id":27938,"weight":4.4988},
{"Node_id":27940,"weight":1.7528},
{"Node_id":27942,"weight":1.6295},
{"Node_id":27944,"weight":1.9551},
{"Node_id":27948,"weight":1.6936},
{"Node_id":27949,"weight":2.1103},
{"Node_id":27950,"weight":2.1376},
{"Node_id":27954,"weight":1.4624},
{"Node_id":28031,"weight":2.5474},
{"Node_id":28032,"weight":2.184},
{"Node_id":28036,"weight":2.7515},
{"Node_id":28038,"weight":2.0846},
{"Node_id":28041,"weight":2.1983},
{"Node_id":28042,"weight":1.5666},
{"Node_id":28044,"weight":1.886},
{"Node_id":28051,"weight":2.6596},
{"Node_id":28054,"weight":1.5123},
{"Node_id":28056,"weight":2.1578},
{"Node_id":28057,"weight":2.1407},
{"Node_id":28059,"weight":2.3892},
{"Node_id":28061,"weight":2.7046},
{"Node_id":28065,"weight":2.9195},
{"Node_id":28071,"weight":2.2483},
{"Node_id":28074,"weight":3.0028},
{"Node_id":28079,"weight":2.6466},
{"Node_id":28082,"weight":4.0455},
{"Node_id":28086,"weight":1.4968},
{"Node_id":28091,"weight":1.9746},
{"Node_id":28092,"weight":3.449},
{"Node_id":28094,"weight":2.223},
{"Node_id":28095,"weight":2.7931},
{"Node_id":28108,"weight":2.2028},
{"Node_id":28110,"weight":3.8372},
{"Node_id":28113,"weight":7.418},
{"Node_id":28118,"weight":1.5293},
{"Node_id":28143,"weight":1.6434},
{"Node_id":28146,"weight":2.0067},
{"Node_id":28147,"weight":2.0019},
{"Node_id":28149,"weight":2.1884},
{"Node_id":28154,"weight":2.9465},
{"Node_id":28178,"weight":2.4356},
{"Node_id":28180,"weight":1.4736},
{"Node_id":28185,"weight":3.8227},
{"Node_id":28187,"weight":2.6037},
{"Node_id":28189,"weight":1.9468},
{"Node_id":28190,"weight":4.9989},
{"Node_id":28192,"weight":1.843},
{"Node_id":28194,"weight":2.8633},
{"Node_id":28196,"weight":2.2196},
{"Node_id":28200,"weight":1.5347},
{"Node_id":28202,"weight":1.6649},
{"Node_id":28204,"weight":2.2425},
{"Node_id":28205,"weight":2.0615},
{"Node_id":28210,"weight":1.4572},
{"Node_id":28211,"weight":2.6678},
{"Node_id":28214,"weight":1.7575},
{"Node_id":28215,"weight":1.9662},
{"Node_id":28218,"weight":1.4578},
{"Node_id":28226,"weight":1.6523},
{"Node_id":28353,"weight":1.9395},
{"Node_id":28354,"weight":1.5245},
{"Node_id":28356,"weight":3.3714},
{"Node_id":28416,"weight":2.2669},
{"Node_id":28417,"weight":2.521},
{"Node_id":28419,"weight":2.4248},
{"Node_id":28421,"weight":2.576},
{"Node_id":28478,"weight":1.9934},
{"Node_id":28481,"weight":1.9597},
{"Node_id":28490,"weight":2.0173},
{"Node_id":28602,"weight":2.205},
{"Node_id":28604,"weight":1.4624},
{"Node_id":28612,"weight":2.7046},
{"Node_id":28616,"weight":3.0833},
{"Node_id":28618,"weight":2.5609},
{"Node_id":28619,"weight":2.4049},
{"Node_id":28622,"weight":2.1376},
{"Node_id":28623,"weight":1.5694},
{"Node_id":28626,"weight":1.9487},
{"Node_id":28628,"weight":1.4172},
{"Node_id":28636,"weight":3.0762},
{"Node_id":28638,"weight":1.683},
{"Node_id":28640,"weight":1.719},
{"Node_id":28643,"weight":1.4709},
{"Node_id":28644,"weight":2.0725},
{"Node_id":28646,"weight":1.6747},
{"Node_id":28650,"weight":3.4356},
{"Node_id":28651,"weight":3.3871},
{"Node_id":28653,"weight":3.714},
{"Node_id":28654,"weight":2.3112},
{"Node_id":28658,"weight":1.9377},
{"Node_id":28672,"weight":1.5548},
{"Node_id":28673,"weight":1.5807},
{"Node_id":28676,"weight":1.7607},
{"Node_id":28678,"weight":2.6728},
{"Node_id":28680,"weight":1.5225},
{"Node_id":28742,"weight":1.6792},
{"Node_id":28746,"weight":1.6288},
{"Node_id":28749,"weight":2.6482},
{"Node_id":28751,"weight":1.4115},
{"Node_id":28752,"weight":5.11},
{"Node_id":28753,"weight":3.3777},
{"Node_id":28755,"weight":2.5195},
{"Node_id":28759,"weight":3.1447},
{"Node_id":28760,"weight":1.6657},
{"Node_id":28762,"weight":2.5254},
{"Node_id":28764,"weight":2.1546},
{"Node_id":28767,"weight":3.6718},
{"Node_id":28770,"weight":3.3903},
{"Node_id":28771,"weight":5.1975},
{"Node_id":28772,"weight":2.9402},
{"Node_id":28774,"weight":2.342},
{"Node_id":28780,"weight":1.8396},
{"Node_id":28837,"weight":2.4574},
{"Node_id":28839,"weight":2.3149},
{"Node_id":28840,"weight":2.5181},
{"Node_id":28843,"weight":2.5729},
{"Node_id":28998,"weight":2.9962},
{"Node_id":29010,"weight":2.9786},
{"Node_id":29013,"weight":3.1124},
{"Node_id":29229,"weight":3.3317},
{"Node_id":29230,"weight":1.5109},
{"Node_id":29236,"weight":2.6979},
{"Node_id":29239,"weight":2.397},
{"Node_id":29241,"weight":1.9588},
{"Node_id":29285,"weight":2.3763},
{"Node_id":29287,"weight":3.3347},
{"Node_id":29291,"weight":2.4089},
{"Node_id":29294,"weight":3.8132},
{"Node_id":29295,"weight":2.5579},
{"Node_id":29297,"weight":1.4396},
{"Node_id":29302,"weight":2.1654},
{"Node_id":29303,"weight":1.7213},
{"Node_id":29308,"weight":2.9215},
{"Node_id":29309,"weight":1.4975},
{"Node_id":29348,"weight":1.9551},
{"Node_id":29350,"weight":1.8816},
{"Node_id":29352,"weight":1.4026},
{"Node_id":29355,"weight":1.3888},
{"Node_id":29358,"weight":3.8918},
{"Node_id":29360,"weight":1.7151},
{"Node_id":29362,"weight":3.9992},
{"Node_id":29375,"weight":2.0555},
{"Node_id":29418,"weight":1.568},
{"Node_id":29420,"weight":1.5701},
{"Node_id":29422,"weight":1.5589},
{"Node_id":29423,"weight":1.4261},
{"Node_id":29438,"weight":2.1249},
{"Node_id":29443,"weight":1.7268},
{"Node_id":29463,"weight":2.7115},
{"Node_id":29464,"weight":2.9529},
{"Node_id":29466,"weight":4.0221},
{"Node_id":29469,"weight":2.8023},
{"Node_id":29471,"weight":3.0905},
{"Node_id":29473,"weight":2.2775},
{"Node_id":29479,"weight":2.8613},
{"Node_id":29481,"weight":2.145},
{"Node_id":29550,"weight":1.3988},
{"Node_id":29552,"weight":1.6493},
{"Node_id":29661,"weight":2.5283},
{"Node_id":29662,"weight":2.5459},
{"Node_id":29663,"weight":1.656},
{"Node_id":29664,"weight":3.0667},
{"Node_id":29710,"weight":1.8421},
{"Node_id":29723,"weight":2.6894},
{"Node_id":29725,"weight":3.5472},
{"Node_id":29726,"weight":3.2507},
{"Node_id":29727,"weight":2.7115},
{"Node_id":29750,"weight":2.3483},
{"Node_id":29754,"weight":3.4624},
{"Node_id":29755,"weight":2.0959},
{"Node_id":29758,"weight":1.5002},
{"Node_id":29760,"weight":2.5254},
{"Node_id":29762,"weight":2.4262},
{"Node_id":29764,"weight":2.5519},
{"Node_id":29887,"weight":2.5609},
{"Node_id":29889,"weight":1.7417},
{"Node_id":29928,"weight":2.2764},
{"Node_id":29930,"weight":1.3944},
{"Node_id":29931,"weight":2.0525},
{"Node_id":29932,"weight":3.0481},
{"Node_id":29933,"weight":4.5951},
{"Node_id":29934,"weight":2.9444},
{"Node_id":29937,"weight":2.7287},
{"Node_id":29939,"weight":2.4505},
{"Node_id":29942,"weight":5.0141},
{"Node_id":29945,"weight":2.0565},
{"Node_id":29946,"weight":5.8753},
{"Node_id":29947,"weight":1.4995},
{"Node_id":29954,"weight":1.4565},
{"Node_id":29956,"weight":2.4288},
{"Node_id":29958,"weight":1.5548},
{"Node_id":29959,"weight":2.5821},
{"Node_id":29961,"weight":3.4934},
{"Node_id":29965,"weight":1.4941},
{"Node_id":29966,"weight":1.8145},
{"Node_id":29967,"weight":1.7776},
{"Node_id":29978,"weight":4.3143},
{"Node_id":30003,"weight":3.248},
{"Node_id":30012,"weight":2.4796},
{"Node_id":30015,"weight":1.7097},
{"Node_id":30016,"weight":1.5701},
{"Node_id":30021,"weight":1.8228},
{"Node_id":30023,"weight":1.8869},
{"Node_id":30024,"weight":1.5942},
{"Node_id":30028,"weight":1.5204},
{"Node_id":30032,"weight":2.7766},
{"Node_id":30034,"weight":2.2084},
{"Node_id":30037,"weight":4.7474},
{"Node_id":30040,"weight":0.1294},
{"Node_id":30041,"weight":1.2721},
{"Node_id":30042,"weight":3.2676},
{"Node_id":30044,"weight":2.8691},
{"Node_id":30047,"weight":1.4204},
{"Node_id":30048,"weight":0.4561},
{"Node_id":30049,"weight":2.7046},
{"Node_id":30052,"weight":1.62},
{"Node_id":30054,"weight":0.6955},
{"Node_id":30055,"weight":2.5166},
{"Node_id":30056,"weight":5.4448},
{"Node_id":30058,"weight":0.6239},
{"Node_id":30062,"weight":1.9569},
{"Node_id":30063,"weight":1.6822},
{"Node_id":30070,"weight":2.0755},
{"Node_id":30072,"weight":0.4084},
{"Node_id":30073,"weight":2.3185},
{"Node_id":30084,"weight":1.2448},
{"Node_id":30088,"weight":0.7598},
{"Node_id":30091,"weight":1.827},
{"Node_id":30114,"weight":4.0878},
{"Node_id":30117,"weight":2.1741},
{"Node_id":30118,"weight":0.6803},
{"Node_id":30121,"weight":3.7011},
{"Node_id":30127,"weight":4.8588},
{"Node_id":30131,"weight":1.7089},
{"Node_id":30133,"weight":0.2302},
{"Node_id":30134,"weight":3.429},
{"Node_id":30137,"weight":0.3437},
{"Node_id":30138,"weight":0.2294},
{"Node_id":30144,"weight":0.3602},
{"Node_id":30146,"weight":1.6128},
{"Node_id":30148,"weight":4.8988},
{"Node_id":30149,"weight":1.7535},
{"Node_id":30150,"weight":0.6678},
{"Node_id":30151,"weight":1.0465},
{"Node_id":30172,"weight":1.1859},
{"Node_id":30178,"weight":0.3174},
{"Node_id":30182,"weight":0.9346},
{"Node_id":30183,"weight":2.5195},
{"Node_id":30184,"weight":1.0997},
{"Node_id":30186,"weight":0.3293},
{"Node_id":30191,"weight":0.3756},
{"Node_id":30193,"weight":0.5849},
{"Node_id":30195,"weight":0.0532},
{"Node_id":30201,"weight":0.2408},
{"Node_id":30203,"weight":0.9982},
{"Node_id":30205,"weight":0.2884},
{"Node_id":30209,"weight":0.9714},
{"Node_id":30212,"weight":0.2745},
{"Node_id":30214,"weight":0.1141},
{"Node_id":30216,"weight":0.4879},
{"Node_id":30219,"weight":0.1322},
{"Node_id":30342,"weight":1.8379},
{"Node_id":31122,"weight":1.8904},
{"Node_id":31126,"weight":0.9494},
{"Node_id":31127,"weight":1.39},
{"Node_id":31128,"weight":2.9896},
{"Node_id":31130,"weight":4.3694},
{"Node_id":31131,"weight":1.8878},
{"Node_id":31132,"weight":1.033},
{"Node_id":31133,"weight":2.1333},
{"Node_id":31134,"weight":0.6682},
{"Node_id":31140,"weight":0.7773},
{"Node_id":31143,"weight":1.3081},
{"Node_id":31148,"weight":0.1378},
{"Node_id":31150,"weight":2.4356},
{"Node_id":31154,"weight":1.2727},
{"Node_id":31156,"weight":0.8217},
{"Node_id":31157,"weight":1.139},
{"Node_id":31159,"weight":0.2152},
{"Node_id":31161,"weight":1.2791},
{"Node_id":31163,"weight":0.1987},
{"Node_id":31166,"weight":5.4927},
{"Node_id":31167,"weight":2.7586},
{"Node_id":31168,"weight":0.1463},
{"Node_id":31172,"weight":1.1521},
{"Node_id":31174,"weight":2.6547},
{"Node_id":31186,"weight":3.6677},
{"Node_id":31194,"weight":1.2208},
{"Node_id":31195,"weight":1.901},
{"Node_id":31201,"weight":0.7713},
{"Node_id":31202,"weight":0.3789},
{"Node_id":31208,"weight":1.5561},
{"Node_id":31212,"weight":0.7662},
{"Node_id":31253,"weight":1.0906},
{"Node_id":31254,"weight":0.4583},
{"Node_id":31256,"weight":0.6745},
{"Node_id":31259,"weight":1.1703},
{"Node_id":31260,"weight":0.2189},
{"Node_id":31261,"weight":0.4243},
{"Node_id":31265,"weight":1.3004},
{"Node_id":31268,"weight":0.054},
{"Node_id":31270,"weight":1.7504},
{"Node_id":31271,"weight":1.6501},
{"Node_id":31274,"weight":0.5147},
{"Node_id":31276,"weight":0.795},
{"Node_id":31280,"weight":2.6162},
{"Node_id":31282,"weight":1.5265},
{"Node_id":31285,"weight":1.5008},
{"Node_id":31308,"weight":1.0299},
{"Node_id":31309,"weight":2.508},
{"Node_id":31312,"weight":1.014},
{"Node_id":31313,"weight":2.1418},
{"Node_id":31315,"weight":3.2619},
{"Node_id":31317,"weight":0.7286},
{"Node_id":31326,"weight":1.8103},
{"Node_id":31333,"weight":2.1676},
{"Node_id":31335,"weight":1.5645},
{"Node_id":31337,"weight":1.5652},
{"Node_id":31575,"weight":1.6114},
{"Node_id":31576,"weight":2.0125},
{"Node_id":31648,"weight":0.5941},
{"Node_id":31649,"weight":3.1247},
{"Node_id":31651,"weight":1.7744},
{"Node_id":31653,"weight":1.7307},
{"Node_id":31656,"weight":0.4912},
{"Node_id":31658,"weight":1.0222},
{"Node_id":31659,"weight":0.5117},
{"Node_id":31664,"weight":0.8789},
{"Node_id":31666,"weight":0.8886},
{"Node_id":31670,"weight":4.0396},
{"Node_id":31671,"weight":1.4064},
{"Node_id":31674,"weight":4.833},
{"Node_id":31675,"weight":0.7291},
{"Node_id":31680,"weight":1.6013},
{"Node_id":31687,"weight":3.4624},
{"Node_id":31697,"weight":1.9089},
{"Node_id":31699,"weight":0.1342},
{"Node_id":31701,"weight":3.727},
{"Node_id":31703,"weight":3.577},
{"Node_id":31708,"weight":2.2646},
{"Node_id":31709,"weight":0.6517},
{"Node_id":31711,"weight":2.9896},
{"Node_id":31713,"weight":0.3232},
{"Node_id":31714,"weight":2.0048},
{"Node_id":31715,"weight":2.1851},
{"Node_id":31716,"weight":0.3146},
{"Node_id":31718,"weight":0.911},
{"Node_id":31723,"weight":1.0658},
{"Node_id":31735,"weight":0.2615},
{"Node_id":31741,"weight":3.0458},
{"Node_id":31743,"weight":0.1595},
{"Node_id":31753,"weight":2.1578},
{"Node_id":31754,"weight":1.5942},
{"Node_id":31755,"weight":0.5989},
{"Node_id":31757,"weight":1.5136},
{"Node_id":31759,"weight":0.5741},
{"Node_id":31761,"weight":1.5423},
{"Node_id":31763,"weight":0.4176},
{"Node_id":31795,"weight":1.0038},
{"Node_id":31797,"weight":0.403},
{"Node_id":31800,"weight":0.9139},
{"Node_id":31814,"weight":3.055},
{"Node_id":31817,"weight":1.295},
{"Node_id":31818,"weight":0.2007},
{"Node_id":31819,"weight":2.7339},
{"Node_id":31821,"weight":0.3826},
{"Node_id":31825,"weight":0.4629},
{"Node_id":31832,"weight":1.0423},
{"Node_id":31843,"weight":1.4908},
{"Node_id":31845,"weight":2.0775},
{"Node_id":31846,"weight":1.789},
{"Node_id":31847,"weight":1.1072},
{"Node_id":31848,"weight":2.3309},
{"Node_id":31849,"weight":0.9159},
{"Node_id":31850,"weight":0.8132},
{"Node_id":31853,"weight":0.8001},
{"Node_id":31857,"weight":1.2809},
{"Node_id":31858,"weight":2.0029},
{"Node_id":31866,"weight":0.9464},
{"Node_id":31867,"weight":0.0748},
{"Node_id":31869,"weight":1.2529},
{"Node_id":31871,"weight":0.3805},
{"Node_id":31873,"weight":0.0748},
{"Node_id":31875,"weight":3.0881},
{"Node_id":31877,"weight":0.4184},
{"Node_id":31881,"weight":3.2314},
{"Node_id":31883,"weight":1.172},
{"Node_id":31888,"weight":0.5473},
{"Node_id":31891,"weight":0.2088},
{"Node_id":31893,"weight":2.401},
{"Node_id":31895,"weight":0.6081},
{"Node_id":31896,"weight":2.1665},
{"Node_id":31900,"weight":0.7213},
{"Node_id":31902,"weight":5.6515},
{"Node_id":31905,"weight":1.631},
{"Node_id":31926,"weight":0.9455},
{"Node_id":31931,"weight":0.3289},
{"Node_id":31932,"weight":1.0094},
{"Node_id":31934,"weight":0.3611},
{"Node_id":31935,"weight":1.2345},
{"Node_id":31937,"weight":4.5751},
{"Node_id":31981,"weight":1.2832},
{"Node_id":31983,"weight":1.2962},
{"Node_id":31985,"weight":0.7556},
{"Node_id":31988,"weight":0.1523},
{"Node_id":31991,"weight":0.7773},
{"Node_id":31992,"weight":0.5262},
{"Node_id":31993,"weight":1.7105},
{"Node_id":31995,"weight":1.3334},
{"Node_id":31997,"weight":2.5297},
{"Node_id":31998,"weight":3.3138},
{"Node_id":32001,"weight":0.6857},
{"Node_id":32003,"weight":0.1302},
{"Node_id":32004,"weight":0.0492},
{"Node_id":32006,"weight":2.0515},
{"Node_id":32009,"weight":0.4811},
{"Node_id":32010,"weight":2.0645},
{"Node_id":32011,"weight":0.0324},
{"Node_id":32012,"weight":2.6385},
{"Node_id":32016,"weight":0.5159},
{"Node_id":32017,"weight":0.3917},
{"Node_id":32018,"weight":1.6642},
{"Node_id":32020,"weight":0.4819},
{"Node_id":32027,"weight":0.5066},
{"Node_id":32029,"weight":0.8383},
{"Node_id":32031,"weight":7.418},
{"Node_id":32035,"weight":1.0284},
{"Node_id":32043,"weight":2.1503},
{"Node_id":32044,"weight":1.2174},
{"Node_id":32048,"weight":3.2178},
{"Node_id":32050,"weight":0.4301},
{"Node_id":32051,"weight":1.3153},
{"Node_id":32056,"weight":2.3788},
{"Node_id":32058,"weight":1.0099},
{"Node_id":32069,"weight":0.3772},
{"Node_id":32073,"weight":0.2908},
{"Node_id":32174,"weight":0.8449},
{"Node_id":32180,"weight":1.8128},
{"Node_id":32182,"weight":0.3314},
{"Node_id":32185,"weight":3.0162},
{"Node_id":32305,"weight":0.2128},
{"Node_id":32307,"weight":1.1488},
{"Node_id":32309,"weight":2.1397},
{"Node_id":32311,"weight":0.6177},
{"Node_id":32313,"weight":0.7446},
{"Node_id":32315,"weight":3.0207},
{"Node_id":32317,"weight":2.0806},
{"Node_id":32319,"weight":1.7591},
{"Node_id":32321,"weight":0.1523},
{"Node_id":32322,"weight":3.5884},
{"Node_id":32323,"weight":3.6885},
{"Node_id":32327,"weight":0.9609},
{"Node_id":32329,"weight":1.7051},
{"Node_id":32332,"weight":0.4595},
{"Node_id":32337,"weight":4.7474},
{"Node_id":32339,"weight":1.793},
{"Node_id":32344,"weight":0.4934},
{"Node_id":32345,"weight":0.4243},
{"Node_id":32347,"weight":3.3621},
{"Node_id":32488,"weight":6.6441},
{"Node_id":33128,"weight":2.0105},
{"Node_id":33289,"weight":0.8635},
{"Node_id":33290,"weight":2.0183},
{"Node_id":33293,"weight":3.8666},
{"Node_id":33297,"weight":8.1114},
{"Node_id":33299,"weight":0.457},
{"Node_id":33303,"weight":1.5835},
{"Node_id":33308,"weight":0.6522},
{"Node_id":33310,"weight":0.405},
{"Node_id":33311,"weight":0.74},
{"Node_id":33313,"weight":0.359},
{"Node_id":33317,"weight":1.602},
{"Node_id":33321,"weight":1.2213},
{"Node_id":33329,"weight":0.8655},
{"Node_id":33340,"weight":0.7699},
{"Node_id":33342,"weight":0.1704},
{"Node_id":33344,"weight":2.883},
{"Node_id":33345,"weight":1.9496},
{"Node_id":33346,"weight":4.0634},
{"Node_id":33352,"weight":2.97},
{"Node_id":33354,"weight":1.3437},
{"Node_id":33441,"weight":3.2314},
{"Node_id":33443,"weight":0.2802},
{"Node_id":33445,"weight":1.597},
{"Node_id":33451,"weight":1.3763},
{"Node_id":33452,"weight":5.9496},
{"Node_id":33453,"weight":1.6063},
{"Node_id":33457,"weight":0.7295},
{"Node_id":33462,"weight":0.3801},
{"Node_id":33468,"weight":0.658},
{"Node_id":33469,"weight":1.016},
{"Node_id":33472,"weight":1.4696},
{"Node_id":33474,"weight":0.6789},
{"Node_id":33476,"weight":2.5008},
{"Node_id":33477,"weight":1.0548},
{"Node_id":33490,"weight":1.5892},
{"Node_id":33496,"weight":0.7259},
{"Node_id":33498,"weight":1.4657},
{"Node_id":33500,"weight":0.7023},
{"Node_id":33502,"weight":0.038},
{"Node_id":33506,"weight":1.0981},
{"Node_id":33508,"weight":2.773},
{"Node_id":33605,"weight":0.3265},
{"Node_id":33607,"weight":2.31},
{"Node_id":33609,"weight":0.6362},
{"Node_id":33611,"weight":1.1407},
{"Node_id":33614,"weight":0.4968},
{"Node_id":33690,"weight":0.4968},
{"Node_id":33692,"weight":1.7615},
{"Node_id":33693,"weight":2.4049},
{"Node_id":33699,"weight":0.4314},
{"Node_id":33701,"weight":0.825},
{"Node_id":33708,"weight":1.7655},
{"Node_id":33713,"weight":0.3269},
{"Node_id":33716,"weight":0.3031},
{"Node_id":33717,"weight":1.9188},
{"Node_id":33718,"weight":1.2339},
{"Node_id":33720,"weight":3.5845},
{"Node_id":33721,"weight":0.7501},
{"Node_id":33723,"weight":1.079},
{"Node_id":33724,"weight":2.321},
{"Node_id":33725,"weight":1.7167},
{"Node_id":33739,"weight":0.1061},
{"Node_id":33741,"weight":0.2424},
{"Node_id":33742,"weight":3.7357},
{"Node_id":33744,"weight":4.0694},
{"Node_id":33745,"weight":1.0094},
{"Node_id":33747,"weight":1.5984},
{"Node_id":33748,"weight":4.4451},
{"Node_id":33751,"weight":1.2709},
{"Node_id":33754,"weight":0.3963},
{"Node_id":33756,"weight":2.1994},
{"Node_id":33758,"weight":0.8944},
{"Node_id":33763,"weight":2.8633},
{"Node_id":33765,"weight":0.3996},
{"Node_id":33767,"weight":0.6821},
{"Node_id":33769,"weight":1.167},
{"Node_id":33771,"weight":0.6946},
{"Node_id":33772,"weight":2.1939},
{"Node_id":33773,"weight":1.1909},
{"Node_id":33775,"weight":0.5862},
{"Node_id":33777,"weight":0.8978},
{"Node_id":33787,"weight":1.3075},
{"Node_id":33788,"weight":1.4941},
{"Node_id":33789,"weight":0.7639},
{"Node_id":33790,"weight":0.058},
{"Node_id":33791,"weight":2.8991},
{"Node_id":33816,"weight":1.6982},
{"Node_id":33820,"weight":1.047},
{"Node_id":33821,"weight":1.3714},
{"Node_id":33823,"weight":3.3746},
{"Node_id":33825,"weight":0.938},
{"Node_id":33827,"weight":0.3503},
{"Node_id":33828,"weight":1.2832},
{"Node_id":33831,"weight":1.9259},
{"Node_id":33832,"weight":0.3685},
{"Node_id":33833,"weight":1.0748},
{"Node_id":33835,"weight":0.3011},
{"Node_id":33838,"weight":3.3683},
{"Node_id":33848,"weight":2.0979},
{"Node_id":33850,"weight":0.2201},
{"Node_id":33851,"weight":1.1942},
{"Node_id":33857,"weight":0.6816},
{"Node_id":33858,"weight":2.2943},
{"Node_id":33861,"weight":0.0388},
{"Node_id":33862,"weight":0.4276},
{"Node_id":33864,"weight":4.5653},
{"Node_id":33866,"weight":1.058},
{"Node_id":33870,"weight":2.7551},
{"Node_id":33873,"weight":2.9174},
{"Node_id":33876,"weight":0.98},
{"Node_id":33878,"weight":0.5902},
{"Node_id":33882,"weight":1.4611},
{"Node_id":33884,"weight":2.3801},
{"Node_id":33887,"weight":0.8934},
{"Node_id":33890,"weight":1.0997},
{"Node_id":33893,"weight":1.45},
{"Node_id":33895,"weight":0.2481},
{"Node_id":33899,"weight":1.1494},
{"Node_id":33902,"weight":5.8061},
{"Node_id":33944,"weight":0.0528},
{"Node_id":33947,"weight":0.5481},
{"Node_id":34016,"weight":0.7391},
{"Node_id":34019,"weight":0.988},
{"Node_id":34024,"weight":0.8998},
{"Node_id":34029,"weight":0.8891},
{"Node_id":34033,"weight":0.0228},
{"Node_id":34035,"weight":0.7268},
{"Node_id":34039,"weight":1.3794},
{"Node_id":34041,"weight":2.4923},
{"Node_id":34043,"weight":1.5451},
{"Node_id":34046,"weight":4.2915},
{"Node_id":34048,"weight":0.909},
{"Node_id":34054,"weight":0.3064},
{"Node_id":34055,"weight":2.4089},
{"Node_id":34056,"weight":0.2096},
{"Node_id":34057,"weight":0.3789},
{"Node_id":34058,"weight":1.5116},
{"Node_id":34060,"weight":2.895},
{"Node_id":34310,"weight":1.6121},
{"Node_id":34313,"weight":0.6151},
{"Node_id":34315,"weight":3.1099},
{"Node_id":34317,"weight":2.8305},
{"Node_id":34318,"weight":1.119},
{"Node_id":34324,"weight":0.4515},
{"Node_id":34326,"weight":2.1302},
{"Node_id":34479,"weight":0.3693},
{"Node_id":34481,"weight":0.0124},
{"Node_id":34498,"weight":1.9625},
{"Node_id":34500,"weight":0.612},
{"Node_id":34501,"weight":1.4384},
{"Node_id":34554,"weight":2.7357},
{"Node_id":34555,"weight":2.1365},
{"Node_id":34558,"weight":0.4255},
{"Node_id":34617,"weight":0.0704},
{"Node_id":34619,"weight":1.631},
{"Node_id":34620,"weight":1.9542},
{"Node_id":34658,"weight":0.281},
{"Node_id":34659,"weight":5.4685},
{"Node_id":34662,"weight":0.5797},
{"Node_id":34663,"weight":1.5279},
{"Node_id":34664,"weight":1.4835},
{"Node_id":34665,"weight":2.6761},
{"Node_id":34666,"weight":0.4009},
{"Node_id":34670,"weight":0.638},
{"Node_id":34672,"weight":2.2028},
{"Node_id":34677,"weight":0.6195},
{"Node_id":34679,"weight":0.3714},
{"Node_id":34682,"weight":1.3334},
{"Node_id":34683,"weight":1.2803},
{"Node_id":34685,"weight":1.2587},
{"Node_id":34687,"weight":1.4975},
{"Node_id":34689,"weight":1.1703},
{"Node_id":34697,"weight":1.9081},
{"Node_id":34700,"weight":0.8833},
{"Node_id":34702,"weight":1.2454},
{"Node_id":34704,"weight":0.8559},
{"Node_id":34707,"weight":2.375},
{"Node_id":34713,"weight":0.6522},
{"Node_id":34716,"weight":1.5306},
{"Node_id":34717,"weight":0.8545},
{"Node_id":34718,"weight":0.6256},
{"Node_id":34722,"weight":0.9061},
{"Node_id":34725,"weight":0.1121},
{"Node_id":34726,"weight":1.5729},
{"Node_id":34728,"weight":0.0536},
{"Node_id":34730,"weight":1.3455},
{"Node_id":34744,"weight":0.4785},
{"Node_id":34747,"weight":2.2764},
{"Node_id":34752,"weight":0.8274},
{"Node_id":34755,"weight":0.0752},
{"Node_id":34756,"weight":2.1103},
{"Node_id":34762,"weight":2.4643},
{"Node_id":34763,"weight":0.3722},
{"Node_id":34764,"weight":1.7955},
{"Node_id":34846,"weight":3.5362},
{"Node_id":34856,"weight":1.4982},
{"Node_id":34868,"weight":1.8816},
{"Node_id":34870,"weight":0.7866},
{"Node_id":34871,"weight":1.2756},
{"Node_id":34872,"weight":0.056},
{"Node_id":34874,"weight":3.0343},
{"Node_id":34942,"weight":0.8071},
{"Node_id":34943,"weight":1.7623},
{"Node_id":34975,"weight":1.4723},
{"Node_id":34981,"weight":0.588},
{"Node_id":34983,"weight":1.3738},
{"Node_id":34984,"weight":0.8731},
{"Node_id":34989,"weight":0.3648},
{"Node_id":34990,"weight":1.9259},
{"Node_id":34992,"weight":0.9071},
{"Node_id":35005,"weight":3.3438},
{"Node_id":35012,"weight":1.5272},
{"Node_id":35018,"weight":0.4105},
{"Node_id":35056,"weight":0.3347},
{"Node_id":35059,"weight":3.7624},
{"Node_id":35060,"weight":1.9811},
{"Node_id":35061,"weight":0.1761},
{"Node_id":35062,"weight":0.07},
{"Node_id":35065,"weight":1.4064},
{"Node_id":35066,"weight":1.5049},
{"Node_id":35073,"weight":0.4276},
{"Node_id":35077,"weight":3.248},
{"Node_id":35078,"weight":1.9625},
{"Node_id":35079,"weight":3.5807},
{"Node_id":35081,"weight":0.6217},
{"Node_id":35083,"weight":0.3917},
{"Node_id":35091,"weight":2.6811},
{"Node_id":35094,"weight":1.2134},
{"Node_id":35096,"weight":0.277},
{"Node_id":35098,"weight":2.4235},
{"Node_id":35102,"weight":0.1398},
{"Node_id":35112,"weight":0.127},
{"Node_id":35114,"weight":1.2123},
{"Node_id":35120,"weight":2.887},
{"Node_id":35121,"weight":2.7115},
{"Node_id":35122,"weight":0.9926},
{"Node_id":35123,"weight":2.0436},
{"Node_id":35124,"weight":0.9277},
{"Node_id":35129,"weight":1.5885},
{"Node_id":35132,"weight":0.6006},
{"Node_id":35136,"weight":6.1171},
{"Node_id":35162,"weight":0.3084},
{"Node_id":35165,"weight":0.4845},
{"Node_id":35166,"weight":1.469},
{"Node_id":35167,"weight":1.334},
{"Node_id":35168,"weight":0.4406},
{"Node_id":35170,"weight":0.4171},
{"Node_id":35254,"weight":0.4959},
{"Node_id":35255,"weight":0.909},
{"Node_id":35257,"weight":0.306},
{"Node_id":35265,"weight":0.5697},
{"Node_id":35270,"weight":0.5767},
{"Node_id":35271,"weight":3.2876},
{"Node_id":35273,"weight":1.0611},
{"Node_id":35294,"weight":1.7687},
{"Node_id":35295,"weight":1.6664},
{"Node_id":35296,"weight":0.4883},
{"Node_id":35411,"weight":0.231},
{"Node_id":35417,"weight":0.555},
{"Node_id":35454,"weight":0.0696},
{"Node_id":35457,"weight":0.6402},
{"Node_id":35461,"weight":1.2293},
{"Node_id":35468,"weight":0.9544},
{"Node_id":35469,"weight":1.6135},
{"Node_id":35470,"weight":1.5575},
{"Node_id":35472,"weight":1.1527},
{"Node_id":35474,"weight":0.1362},
{"Node_id":35475,"weight":1.575},
{"Node_id":35479,"weight":1.8983},
{"Node_id":35481,"weight":2.0615},
{"Node_id":35483,"weight":2.2576},
{"Node_id":35484,"weight":1.6405},
{"Node_id":36182,"weight":1.6121},
{"Node_id":36269,"weight":0.3335},
{"Node_id":36278,"weight":0.5845},
{"Node_id":36279,"weight":1.9915},
{"Node_id":36280,"weight":0.5254},
{"Node_id":36287,"weight":0.6327},
{"Node_id":36288,"weight":1.1282},
{"Node_id":36300,"weight":0.4566},
{"Node_id":36302,"weight":1.0237},
{"Node_id":36305,"weight":2.3136},
{"Node_id":36307,"weight":0.8891},
{"Node_id":36311,"weight":0.6771},
{"Node_id":36312,"weight":1.9953},
{"Node_id":36313,"weight":0.1314},
{"Node_id":36322,"weight":0.6442},
{"Node_id":36324,"weight":0.7676},
{"Node_id":36332,"weight":0.0088},
{"Node_id":36338,"weight":0.2144},
{"Node_id":36340,"weight":3.1297},
{"Node_id":36422,"weight":1.7051},
{"Node_id":36423,"weight":4.6684},
{"Node_id":36425,"weight":2.6321},
{"Node_id":36426,"weight":0.3191},
{"Node_id":36429,"weight":2.1654},
{"Node_id":36431,"weight":1.0585},
{"Node_id":36479,"weight":0.6248},
{"Node_id":36482,"weight":2.2402},
{"Node_id":36525,"weight":1.372},
{"Node_id":36527,"weight":1.145},
{"Node_id":36530,"weight":1.9161},
{"Node_id":36602,"weight":2.2299},
{"Node_id":36611,"weight":1.3807},
{"Node_id":36612,"weight":1.7283},
{"Node_id":36614,"weight":0.1342},
{"Node_id":36615,"weight":0.162},
{"Node_id":36619,"weight":1.6405},
{"Node_id":36631,"weight":1.3926},
{"Node_id":36632,"weight":0.3512},
{"Node_id":36633,"weight":1.0928},
{"Node_id":36636,"weight":0.7295},
{"Node_id":36645,"weight":0.8463},
{"Node_id":36647,"weight":1.53},
{"Node_id":36651,"weight":1.2639},
{"Node_id":36652,"weight":0.8029},
{"Node_id":36653,"weight":3.5582},
{"Node_id":36654,"weight":0.6248},
{"Node_id":36658,"weight":1.4429},
{"Node_id":36659,"weight":2.3161},
{"Node_id":36661,"weight":0.568},
{"Node_id":36664,"weight":1.1072},
{"Node_id":36665,"weight":4.119},
{"Node_id":36669,"weight":0.2221},
{"Node_id":36670,"weight":0.8703},
{"Node_id":36673,"weight":1.3633},
{"Node_id":36675,"weight":0.8449},
{"Node_id":36676,"weight":0.052},
{"Node_id":36797,"weight":1.7955},
{"Node_id":36798,"weight":1.0585},
{"Node_id":36801,"weight":0.3146},
{"Node_id":36803,"weight":0.1547},
{"Node_id":36814,"weight":3.3652},
{"Node_id":36815,"weight":0.9659},
{"Node_id":36861,"weight":0.4251},
{"Node_id":36862,"weight":0.865},
{"Node_id":36879,"weight":0.7875},
{"Node_id":36897,"weight":2.9508},
{"Node_id":36926,"weight":0.0324},
{"Node_id":36927,"weight":0.5417},
{"Node_id":36929,"weight":0.7127},
{"Node_id":36932,"weight":1.059},
{"Node_id":37046,"weight":0.5749},
{"Node_id":37047,"weight":1.4442},
{"Node_id":37049,"weight":0.5915},
{"Node_id":37050,"weight":3.2178},
{"Node_id":37059,"weight":1.1082},
{"Node_id":37060,"weight":0.5002},
{"Node_id":37086,"weight":2.7166},
{"Node_id":37087,"weight":4.4192},
{"Node_id":37092,"weight":1.1538},
{"Node_id":37103,"weight":0.0588},
{"Node_id":37106,"weight":1.4901},
{"Node_id":37110,"weight":0.9316},
{"Node_id":37114,"weight":1.5541},
{"Node_id":37115,"weight":1.5899},
{"Node_id":37119,"weight":0.5915},
{"Node_id":37120,"weight":0.0304},
{"Node_id":37122,"weight":1.5252},
{"Node_id":37124,"weight":2.1774},
{"Node_id":37125,"weight":0.6098},
{"Node_id":37126,"weight":0.1298},
{"Node_id":37127,"weight":0.5447},
{"Node_id":37128,"weight":3.0095},
{"Node_id":37129,"weight":1.5069},
{"Node_id":37130,"weight":0.5511},
{"Node_id":37131,"weight":0.8799},
{"Node_id":37132,"weight":1.21},
{"Node_id":37133,"weight":0.4309},
{"Node_id":37134,"weight":4.1318},
{"Node_id":37136,"weight":4.7474},
{"Node_id":37150,"weight":0.9346},
{"Node_id":37156,"weight":0.3938},
{"Node_id":37158,"weight":3.1272},
{"Node_id":37161,"weight":0.3747},
{"Node_id":37162,"weight":1.4835},
{"Node_id":37164,"weight":0.5702},
{"Node_id":37167,"weight":0.9164},
{"Node_id":37170,"weight":0.4701},
{"Node_id":37171,"weight":0.7875},
{"Node_id":37172,"weight":0.1688},
{"Node_id":37175,"weight":0.8993},
{"Node_id":37178,"weight":0.6186},
{"Node_id":37181,"weight":1.2089},
{"Node_id":37222,"weight":1.86},
{"Node_id":37260,"weight":0.67},
{"Node_id":37262,"weight":0.0508},
{"Node_id":37269,"weight":5.2933},
{"Node_id":37272,"weight":0.3942},
{"Node_id":37275,"weight":0.0816},
{"Node_id":37280,"weight":0.2843},
{"Node_id":37282,"weight":0.8886},
{"Node_id":37284,"weight":2.4369},
{"Node_id":37289,"weight":1.2558},
{"Node_id":37325,"weight":0.2876},
{"Node_id":37326,"weight":1.5589},
{"Node_id":37329,"weight":3.1498},
{"Node_id":37341,"weight":0.4385},
{"Node_id":37344,"weight":0.2643},
{"Node_id":37346,"weight":0.315},
{"Node_id":37351,"weight":0.6678},
{"Node_id":37353,"weight":0.7945},
{"Node_id":37354,"weight":1.3123},
{"Node_id":37439,"weight":2.9423},
{"Node_id":37441,"weight":2.3003},
{"Node_id":37445,"weight":2.5137},
{"Node_id":37447,"weight":0.3347},
{"Node_id":37448,"weight":0.1218},
{"Node_id":37453,"weight":2.2483},
{"Node_id":37456,"weight":0.0865},
{"Node_id":37458,"weight":0.9759},
{"Node_id":37466,"weight":1.45},
{"Node_id":37475,"weight":2.0029},
{"Node_id":37477,"weight":1.1881},
{"Node_id":37478,"weight":2.1807},
{"Node_id":37483,"weight":0.0488},
{"Node_id":37485,"weight":0.6508},
{"Node_id":37486,"weight":1.4274},
{"Node_id":37494,"weight":2.9487},
{"Node_id":37538,"weight":1.3358},
{"Node_id":37545,"weight":0.8478},
{"Node_id":37548,"weight":0.781},
{"Node_id":37549,"weight":0.0128},
{"Node_id":37552,"weight":1.2552},
{"Node_id":37554,"weight":0.4021},
{"Node_id":37555,"weight":1.5259},
{"Node_id":37560,"weight":0.834},
{"Node_id":37562,"weight":1.8371},
{"Node_id":37578,"weight":0.8857},
{"Node_id":37584,"weight":1.9296},
{"Node_id":37586,"weight":0.9095},
{"Node_id":37589,"weight":0.2359},
{"Node_id":37591,"weight":0.0284}]