[{"Inferred_node_ids":[4112],"Node_id":1479},
{"Inferred_node_ids":[4141],"Node_id":1480},
{"Inferred_node_ids":[4143],"Node_id":1481},
{"Inferred_node_ids":[4123],"Node_id":1482},
{"Inferred_node_ids":[4100],"Node_id":1483},
{"Inferred_node_ids":[4158],"Node_id":1484},
{"Inferred_node_ids":[4150],"Node_id":1485},
{"Inferred_node_ids":[4091],"Node_id":2330},
{"Inferred_node_ids":[4121],"Node_id":2331},
{"Inferred_node_ids":[4101],"Node_id":2332},
{"Inferred_node_ids":[4128],"Node_id":2333},
{"Inferred_node_ids":[4154],"Node_id":2334},
{"Inferred_node_ids":[4134],"Node_id":2335},
{"Inferred_node_ids":[4122],"Node_id":2505},
{"Inferred_node_ids":[4148],"Node_id":2506},
{"Inferred_node_ids":[4159],"Node_id":2507},
{"Inferred_node_ids":[4129],"Node_id":2508},
{"Inferred_node_ids":[4098],"Node_id":2509},
{"Inferred_node_ids":[4144],"Node_id":2510},
{"Inferred_node_ids":[4155],"Node_id":2511},
{"Inferred_node_ids":[4115],"Node_id":2512},
{"Inferred_node_ids":[4133],"Node_id":2513},
{"Inferred_node_ids":[4119],"Node_id":2514},
{"Inferred_node_ids":[4132],"Node_id":2515},
{"Inferred_node_ids":[4099],"Node_id":2516},
{"Inferred_node_ids":[4151],"Node_id":2517},
{"Inferred_node_ids":[4142],"Node_id":2518},
{"Inferred_node_ids":[4105],"Node_id":2519},
{"Inferred_node_ids":[4120],"Node_id":2520},
{"Inferred_node_ids":[4116],"Node_id":2521},
{"Inferred_node_ids":[4110],"Node_id":2522},
{"Inferred_node_ids":[4102],"Node_id":2523},
{"Inferred_node_ids":[4125],"Node_id":2524},
{"Inferred_node_ids":[4106],"Node_id":15537},
{"Inferred_node_ids":[4111],"Node_id":15538},
{"Inferred_node_ids":[4145],"Node_id":15539},
{"Inferred_node_ids":[4130],"Node_id":15540},
{"Inferred_node_ids":[4139],"Node_id":15541},
{"Inferred_node_ids":[4156],"Node_id":15542},
{"Inferred_node_ids":[4109],"Node_id":16704},
{"Inferred_node_ids":[4118],"Node_id":16705},
{"Inferred_node_ids":[4096],"Node_id":16706},
{"Inferred_node_ids":[4094],"Node_id":16707},
{"Inferred_node_ids":[4117],"Node_id":16708},
{"Inferred_node_ids":[4157],"Node_id":16709},
{"Inferred_node_ids":[4149],"Node_id":16710},
{"Inferred_node_ids":[4126],"Node_id":17555},
{"Inferred_node_ids":[4093],"Node_id":17556},
{"Inferred_node_ids":[4136],"Node_id":17557},
{"Inferred_node_ids":[4140],"Node_id":17558},
{"Inferred_node_ids":[4114],"Node_id":17559},
{"Inferred_node_ids":[4107],"Node_id":17560},
{"Inferred_node_ids":[4124],"Node_id":17730},
{"Inferred_node_ids":[4147],"Node_id":17731},
{"Inferred_node_ids":[4097],"Node_id":17732},
{"Inferred_node_ids":[4103],"Node_id":17733},
{"Inferred_node_ids":[4152],"Node_id":17734},
{"Inferred_node_ids":[4127],"Node_id":17735},
{"Inferred_node_ids":[4113],"Node_id":17736},
{"Inferred_node_ids":[4104],"Node_id":17737},
{"Inferred_node_ids":[4135],"Node_id":17738},
{"Inferred_node_ids":[4146],"Node_id":17739},
{"Inferred_node_ids":[4095],"Node_id":17740},
{"Inferred_node_ids":[4137],"Node_id":17741},
{"Inferred_node_ids":[4092],"Node_id":17742},
{"Inferred_node_ids":[4131],"Node_id":17743},
{"Inferred_node_ids":[4138],"Node_id":17745},
{"Inferred_node_ids":[4090],"Node_id":17746},
{"Inferred_node_ids":[4108],"Node_id":17747},
{"Inferred_node_ids":[4153],"Node_id":17748}]