[{"Node_id":2564,"weight":1.9214},
{"Node_id":2568,"weight":2.184},
{"Node_id":2569,"weight":3.483},
{"Node_id":2570,"weight":2.2799},
{"Node_id":2572,"weight":1.9802},
{"Node_id":2573,"weight":2.5051},
{"Node_id":2575,"weight":2.3015},
{"Node_id":2576,"weight":2.2634},
{"Node_id":2577,"weight":2.4994},
{"Node_id":2580,"weight":1.6493},
{"Node_id":2582,"weight":2.0367},
{"Node_id":2583,"weight":1.4319},
{"Node_id":2584,"weight":3.8918},
{"Node_id":2586,"weight":1.8825},
{"Node_id":2590,"weight":2.321},
{"Node_id":2591,"weight":1.6936},
{"Node_id":2596,"weight":2.4195},
{"Node_id":2598,"weight":1.8203},
{"Node_id":2600,"weight":2.184},
{"Node_id":2601,"weight":1.7036},
{"Node_id":2606,"weight":2.7912},
{"Node_id":2612,"weight":3.7945},
{"Node_id":2616,"weight":1.5736},
{"Node_id":2617,"weight":1.9597},
{"Node_id":2619,"weight":1.4474},
{"Node_id":2621,"weight":2.0241},
{"Node_id":2643,"weight":2.4866},
{"Node_id":2646,"weight":3.2124},
{"Node_id":2647,"weight":2.5123},
{"Node_id":2650,"weight":1.744},
{"Node_id":2654,"weight":1.8643},
{"Node_id":2656,"weight":1.7036},
{"Node_id":2657,"weight":2.5852},
{"Node_id":2660,"weight":3.9713},
{"Node_id":2662,"weight":2.0212},
{"Node_id":2663,"weight":1.3976},
{"Node_id":2664,"weight":1.5513},
{"Node_id":2666,"weight":1.5492},
{"Node_id":2667,"weight":2.0456},
{"Node_id":2669,"weight":2.0595},
{"Node_id":2673,"weight":1.8421},
{"Node_id":2675,"weight":3.429},
{"Node_id":2677,"weight":2.001},
{"Node_id":2678,"weight":1.6353},
{"Node_id":2679,"weight":1.4539},
{"Node_id":2680,"weight":4.219},
{"Node_id":2696,"weight":1.5638},
{"Node_id":2700,"weight":2.4102},
{"Node_id":2706,"weight":1.6034},
{"Node_id":2710,"weight":1.9532},
{"Node_id":2711,"weight":2.1928},
{"Node_id":2712,"weight":1.6493},
{"Node_id":2714,"weight":2.3983},
{"Node_id":2719,"weight":2.3271},
{"Node_id":2721,"weight":1.5764},
{"Node_id":2723,"weight":2.7115},
{"Node_id":2729,"weight":4.2766},
{"Node_id":2731,"weight":3.2397},
{"Node_id":2733,"weight":5.2159},
{"Node_id":2737,"weight":1.5666},
{"Node_id":2740,"weight":1.866},
{"Node_id":2742,"weight":2.1218},
{"Node_id":2744,"weight":3.596},
{"Node_id":2747,"weight":2.887},
{"Node_id":2871,"weight":3.3227},
{"Node_id":3387,"weight":2.0887},
{"Node_id":3626,"weight":2.2196},
{"Node_id":3629,"weight":2.9635},
{"Node_id":3630,"weight":3.9549},
{"Node_id":3631,"weight":1.4474},
{"Node_id":3633,"weight":2.3996},
{"Node_id":3634,"weight":1.7433},
{"Node_id":3635,"weight":2.1807},
{"Node_id":3636,"weight":2.3866},
{"Node_id":3637,"weight":1.3919},
{"Node_id":3643,"weight":2.0938},
{"Node_id":3646,"weight":2.3433},
{"Node_id":3648,"weight":2.5504},
{"Node_id":3650,"weight":2.5519},
{"Node_id":3652,"weight":2.3648},
{"Node_id":3656,"weight":1.4481},
{"Node_id":3658,"weight":5.2933},
{"Node_id":3659,"weight":1.4313},
{"Node_id":3661,"weight":1.9305},
{"Node_id":3663,"weight":2.5195},
{"Node_id":3665,"weight":3.2151},
{"Node_id":3666,"weight":2.3271},
{"Node_id":3668,"weight":4.6469},
{"Node_id":3669,"weight":2.2943},
{"Node_id":3670,"weight":3.4523},
{"Node_id":3674,"weight":1.6142},
{"Node_id":3676,"weight":3.0006},
{"Node_id":3688,"weight":3.4225},
{"Node_id":3694,"weight":1.8704},
{"Node_id":3696,"weight":1.452},
{"Node_id":3697,"weight":3.6677},
{"Node_id":3699,"weight":1.6405},
{"Node_id":3703,"weight":1.6627},
{"Node_id":3704,"weight":3.1173},
{"Node_id":3708,"weight":2.9786},
{"Node_id":3710,"weight":1.7151},
{"Node_id":3714,"weight":1.7448},
{"Node_id":3755,"weight":1.4822},
{"Node_id":3756,"weight":3.7852},
{"Node_id":3758,"weight":2.1218},
{"Node_id":3761,"weight":5.9496},
{"Node_id":3762,"weight":2.1961},
{"Node_id":3763,"weight":1.86},
{"Node_id":3767,"weight":4.1711},
{"Node_id":3770,"weight":2.4629},
{"Node_id":3772,"weight":4.6259},
{"Node_id":3773,"weight":4.5555},
{"Node_id":3776,"weight":1.8921},
{"Node_id":3778,"weight":1.4261},
{"Node_id":3782,"weight":1.4815},
{"Node_id":3784,"weight":1.5451},
{"Node_id":3787,"weight":2.579},
{"Node_id":3790,"weight":1.5361},
{"Node_id":3791,"weight":1.8371},
{"Node_id":3793,"weight":2.5654},
{"Node_id":3807,"weight":2.2494},
{"Node_id":3808,"weight":2.5669},
{"Node_id":3810,"weight":2.8439},
{"Node_id":3811,"weight":2.3371},
{"Node_id":3812,"weight":1.3913},
{"Node_id":3814,"weight":2.7712},
{"Node_id":3816,"weight":1.9386},
{"Node_id":3823,"weight":1.4364},
{"Node_id":3830,"weight":1.4855},
{"Node_id":3832,"weight":1.421},
{"Node_id":3834,"weight":2.6434},
{"Node_id":3835,"weight":1.6777},
{"Node_id":3839,"weight":2.4168},
{"Node_id":4072,"weight":5.4217},
{"Node_id":4073,"weight":5.5429},
{"Node_id":4077,"weight":3.3377},
{"Node_id":4136,"weight":5.045},
{"Node_id":4137,"weight":3.8766},
{"Node_id":4139,"weight":1.7354},
{"Node_id":4141,"weight":1.7198},
{"Node_id":4144,"weight":3.6076},
{"Node_id":4146,"weight":3.6273},
{"Node_id":4147,"weight":3.7401},
{"Node_id":4152,"weight":1.6419},
{"Node_id":4154,"weight":2.0212},
{"Node_id":4156,"weight":3.8469},
{"Node_id":4158,"weight":1.4742},
{"Node_id":4159,"weight":1.4881},
{"Node_id":4160,"weight":1.9523},
{"Node_id":4162,"weight":2.0575},
{"Node_id":4163,"weight":1.7922},
{"Node_id":4168,"weight":5.4927},
{"Node_id":4171,"weight":3.7446},
{"Node_id":4174,"weight":3.5075},
{"Node_id":4175,"weight":1.7472},
{"Node_id":4178,"weight":2.5519},
{"Node_id":4180,"weight":3.8372},
{"Node_id":4181,"weight":2.0615},
{"Node_id":4185,"weight":1.812},
{"Node_id":4187,"weight":1.7567},
{"Node_id":4189,"weight":2.1906},
{"Node_id":4191,"weight":2.9465},
{"Node_id":4193,"weight":3.6432},
{"Node_id":4194,"weight":5.1441},
{"Node_id":4196,"weight":3.0978},
{"Node_id":4197,"weight":3.8132},
{"Node_id":4199,"weight":2.401},
{"Node_id":4201,"weight":1.515},
{"Node_id":4202,"weight":2.9072},
{"Node_id":4203,"weight":1.8575},
{"Node_id":4204,"weight":3.0644},
{"Node_id":4206,"weight":2.3039},
{"Node_id":4211,"weight":2.025},
{"Node_id":4223,"weight":3.9658},
{"Node_id":4229,"weight":2.8381},
{"Node_id":4231,"weight":2.0338},
{"Node_id":4233,"weight":1.9323},
{"Node_id":4241,"weight":2.6337},
{"Node_id":4242,"weight":1.5485},
{"Node_id":4243,"weight":2.5297},
{"Node_id":4245,"weight":1.7663},
{"Node_id":4247,"weight":1.4422},
{"Node_id":4249,"weight":1.5729},
{"Node_id":4251,"weight":2.7409},
{"Node_id":4283,"weight":2.8711},
{"Node_id":4285,"weight":1.5659},
{"Node_id":4286,"weight":1.4782},
{"Node_id":4288,"weight":2.4796},
{"Node_id":4290,"weight":5.4927},
{"Node_id":4302,"weight":1.4862},
{"Node_id":4305,"weight":2.1622},
{"Node_id":4306,"weight":1.8253},
{"Node_id":4307,"weight":2.1928},
{"Node_id":4309,"weight":1.656},
{"Node_id":4313,"weight":1.6027},
{"Node_id":4315,"weight":1.8609},
{"Node_id":4320,"weight":2.6928},
{"Node_id":4321,"weight":3.3903},
{"Node_id":4327,"weight":2.6147},
{"Node_id":4331,"weight":4.1513},
{"Node_id":4333,"weight":1.5197},
{"Node_id":4334,"weight":3.4356},
{"Node_id":4335,"weight":4.4538},
{"Node_id":4336,"weight":3.2507},
{"Node_id":4337,"weight":1.4775},
{"Node_id":4338,"weight":3.6595},
{"Node_id":4341,"weight":1.8354},
{"Node_id":4342,"weight":2.7857},
{"Node_id":4345,"weight":1.8643},
{"Node_id":4346,"weight":2.1354},
{"Node_id":4350,"weight":2.5882},
{"Node_id":4354,"weight":2.6466},
{"Node_id":4355,"weight":2.1796},
{"Node_id":4357,"weight":3.562},
{"Node_id":4361,"weight":2.6022},
{"Node_id":4363,"weight":2.2716},
{"Node_id":4365,"weight":1.7543},
{"Node_id":4367,"weight":1.9098},
{"Node_id":4369,"weight":2.4519},
{"Node_id":4371,"weight":2.6434},
{"Node_id":4374,"weight":1.7711},
{"Node_id":4376,"weight":1.5485},
{"Node_id":4378,"weight":3.1222},
{"Node_id":4379,"weight":2.1752},
{"Node_id":4380,"weight":2.6321},
{"Node_id":4381,"weight":2.7183},
{"Node_id":4383,"weight":3.1026},
{"Node_id":4387,"weight":2.2576},
{"Node_id":4388,"weight":3.1625},
{"Node_id":4390,"weight":2.3814},
{"Node_id":4413,"weight":2.3827},
{"Node_id":4414,"weight":2.1514},
{"Node_id":4419,"weight":1.5899},
{"Node_id":4420,"weight":1.4941},
{"Node_id":4422,"weight":2.9984},
{"Node_id":4423,"weight":2.2084},
{"Node_id":4425,"weight":3.105},
{"Node_id":4426,"weight":2.1145},
{"Node_id":4466,"weight":1.7105},
{"Node_id":4467,"weight":2.1239},
{"Node_id":4469,"weight":2.7115},
{"Node_id":4471,"weight":1.6383},
{"Node_id":4473,"weight":3.6392},
{"Node_id":4476,"weight":1.7089},
{"Node_id":4479,"weight":3.3871},
{"Node_id":4480,"weight":2.9277},
{"Node_id":4481,"weight":4.5653},
{"Node_id":4485,"weight":1.5779},
{"Node_id":4486,"weight":3.8085},
{"Node_id":4489,"weight":1.6179},
{"Node_id":4491,"weight":2.4588},
{"Node_id":4492,"weight":1.6478},
{"Node_id":4494,"weight":2.342},
{"Node_id":4497,"weight":2.2681},
{"Node_id":4499,"weight":1.5109},
{"Node_id":4500,"weight":2.4519},
{"Node_id":4501,"weight":1.7105},
{"Node_id":4505,"weight":1.5807},
{"Node_id":4506,"weight":2.7586},
{"Node_id":4507,"weight":2.885},
{"Node_id":4509,"weight":3.3683},
{"Node_id":4516,"weight":2.0565},
{"Node_id":4518,"weight":1.4121},
{"Node_id":4520,"weight":1.7136},
{"Node_id":4522,"weight":1.7182},
{"Node_id":4523,"weight":1.6486},
{"Node_id":4524,"weight":3.5435},
{"Node_id":4532,"weight":3.2591},
{"Node_id":4533,"weight":1.6754},
{"Node_id":4537,"weight":2.1155},
{"Node_id":4539,"weight":1.4014},
{"Node_id":4540,"weight":1.7417},
{"Node_id":4547,"weight":2.8633},
{"Node_id":4554,"weight":4.0163},
{"Node_id":4556,"weight":1.7051},
{"Node_id":4558,"weight":1.8913},
{"Node_id":4562,"weight":1.5999},
{"Node_id":4663,"weight":1.8379},
{"Node_id":4664,"weight":1.3907},
{"Node_id":4669,"weight":2.4966},
{"Node_id":4671,"weight":3.562},
{"Node_id":4672,"weight":4.9548},
{"Node_id":4674,"weight":2.1873},
{"Node_id":4791,"weight":1.7988},
{"Node_id":4793,"weight":1.4802},
{"Node_id":4795,"weight":4.0634},
{"Node_id":4797,"weight":3.3347},
{"Node_id":4799,"weight":3.3777},
{"Node_id":4801,"weight":1.4178},
{"Node_id":4803,"weight":2.3788},
{"Node_id":4805,"weight":1.6664},
{"Node_id":4807,"weight":1.9143},
{"Node_id":4808,"weight":1.6523},
{"Node_id":4809,"weight":1.6538},
{"Node_id":4813,"weight":2.3584},
{"Node_id":4815,"weight":2.5224},
{"Node_id":4818,"weight":1.8834},
{"Node_id":4823,"weight":1.6627},
{"Node_id":4825,"weight":2.0605},
{"Node_id":4830,"weight":1.6982},
{"Node_id":4831,"weight":2.4505},
{"Node_id":4833,"weight":1.7825},
{"Node_id":4970,"weight":1.6186},
{"Node_id":15485,"weight":1.9746},
{"Node_id":15622,"weight":1.7043},
{"Node_id":15623,"weight":1.6612},
{"Node_id":15626,"weight":2.2208},
{"Node_id":15630,"weight":3.2017},
{"Node_id":15632,"weight":2.9939},
{"Node_id":15636,"weight":2.0038},
{"Node_id":15641,"weight":1.5892},
{"Node_id":15643,"weight":1.7377},
{"Node_id":15644,"weight":2.3321},
{"Node_id":15646,"weight":4.284},
{"Node_id":15650,"weight":2.3271},
{"Node_id":15654,"weight":2.5609},
{"Node_id":15656,"weight":2.0358},
{"Node_id":15662,"weight":2.1611},
{"Node_id":15668,"weight":2.8191},
{"Node_id":15673,"weight":6.1637},
{"Node_id":15675,"weight":3.3287},
{"Node_id":15677,"weight":2.1165},
{"Node_id":15678,"weight":1.5022},
{"Node_id":15679,"weight":2.5066},
{"Node_id":15687,"weight":2.955},
{"Node_id":15763,"weight":1.5949},
{"Node_id":15767,"weight":1.5582},
{"Node_id":15769,"weight":3.4095},
{"Node_id":15771,"weight":3.8132},
{"Node_id":15773,"weight":8.1114},
{"Node_id":15775,"weight":6.5699},
{"Node_id":15781,"weight":2.0959},
{"Node_id":15783,"weight":2.2907},
{"Node_id":15785,"weight":3.8372},
{"Node_id":15787,"weight":2.5775},
{"Node_id":15790,"weight":2.5297},
{"Node_id":15796,"weight":1.7346},
{"Node_id":15797,"weight":1.7252},
{"Node_id":15800,"weight":1.9487},
{"Node_id":15802,"weight":2.4221},
{"Node_id":15804,"weight":2.1031},
{"Node_id":15805,"weight":1.7607},
{"Node_id":15807,"weight":2.3321},
{"Node_id":15818,"weight":3.7579},
{"Node_id":15826,"weight":2.6678},
{"Node_id":15828,"weight":1.5245},
{"Node_id":15830,"weight":1.9896},
{"Node_id":15832,"weight":2.5023},
{"Node_id":15834,"weight":1.7151},
{"Node_id":15836,"weight":1.9634},
{"Node_id":15929,"weight":2.6482},
{"Node_id":15931,"weight":2.2634},
{"Node_id":15933,"weight":1.397},
{"Node_id":15935,"weight":1.9468},
{"Node_id":15938,"weight":1.53},
{"Node_id":16014,"weight":2.9808},
{"Node_id":16016,"weight":1.935},
{"Node_id":16017,"weight":1.6792},
{"Node_id":16023,"weight":1.4848},
{"Node_id":16025,"weight":3.1833},
{"Node_id":16027,"weight":1.659},
{"Node_id":16032,"weight":2.7235},
{"Node_id":16037,"weight":1.5652},
{"Node_id":16038,"weight":2.6945},
{"Node_id":16040,"weight":1.5715},
{"Node_id":16041,"weight":1.4723},
{"Node_id":16042,"weight":3.0435},
{"Node_id":16044,"weight":2.1312},
{"Node_id":16045,"weight":1.5002},
{"Node_id":16047,"weight":2.0745},
{"Node_id":16048,"weight":1.4822},
{"Node_id":16049,"weight":1.4848},
{"Node_id":16050,"weight":2.0436},
{"Node_id":16054,"weight":3.1651},
{"Node_id":16057,"weight":1.4975},
{"Node_id":16065,"weight":1.6906},
{"Node_id":16066,"weight":1.7736},
{"Node_id":16068,"weight":2.7857},
{"Node_id":16069,"weight":2.3546},
{"Node_id":16071,"weight":4.0694},
{"Node_id":16072,"weight":2.4671},
{"Node_id":16074,"weight":1.752},
{"Node_id":16075,"weight":2.0038},
{"Node_id":16078,"weight":1.4835},
{"Node_id":16080,"weight":2.727},
{"Node_id":16082,"weight":2.3648},
{"Node_id":16083,"weight":3.596},
{"Node_id":16087,"weight":2.3866},
{"Node_id":16089,"weight":1.4624},
{"Node_id":16091,"weight":2.3395},
{"Node_id":16093,"weight":2.4588},
{"Node_id":16095,"weight":2.8652},
{"Node_id":16096,"weight":1.5062},
{"Node_id":16097,"weight":1.4881},
{"Node_id":16099,"weight":1.4921},
{"Node_id":16101,"weight":1.776},
{"Node_id":16104,"weight":1.6974},
{"Node_id":16107,"weight":2.881},
{"Node_id":16111,"weight":2.6563},
{"Node_id":16112,"weight":1.6486},
{"Node_id":16113,"weight":1.9332},
{"Node_id":16114,"weight":1.8523},
{"Node_id":16115,"weight":2.8229},
{"Node_id":16116,"weight":2.5579},
{"Node_id":16117,"weight":2.6401},
{"Node_id":16118,"weight":1.5272},
{"Node_id":16119,"weight":1.5368},
{"Node_id":16120,"weight":4.8078},
{"Node_id":16121,"weight":1.9868},
{"Node_id":16123,"weight":1.9287},
{"Node_id":16124,"weight":1.5049},
{"Node_id":16126,"weight":1.5977},
{"Node_id":16127,"weight":2.5489},
{"Node_id":16128,"weight":2.1928},
{"Node_id":16130,"weight":2.3776},
{"Node_id":16131,"weight":2.2799},
{"Node_id":16132,"weight":2.4369},
{"Node_id":16133,"weight":3.0881},
{"Node_id":16134,"weight":1.4565},
{"Node_id":16135,"weight":2.0816},
{"Node_id":16136,"weight":2.7784},
{"Node_id":16138,"weight":2.0907},
{"Node_id":16139,"weight":6.0725},
{"Node_id":16140,"weight":2.8574},
{"Node_id":16141,"weight":1.4178},
{"Node_id":16142,"weight":1.5992},
{"Node_id":16143,"weight":2.1719},
{"Node_id":16144,"weight":1.5035},
{"Node_id":16145,"weight":1.3882},
{"Node_id":16146,"weight":2.2576},
{"Node_id":16147,"weight":3.3652},
{"Node_id":16148,"weight":2.5254},
{"Node_id":16149,"weight":1.7105},
{"Node_id":16150,"weight":4.8458},
{"Node_id":16151,"weight":2.2552},
{"Node_id":16152,"weight":1.3988},
{"Node_id":16153,"weight":1.4172},
{"Node_id":16154,"weight":1.6523},
{"Node_id":16155,"weight":1.7963},
{"Node_id":16156,"weight":4.1002},
{"Node_id":16157,"weight":2.5066},
{"Node_id":16158,"weight":2.5385},
{"Node_id":16159,"weight":2.877},
{"Node_id":16160,"weight":1.9523},
{"Node_id":16161,"weight":2.5714},
{"Node_id":16162,"weight":1.4565},
{"Node_id":16163,"weight":1.744},
{"Node_id":16164,"weight":1.6732},
{"Node_id":16165,"weight":1.798},
{"Node_id":16166,"weight":1.9305},
{"Node_id":16167,"weight":1.4229},
{"Node_id":16168,"weight":1.543},
{"Node_id":16169,"weight":4.1711},
{"Node_id":16170,"weight":2.6711},
{"Node_id":16171,"weight":2.205},
{"Node_id":16172,"weight":3.1347},
{"Node_id":16173,"weight":1.4815},
{"Node_id":16174,"weight":1.752},
{"Node_id":16175,"weight":3.0252},
{"Node_id":16176,"weight":1.6368},
{"Node_id":16177,"weight":2.9593},
{"Node_id":16178,"weight":3.1964},
{"Node_id":16179,"weight":2.0565},
{"Node_id":16180,"weight":1.9296},
{"Node_id":16181,"weight":1.8136},
{"Node_id":16182,"weight":2.2242},
{"Node_id":16183,"weight":2.3571},
{"Node_id":16184,"weight":3.8038},
{"Node_id":16185,"weight":2.0938},
{"Node_id":16186,"weight":2.0745},
{"Node_id":16187,"weight":2.5123},
{"Node_id":16188,"weight":1.5786},
{"Node_id":16189,"weight":1.726},
{"Node_id":16190,"weight":1.4663},
{"Node_id":16191,"weight":2.6563},
{"Node_id":16192,"weight":1.4147},
{"Node_id":16193,"weight":2.9011},
{"Node_id":16194,"weight":5.2347},
{"Node_id":16195,"weight":3.4095},
{"Node_id":16196,"weight":3.4225},
{"Node_id":16197,"weight":1.8557},
{"Node_id":16198,"weight":2.6498},
{"Node_id":16199,"weight":2.1134},
{"Node_id":16200,"weight":2.366},
{"Node_id":16201,"weight":1.9395},
{"Node_id":16202,"weight":3.1859},
{"Node_id":16203,"weight":2.2907},
{"Node_id":16204,"weight":1.8337},
{"Node_id":16205,"weight":1.5652},
{"Node_id":16206,"weight":2.543},
{"Node_id":16207,"weight":5.8061},
{"Node_id":16208,"weight":3.6969},
{"Node_id":16209,"weight":2.1774},
{"Node_id":16210,"weight":1.4795},
{"Node_id":16211,"weight":1.3944},
{"Node_id":16212,"weight":2.3222},
{"Node_id":16213,"weight":1.8012},
{"Node_id":16214,"weight":5.2933},
{"Node_id":16215,"weight":3.3079},
{"Node_id":16216,"weight":4.4278},
{"Node_id":16217,"weight":1.5652},
{"Node_id":16218,"weight":2.5944},
{"Node_id":16219,"weight":2.0856},
{"Node_id":16220,"weight":1.5029},
{"Node_id":16221,"weight":2.8751},
{"Node_id":16222,"weight":1.5361},
{"Node_id":16223,"weight":3.2342},
{"Node_id":16224,"weight":1.9432},
{"Node_id":16225,"weight":1.639},
{"Node_id":16226,"weight":2.0436},
{"Node_id":16229,"weight":5.7105},
{"Node_id":16232,"weight":2.0019},
{"Node_id":16234,"weight":3.9124},
{"Node_id":16237,"weight":1.7841},
{"Node_id":16241,"weight":2.5975},
{"Node_id":16244,"weight":2.1418},
{"Node_id":16246,"weight":1.9098},
{"Node_id":16249,"weight":1.4242},
{"Node_id":16252,"weight":2.5913},
{"Node_id":16255,"weight":1.6822},
{"Node_id":16259,"weight":3.5004},
{"Node_id":16262,"weight":1.4096},
{"Node_id":16266,"weight":1.8834},
{"Node_id":16267,"weight":1.6657},
{"Node_id":16268,"weight":2.0918},
{"Node_id":16269,"weight":4.8588},
{"Node_id":16270,"weight":2.9257},
{"Node_id":16271,"weight":3.4323},
{"Node_id":16277,"weight":1.6258},
{"Node_id":16280,"weight":2.0154},
{"Node_id":16281,"weight":1.8756},
{"Node_id":16309,"weight":1.5423},
{"Node_id":16316,"weight":2.5254},
{"Node_id":16317,"weight":1.8808},
{"Node_id":16324,"weight":2.8496},
{"Node_id":16325,"weight":1.8178},
{"Node_id":16333,"weight":1.8153},
{"Node_id":16334,"weight":2.4302},
{"Node_id":16336,"weight":2.2611},
{"Node_id":16337,"weight":4.1982},
{"Node_id":16338,"weight":3.6392},
{"Node_id":16339,"weight":1.9727},
{"Node_id":16340,"weight":5.7414},
{"Node_id":16341,"weight":3.0929},
{"Node_id":16342,"weight":2.3609},
{"Node_id":16343,"weight":1.7113},
{"Node_id":16344,"weight":1.4268},
{"Node_id":16347,"weight":2.9896},
{"Node_id":16348,"weight":2.0938},
{"Node_id":16349,"weight":3.6718},
{"Node_id":16350,"weight":2.1124},
{"Node_id":16351,"weight":2.5519},
{"Node_id":16352,"weight":2.3445},
{"Node_id":16353,"weight":1.5527},
{"Node_id":16354,"weight":1.752},
{"Node_id":16355,"weight":2.7658},
{"Node_id":16356,"weight":1.9241},
{"Node_id":16357,"weight":1.8506},
{"Node_id":16358,"weight":2.4951},
{"Node_id":16359,"weight":3.3168},
{"Node_id":16360,"weight":1.9368},
{"Node_id":16361,"weight":2.2599},
{"Node_id":16362,"weight":1.8532},
{"Node_id":16363,"weight":2.2379},
{"Node_id":16364,"weight":1.8379},
{"Node_id":16365,"weight":3.6718},
{"Node_id":16366,"weight":1.6317},
{"Node_id":16367,"weight":3.7624},
{"Node_id":16368,"weight":1.5617},
{"Node_id":16369,"weight":1.8566},
{"Node_id":16370,"weight":1.8575},
{"Node_id":16371,"weight":1.6013},
{"Node_id":16373,"weight":3.2648},
{"Node_id":16375,"weight":2.508},
{"Node_id":16376,"weight":1.4198},
{"Node_id":16377,"weight":2.4478},
{"Node_id":16378,"weight":1.4474},
{"Node_id":16379,"weight":3.0229},
{"Node_id":16380,"weight":2.0377},
{"Node_id":16381,"weight":1.5218},
{"Node_id":16384,"weight":2.0555},
{"Node_id":16386,"weight":1.8261},
{"Node_id":16387,"weight":2.887},
{"Node_id":16389,"weight":1.7898},
{"Node_id":16390,"weight":3.3999},
{"Node_id":16391,"weight":2.0545},
{"Node_id":16393,"weight":2.0928},
{"Node_id":16394,"weight":2.0105},
{"Node_id":16395,"weight":1.5582},
{"Node_id":16398,"weight":2.6466},
{"Node_id":16399,"weight":1.4134},
{"Node_id":16400,"weight":1.8186},
{"Node_id":16404,"weight":3.5922},
{"Node_id":16405,"weight":1.8371},
{"Node_id":16406,"weight":2.5564},
{"Node_id":16409,"weight":1.4293},
{"Node_id":16411,"weight":2.2028},
{"Node_id":16412,"weight":3.2905},
{"Node_id":16413,"weight":3.7357},
{"Node_id":16416,"weight":1.6368},
{"Node_id":16417,"weight":1.9188},
{"Node_id":16419,"weight":5.045},
{"Node_id":16420,"weight":3.3168},
{"Node_id":16421,"weight":2.5356},
{"Node_id":16424,"weight":3.8817},
{"Node_id":16427,"weight":1.9395},
{"Node_id":16428,"weight":1.4915},
{"Node_id":16429,"weight":1.6936},
{"Node_id":16432,"weight":3.3746},
{"Node_id":16436,"weight":1.8843},
{"Node_id":16437,"weight":1.45},
{"Node_id":16438,"weight":2.2847},
{"Node_id":16441,"weight":1.4442},
{"Node_id":16446,"weight":1.9662},
{"Node_id":16447,"weight":1.6324},
{"Node_id":16448,"weight":1.7456},
{"Node_id":16451,"weight":1.6717},
{"Node_id":16457,"weight":3.1964},
{"Node_id":16458,"weight":1.5069},
{"Node_id":16459,"weight":2.2219},
{"Node_id":16462,"weight":2.3027},
{"Node_id":16474,"weight":2.4895},
{"Node_id":16477,"weight":2.2118},
{"Node_id":16481,"weight":1.45},
{"Node_id":16486,"weight":1.656},
{"Node_id":16489,"weight":2.1503},
{"Node_id":16492,"weight":1.4703},
{"Node_id":16495,"weight":3.1148},
{"Node_id":16499,"weight":1.5715},
{"Node_id":16502,"weight":1.5771},
{"Node_id":16504,"weight":2.1093},
{"Node_id":16507,"weight":3.2847},
{"Node_id":16510,"weight":1.8211},
{"Node_id":16515,"weight":1.5863},
{"Node_id":16518,"weight":1.4789},
{"Node_id":16524,"weight":2.3905},
{"Node_id":16527,"weight":2.2859},
{"Node_id":16534,"weight":1.6739},
{"Node_id":16537,"weight":1.4591},
{"Node_id":16545,"weight":1.854},
{"Node_id":16548,"weight":2.3027},
{"Node_id":16554,"weight":2.5094},
{"Node_id":16557,"weight":2.8535},
{"Node_id":16560,"weight":1.5382},
{"Node_id":16566,"weight":2.401},
{"Node_id":16567,"weight":6.8113},
{"Node_id":16570,"weight":2.2265},
{"Node_id":16573,"weight":2.5474},
{"Node_id":16579,"weight":4.3858},
{"Node_id":16580,"weight":4.3614},
{"Node_id":16581,"weight":3.1807},
{"Node_id":16584,"weight":1.7988},
{"Node_id":16587,"weight":1.8128},
{"Node_id":16593,"weight":3.6352},
{"Node_id":16595,"weight":1.9395},
{"Node_id":16599,"weight":2.3711},
{"Node_id":16600,"weight":4.0221},
{"Node_id":16602,"weight":4.1127},
{"Node_id":16608,"weight":3.9549},
{"Node_id":16614,"weight":4.833},
{"Node_id":16615,"weight":1.5485},
{"Node_id":16616,"weight":2.3063},
{"Node_id":16617,"weight":1.8957},
{"Node_id":16618,"weight":1.8045},
{"Node_id":16619,"weight":3.1422},
{"Node_id":16620,"weight":4.1914},
{"Node_id":16621,"weight":4.3534},
{"Node_id":16622,"weight":1.6302},
{"Node_id":16623,"weight":1.8738},
{"Node_id":16624,"weight":1.5245},
{"Node_id":16625,"weight":5.0294},
{"Node_id":16626,"weight":1.5807},
{"Node_id":16627,"weight":3.8716},
{"Node_id":16628,"weight":2.2907},
{"Node_id":16629,"weight":2.6612},
{"Node_id":16630,"weight":2.2061},
{"Node_id":16631,"weight":1.5218},
{"Node_id":16632,"weight":2.2017},
{"Node_id":16633,"weight":5.3771},
{"Node_id":16634,"weight":2.3918},
{"Node_id":16635,"weight":1.5327},
{"Node_id":16636,"weight":1.5527},
{"Node_id":16637,"weight":2.2448},
{"Node_id":16638,"weight":2.1752},
{"Node_id":16639,"weight":3.0953},
{"Node_id":16641,"weight":3.1651},
{"Node_id":16644,"weight":1.8103},
{"Node_id":16648,"weight":2.3458},
{"Node_id":16652,"weight":4.1778},
{"Node_id":16653,"weight":2.1155},
{"Node_id":16657,"weight":1.8678},
{"Node_id":16658,"weight":4.8458},
{"Node_id":16659,"weight":2.7218},
{"Node_id":16663,"weight":1.5828},
{"Node_id":16664,"weight":2.0685},
{"Node_id":16665,"weight":4.2051},
{"Node_id":16666,"weight":2.7218},
{"Node_id":16670,"weight":2.9743},
{"Node_id":16671,"weight":2.4155},
{"Node_id":16672,"weight":5.3343},
{"Node_id":16673,"weight":1.5416},
{"Node_id":16674,"weight":2.6861},
{"Node_id":16678,"weight":8.517},
{"Node_id":16679,"weight":3.0095},
{"Node_id":16680,"weight":2.0416},
{"Node_id":16681,"weight":1.9839},
{"Node_id":16682,"weight":1.5561},
{"Node_id":16683,"weight":1.7971},
{"Node_id":16687,"weight":2.474},
{"Node_id":16688,"weight":1.7663},
{"Node_id":16689,"weight":3.0857},
{"Node_id":16690,"weight":1.4921},
{"Node_id":16691,"weight":1.7671},
{"Node_id":16692,"weight":4.4024},
{"Node_id":16693,"weight":1.9652},
{"Node_id":16697,"weight":1.7097},
{"Node_id":16698,"weight":1.6142},
{"Node_id":16699,"weight":2.1972},
{"Node_id":16700,"weight":2.6678},
{"Node_id":16701,"weight":1.4026},
{"Node_id":16702,"weight":2.2764},
{"Node_id":16703,"weight":2.342},
{"Node_id":16707,"weight":2.1197},
{"Node_id":16708,"weight":1.5347},
{"Node_id":16709,"weight":3.279},
{"Node_id":16710,"weight":1.8515},
{"Node_id":16711,"weight":1.5177},
{"Node_id":16712,"weight":2.401},
{"Node_id":16713,"weight":3.2205},
{"Node_id":16714,"weight":4.1254},
{"Node_id":16718,"weight":2.0836},
{"Node_id":16719,"weight":1.5197},
{"Node_id":16720,"weight":1.7825},
{"Node_id":16721,"weight":3.2818},
{"Node_id":16722,"weight":2.3853},
{"Node_id":16723,"weight":1.7074},
{"Node_id":16724,"weight":1.43},
{"Node_id":16726,"weight":3.1912},
{"Node_id":16730,"weight":1.7841},
{"Node_id":16731,"weight":1.4422},
{"Node_id":16732,"weight":2.8191},
{"Node_id":16733,"weight":3.1833},
{"Node_id":16734,"weight":3.3168},
{"Node_id":16735,"weight":2.5066},
{"Node_id":16736,"weight":2.4881},
{"Node_id":16738,"weight":1.6244},
{"Node_id":16739,"weight":1.9532},
{"Node_id":16743,"weight":1.3894},
{"Node_id":16744,"weight":1.5444},
{"Node_id":16745,"weight":2.223},
{"Node_id":16746,"weight":2.3222},
{"Node_id":16747,"weight":3.3197},
{"Node_id":16748,"weight":2.274},
{"Node_id":16749,"weight":2.4356},
{"Node_id":16751,"weight":1.822},
{"Node_id":16752,"weight":1.8583},
{"Node_id":16753,"weight":2.4221},
{"Node_id":16757,"weight":3.2314},
{"Node_id":16758,"weight":1.7151},
{"Node_id":16759,"weight":2.7063},
{"Node_id":16760,"weight":3.9282},
{"Node_id":16761,"weight":1.9934},
{"Node_id":16762,"weight":1.4377},
{"Node_id":16763,"weight":2.0836},
{"Node_id":16765,"weight":1.7089},
{"Node_id":16766,"weight":5.5429},
{"Node_id":16767,"weight":1.4371},
{"Node_id":16771,"weight":5.2159},
{"Node_id":16772,"weight":4.9989},
{"Node_id":16773,"weight":4.6053},
{"Node_id":16774,"weight":1.712},
{"Node_id":16775,"weight":1.5389},
{"Node_id":16776,"weight":5.4217},
{"Node_id":16777,"weight":1.7906},
{"Node_id":16779,"weight":1.7198},
{"Node_id":16781,"weight":5.2347},
{"Node_id":16782,"weight":1.9606},
{"Node_id":16783,"weight":1.7719},
{"Node_id":16784,"weight":1.4474},
{"Node_id":16785,"weight":2.4768},
{"Node_id":16795,"weight":1.8396},
{"Node_id":16796,"weight":1.7417},
{"Node_id":16797,"weight":2.9808},
{"Node_id":16798,"weight":4.3534},
{"Node_id":16799,"weight":2.2529},
{"Node_id":16800,"weight":1.4128},
{"Node_id":16801,"weight":1.5992},
{"Node_id":16802,"weight":1.6762},
{"Node_id":16803,"weight":2.0212},
{"Node_id":16804,"weight":3.0389},
{"Node_id":16805,"weight":3.3377},
{"Node_id":16806,"weight":2.1578},
{"Node_id":16807,"weight":2.5684},
{"Node_id":16808,"weight":3.1222},
{"Node_id":16809,"weight":4.0939},
{"Node_id":16810,"weight":2.5913},
{"Node_id":16812,"weight":1.9792},
{"Node_id":16813,"weight":2.0948},
{"Node_id":16815,"weight":2.9113},
{"Node_id":16816,"weight":1.9699},
{"Node_id":16817,"weight":1.9953},
{"Node_id":16819,"weight":3.7401},
{"Node_id":16820,"weight":1.7639},
{"Node_id":16821,"weight":1.5265},
{"Node_id":16822,"weight":3.6038},
{"Node_id":16824,"weight":1.5963},
{"Node_id":16825,"weight":2.3112},
{"Node_id":16826,"weight":3.1523},
{"Node_id":16827,"weight":2.6434},
{"Node_id":16828,"weight":2.3711},
{"Node_id":16830,"weight":2.6194},
{"Node_id":16831,"weight":1.3995},
{"Node_id":16832,"weight":1.7401},
{"Node_id":16833,"weight":2.9765},
{"Node_id":16834,"weight":2.0685},
{"Node_id":16835,"weight":1.4644},
{"Node_id":16837,"weight":1.6208},
{"Node_id":16838,"weight":1.39},
{"Node_id":16839,"weight":1.9597},
{"Node_id":16840,"weight":2.5836},
{"Node_id":16841,"weight":1.402},
{"Node_id":16842,"weight":2.1082},
{"Node_id":16843,"weight":5.5957},
{"Node_id":16844,"weight":1.8515},
{"Node_id":16845,"weight":1.4928},
{"Node_id":16846,"weight":2.1344},
{"Node_id":16847,"weight":2.4181},
{"Node_id":16848,"weight":2.1884},
{"Node_id":16850,"weight":2.6337},
{"Node_id":16851,"weight":1.7448},
{"Node_id":16852,"weight":1.6331},
{"Node_id":16853,"weight":2.0397},
{"Node_id":16854,"weight":1.7464},
{"Node_id":16855,"weight":1.9802},
{"Node_id":16856,"weight":2.027},
{"Node_id":16857,"weight":1.5828},
{"Node_id":16858,"weight":3.0504},
{"Node_id":16859,"weight":1.4281},
{"Node_id":16860,"weight":2.1557},
{"Node_id":16861,"weight":1.7881},
{"Node_id":16867,"weight":1.6575},
{"Node_id":16870,"weight":2.645},
{"Node_id":16871,"weight":1.575},
{"Node_id":16872,"weight":2.1884},
{"Node_id":16873,"weight":3.3317},
{"Node_id":16874,"weight":1.5089},
{"Node_id":16875,"weight":3.2044},
{"Node_id":16876,"weight":1.7005},
{"Node_id":16877,"weight":1.9505},
{"Node_id":16878,"weight":2.658},
{"Node_id":16879,"weight":1.7703},
{"Node_id":16880,"weight":2.9257},
{"Node_id":16881,"weight":1.5368},
{"Node_id":16882,"weight":2.7445},
{"Node_id":16883,"weight":1.9962},
{"Node_id":16884,"weight":3.4095},
{"Node_id":16885,"weight":1.4578},
{"Node_id":16886,"weight":2.31},
{"Node_id":16887,"weight":2.4951},
{"Node_id":16888,"weight":1.4468},
{"Node_id":16889,"weight":2.0231},
{"Node_id":16890,"weight":2.3445},
{"Node_id":16891,"weight":4.9989},
{"Node_id":16892,"weight":1.4631},
{"Node_id":16893,"weight":5.5957},
{"Node_id":16894,"weight":1.7504},
{"Node_id":16895,"weight":1.5513},
{"Node_id":16896,"weight":1.5764},
{"Node_id":16897,"weight":2.4049},
{"Node_id":16898,"weight":4.4896},
{"Node_id":16899,"weight":3.8567},
{"Node_id":16900,"weight":1.5708},
{"Node_id":16901,"weight":1.5582},
{"Node_id":16902,"weight":3.8616},
{"Node_id":16903,"weight":1.513},
{"Node_id":16904,"weight":5.4448},
{"Node_id":16905,"weight":2.7322},
{"Node_id":16906,"weight":1.4077},
{"Node_id":16907,"weight":6.0725},
{"Node_id":16908,"weight":1.6868},
{"Node_id":16909,"weight":1.4229},
{"Node_id":16910,"weight":2.9423},
{"Node_id":16911,"weight":1.7784},
{"Node_id":16912,"weight":2.0585},
{"Node_id":16913,"weight":1.8506},
{"Node_id":16914,"weight":1.9634},
{"Node_id":16915,"weight":1.702},
{"Node_id":16916,"weight":1.9588},
{"Node_id":16917,"weight":4.212},
{"Node_id":16918,"weight":3.5326},
{"Node_id":16919,"weight":3.248},
{"Node_id":16920,"weight":1.4526},
{"Node_id":16921,"weight":1.4565},
{"Node_id":16922,"weight":2.1093},
{"Node_id":16928,"weight":2.3763},
{"Node_id":16931,"weight":2.0605},
{"Node_id":16935,"weight":1.5191},
{"Node_id":16937,"weight":1.9072},
{"Node_id":16940,"weight":2.4275},
{"Node_id":16942,"weight":2.0241},
{"Node_id":16946,"weight":3.7624},
{"Node_id":16948,"weight":2.9678},
{"Node_id":16953,"weight":1.5596},
{"Node_id":16955,"weight":1.4901},
{"Node_id":16958,"weight":2.1493},
{"Node_id":16960,"weight":2.9917},
{"Node_id":16961,"weight":1.5779},
{"Node_id":16962,"weight":2.1503},
{"Node_id":16963,"weight":1.465},
{"Node_id":16964,"weight":1.9811},
{"Node_id":16965,"weight":1.4526},
{"Node_id":16966,"weight":1.5771},
{"Node_id":16967,"weight":1.8062},
{"Node_id":16968,"weight":2.0125},
{"Node_id":16969,"weight":5.7414},
{"Node_id":16970,"weight":4.1318},
{"Node_id":16971,"weight":2.5371},
{"Node_id":16972,"weight":2.1323},
{"Node_id":16973,"weight":1.4223},
{"Node_id":16974,"weight":4.3858},
{"Node_id":16975,"weight":4.4364},
{"Node_id":16976,"weight":1.4064},
{"Node_id":16977,"weight":1.4533},
{"Node_id":16978,"weight":1.513},
{"Node_id":16979,"weight":1.7036},
{"Node_id":16980,"weight":2.1218},
{"Node_id":16981,"weight":4.4451},
{"Node_id":16982,"weight":1.6538},
{"Node_id":16983,"weight":2.2185},
{"Node_id":16984,"weight":1.7535},
{"Node_id":16985,"weight":2.102},
{"Node_id":16986,"weight":1.397},
{"Node_id":16987,"weight":2.0685},
{"Node_id":16988,"weight":1.8851},
{"Node_id":16989,"weight":1.8379},
{"Node_id":16990,"weight":5.6515},
{"Node_id":16991,"weight":1.8992},
{"Node_id":16992,"weight":1.7939},
{"Node_id":16993,"weight":2.0125},
{"Node_id":16994,"weight":2.5594},
{"Node_id":16995,"weight":1.7244},
{"Node_id":16996,"weight":3.6969},
{"Node_id":16997,"weight":3.1703},
{"Node_id":16998,"weight":1.5184},
{"Node_id":16999,"weight":1.3869},
{"Node_id":17000,"weight":2.1829},
{"Node_id":17001,"weight":2.2196},
{"Node_id":17002,"weight":1.9597},
{"Node_id":17003,"weight":2.8477},
{"Node_id":17004,"weight":1.6694},
{"Node_id":17005,"weight":3.577},
{"Node_id":17006,"weight":2.889},
{"Node_id":17007,"weight":2.885},
{"Node_id":17008,"weight":1.5259},
{"Node_id":17009,"weight":3.8567},
{"Node_id":17010,"weight":3.3079},
{"Node_id":17011,"weight":1.8354},
{"Node_id":17012,"weight":1.7736},
{"Node_id":17013,"weight":3.714},
{"Node_id":17014,"weight":1.8371},
{"Node_id":17015,"weight":2.9808},
{"Node_id":17016,"weight":2.9614},
{"Node_id":17017,"weight":3.4934},
{"Node_id":17018,"weight":1.3882},
{"Node_id":17019,"weight":1.7623},
{"Node_id":17020,"weight":2.3711},
{"Node_id":17021,"weight":1.4313},
{"Node_id":17022,"weight":1.5527},
{"Node_id":17023,"weight":2.2599},
{"Node_id":17024,"weight":2.0029},
{"Node_id":17025,"weight":2.6596},
{"Node_id":17026,"weight":1.9359},
{"Node_id":17027,"weight":2.9381},
{"Node_id":17028,"weight":2.9174},
{"Node_id":17029,"weight":1.6171},
{"Node_id":17030,"weight":1.8103},
{"Node_id":17031,"weight":1.5334},
{"Node_id":17032,"weight":2.887},
{"Node_id":17033,"weight":1.8186},
{"Node_id":17034,"weight":1.9542},
{"Node_id":17045,"weight":1.6785},
{"Node_id":17046,"weight":3.0006},
{"Node_id":17047,"weight":2.1785},
{"Node_id":17048,"weight":3.0786},
{"Node_id":17049,"weight":3.8275},
{"Node_id":17050,"weight":1.7881},
{"Node_id":17051,"weight":3.055},
{"Node_id":17052,"weight":1.9662},
{"Node_id":17053,"weight":2.4671},
{"Node_id":17054,"weight":3.2905},
{"Node_id":17055,"weight":1.901},
{"Node_id":17056,"weight":1.9802},
{"Node_id":17057,"weight":1.9802},
{"Node_id":17058,"weight":7.8236},
{"Node_id":17060,"weight":1.8021},
{"Node_id":17062,"weight":1.6913},
{"Node_id":17063,"weight":2.645},
{"Node_id":17064,"weight":4.0163},
{"Node_id":17065,"weight":1.4915},
{"Node_id":17066,"weight":1.5347},
{"Node_id":17067,"weight":2.6531},
{"Node_id":17068,"weight":2.2611},
{"Node_id":17074,"weight":2.9508},
{"Node_id":17077,"weight":1.9625},
{"Node_id":17078,"weight":3.4456},
{"Node_id":17081,"weight":1.4121},
{"Node_id":17082,"weight":2.7569},
{"Node_id":17083,"weight":5.11},
{"Node_id":17086,"weight":2.3309},
{"Node_id":17087,"weight":1.4468},
{"Node_id":17088,"weight":4.8588},
{"Node_id":17089,"weight":2.1218},
{"Node_id":17092,"weight":2.5327},
{"Node_id":17093,"weight":1.5286},
{"Node_id":17094,"weight":2.1708},
{"Node_id":17095,"weight":1.7792},
{"Node_id":17096,"weight":1.5835},
{"Node_id":17099,"weight":2.0575},
{"Node_id":17100,"weight":1.9662},
{"Node_id":17101,"weight":1.4249},
{"Node_id":17102,"weight":1.9072},
{"Node_id":17103,"weight":1.8635},
{"Node_id":17104,"weight":2.7183},
{"Node_id":17107,"weight":2.1665},
{"Node_id":17108,"weight":2.3944},
{"Node_id":17109,"weight":1.8447},
{"Node_id":17110,"weight":6.1171},
{"Node_id":17111,"weight":2.5564},
{"Node_id":17112,"weight":1.7663},
{"Node_id":17113,"weight":1.9962},
{"Node_id":17116,"weight":1.6317},
{"Node_id":17117,"weight":2.0989},
{"Node_id":17118,"weight":3.1222},
{"Node_id":17119,"weight":2.3737},
{"Node_id":17120,"weight":2.0125},
{"Node_id":17121,"weight":3.6352},
{"Node_id":17122,"weight":5.2539},
{"Node_id":17123,"weight":2.8613},
{"Node_id":17126,"weight":2.6894},
{"Node_id":17127,"weight":1.6215},
{"Node_id":17128,"weight":2.1796},
{"Node_id":17129,"weight":2.6962},
{"Node_id":17130,"weight":2.2611},
{"Node_id":17131,"weight":1.5368},
{"Node_id":17132,"weight":1.5211},
{"Node_id":17133,"weight":1.789},
{"Node_id":17134,"weight":2.2185},
{"Node_id":17137,"weight":1.6157},
{"Node_id":17138,"weight":4.0455},
{"Node_id":17139,"weight":2.9174},
{"Node_id":17140,"weight":2.4519},
{"Node_id":17141,"weight":3.5075},
{"Node_id":17142,"weight":1.5225},
{"Node_id":17143,"weight":1.9953},
{"Node_id":17144,"weight":2.214},
{"Node_id":17145,"weight":2.1312},
{"Node_id":17146,"weight":2.1568},
{"Node_id":17147,"weight":4.3454},
{"Node_id":17148,"weight":2.8248},
{"Node_id":17151,"weight":2.4994},
{"Node_id":17152,"weight":1.748},
{"Node_id":17153,"weight":1.4855},
{"Node_id":17154,"weight":2.764},
{"Node_id":17155,"weight":1.8721},
{"Node_id":17156,"weight":2.4492},
{"Node_id":17157,"weight":1.8904},
{"Node_id":17158,"weight":1.9783},
{"Node_id":17159,"weight":1.6508},
{"Node_id":17160,"weight":2.1302},
{"Node_id":17161,"weight":2.4356},
{"Node_id":17162,"weight":2.0897},
{"Node_id":17163,"weight":3.1322},
{"Node_id":17164,"weight":1.956},
{"Node_id":17165,"weight":4.5362},
{"Node_id":17166,"weight":2.8574},
{"Node_id":17167,"weight":1.925},
{"Node_id":17168,"weight":3.2314},
{"Node_id":17169,"weight":4.6053},
{"Node_id":17170,"weight":2.7839},
{"Node_id":17171,"weight":1.5177},
{"Node_id":17172,"weight":1.414},
{"Node_id":17173,"weight":1.7496},
{"Node_id":17174,"weight":2.0318},
{"Node_id":17175,"weight":3.2424},
{"Node_id":17176,"weight":1.8756},
{"Node_id":17204,"weight":2.4657},
{"Node_id":17228,"weight":1.4442},
{"Node_id":17231,"weight":2.5519},
{"Node_id":17232,"weight":1.6346},
{"Node_id":17233,"weight":2.8343},
{"Node_id":17237,"weight":1.6508},
{"Node_id":17240,"weight":2.5371},
{"Node_id":17241,"weight":1.414},
{"Node_id":17242,"weight":2.4643},
{"Node_id":17243,"weight":1.8278},
{"Node_id":17244,"weight":2.5867},
{"Node_id":17245,"weight":3.2992},
{"Node_id":17246,"weight":2.5137},
{"Node_id":17247,"weight":1.5701},
{"Node_id":17248,"weight":4.4192},
{"Node_id":17249,"weight":1.4287},
{"Node_id":17250,"weight":2.5836},
{"Node_id":17251,"weight":1.4422},
{"Node_id":17252,"weight":2.4712},
{"Node_id":17253,"weight":3.6154},
{"Node_id":17254,"weight":1.4749},
{"Node_id":17255,"weight":2.1546},
{"Node_id":17256,"weight":2.727},
{"Node_id":17257,"weight":2.8751},
{"Node_id":17258,"weight":3.9604},
{"Node_id":17259,"weight":2.2705},
{"Node_id":17260,"weight":3.6352},
{"Node_id":17261,"weight":1.7663},
{"Node_id":17262,"weight":1.7082},
{"Node_id":17263,"weight":1.8515},
{"Node_id":17264,"weight":3.4865},
{"Node_id":17265,"weight":1.6027},
{"Node_id":17266,"weight":3.4865},
{"Node_id":17267,"weight":1.9027},
{"Node_id":17268,"weight":3.0621},
{"Node_id":17269,"weight":1.6092},
{"Node_id":17270,"weight":2.0897},
{"Node_id":17271,"weight":1.8128},
{"Node_id":17272,"weight":1.4461},
{"Node_id":17273,"weight":2.0446},
{"Node_id":17274,"weight":2.5821},
{"Node_id":17275,"weight":3.4761},
{"Node_id":17276,"weight":1.5062},
{"Node_id":17277,"weight":2.0989},
{"Node_id":17278,"weight":2.3788},
{"Node_id":17279,"weight":1.5485},
{"Node_id":17280,"weight":4.4108},
{"Node_id":17281,"weight":1.6951},
{"Node_id":17282,"weight":1.827},
{"Node_id":17283,"weight":1.4384},
{"Node_id":17284,"weight":2.7551},
{"Node_id":17285,"weight":1.7409},
{"Node_id":17286,"weight":2.1333},
{"Node_id":17287,"weight":1.9634},
{"Node_id":17288,"weight":1.8111},
{"Node_id":17289,"weight":2.7604},
{"Node_id":17290,"weight":1.5779},
{"Node_id":17291,"weight":4.1383},
{"Node_id":17292,"weight":1.4565},
{"Node_id":17293,"weight":3.6233},
{"Node_id":17294,"weight":1.7599},
{"Node_id":17295,"weight":2.5806},
{"Node_id":17296,"weight":1.4096},
{"Node_id":17297,"weight":3.9072},
{"Node_id":17298,"weight":1.8211},
{"Node_id":17299,"weight":2.5312},
{"Node_id":17300,"weight":1.8037},
{"Node_id":17301,"weight":2.9657},
{"Node_id":17302,"weight":2.6514},
{"Node_id":17303,"weight":1.4229},
{"Node_id":17304,"weight":2.7132},
{"Node_id":17305,"weight":1.8404},
{"Node_id":17306,"weight":1.9332},
{"Node_id":17307,"weight":2.5867},
{"Node_id":17308,"weight":1.6694},
{"Node_id":17309,"weight":4.119},
{"Node_id":17310,"weight":2.4937},
{"Node_id":17311,"weight":3.9992},
{"Node_id":17312,"weight":1.9268},
{"Node_id":17313,"weight":1.4351},
{"Node_id":17314,"weight":1.5361},
{"Node_id":17315,"weight":1.6501},
{"Node_id":17316,"weight":1.9001},
{"Node_id":17317,"weight":3.7401},
{"Node_id":17318,"weight":2.1961},
{"Node_id":17331,"weight":0.1294},
{"Node_id":17332,"weight":1.2721},
{"Node_id":17333,"weight":3.2676},
{"Node_id":17335,"weight":2.8691},
{"Node_id":17338,"weight":1.4204},
{"Node_id":17339,"weight":0.4561},
{"Node_id":17340,"weight":2.7046},
{"Node_id":17343,"weight":1.62},
{"Node_id":17345,"weight":0.6955},
{"Node_id":17346,"weight":2.5166},
{"Node_id":17347,"weight":5.4448},
{"Node_id":17349,"weight":0.6239},
{"Node_id":17353,"weight":1.9569},
{"Node_id":17354,"weight":1.6822},
{"Node_id":17361,"weight":2.0755},
{"Node_id":17363,"weight":0.4084},
{"Node_id":17364,"weight":2.3185},
{"Node_id":17375,"weight":1.2448},
{"Node_id":17379,"weight":0.7598},
{"Node_id":17382,"weight":1.827},
{"Node_id":17405,"weight":4.0878},
{"Node_id":17408,"weight":2.1741},
{"Node_id":17409,"weight":0.6803},
{"Node_id":17412,"weight":3.7011},
{"Node_id":17418,"weight":4.8588},
{"Node_id":17422,"weight":1.7089},
{"Node_id":17424,"weight":0.2302},
{"Node_id":17425,"weight":3.429},
{"Node_id":17428,"weight":0.3437},
{"Node_id":17429,"weight":0.2294},
{"Node_id":17435,"weight":0.3602},
{"Node_id":17437,"weight":1.6128},
{"Node_id":17439,"weight":4.8988},
{"Node_id":17440,"weight":1.7535},
{"Node_id":17441,"weight":0.6678},
{"Node_id":17442,"weight":1.0465},
{"Node_id":17463,"weight":1.1859},
{"Node_id":17469,"weight":0.3174},
{"Node_id":17473,"weight":0.9346},
{"Node_id":17474,"weight":2.5195},
{"Node_id":17475,"weight":1.0997},
{"Node_id":17477,"weight":0.3293},
{"Node_id":17482,"weight":0.3756},
{"Node_id":17484,"weight":0.5849},
{"Node_id":17486,"weight":0.0532},
{"Node_id":17492,"weight":0.2408},
{"Node_id":17494,"weight":0.9982},
{"Node_id":17496,"weight":0.2884},
{"Node_id":17500,"weight":0.9714},
{"Node_id":17503,"weight":0.2745},
{"Node_id":17505,"weight":0.1141},
{"Node_id":17507,"weight":0.4879},
{"Node_id":17510,"weight":0.1322},
{"Node_id":17633,"weight":1.8379},
{"Node_id":18412,"weight":1.8904},
{"Node_id":18416,"weight":0.9494},
{"Node_id":18417,"weight":1.39},
{"Node_id":18418,"weight":2.9896},
{"Node_id":18420,"weight":4.3694},
{"Node_id":18421,"weight":1.8878},
{"Node_id":18422,"weight":1.033},
{"Node_id":18423,"weight":2.1333},
{"Node_id":18424,"weight":0.6682},
{"Node_id":18430,"weight":0.7773},
{"Node_id":18433,"weight":1.3081},
{"Node_id":18438,"weight":0.1378},
{"Node_id":18440,"weight":2.4356},
{"Node_id":18444,"weight":1.2727},
{"Node_id":18446,"weight":0.8217},
{"Node_id":18447,"weight":1.139},
{"Node_id":18449,"weight":0.2152},
{"Node_id":18451,"weight":1.2791},
{"Node_id":18453,"weight":0.1987},
{"Node_id":18456,"weight":5.4927},
{"Node_id":18457,"weight":2.7586},
{"Node_id":18458,"weight":0.1463},
{"Node_id":18462,"weight":1.1521},
{"Node_id":18464,"weight":2.6547},
{"Node_id":18476,"weight":3.6677},
{"Node_id":18484,"weight":1.2208},
{"Node_id":18485,"weight":1.901},
{"Node_id":18491,"weight":0.7713},
{"Node_id":18492,"weight":0.3789},
{"Node_id":18498,"weight":1.5561},
{"Node_id":18502,"weight":0.7662},
{"Node_id":18543,"weight":1.0906},
{"Node_id":18544,"weight":0.4583},
{"Node_id":18546,"weight":0.6745},
{"Node_id":18549,"weight":1.1703},
{"Node_id":18550,"weight":0.2189},
{"Node_id":18551,"weight":0.4243},
{"Node_id":18555,"weight":1.3004},
{"Node_id":18558,"weight":0.054},
{"Node_id":18560,"weight":1.7504},
{"Node_id":18561,"weight":1.6501},
{"Node_id":18564,"weight":0.5147},
{"Node_id":18566,"weight":0.795},
{"Node_id":18570,"weight":2.6162},
{"Node_id":18572,"weight":1.5265},
{"Node_id":18575,"weight":1.5008},
{"Node_id":18614,"weight":1.0299},
{"Node_id":18615,"weight":2.508},
{"Node_id":18618,"weight":1.014},
{"Node_id":18619,"weight":2.1418},
{"Node_id":18621,"weight":3.2619},
{"Node_id":18623,"weight":0.7286},
{"Node_id":18632,"weight":1.8103},
{"Node_id":18639,"weight":2.1676},
{"Node_id":18641,"weight":1.5645},
{"Node_id":18643,"weight":1.5652},
{"Node_id":18881,"weight":1.6114},
{"Node_id":18882,"weight":2.0125},
{"Node_id":18954,"weight":0.5941},
{"Node_id":18955,"weight":3.1247},
{"Node_id":18957,"weight":1.7744},
{"Node_id":18959,"weight":1.7307},
{"Node_id":18962,"weight":0.4912},
{"Node_id":18964,"weight":1.0222},
{"Node_id":18965,"weight":0.5117},
{"Node_id":18970,"weight":0.8789},
{"Node_id":18972,"weight":0.8886},
{"Node_id":18976,"weight":4.0396},
{"Node_id":18977,"weight":1.4064},
{"Node_id":18980,"weight":4.833},
{"Node_id":18981,"weight":0.7291},
{"Node_id":18986,"weight":1.6013},
{"Node_id":18993,"weight":3.4624},
{"Node_id":19003,"weight":1.9089},
{"Node_id":19005,"weight":0.1342},
{"Node_id":19007,"weight":3.727},
{"Node_id":19009,"weight":3.577},
{"Node_id":19014,"weight":2.2646},
{"Node_id":19015,"weight":0.6517},
{"Node_id":19017,"weight":2.9896},
{"Node_id":19019,"weight":0.3232},
{"Node_id":19020,"weight":2.0048},
{"Node_id":19021,"weight":2.1851},
{"Node_id":19022,"weight":0.3146},
{"Node_id":19024,"weight":0.911},
{"Node_id":19029,"weight":1.0658},
{"Node_id":19041,"weight":0.2615},
{"Node_id":19047,"weight":3.0458},
{"Node_id":19049,"weight":0.1595},
{"Node_id":19059,"weight":2.1578},
{"Node_id":19060,"weight":1.5942},
{"Node_id":19061,"weight":0.5989},
{"Node_id":19063,"weight":1.5136},
{"Node_id":19065,"weight":0.5741},
{"Node_id":19067,"weight":1.5423},
{"Node_id":19069,"weight":0.4176},
{"Node_id":19101,"weight":1.0038},
{"Node_id":19103,"weight":0.403},
{"Node_id":19106,"weight":0.9139},
{"Node_id":19120,"weight":3.055},
{"Node_id":19123,"weight":1.295},
{"Node_id":19124,"weight":0.2007},
{"Node_id":19125,"weight":2.7339},
{"Node_id":19127,"weight":0.3826},
{"Node_id":19131,"weight":0.4629},
{"Node_id":19138,"weight":1.0423},
{"Node_id":19149,"weight":1.4908},
{"Node_id":19151,"weight":2.0775},
{"Node_id":19152,"weight":1.789},
{"Node_id":19153,"weight":1.1072},
{"Node_id":19154,"weight":2.3309},
{"Node_id":19155,"weight":0.9159},
{"Node_id":19156,"weight":0.8132},
{"Node_id":19159,"weight":0.8001},
{"Node_id":19163,"weight":1.2809},
{"Node_id":19164,"weight":2.0029},
{"Node_id":19172,"weight":0.9464},
{"Node_id":19173,"weight":0.0748},
{"Node_id":19175,"weight":1.2529},
{"Node_id":19177,"weight":0.3805},
{"Node_id":19179,"weight":0.0748},
{"Node_id":19181,"weight":3.0881},
{"Node_id":19183,"weight":0.4184},
{"Node_id":19187,"weight":3.2314},
{"Node_id":19189,"weight":1.172},
{"Node_id":19194,"weight":0.5473},
{"Node_id":19197,"weight":0.2088},
{"Node_id":19199,"weight":2.401},
{"Node_id":19201,"weight":0.6081},
{"Node_id":19202,"weight":2.1665},
{"Node_id":19206,"weight":0.7213},
{"Node_id":19208,"weight":5.6515},
{"Node_id":19211,"weight":1.631},
{"Node_id":19232,"weight":0.9455},
{"Node_id":19237,"weight":0.3289},
{"Node_id":19238,"weight":1.0094},
{"Node_id":19240,"weight":0.3611},
{"Node_id":19241,"weight":1.2345},
{"Node_id":19243,"weight":4.5751},
{"Node_id":19287,"weight":1.2832},
{"Node_id":19289,"weight":1.2962},
{"Node_id":19291,"weight":0.7556},
{"Node_id":19294,"weight":0.1523},
{"Node_id":19297,"weight":0.7773},
{"Node_id":19298,"weight":0.5262},
{"Node_id":19299,"weight":1.7105},
{"Node_id":19301,"weight":1.3334},
{"Node_id":19303,"weight":2.5297},
{"Node_id":19304,"weight":3.3138},
{"Node_id":19307,"weight":0.6857},
{"Node_id":19309,"weight":0.1302},
{"Node_id":19310,"weight":0.0492},
{"Node_id":19312,"weight":2.0515},
{"Node_id":19315,"weight":0.4811},
{"Node_id":19316,"weight":2.0645},
{"Node_id":19317,"weight":0.0324},
{"Node_id":19318,"weight":2.6385},
{"Node_id":19322,"weight":0.5159},
{"Node_id":19323,"weight":0.3917},
{"Node_id":19324,"weight":1.6642},
{"Node_id":19326,"weight":0.4819},
{"Node_id":19333,"weight":0.5066},
{"Node_id":19335,"weight":0.8383},
{"Node_id":19337,"weight":7.418},
{"Node_id":19341,"weight":1.0284},
{"Node_id":19349,"weight":2.1503},
{"Node_id":19350,"weight":1.2174},
{"Node_id":19354,"weight":3.2178},
{"Node_id":19356,"weight":0.4301},
{"Node_id":19357,"weight":1.3153},
{"Node_id":19362,"weight":2.3788},
{"Node_id":19364,"weight":1.0099},
{"Node_id":19375,"weight":0.3772},
{"Node_id":19379,"weight":0.2908},
{"Node_id":19480,"weight":0.8449},
{"Node_id":19486,"weight":1.8128},
{"Node_id":19488,"weight":0.3314},
{"Node_id":19491,"weight":3.0162},
{"Node_id":19611,"weight":0.2128},
{"Node_id":19613,"weight":1.1488},
{"Node_id":19615,"weight":2.1397},
{"Node_id":19617,"weight":0.6177},
{"Node_id":19619,"weight":0.7446},
{"Node_id":19621,"weight":3.0207},
{"Node_id":19623,"weight":2.0806},
{"Node_id":19625,"weight":1.7591},
{"Node_id":19627,"weight":0.1523},
{"Node_id":19628,"weight":3.5884},
{"Node_id":19629,"weight":3.6885},
{"Node_id":19633,"weight":0.9609},
{"Node_id":19635,"weight":1.7051},
{"Node_id":19638,"weight":0.4595},
{"Node_id":19643,"weight":4.7474},
{"Node_id":19645,"weight":1.793},
{"Node_id":19650,"weight":0.4934},
{"Node_id":19651,"weight":0.4243},
{"Node_id":19653,"weight":3.3621},
{"Node_id":19794,"weight":6.6441},
{"Node_id":20431,"weight":2.0105},
{"Node_id":20592,"weight":0.8635},
{"Node_id":20593,"weight":2.0183},
{"Node_id":20596,"weight":3.8666},
{"Node_id":20600,"weight":8.1114},
{"Node_id":20602,"weight":0.457},
{"Node_id":20606,"weight":1.5835},
{"Node_id":20611,"weight":0.6522},
{"Node_id":20613,"weight":0.405},
{"Node_id":20614,"weight":0.74},
{"Node_id":20616,"weight":0.359},
{"Node_id":20620,"weight":1.602},
{"Node_id":20624,"weight":1.2213},
{"Node_id":20632,"weight":0.8655},
{"Node_id":20643,"weight":0.7699},
{"Node_id":20645,"weight":0.1704},
{"Node_id":20647,"weight":2.883},
{"Node_id":20648,"weight":1.9496},
{"Node_id":20649,"weight":4.0634},
{"Node_id":20655,"weight":2.97},
{"Node_id":20657,"weight":1.3437},
{"Node_id":20744,"weight":3.2314},
{"Node_id":20746,"weight":0.2802},
{"Node_id":20748,"weight":1.597},
{"Node_id":20754,"weight":1.3763},
{"Node_id":20755,"weight":5.9496},
{"Node_id":20756,"weight":1.6063},
{"Node_id":20760,"weight":0.7295},
{"Node_id":20765,"weight":0.3801},
{"Node_id":20771,"weight":0.658},
{"Node_id":20772,"weight":1.016},
{"Node_id":20775,"weight":1.4696},
{"Node_id":20777,"weight":0.6789},
{"Node_id":20779,"weight":2.5008},
{"Node_id":20780,"weight":1.0548},
{"Node_id":20793,"weight":1.5892},
{"Node_id":20799,"weight":0.7259},
{"Node_id":20801,"weight":1.4657},
{"Node_id":20803,"weight":0.7023},
{"Node_id":20805,"weight":0.038},
{"Node_id":20809,"weight":1.0981},
{"Node_id":20811,"weight":2.773},
{"Node_id":20908,"weight":0.3265},
{"Node_id":20910,"weight":2.31},
{"Node_id":20912,"weight":0.6362},
{"Node_id":20914,"weight":1.1407},
{"Node_id":20917,"weight":0.4968},
{"Node_id":20993,"weight":0.4968},
{"Node_id":20995,"weight":1.7615},
{"Node_id":20996,"weight":2.4049},
{"Node_id":21002,"weight":0.4314},
{"Node_id":21004,"weight":0.825},
{"Node_id":21011,"weight":1.7655},
{"Node_id":21016,"weight":0.3269},
{"Node_id":21019,"weight":0.3031},
{"Node_id":21020,"weight":1.9188},
{"Node_id":21021,"weight":1.2339},
{"Node_id":21023,"weight":3.5845},
{"Node_id":21024,"weight":0.7501},
{"Node_id":21026,"weight":1.079},
{"Node_id":21027,"weight":2.321},
{"Node_id":21028,"weight":1.7167},
{"Node_id":21042,"weight":0.1061},
{"Node_id":21044,"weight":0.2424},
{"Node_id":21045,"weight":3.7357},
{"Node_id":21047,"weight":4.0694},
{"Node_id":21048,"weight":1.0094},
{"Node_id":21050,"weight":1.5984},
{"Node_id":21051,"weight":4.4451},
{"Node_id":21054,"weight":1.2709},
{"Node_id":21057,"weight":0.3963},
{"Node_id":21059,"weight":2.1994},
{"Node_id":21061,"weight":0.8944},
{"Node_id":21066,"weight":2.8633},
{"Node_id":21068,"weight":0.3996},
{"Node_id":21070,"weight":0.6821},
{"Node_id":21072,"weight":1.167},
{"Node_id":21074,"weight":0.6946},
{"Node_id":21075,"weight":2.1939},
{"Node_id":21076,"weight":1.1909},
{"Node_id":21078,"weight":0.5862},
{"Node_id":21080,"weight":0.8978},
{"Node_id":21090,"weight":1.3075}]