[{"Inferred_node_ids":[18727],"Node_id":9611},
{"Inferred_node_ids":[18701],"Node_id":9612},
{"Inferred_node_ids":[18715],"Node_id":9613},
{"Inferred_node_ids":[18700],"Node_id":9614},
{"Inferred_node_ids":[18733],"Node_id":9615},
{"Inferred_node_ids":[18734],"Node_id":9616},
{"Inferred_node_ids":[18730],"Node_id":9617},
{"Inferred_node_ids":[18712],"Node_id":10462},
{"Inferred_node_ids":[18731],"Node_id":10463},
{"Inferred_node_ids":[18711],"Node_id":10465},
{"Inferred_node_ids":[18713],"Node_id":10466},
{"Inferred_node_ids":[18721],"Node_id":10467},
{"Inferred_node_ids":[18749],"Node_id":10637},
{"Inferred_node_ids":[18720],"Node_id":10638},
{"Inferred_node_ids":[18723],"Node_id":10639},
{"Inferred_node_ids":[18706],"Node_id":10640},
{"Inferred_node_ids":[18705],"Node_id":10641},
{"Inferred_node_ids":[18743],"Node_id":10643},
{"Inferred_node_ids":[18716],"Node_id":10645},
{"Inferred_node_ids":[18728],"Node_id":10646},
{"Inferred_node_ids":[18704],"Node_id":10647},
{"Inferred_node_ids":[18745],"Node_id":10648},
{"Inferred_node_ids":[18702],"Node_id":10649},
{"Inferred_node_ids":[18703],"Node_id":10651},
{"Inferred_node_ids":[18740],"Node_id":10652},
{"Inferred_node_ids":[18741],"Node_id":10653},
{"Inferred_node_ids":[18725],"Node_id":10654},
{"Inferred_node_ids":[18732],"Node_id":10655},
{"Inferred_node_ids":[18737],"Node_id":10656},
{"Inferred_node_ids":[18738],"Node_id":13087},
{"Inferred_node_ids":[18709],"Node_id":13088},
{"Inferred_node_ids":[18722],"Node_id":13090},
{"Inferred_node_ids":[18746],"Node_id":15562},
{"Inferred_node_ids":[18729],"Node_id":15563},
{"Inferred_node_ids":[18724],"Node_id":15564},
{"Inferred_node_ids":[18747],"Node_id":15565},
{"Inferred_node_ids":[18751],"Node_id":15566},
{"Inferred_node_ids":[18742],"Node_id":15567},
{"Inferred_node_ids":[18708],"Node_id":15568},
{"Inferred_node_ids":[18744],"Node_id":15601},
{"Inferred_node_ids":[18710],"Node_id":15602},
{"Inferred_node_ids":[18717],"Node_id":15603},
{"Inferred_node_ids":[18707],"Node_id":15604},
{"Inferred_node_ids":[18699],"Node_id":15605},
{"Inferred_node_ids":[18750],"Node_id":15606},
{"Inferred_node_ids":[18718],"Node_id":15607},
{"Inferred_node_ids":[18714],"Node_id":15608},
{"Inferred_node_ids":[18719],"Node_id":15609},
{"Inferred_node_ids":[18748],"Node_id":15610},
{"Inferred_node_ids":[18726],"Node_id":15611},
{"Inferred_node_ids":[18735],"Node_id":16605},
{"Inferred_node_ids":[18736],"Node_id":16606},
{"Inferred_node_ids":[18739],"Node_id":16607}]