[{"Inferred_node_ids":[30],"Node_id":9221},
{"Inferred_node_ids":[37],"Node_id":9222},
{"Inferred_node_ids":[23],"Node_id":9223},
{"Inferred_node_ids":[51],"Node_id":9224},
{"Inferred_node_ids":[19],"Node_id":9225},
{"Inferred_node_ids":[24],"Node_id":9226},
{"Inferred_node_ids":[21],"Node_id":9227},
{"Inferred_node_ids":[22],"Node_id":10072},
{"Inferred_node_ids":[38],"Node_id":10074},
{"Inferred_node_ids":[2],"Node_id":10076},
{"Inferred_node_ids":[3],"Node_id":10077},
{"Inferred_node_ids":[11],"Node_id":10247},
{"Inferred_node_ids":[9],"Node_id":10248},
{"Inferred_node_ids":[34],"Node_id":10249},
{"Inferred_node_ids":[13],"Node_id":10250},
{"Inferred_node_ids":[40],"Node_id":10252},
{"Inferred_node_ids":[15],"Node_id":10253},
{"Inferred_node_ids":[4],"Node_id":10254},
{"Inferred_node_ids":[7],"Node_id":10255},
{"Inferred_node_ids":[27],"Node_id":10256},
{"Inferred_node_ids":[31],"Node_id":10257},
{"Inferred_node_ids":[26],"Node_id":10258},
{"Inferred_node_ids":[29],"Node_id":10259},
{"Inferred_node_ids":[44],"Node_id":10260},
{"Inferred_node_ids":[35],"Node_id":10261},
{"Inferred_node_ids":[42],"Node_id":10262},
{"Inferred_node_ids":[46],"Node_id":10264},
{"Inferred_node_ids":[6],"Node_id":10265},
{"Inferred_node_ids":[48],"Node_id":10266},
{"Inferred_node_ids":[45],"Node_id":12697},
{"Inferred_node_ids":[36],"Node_id":12698},
{"Inferred_node_ids":[17],"Node_id":12699},
{"Inferred_node_ids":[20],"Node_id":12700},
{"Inferred_node_ids":[39],"Node_id":12701},
{"Inferred_node_ids":[47],"Node_id":12702},
{"Inferred_node_ids":[12],"Node_id":21571},
{"Inferred_node_ids":[8],"Node_id":21573},
{"Inferred_node_ids":[41],"Node_id":21574},
{"Inferred_node_ids":[53],"Node_id":21575},
{"Inferred_node_ids":[18],"Node_id":21576},
{"Inferred_node_ids":[43],"Node_id":21578},
{"Inferred_node_ids":[1],"Node_id":21610},
{"Inferred_node_ids":[33],"Node_id":21611},
{"Inferred_node_ids":[52],"Node_id":21612},
{"Inferred_node_ids":[50],"Node_id":21613},
{"Inferred_node_ids":[5],"Node_id":21614},
{"Inferred_node_ids":[0],"Node_id":21615},
{"Inferred_node_ids":[32],"Node_id":21616},
{"Inferred_node_ids":[49],"Node_id":21618},
{"Inferred_node_ids":[14],"Node_id":21619},
{"Inferred_node_ids":[10],"Node_id":21620},
{"Inferred_node_ids":[28],"Node_id":22614},
{"Inferred_node_ids":[16],"Node_id":22615},
{"Inferred_node_ids":[25],"Node_id":22616}]