[{"Node_id":1148,"weight":0.19214},
{"Node_id":1150,"weight":0.15992},
{"Node_id":1152,"weight":0.2184},
{"Node_id":1153,"weight":0.3483},
{"Node_id":1154,"weight":0.22799},
{"Node_id":1156,"weight":0.19802001},
{"Node_id":1157,"weight":0.25051},
{"Node_id":1159,"weight":0.23015001},
{"Node_id":1160,"weight":0.22634001},
{"Node_id":1161,"weight":0.24994},
{"Node_id":1164,"weight":0.16493},
{"Node_id":1166,"weight":0.20367},
{"Node_id":1167,"weight":0.14319},
{"Node_id":1168,"weight":0.38918},
{"Node_id":1170,"weight":0.18825},
{"Node_id":1173,"weight":0.26645},
{"Node_id":1174,"weight":0.23210001},
{"Node_id":1175,"weight":0.16936001},
{"Node_id":1178,"weight":0.24195},
{"Node_id":1179,"weight":0.14063999},
{"Node_id":1180,"weight":0.18202999},
{"Node_id":1182,"weight":0.2184},
{"Node_id":1183,"weight":0.17036},
{"Node_id":1188,"weight":0.27912},
{"Node_id":1192,"weight":0.37945002},
{"Node_id":1194,"weight":0.15736},
{"Node_id":1195,"weight":0.19597},
{"Node_id":1197,"weight":0.14474},
{"Node_id":1198,"weight":0.19468},
{"Node_id":1199,"weight":0.20241001},
{"Node_id":1204,"weight":0.24866},
{"Node_id":1207,"weight":0.32124},
{"Node_id":1208,"weight":0.25123},
{"Node_id":1211,"weight":0.1744},
{"Node_id":1213,"weight":0.20192},
{"Node_id":1215,"weight":0.18643},
{"Node_id":1217,"weight":0.17036},
{"Node_id":1218,"weight":0.25852},
{"Node_id":1220,"weight":0.20846},
{"Node_id":1221,"weight":0.39712998},
{"Node_id":1223,"weight":0.20211999},
{"Node_id":1224,"weight":0.13976},
{"Node_id":1226,"weight":0.15492001},
{"Node_id":1227,"weight":0.20456},
{"Node_id":1229,"weight":0.20594999},
{"Node_id":1232,"weight":0.18421},
{"Node_id":1234,"weight":0.34289998},
{"Node_id":1237,"weight":0.16353},
{"Node_id":1238,"weight":0.14539},
{"Node_id":1239,"weight":0.42189997},
{"Node_id":1257,"weight":0.15638},
{"Node_id":1261,"weight":0.24102001},
{"Node_id":1262,"weight":0.28574},
{"Node_id":1264,"weight":0.16034},
{"Node_id":1268,"weight":0.19532},
{"Node_id":1269,"weight":0.21928},
{"Node_id":1270,"weight":0.16493},
{"Node_id":1272,"weight":0.23982999},
{"Node_id":1277,"weight":0.23271},
{"Node_id":1279,"weight":0.15764001},
{"Node_id":1281,"weight":0.27115},
{"Node_id":1283,"weight":0.42766},
{"Node_id":1285,"weight":0.32397002},
{"Node_id":1291,"weight":0.15665999},
{"Node_id":1294,"weight":0.1866},
{"Node_id":1296,"weight":0.21217999},
{"Node_id":1298,"weight":0.3596},
{"Node_id":1299,"weight":0.17013},
{"Node_id":1301,"weight":0.2887},
{"Node_id":1343,"weight":0.14153},
{"Node_id":1349,"weight":0.19782999},
{"Node_id":1354,"weight":0.2342},
{"Node_id":1361,"weight":0.14928},
{"Node_id":1368,"weight":0.15444},
{"Node_id":1371,"weight":0.22528999},
{"Node_id":1384,"weight":0.17074},
{"Node_id":1385,"weight":0.20734999},
{"Node_id":1386,"weight":0.16785},
{"Node_id":1394,"weight":0.24866},
{"Node_id":1405,"weight":0.33227},
{"Node_id":1409,"weight":0.15463999},
{"Node_id":1421,"weight":0.14862},
{"Node_id":1434,"weight":0.2102},
{"Node_id":1437,"weight":0.21164998},
{"Node_id":1446,"weight":0.21322998},
{"Node_id":1457,"weight":0.17833},
{"Node_id":1459,"weight":0.13918999},
{"Node_id":1460,"weight":0.14357999},
{"Node_id":1469,"weight":0.14019999},
{"Node_id":1474,"weight":0.19522999},
{"Node_id":1490,"weight":0.19018},
{"Node_id":1515,"weight":0.14507},
{"Node_id":1519,"weight":0.21643},
{"Node_id":1544,"weight":0.1726},
{"Node_id":1568,"weight":0.16353},
{"Node_id":1614,"weight":0.22799},
{"Node_id":1627,"weight":0.14422},
{"Node_id":1677,"weight":0.1719},
{"Node_id":1682,"weight":0.16605},
{"Node_id":1720,"weight":0.17472},
{"Node_id":1750,"weight":0.19895999},
{"Node_id":1755,"weight":0.19981},
{"Node_id":1759,"weight":0.22207999},
{"Node_id":1762,"weight":0.16477999},
{"Node_id":1768,"weight":0.22483},
{"Node_id":1829,"weight":0.19422999},
{"Node_id":1834,"weight":0.14052},
{"Node_id":1853,"weight":0.24383},
{"Node_id":1868,"weight":0.14663},
{"Node_id":1870,"weight":0.16792001},
{"Node_id":1871,"weight":0.17464},
{"Node_id":1888,"weight":0.15949},
{"Node_id":1903,"weight":0.14761999},
{"Node_id":1904,"weight":0.15478},
{"Node_id":1914,"weight":0.23408},
{"Node_id":1915,"weight":0.21113},
{"Node_id":1928,"weight":0.14281},
{"Node_id":1929,"weight":0.20887001},
{"Node_id":1934,"weight":0.20495},
{"Node_id":1977,"weight":0.1656},
{"Node_id":1981,"weight":0.14102},
{"Node_id":2002,"weight":0.1628},
{"Node_id":2010,"weight":0.15603},
{"Node_id":2048,"weight":0.18447},
{"Node_id":2081,"weight":0.19962},
{"Node_id":2089,"weight":0.21708},
{"Node_id":2108,"weight":0.14177999},
{"Node_id":2110,"weight":0.20695},
{"Node_id":2111,"weight":0.16085},
{"Node_id":2112,"weight":0.22196},
{"Node_id":2115,"weight":0.29635},
{"Node_id":2116,"weight":0.39549},
{"Node_id":2117,"weight":0.14474},
{"Node_id":2119,"weight":0.23996},
{"Node_id":2120,"weight":0.17433},
{"Node_id":2121,"weight":0.21807},
{"Node_id":2122,"weight":0.23866001},
{"Node_id":2123,"weight":0.13918999},
{"Node_id":2129,"weight":0.20938},
{"Node_id":2132,"weight":0.23433001},
{"Node_id":2133,"weight":0.17159},
{"Node_id":2135,"weight":0.25504},
{"Node_id":2138,"weight":0.23648},
{"Node_id":2140,"weight":0.19755},
{"Node_id":2141,"weight":0.14868},
{"Node_id":2142,"weight":0.14480999},
{"Node_id":2143,"weight":0.14384},
{"Node_id":2144,"weight":0.52933},
{"Node_id":2145,"weight":0.14313},
{"Node_id":2146,"weight":0.33287},
{"Node_id":2147,"weight":0.19305},
{"Node_id":2149,"weight":0.25195},
{"Node_id":2151,"weight":0.32151002},
{"Node_id":2152,"weight":0.23271},
{"Node_id":2154,"weight":0.46469003},
{"Node_id":2155,"weight":0.22943},
{"Node_id":2156,"weight":0.34523},
{"Node_id":2157,"weight":0.14616999},
{"Node_id":2160,"weight":0.16142},
{"Node_id":2162,"weight":0.30006},
{"Node_id":2167,"weight":0.20918},
{"Node_id":2170,"weight":0.34225},
{"Node_id":2176,"weight":0.18704},
{"Node_id":2177,"weight":0.14455},
{"Node_id":2178,"weight":0.1452},
{"Node_id":2179,"weight":0.36677},
{"Node_id":2181,"weight":0.16405},
{"Node_id":2183,"weight":0.16627},
{"Node_id":2184,"weight":0.31173},
{"Node_id":2185,"weight":0.22751999},
{"Node_id":2189,"weight":0.17151001},
{"Node_id":2191,"weight":0.17447999},
{"Node_id":2196,"weight":0.20299001},
{"Node_id":2221,"weight":0.24600999},
{"Node_id":2229,"weight":0.14493999},
{"Node_id":2232,"weight":0.14822},
{"Node_id":2233,"weight":0.37852},
{"Node_id":2235,"weight":0.21217999},
{"Node_id":2236,"weight":0.22242},
{"Node_id":2238,"weight":0.59496003},
{"Node_id":2239,"weight":0.21961},
{"Node_id":2241,"weight":0.41711003},
{"Node_id":2244,"weight":0.46258998},
{"Node_id":2245,"weight":0.45555001},
{"Node_id":2246,"weight":0.17864999},
{"Node_id":2248,"weight":0.18921},
{"Node_id":2250,"weight":0.14261},
{"Node_id":2255,"weight":0.15450999},
{"Node_id":2258,"weight":0.2579},
{"Node_id":2261,"weight":0.15361},
{"Node_id":2262,"weight":0.18371001},
{"Node_id":2264,"weight":0.25654},
{"Node_id":2281,"weight":0.22493999},
{"Node_id":2282,"weight":0.25669},
{"Node_id":2284,"weight":0.28439},
{"Node_id":2285,"weight":0.23371},
{"Node_id":2286,"weight":0.13913},
{"Node_id":2288,"weight":0.27712},
{"Node_id":2289,"weight":0.5077},
{"Node_id":2290,"weight":0.19386},
{"Node_id":2299,"weight":0.14364001},
{"Node_id":2306,"weight":0.14855},
{"Node_id":2308,"weight":0.1421},
{"Node_id":2310,"weight":0.26433998},
{"Node_id":2311,"weight":0.16777},
{"Node_id":2314,"weight":0.24168},
{"Node_id":2344,"weight":0.21589},
{"Node_id":2346,"weight":0.1752},
{"Node_id":2361,"weight":0.21939},
{"Node_id":2383,"weight":0.22356},
{"Node_id":2384,"weight":0.18583},
{"Node_id":2418,"weight":0.19241},
{"Node_id":2420,"weight":0.16486},
{"Node_id":2425,"weight":0.23111999},
{"Node_id":2439,"weight":0.19924},
{"Node_id":2447,"weight":0.19522999},
{"Node_id":2453,"weight":0.15259},
{"Node_id":2458,"weight":0.1602},
{"Node_id":2463,"weight":0.19223},
{"Node_id":2471,"weight":0.14338},
{"Node_id":2477,"weight":0.14631},
{"Node_id":2480,"weight":0.14644},
{"Node_id":2535,"weight":0.15617},
{"Node_id":2547,"weight":0.54217},
{"Node_id":2548,"weight":0.55429},
{"Node_id":2550,"weight":0.14223},
{"Node_id":2552,"weight":0.33376998},
{"Node_id":2575,"weight":0.14396},
{"Node_id":2576,"weight":0.18974},
{"Node_id":2601,"weight":0.14709},
{"Node_id":2620,"weight":0.50450003},
{"Node_id":2621,"weight":0.17354},
{"Node_id":2623,"weight":0.17198},
{"Node_id":2626,"weight":0.36076},
{"Node_id":2628,"weight":0.36273},
{"Node_id":2629,"weight":0.37401},
{"Node_id":2633,"weight":0.21418},
{"Node_id":2634,"weight":0.16419},
{"Node_id":2636,"weight":0.20211999},
{"Node_id":2638,"weight":0.38469},
{"Node_id":2640,"weight":0.14742},
{"Node_id":2641,"weight":0.20574999},
{"Node_id":2644,"weight":0.16709},
{"Node_id":2647,"weight":0.54927003},
{"Node_id":2650,"weight":0.37446},
{"Node_id":2652,"weight":0.35075},
{"Node_id":2653,"weight":0.17472},
{"Node_id":2656,"weight":0.25518999},
{"Node_id":2658,"weight":0.38371998},
{"Node_id":2659,"weight":0.20615001},
{"Node_id":2663,"weight":0.1812},
{"Node_id":2664,"weight":0.19143},
{"Node_id":2665,"weight":0.17567},
{"Node_id":2667,"weight":0.21905999},
{"Node_id":2669,"weight":0.29465002},
{"Node_id":2670,"weight":0.21249},
{"Node_id":2671,"weight":0.36431998},
{"Node_id":2672,"weight":0.51441},
{"Node_id":2674,"weight":0.30978},
{"Node_id":2675,"weight":0.38132},
{"Node_id":2677,"weight":0.2401},
{"Node_id":2679,"weight":0.1515},
{"Node_id":2680,"weight":0.29072002},
{"Node_id":2681,"weight":0.18575},
{"Node_id":2682,"weight":0.30644},
{"Node_id":2684,"weight":0.23039},
{"Node_id":2689,"weight":0.20250002},
{"Node_id":2694,"weight":0.1513},
{"Node_id":2701,"weight":0.39658},
{"Node_id":2703,"weight":0.20192},
{"Node_id":2705,"weight":0.28381},
{"Node_id":2707,"weight":0.20337999},
{"Node_id":2709,"weight":0.19323},
{"Node_id":2712,"weight":0.23015001},
{"Node_id":2714,"weight":0.13988},
{"Node_id":2717,"weight":0.26336998},
{"Node_id":2718,"weight":0.15484999},
{"Node_id":2719,"weight":0.25297},
{"Node_id":2721,"weight":0.17662999},
{"Node_id":2723,"weight":0.14422},
{"Node_id":2724,"weight":0.15885},
{"Node_id":2725,"weight":0.15729001},
{"Node_id":2727,"weight":0.27409},
{"Node_id":2742,"weight":0.15771},
{"Node_id":2758,"weight":0.28711},
{"Node_id":2760,"weight":0.15659},
{"Node_id":2761,"weight":0.14782},
{"Node_id":2763,"weight":0.24796},
{"Node_id":2765,"weight":0.54927003},
{"Node_id":2767,"weight":0.14862},
{"Node_id":2770,"weight":0.21621999},
{"Node_id":2771,"weight":0.18253},
{"Node_id":2772,"weight":0.21928},
{"Node_id":2773,"weight":0.1587},
{"Node_id":2774,"weight":0.1656},
{"Node_id":2778,"weight":0.16027},
{"Node_id":2780,"weight":0.18609},
{"Node_id":2785,"weight":0.26928002},
{"Node_id":2786,"weight":0.33903},
{"Node_id":2792,"weight":0.26147002},
{"Node_id":2794,"weight":0.18438},
{"Node_id":2796,"weight":0.41513},
{"Node_id":2798,"weight":0.15197},
{"Node_id":2799,"weight":0.34356},
{"Node_id":2800,"weight":0.44538003},
{"Node_id":2802,"weight":0.14774999},
{"Node_id":2803,"weight":0.36595},
{"Node_id":2806,"weight":0.18354},
{"Node_id":2807,"weight":0.27857},
{"Node_id":2810,"weight":0.18643},
{"Node_id":2811,"weight":0.25882},
{"Node_id":2815,"weight":0.26466},
{"Node_id":2816,"weight":0.21796},
{"Node_id":2818,"weight":0.3562},
{"Node_id":2822,"weight":0.26022},
{"Node_id":2824,"weight":0.22716},
{"Node_id":2826,"weight":0.17543},
{"Node_id":2828,"weight":0.19098},
{"Node_id":2830,"weight":0.24519},
{"Node_id":2832,"weight":0.26433998},
{"Node_id":2833,"weight":0.29939002},
{"Node_id":2834,"weight":0.18379},
{"Node_id":2835,"weight":0.17711},
{"Node_id":2837,"weight":0.15484999},
{"Node_id":2839,"weight":0.31222},
{"Node_id":2840,"weight":0.21752},
{"Node_id":2841,"weight":0.26321},
{"Node_id":2842,"weight":0.27183002},
{"Node_id":2844,"weight":0.31026},
{"Node_id":2848,"weight":0.22576001},
{"Node_id":2849,"weight":0.31625},
{"Node_id":2850,"weight":0.23814002},
{"Node_id":2856,"weight":0.17849},
{"Node_id":2858,"weight":0.24235001},
{"Node_id":2869,"weight":0.23827},
{"Node_id":2873,"weight":0.2889},
{"Node_id":2875,"weight":0.15899},
{"Node_id":2876,"weight":0.14941},
{"Node_id":2877,"weight":0.4508},
{"Node_id":2878,"weight":0.29984},
{"Node_id":2879,"weight":0.22084},
{"Node_id":2880,"weight":0.26401},
{"Node_id":2881,"weight":0.3105},
{"Node_id":2882,"weight":0.21145001},
{"Node_id":2889,"weight":0.23699},
{"Node_id":2902,"weight":0.14461},
{"Node_id":2908,"weight":0.17105},
{"Node_id":2909,"weight":0.21238999},
{"Node_id":2911,"weight":0.27115},
{"Node_id":2913,"weight":0.16383},
{"Node_id":2915,"weight":0.36392},
{"Node_id":2918,"weight":0.17089},
{"Node_id":2921,"weight":0.33871},
{"Node_id":2922,"weight":0.29277},
{"Node_id":2923,"weight":0.45653},
{"Node_id":2927,"weight":0.15779},
{"Node_id":2928,"weight":0.38085002},
{"Node_id":2931,"weight":0.16179},
{"Node_id":2933,"weight":0.24588001},
{"Node_id":2934,"weight":0.16477999},
{"Node_id":2936,"weight":0.2342},
{"Node_id":2939,"weight":0.22681001},
{"Node_id":2941,"weight":0.27586},
{"Node_id":2943,"weight":0.33683},
{"Node_id":2948,"weight":0.20565},
{"Node_id":2950,"weight":0.14120999},
{"Node_id":2951,"weight":0.22061},
{"Node_id":2952,"weight":0.17136},
{"Node_id":2954,"weight":0.17182},
{"Node_id":2955,"weight":0.16486},
{"Node_id":2956,"weight":0.35435},
{"Node_id":2958,"weight":0.36233002},
{"Node_id":2962,"weight":0.15771},
{"Node_id":2964,"weight":0.32591},
{"Node_id":2965,"weight":0.16754},
{"Node_id":2967,"weight":0.20096},
{"Node_id":2969,"weight":0.15687},
{"Node_id":2970,"weight":0.14014},
{"Node_id":2971,"weight":0.17417},
{"Node_id":2972,"weight":0.23699},
{"Node_id":2978,"weight":0.28633},
{"Node_id":2981,"weight":0.35325998},
{"Node_id":2982,"weight":0.40163},
{"Node_id":2984,"weight":0.17051001},
{"Node_id":2986,"weight":0.18913},
{"Node_id":2988,"weight":0.15999},
{"Node_id":2991,"weight":0.30117},
{"Node_id":2993,"weight":0.14868},
{"Node_id":2998,"weight":0.18379},
{"Node_id":3003,"weight":0.24965999},
{"Node_id":3005,"weight":0.3562},
{"Node_id":3006,"weight":0.49548},
{"Node_id":3008,"weight":0.21873},
{"Node_id":3010,"weight":0.16582},
{"Node_id":3071,"weight":0.17647001},
{"Node_id":3075,"weight":0.15231},
{"Node_id":3118,"weight":0.17988},
{"Node_id":3120,"weight":0.14802},
{"Node_id":3122,"weight":0.40633997},
{"Node_id":3124,"weight":0.33347002},
{"Node_id":3126,"weight":0.33777002},
{"Node_id":3128,"weight":0.14177999},
{"Node_id":3129,"weight":0.24881001},
{"Node_id":3130,"weight":0.23787999},
{"Node_id":3131,"weight":0.29614002},
{"Node_id":3132,"weight":0.16664},
{"Node_id":3133,"weight":0.17963001},
{"Node_id":3134,"weight":0.19143},
{"Node_id":3135,"weight":0.16523},
{"Node_id":3136,"weight":0.16538},
{"Node_id":3140,"weight":0.23584001},
{"Node_id":3142,"weight":0.25224},
{"Node_id":3144,"weight":0.17074},
{"Node_id":3145,"weight":0.18834},
{"Node_id":3150,"weight":0.16627},
{"Node_id":3152,"weight":0.20605},
{"Node_id":3174,"weight":0.15624},
{"Node_id":3194,"weight":0.1983},
{"Node_id":3241,"weight":0.22506002},
{"Node_id":3243,"weight":0.17354},
{"Node_id":3244,"weight":0.17599},
{"Node_id":3246,"weight":0.22049999},
{"Node_id":3253,"weight":0.19643},
{"Node_id":3266,"weight":0.23222001},
{"Node_id":3278,"weight":0.14774999},
{"Node_id":3289,"weight":0.21482},
{"Node_id":3294,"weight":0.16973999},
{"Node_id":3297,"weight":0.1822},
{"Node_id":3299,"weight":0.16186},
{"Node_id":3321,"weight":0.16295001},
{"Node_id":3334,"weight":0.22564001},
{"Node_id":3345,"weight":0.21113},
{"Node_id":3355,"weight":0.17906},
{"Node_id":3376,"weight":0.17988},
{"Node_id":3388,"weight":0.15568},
{"Node_id":3391,"weight":0.20241001},
{"Node_id":3403,"weight":0.15708},
{"Node_id":3410,"weight":0.16121},
{"Node_id":3428,"weight":0.20615001},
{"Node_id":3447,"weight":0.15942},
{"Node_id":3472,"weight":0.15828},
{"Node_id":3474,"weight":0.19214},
{"Node_id":3485,"weight":0.17276},
{"Node_id":3501,"weight":0.16092},
{"Node_id":3503,"weight":0.23559001},
{"Node_id":3514,"weight":0.20855999},
{"Node_id":3528,"weight":0.23853},
{"Node_id":3539,"weight":0.14795001},
{"Node_id":3546,"weight":0.22493999},
{"Node_id":3551,"weight":0.20585},
{"Node_id":3586,"weight":0.14921},
{"Node_id":3603,"weight":0.17947},
{"Node_id":3608,"weight":0.19026999},
{"Node_id":3615,"weight":0.22435999},
{"Node_id":3619,"weight":0.17043},
{"Node_id":3643,"weight":0.14756},
{"Node_id":3657,"weight":0.24505},
{"Node_id":3664,"weight":0.21829},
{"Node_id":3672,"weight":0.21302},
{"Node_id":3681,"weight":0.21643},
{"Node_id":3710,"weight":0.14076999},
{"Node_id":3743,"weight":0.20114999},
{"Node_id":3767,"weight":0.2401},
{"Node_id":3791,"weight":0.17267999},
{"Node_id":3800,"weight":0.22095},
{"Node_id":3802,"weight":0.17338},
{"Node_id":3807,"weight":0.14908001},
{"Node_id":3830,"weight":0.20309},
{"Node_id":3841,"weight":0.17582999},
{"Node_id":3873,"weight":0.14223},
{"Node_id":3932,"weight":0.16427},
{"Node_id":3985,"weight":0.19026999},
{"Node_id":3989,"weight":0.16657},
{"Node_id":4012,"weight":0.18755999},
{"Node_id":4041,"weight":0.17354},
{"Node_id":4090,"weight":0.07028},
{"Node_id":4091,"weight":0.63754},
{"Node_id":4092,"weight":0.12339},
{"Node_id":4093,"weight":0.14507},
{"Node_id":4094,"weight":0.12027},
{"Node_id":4095,"weight":0.0039999997},
{"Node_id":4096,"weight":0.45173997},
{"Node_id":4097,"weight":0.007999999},
{"Node_id":4098,"weight":0.21343999},
{"Node_id":4099,"weight":0.29072002},
{"Node_id":4100,"weight":0.24519},
{"Node_id":4101,"weight":0.20048001},
{"Node_id":4102,"weight":0.15444},
{"Node_id":4103,"weight":0.16515},
{"Node_id":4104,"weight":0.03248},
{"Node_id":4105,"weight":0.23075},
{"Node_id":4106,"weight":0.27322},
{"Node_id":4107,"weight":0.63754},
{"Node_id":4108,"weight":0.17864999},
{"Node_id":4109,"weight":0.25821},
{"Node_id":4110,"weight":0.37669},
{"Node_id":4111,"weight":0.26273},
{"Node_id":4112,"weight":0.28750998},
{"Node_id":4113,"weight":0.01418},
{"Node_id":4114,"weight":0.30481},
{"Node_id":4115,"weight":0.23710999},
{"Node_id":4116,"weight":0.14552},
{"Node_id":4117,"weight":0.05083},
{"Node_id":4118,"weight":0.33745998},
{"Node_id":4119,"weight":0.27551},
{"Node_id":4120,"weight":0.16754},
{"Node_id":4121,"weight":0.17059},
{"Node_id":4122,"weight":0.35922},
{"Node_id":4123,"weight":0.297},
{"Node_id":4124,"weight":0.23051},
{"Node_id":4125,"weight":0.18913},
{"Node_id":4126,"weight":0.0333},
{"Node_id":4127,"weight":0.00144},
{"Node_id":4128,"weight":0.23918},
{"Node_id":4129,"weight":0.3483},
{"Node_id":4130,"weight":0.26744002},
{"Node_id":4131,"weight":0.16582},
{"Node_id":4132,"weight":0.26844},
{"Node_id":4133,"weight":0.48203},
{"Node_id":4134,"weight":0.38968998},
{"Node_id":4135,"weight":0.26305002},
{"Node_id":4136,"weight":0.24368998},
{"Node_id":4137,"weight":0.00516},
{"Node_id":4138,"weight":0.06482},
{"Node_id":4139,"weight":0.17136},
{"Node_id":4140,"weight":0.05503},
{"Node_id":4141,"weight":0.15197},
{"Node_id":4142,"weight":0.20348},
{"Node_id":4143,"weight":0.21343999},
{"Node_id":4144,"weight":0.14995},
{"Node_id":4145,"weight":0.1656},
{"Node_id":4146,"weight":0.096990004},
{"Node_id":4147,"weight":0.04339},
{"Node_id":4148,"weight":0.35472},
{"Node_id":4149,"weight":0.02949},
{"Node_id":4150,"weight":0.46576},
{"Node_id":4151,"weight":0.16237},
{"Node_id":4152,"weight":0.03421},
{"Node_id":4153,"weight":0.07602},
{"Node_id":4154,"weight":0.33078998},
{"Node_id":4155,"weight":0.32479998},
{"Node_id":4156,"weight":0.21503},
{"Node_id":4157,"weight":0.28305},
{"Node_id":4158,"weight":0.56515},
{"Node_id":4159,"weight":0.17206},
{"Node_id":14679,"weight":0.14474},
{"Node_id":14682,"weight":0.17043},
{"Node_id":14683,"weight":0.16612001},
{"Node_id":14685,"weight":0.16762},
{"Node_id":14686,"weight":0.22207999},
{"Node_id":14690,"weight":0.32017},
{"Node_id":14692,"weight":0.29939002},
{"Node_id":14694,"weight":0.21796},
{"Node_id":14696,"weight":0.20038},
{"Node_id":14697,"weight":0.19934},
{"Node_id":14699,"weight":0.1561},
{"Node_id":14700,"weight":0.15892},
{"Node_id":14701,"weight":0.16006},
{"Node_id":14702,"weight":0.17377},
{"Node_id":14703,"weight":0.23321},
{"Node_id":14705,"weight":0.42839998},
{"Node_id":14708,"weight":0.17857},
{"Node_id":14709,"weight":0.23271},
{"Node_id":14710,"weight":0.1873},
{"Node_id":14713,"weight":0.25609},
{"Node_id":14715,"weight":0.20357999},
{"Node_id":14716,"weight":0.22599001},
{"Node_id":14720,"weight":0.21610999},
{"Node_id":14722,"weight":0.34258002},
{"Node_id":14723,"weight":0.26661998},
{"Node_id":14726,"weight":0.28191},
{"Node_id":14731,"weight":0.61637},
{"Node_id":14733,"weight":0.33287},
{"Node_id":14735,"weight":0.21164998},
{"Node_id":14736,"weight":0.15022},
{"Node_id":14737,"weight":0.25066},
{"Node_id":14741,"weight":0.24089},
{"Node_id":14745,"weight":0.29549998},
{"Node_id":14746,"weight":0.24235001},
{"Node_id":14747,"weight":0.16634001},
{"Node_id":14751,"weight":0.17906},
{"Node_id":14757,"weight":0.16853},
{"Node_id":14762,"weight":0.21665001},
{"Node_id":14770,"weight":0.1752},
{"Node_id":14776,"weight":0.18153},
{"Node_id":14789,"weight":0.19359},
{"Node_id":14791,"weight":0.18965},
{"Node_id":14817,"weight":0.15949},
{"Node_id":14821,"weight":0.15582},
{"Node_id":14823,"weight":0.34094998},
{"Node_id":14825,"weight":0.38132},
{"Node_id":14827,"weight":0.81113994},
{"Node_id":14828,"weight":0.35732},
{"Node_id":14829,"weight":0.65699},
{"Node_id":14837,"weight":0.22907},
{"Node_id":14839,"weight":0.38371998},
{"Node_id":14841,"weight":0.25775},
{"Node_id":14843,"weight":0.17036},
{"Node_id":14844,"weight":0.25297},
{"Node_id":14848,"weight":0.22005999},
{"Node_id":14850,"weight":0.17345999},
{"Node_id":14851,"weight":0.17252001},
{"Node_id":14853,"weight":0.2375},
{"Node_id":14854,"weight":0.19487},
{"Node_id":14856,"weight":0.24221},
{"Node_id":14857,"weight":0.16523},
{"Node_id":14858,"weight":0.21031001},
{"Node_id":14859,"weight":0.17607},
{"Node_id":14861,"weight":0.23321},
{"Node_id":14869,"weight":0.15076},
{"Node_id":14872,"weight":0.37579},
{"Node_id":14873,"weight":0.19296},
{"Node_id":14874,"weight":0.21092999},
{"Node_id":14876,"weight":0.22657001},
{"Node_id":14880,"weight":0.26678},
{"Node_id":14882,"weight":0.15245},
{"Node_id":14884,"weight":0.19895999},
{"Node_id":14886,"weight":0.25023},
{"Node_id":14887,"weight":0.1421},
{"Node_id":14888,"weight":0.17151001},
{"Node_id":14890,"weight":0.19634},
{"Node_id":14898,"weight":0.22967},
{"Node_id":14904,"weight":0.23931},
{"Node_id":14922,"weight":0.21861999},
{"Node_id":14928,"weight":0.21071999},
{"Node_id":14929,"weight":0.17464},
{"Node_id":14945,"weight":0.16222},
{"Node_id":14980,"weight":0.15863},
{"Node_id":14987,"weight":0.26482},
{"Node_id":14989,"weight":0.22634001},
{"Node_id":14991,"weight":0.1397},
{"Node_id":14993,"weight":0.19468},
{"Node_id":14996,"weight":0.153},
{"Node_id":15002,"weight":0.18087},
{"Node_id":15003,"weight":0.17963001},
{"Node_id":15058,"weight":0.23234001},
{"Node_id":15059,"weight":0.15942},
{"Node_id":15072,"weight":0.29808},
{"Node_id":15074,"weight":0.1935},
{"Node_id":15077,"weight":0.21568},
{"Node_id":15080,"weight":0.14848},
{"Node_id":15081,"weight":0.15793},
{"Node_id":15082,"weight":0.31833},
{"Node_id":15086,"weight":0.22955},
{"Node_id":15088,"weight":0.27235},
{"Node_id":15099,"weight":0.21312001},
{"Node_id":15100,"weight":0.15002},
{"Node_id":15102,"weight":0.20745},
{"Node_id":15103,"weight":0.14822},
{"Node_id":15104,"weight":0.14848},
{"Node_id":15105,"weight":0.20436001},
{"Node_id":15107,"weight":0.24851999},
{"Node_id":15108,"weight":0.18643},
{"Node_id":15109,"weight":0.31651002},
{"Node_id":15111,"weight":0.13932},
{"Node_id":15112,"weight":0.14975},
{"Node_id":15114,"weight":0.15963},
{"Node_id":15121,"weight":0.17736},
{"Node_id":15122,"weight":0.19296},
{"Node_id":15123,"weight":0.27857},
{"Node_id":15126,"weight":0.40693998},
{"Node_id":15127,"weight":0.24670999},
{"Node_id":15129,"weight":0.1752},
{"Node_id":15130,"weight":0.20038},
{"Node_id":15132,"weight":0.27081},
{"Node_id":15133,"weight":0.14835},
{"Node_id":15135,"weight":0.2727},
{"Node_id":15138,"weight":0.3596},
{"Node_id":15142,"weight":0.23866001},
{"Node_id":15144,"weight":0.14624},
{"Node_id":15149,"weight":0.28652},
{"Node_id":15150,"weight":0.15062},
{"Node_id":15151,"weight":0.14881},
{"Node_id":15153,"weight":0.14921},
{"Node_id":15155,"weight":0.1776},
{"Node_id":15158,"weight":0.16973999},
{"Node_id":15159,"weight":0.22196},
{"Node_id":15161,"weight":0.2881},
{"Node_id":15162,"weight":0.17401001},
{"Node_id":15164,"weight":0.16208},
{"Node_id":15166,"weight":0.16486},
{"Node_id":15167,"weight":0.19332},
{"Node_id":15168,"weight":0.18523},
{"Node_id":15169,"weight":0.26401},
{"Node_id":15170,"weight":0.15272},
{"Node_id":15171,"weight":0.15368},
{"Node_id":15172,"weight":0.48077998},
{"Node_id":15173,"weight":0.19868},
{"Node_id":15175,"weight":0.19286999},
{"Node_id":15176,"weight":0.15049},
{"Node_id":15177,"weight":0.1817},
{"Node_id":15178,"weight":0.15977},
{"Node_id":15179,"weight":0.25489},
{"Node_id":15180,"weight":0.21928},
{"Node_id":15182,"weight":0.23775999},
{"Node_id":15183,"weight":0.22799},
{"Node_id":15184,"weight":0.24368998},
{"Node_id":15185,"weight":0.30881},
{"Node_id":15186,"weight":0.14565},
{"Node_id":15187,"weight":0.20816},
{"Node_id":15188,"weight":0.27784},
{"Node_id":15190,"weight":0.20907},
{"Node_id":15191,"weight":0.60725003},
{"Node_id":15192,"weight":0.28574},
{"Node_id":15193,"weight":0.14177999},
{"Node_id":15194,"weight":0.15992},
{"Node_id":15195,"weight":0.21719},
{"Node_id":15196,"weight":0.15035},
{"Node_id":15197,"weight":0.13882},
{"Node_id":15198,"weight":0.22576001},
{"Node_id":15199,"weight":0.33652002},
{"Node_id":15200,"weight":0.25254},
{"Node_id":15201,"weight":0.17105},
{"Node_id":15202,"weight":0.48457998},
{"Node_id":15203,"weight":0.22551998},
{"Node_id":15204,"weight":0.13988},
{"Node_id":15205,"weight":0.14172},
{"Node_id":15206,"weight":0.16523},
{"Node_id":15207,"weight":0.17963001},
{"Node_id":15208,"weight":0.41002002},
{"Node_id":15209,"weight":0.25066},
{"Node_id":15210,"weight":0.25385},
{"Node_id":15211,"weight":0.2877},
{"Node_id":15212,"weight":0.19522999},
{"Node_id":15213,"weight":0.25713998},
{"Node_id":15214,"weight":0.14565},
{"Node_id":15215,"weight":0.1744},
{"Node_id":15216,"weight":0.16732},
{"Node_id":15217,"weight":0.1798},
{"Node_id":15218,"weight":0.19305},
{"Node_id":15219,"weight":0.14229},
{"Node_id":15220,"weight":0.1543},
{"Node_id":15221,"weight":0.41711003},
{"Node_id":15222,"weight":0.26711},
{"Node_id":15223,"weight":0.22049999},
{"Node_id":15224,"weight":0.31347},
{"Node_id":15225,"weight":0.14815},
{"Node_id":15226,"weight":0.1752},
{"Node_id":15227,"weight":0.30251998},
{"Node_id":15228,"weight":0.16368},
{"Node_id":15229,"weight":0.31963998},
{"Node_id":15230,"weight":0.20565},
{"Node_id":15231,"weight":0.19296},
{"Node_id":15232,"weight":0.18135999},
{"Node_id":15233,"weight":0.22242},
{"Node_id":15234,"weight":0.23571},
{"Node_id":15235,"weight":0.38038},
{"Node_id":15236,"weight":0.20938},
{"Node_id":15237,"weight":0.20745},
{"Node_id":15238,"weight":0.25123},
{"Node_id":15239,"weight":0.15786001},
{"Node_id":15240,"weight":0.1726},
{"Node_id":15241,"weight":0.14663},
{"Node_id":15242,"weight":0.26563},
{"Node_id":15243,"weight":0.14147},
{"Node_id":15244,"weight":0.29011},
{"Node_id":15245,"weight":0.52347004},
{"Node_id":15246,"weight":0.34094998},
{"Node_id":15247,"weight":0.34225},
{"Node_id":15248,"weight":0.18557},
{"Node_id":15249,"weight":0.26498002},
{"Node_id":15250,"weight":0.21134},
{"Node_id":15251,"weight":0.2366},
{"Node_id":15252,"weight":0.19395},
{"Node_id":15253,"weight":0.31859},
{"Node_id":15254,"weight":0.22907},
{"Node_id":15255,"weight":0.18337},
{"Node_id":15256,"weight":0.15652},
{"Node_id":15257,"weight":0.2543},
{"Node_id":15258,"weight":0.58061},
{"Node_id":15259,"weight":0.36969},
{"Node_id":15260,"weight":0.21774001},
{"Node_id":15261,"weight":0.14795001},
{"Node_id":15262,"weight":0.13944},
{"Node_id":15263,"weight":0.23222001},
{"Node_id":15264,"weight":0.18012},
{"Node_id":15265,"weight":0.52933},
{"Node_id":15266,"weight":0.33078998},
{"Node_id":15267,"weight":0.44278002},
{"Node_id":15268,"weight":0.15652},
{"Node_id":15269,"weight":0.25944},
{"Node_id":15270,"weight":0.20855999},
{"Node_id":15271,"weight":0.15029},
{"Node_id":15272,"weight":0.28750998},
{"Node_id":15273,"weight":0.15361},
{"Node_id":15274,"weight":0.32342},
{"Node_id":15275,"weight":0.19432},
{"Node_id":15276,"weight":0.1639},
{"Node_id":15279,"weight":0.57105},
{"Node_id":15282,"weight":0.20019},
{"Node_id":15284,"weight":0.39124},
{"Node_id":15287,"weight":0.17841001},
{"Node_id":15291,"weight":0.25975},
{"Node_id":15294,"weight":0.21418},
{"Node_id":15296,"weight":0.19098},
{"Node_id":15299,"weight":0.14242001},
{"Node_id":15302,"weight":0.25913},
{"Node_id":15305,"weight":0.16822},
{"Node_id":15309,"weight":0.35004002},
{"Node_id":15312,"weight":0.14096001},
{"Node_id":15316,"weight":0.18834},
{"Node_id":15317,"weight":0.16657},
{"Node_id":15318,"weight":0.20918},
{"Node_id":15319,"weight":0.29257},
{"Node_id":15320,"weight":0.34323},
{"Node_id":15326,"weight":0.16258},
{"Node_id":15329,"weight":0.25913},
{"Node_id":15330,"weight":0.20154},
{"Node_id":15331,"weight":0.18755999},
{"Node_id":15354,"weight":0.15068999},
{"Node_id":15359,"weight":0.15423},
{"Node_id":15366,"weight":0.25254},
{"Node_id":15367,"weight":0.18808},
{"Node_id":15368,"weight":0.21134},
{"Node_id":15374,"weight":0.28496},
{"Node_id":15375,"weight":0.18178001},
{"Node_id":15383,"weight":0.18153},
{"Node_id":15384,"weight":0.24302001},
{"Node_id":15386,"weight":0.22611001},
{"Node_id":15387,"weight":0.41982},
{"Node_id":15388,"weight":0.36392},
{"Node_id":15389,"weight":0.19727},
{"Node_id":15390,"weight":0.57413995},
{"Node_id":15391,"weight":0.30929},
{"Node_id":15392,"weight":0.23608999},
{"Node_id":15393,"weight":0.17113},
{"Node_id":15394,"weight":0.14268},
{"Node_id":15395,"weight":0.29896},
{"Node_id":15396,"weight":0.20938},
{"Node_id":15397,"weight":0.36718},
{"Node_id":15398,"weight":0.21124001},
{"Node_id":15399,"weight":0.25518999},
{"Node_id":15400,"weight":0.23445001},
{"Node_id":15401,"weight":0.15527001},
{"Node_id":15402,"weight":0.1752},
{"Node_id":15403,"weight":0.27658},
{"Node_id":15404,"weight":0.19241},
{"Node_id":15405,"weight":0.18506},
{"Node_id":15406,"weight":0.24951},
{"Node_id":15407,"weight":0.33168},
{"Node_id":15408,"weight":0.19368},
{"Node_id":15409,"weight":0.22599001},
{"Node_id":15410,"weight":0.18531999},
{"Node_id":15411,"weight":0.22379},
{"Node_id":15412,"weight":0.18379},
{"Node_id":15413,"weight":0.36718},
{"Node_id":15414,"weight":0.16317001},
{"Node_id":15415,"weight":0.37624},
{"Node_id":15416,"weight":0.15617},
{"Node_id":15417,"weight":0.18566},
{"Node_id":15418,"weight":0.18575},
{"Node_id":15419,"weight":0.16013},
{"Node_id":15420,"weight":0.19062999},
{"Node_id":15421,"weight":0.32648},
{"Node_id":15422,"weight":0.34557},
{"Node_id":15423,"weight":0.25079998},
{"Node_id":15424,"weight":0.14198},
{"Node_id":15425,"weight":0.14474},
{"Node_id":15426,"weight":0.30229002},
{"Node_id":15427,"weight":0.29529},
{"Node_id":15428,"weight":0.20377},
{"Node_id":15429,"weight":0.15218},
{"Node_id":15432,"weight":0.20555},
{"Node_id":15434,"weight":0.18261},
{"Node_id":15435,"weight":0.2887},
{"Node_id":15437,"weight":0.17898001},
{"Node_id":15438,"weight":0.33999},
{"Node_id":15439,"weight":0.20545001},
{"Node_id":15441,"weight":0.20927998},
{"Node_id":15442,"weight":0.20105},
{"Node_id":15443,"weight":0.15582},
{"Node_id":15444,"weight":0.14709},
{"Node_id":15446,"weight":0.26466},
{"Node_id":15447,"weight":0.14134},
{"Node_id":15448,"weight":0.18186},
{"Node_id":15452,"weight":0.35922},
{"Node_id":15453,"weight":0.18371001},
{"Node_id":15454,"weight":0.25564},
{"Node_id":15457,"weight":0.14293},
{"Node_id":15459,"weight":0.22028},
{"Node_id":15460,"weight":0.32905},
{"Node_id":15461,"weight":0.37357},
{"Node_id":15464,"weight":0.16368},
{"Node_id":15465,"weight":0.19188},
{"Node_id":15467,"weight":0.50450003},
{"Node_id":15468,"weight":0.33168},
{"Node_id":15469,"weight":0.25356},
{"Node_id":15472,"weight":0.38817},
{"Node_id":15473,"weight":0.27839},
{"Node_id":15476,"weight":0.19395},
{"Node_id":15477,"weight":0.14915},
{"Node_id":15478,"weight":0.16936001},
{"Node_id":15479,"weight":0.14565},
{"Node_id":15481,"weight":0.33745998},
{"Node_id":15482,"weight":0.33871},
{"Node_id":15486,"weight":0.18843},
{"Node_id":15487,"weight":0.14500001},
{"Node_id":15488,"weight":0.22847},
{"Node_id":15491,"weight":0.14442},
{"Node_id":15492,"weight":0.29381},
{"Node_id":15497,"weight":0.19662},
{"Node_id":15498,"weight":0.16324},
{"Node_id":15499,"weight":0.17456},
{"Node_id":15502,"weight":0.16717},
{"Node_id":15503,"weight":0.15927},
{"Node_id":15504,"weight":0.18253},
{"Node_id":15509,"weight":0.31963998},
{"Node_id":15510,"weight":0.15068999},
{"Node_id":15511,"weight":0.22219},
{"Node_id":15514,"weight":0.23027},
{"Node_id":15515,"weight":0.34063},
{"Node_id":15527,"weight":0.24895},
{"Node_id":15530,"weight":0.22118},
{"Node_id":15532,"weight":0.18738},
{"Node_id":15533,"weight":0.18037},
{"Node_id":15534,"weight":0.14500001},
{"Node_id":15539,"weight":0.1656},
{"Node_id":15542,"weight":0.21503},
{"Node_id":15545,"weight":0.14703},
{"Node_id":15548,"weight":0.31148},
{"Node_id":15550,"weight":0.15334001},
{"Node_id":15552,"weight":0.15715},
{"Node_id":15555,"weight":0.15771},
{"Node_id":15557,"weight":0.21092999},
{"Node_id":15560,"weight":0.32847},
{"Node_id":15563,"weight":0.18211},
{"Node_id":15565,"weight":0.18992},
{"Node_id":15568,"weight":0.15786001},
{"Node_id":15569,"weight":0.15863},
{"Node_id":15572,"weight":0.14789},
{"Node_id":15574,"weight":0.15541},
{"Node_id":15579,"weight":0.23905},
{"Node_id":15582,"weight":0.22859001},
{"Node_id":15583,"weight":0.1552},
{"Node_id":15584,"weight":0.41002002},
{"Node_id":15590,"weight":0.16739},
{"Node_id":15593,"weight":0.14591},
{"Node_id":15595,"weight":0.22344},
{"Node_id":15602,"weight":0.1854},
{"Node_id":15605,"weight":0.23027},
{"Node_id":15606,"weight":0.16092},
{"Node_id":15607,"weight":0.18617001},
{"Node_id":15612,"weight":0.25094},
{"Node_id":15615,"weight":0.28535},
{"Node_id":15618,"weight":0.15382001},
{"Node_id":15620,"weight":0.1812},
{"Node_id":15625,"weight":0.2401},
{"Node_id":15626,"weight":0.68113},
{"Node_id":15629,"weight":0.22265},
{"Node_id":15632,"weight":0.25474},
{"Node_id":15634,"weight":0.14948},
{"Node_id":15639,"weight":0.43857998},
{"Node_id":15640,"weight":0.43614},
{"Node_id":15641,"weight":0.31807},
{"Node_id":15644,"weight":0.17988},
{"Node_id":15646,"weight":0.14513001},
{"Node_id":15647,"weight":0.18128},
{"Node_id":15649,"weight":0.29174},
{"Node_id":15654,"weight":0.36352},
{"Node_id":15656,"weight":0.19395},
{"Node_id":15660,"weight":0.23710999},
{"Node_id":15661,"weight":0.40221},
{"Node_id":15663,"weight":0.41127},
{"Node_id":15665,"weight":0.20615001},
{"Node_id":15666,"weight":0.22895},
{"Node_id":15670,"weight":0.39549},
{"Node_id":15676,"weight":0.48330003},
{"Node_id":15677,"weight":0.15484999},
{"Node_id":15678,"weight":0.23063},
{"Node_id":15679,"weight":0.18957},
{"Node_id":15680,"weight":0.18044999},
{"Node_id":15681,"weight":0.31422},
{"Node_id":15682,"weight":0.41914},
{"Node_id":15683,"weight":0.43534002},
{"Node_id":15684,"weight":0.16302},
{"Node_id":15685,"weight":0.18738},
{"Node_id":15686,"weight":0.15245},
{"Node_id":15687,"weight":0.50294},
{"Node_id":15688,"weight":0.15807},
{"Node_id":15689,"weight":0.38716},
{"Node_id":15690,"weight":0.22907},
{"Node_id":15691,"weight":0.26612002},
{"Node_id":15692,"weight":0.22061},
{"Node_id":15693,"weight":0.15218},
{"Node_id":15694,"weight":0.22016999},
{"Node_id":15695,"weight":0.53771},
{"Node_id":15696,"weight":0.23918},
{"Node_id":15697,"weight":0.15326999},
{"Node_id":15698,"weight":0.15527001},
{"Node_id":15699,"weight":0.22448},
{"Node_id":15700,"weight":0.21752},
{"Node_id":15701,"weight":0.30953},
{"Node_id":15703,"weight":0.31651002},
{"Node_id":15706,"weight":0.18103},
{"Node_id":15710,"weight":0.23458},
{"Node_id":15714,"weight":0.41778},
{"Node_id":15715,"weight":0.21155},
{"Node_id":15719,"weight":0.18678},
{"Node_id":15720,"weight":0.48457998},
{"Node_id":15721,"weight":0.27218002},
{"Node_id":15725,"weight":0.15828},
{"Node_id":15726,"weight":0.20685},
{"Node_id":15727,"weight":0.42051},
{"Node_id":15728,"weight":0.27218002},
{"Node_id":15732,"weight":0.29742998},
{"Node_id":15733,"weight":0.24155},
{"Node_id":15734,"weight":0.53343},
{"Node_id":15735,"weight":0.15416},
{"Node_id":15736,"weight":0.26861},
{"Node_id":15740,"weight":0.8517},
{"Node_id":15741,"weight":0.30095},
{"Node_id":15742,"weight":0.20416},
{"Node_id":15743,"weight":0.19838999},
{"Node_id":15744,"weight":0.15561},
{"Node_id":15745,"weight":0.17971},
{"Node_id":15749,"weight":0.2474},
{"Node_id":15750,"weight":0.17662999},
{"Node_id":15751,"weight":0.30857},
{"Node_id":15752,"weight":0.14921},
{"Node_id":15753,"weight":0.17671},
{"Node_id":15754,"weight":0.44024},
{"Node_id":15755,"weight":0.19652},
{"Node_id":15759,"weight":0.17097},
{"Node_id":15760,"weight":0.16142},
{"Node_id":15761,"weight":0.21972},
{"Node_id":15762,"weight":0.26678},
{"Node_id":15763,"weight":0.14026001},
{"Node_id":15764,"weight":0.22764},
{"Node_id":15765,"weight":0.2342},
{"Node_id":15769,"weight":0.21197},
{"Node_id":15770,"weight":0.15347001},
{"Node_id":15771,"weight":0.3279},
{"Node_id":15772,"weight":0.18515},
{"Node_id":15773,"weight":0.15177},
{"Node_id":15774,"weight":0.2401},
{"Node_id":15775,"weight":0.32205},
{"Node_id":15776,"weight":0.41254002},
{"Node_id":15780,"weight":0.20836},
{"Node_id":15781,"weight":0.15197},
{"Node_id":15782,"weight":0.17825},
{"Node_id":15783,"weight":0.32818002},
{"Node_id":15784,"weight":0.23853},
{"Node_id":15785,"weight":0.17074},
{"Node_id":15786,"weight":0.14299999},
{"Node_id":15788,"weight":0.31912},
{"Node_id":15792,"weight":0.17841001},
{"Node_id":15793,"weight":0.14422},
{"Node_id":15794,"weight":0.28191},
{"Node_id":15795,"weight":0.31833},
{"Node_id":15796,"weight":0.33168},
{"Node_id":15797,"weight":0.25066},
{"Node_id":15798,"weight":0.24881001},
{"Node_id":15800,"weight":0.16244},
{"Node_id":15801,"weight":0.19532},
{"Node_id":15805,"weight":0.13894},
{"Node_id":15806,"weight":0.15444},
{"Node_id":15807,"weight":0.22230001},
{"Node_id":15808,"weight":0.23222001},
{"Node_id":15809,"weight":0.33197},
{"Node_id":15810,"weight":0.22739999},
{"Node_id":15811,"weight":0.24356},
{"Node_id":15813,"weight":0.1822},
{"Node_id":15814,"weight":0.18583},
{"Node_id":15815,"weight":0.24221},
{"Node_id":15819,"weight":0.32314},
{"Node_id":15820,"weight":0.17151001},
{"Node_id":15821,"weight":0.27063},
{"Node_id":15822,"weight":0.39282},
{"Node_id":15823,"weight":0.19934},
{"Node_id":15824,"weight":0.14377001},
{"Node_id":15825,"weight":0.20836},
{"Node_id":15827,"weight":0.17089},
{"Node_id":15828,"weight":0.17276},
{"Node_id":15829,"weight":0.55429},
{"Node_id":15830,"weight":0.14371},
{"Node_id":15834,"weight":0.52159},
{"Node_id":15835,"weight":0.49989},
{"Node_id":15836,"weight":0.46052998},
{"Node_id":15837,"weight":0.1712},
{"Node_id":15838,"weight":0.15389},
{"Node_id":15839,"weight":0.54217},
{"Node_id":15840,"weight":0.17906},
{"Node_id":15842,"weight":0.17198},
{"Node_id":15843,"weight":0.15326999},
{"Node_id":15844,"weight":0.32619},
{"Node_id":15846,"weight":0.52347004},
{"Node_id":15847,"weight":0.19606},
{"Node_id":15848,"weight":0.17719},
{"Node_id":15849,"weight":0.14474},
{"Node_id":15850,"weight":0.24768},
{"Node_id":15854,"weight":0.158},
{"Node_id":15855,"weight":0.15169999},
{"Node_id":15860,"weight":0.18395999},
{"Node_id":15861,"weight":0.17417},
{"Node_id":15862,"weight":0.29808},
{"Node_id":15863,"weight":0.43534002},
{"Node_id":15864,"weight":0.22528999},
{"Node_id":15865,"weight":0.14128},
{"Node_id":15866,"weight":0.15992},
{"Node_id":15867,"weight":0.16762},
{"Node_id":15868,"weight":0.20211999},
{"Node_id":15869,"weight":0.30389},
{"Node_id":15870,"weight":0.33376998},
{"Node_id":15871,"weight":0.21577999},
{"Node_id":15872,"weight":0.25684},
{"Node_id":15873,"weight":0.31222},
{"Node_id":15874,"weight":0.40939003},
{"Node_id":15875,"weight":0.25913},
{"Node_id":15877,"weight":0.19792},
{"Node_id":15878,"weight":0.20948},
{"Node_id":15880,"weight":0.29113},
{"Node_id":15881,"weight":0.19699},
{"Node_id":15882,"weight":0.19953},
{"Node_id":15884,"weight":0.37401},
{"Node_id":15885,"weight":0.17639},
{"Node_id":15886,"weight":0.15265},
{"Node_id":15887,"weight":0.36038},
{"Node_id":15889,"weight":0.15963},
{"Node_id":15890,"weight":0.23111999},
{"Node_id":15891,"weight":0.31522998},
{"Node_id":15892,"weight":0.26433998},
{"Node_id":15893,"weight":0.23710999},
{"Node_id":15895,"weight":0.26194},
{"Node_id":15896,"weight":0.13995},
{"Node_id":15897,"weight":0.17401001},
{"Node_id":15898,"weight":0.29765},
{"Node_id":15899,"weight":0.20685},
{"Node_id":15900,"weight":0.14644},
{"Node_id":15902,"weight":0.16208},
{"Node_id":15903,"weight":0.139},
{"Node_id":15904,"weight":0.19597},
{"Node_id":15905,"weight":0.25836},
{"Node_id":15906,"weight":0.14019999},
{"Node_id":15907,"weight":0.21082},
{"Node_id":15908,"weight":0.55956995},
{"Node_id":15909,"weight":0.18515},
{"Node_id":15910,"weight":0.14928},
{"Node_id":15911,"weight":0.21343999},
{"Node_id":15912,"weight":0.24181001},
{"Node_id":15913,"weight":0.21884},
{"Node_id":15914,"weight":0.21},
{"Node_id":15916,"weight":0.26336998},
{"Node_id":15917,"weight":0.17447999},
{"Node_id":15918,"weight":0.16331},
{"Node_id":15919,"weight":0.20397},
{"Node_id":15920,"weight":0.17464},
{"Node_id":15921,"weight":0.19802001},
{"Node_id":15922,"weight":0.20269999},
{"Node_id":15923,"weight":0.15828},
{"Node_id":15924,"weight":0.14281},
{"Node_id":15925,"weight":0.21557},
{"Node_id":15926,"weight":0.17881},
{"Node_id":15929,"weight":0.20545001},
{"Node_id":15932,"weight":0.16575},
{"Node_id":15935,"weight":0.32342},
{"Node_id":15936,"weight":0.2645},
{"Node_id":15937,"weight":0.1575},
{"Node_id":15938,"weight":0.21884},
{"Node_id":15939,"weight":0.33317},
{"Node_id":15940,"weight":0.15089001},
{"Node_id":15941,"weight":0.32044},
{"Node_id":15942,"weight":0.17005},
{"Node_id":15943,"weight":0.19505},
{"Node_id":15944,"weight":0.2658},
{"Node_id":15945,"weight":0.17703},
{"Node_id":15946,"weight":0.29257},
{"Node_id":15947,"weight":0.15368},
{"Node_id":15948,"weight":0.27445},
{"Node_id":15949,"weight":0.19962},
{"Node_id":15950,"weight":0.34094998},
{"Node_id":15951,"weight":0.14578},
{"Node_id":15952,"weight":0.23099999},
{"Node_id":15953,"weight":0.24951},
{"Node_id":15954,"weight":0.14468},
{"Node_id":15955,"weight":0.20231},
{"Node_id":15956,"weight":0.23445001},
{"Node_id":15957,"weight":0.49989},
{"Node_id":15958,"weight":0.14631},
{"Node_id":15959,"weight":0.55956995},
{"Node_id":15961,"weight":0.15513},
{"Node_id":15962,"weight":0.15764001},
{"Node_id":15963,"weight":0.24049},
{"Node_id":15965,"weight":0.38567},
{"Node_id":15966,"weight":0.15708},
{"Node_id":15967,"weight":0.15582},
{"Node_id":15968,"weight":0.38616},
{"Node_id":15969,"weight":0.1513},
{"Node_id":15970,"weight":0.54447997},
{"Node_id":15971,"weight":0.27322},
{"Node_id":15972,"weight":0.14076999},
{"Node_id":15973,"weight":0.60725003},
{"Node_id":15974,"weight":0.16868},
{"Node_id":15976,"weight":0.29423},
{"Node_id":15977,"weight":0.17784},
{"Node_id":15978,"weight":0.20585},
{"Node_id":15980,"weight":0.19634},
{"Node_id":15981,"weight":0.1702},
{"Node_id":15982,"weight":0.19588},
{"Node_id":15983,"weight":0.42119998},
{"Node_id":15984,"weight":0.35325998},
{"Node_id":15985,"weight":0.32479998},
{"Node_id":15986,"weight":0.14526},
{"Node_id":15987,"weight":0.14565},
{"Node_id":15988,"weight":0.21092999},
{"Node_id":15989,"weight":0.49840003},
{"Node_id":15990,"weight":0.31075},
{"Node_id":15991,"weight":0.19071999},
{"Node_id":15992,"weight":0.61637},
{"Node_id":15993,"weight":0.20241001},
{"Node_id":15994,"weight":0.19143},
{"Node_id":15995,"weight":0.23271},
{"Node_id":15996,"weight":0.29678},
{"Node_id":15997,"weight":0.22692999},
{"Node_id":15998,"weight":0.36352},
{"Node_id":15999,"weight":0.35253},
{"Node_id":16000,"weight":0.14901},
{"Node_id":16001,"weight":0.31549},
{"Node_id":16002,"weight":0.34623998},
{"Node_id":16003,"weight":0.21493001},
{"Node_id":16004,"weight":0.3305},
{"Node_id":16005,"weight":0.29917},
{"Node_id":16006,"weight":0.15779},
{"Node_id":16007,"weight":0.21503},
{"Node_id":16008,"weight":0.1465},
{"Node_id":16009,"weight":0.19811},
{"Node_id":16010,"weight":0.14526},
{"Node_id":16011,"weight":0.15771},
{"Node_id":16012,"weight":0.18062},
{"Node_id":16013,"weight":0.20125},
{"Node_id":16014,"weight":0.57413995},
{"Node_id":16015,"weight":0.41318002},
{"Node_id":16016,"weight":0.25371},
{"Node_id":16017,"weight":0.21322998},
{"Node_id":16018,"weight":0.14223},
{"Node_id":16019,"weight":0.43857998},
{"Node_id":16020,"weight":0.44364},
{"Node_id":16021,"weight":0.14063999},
{"Node_id":16022,"weight":0.14533},
{"Node_id":16023,"weight":0.1513},
{"Node_id":16024,"weight":0.17036},
{"Node_id":16025,"weight":0.21217999},
{"Node_id":16026,"weight":0.44450998},
{"Node_id":16027,"weight":0.16538},
{"Node_id":16028,"weight":0.22185},
{"Node_id":16029,"weight":0.17535},
{"Node_id":16030,"weight":0.2102},
{"Node_id":16031,"weight":0.1397},
{"Node_id":16032,"weight":0.18851},
{"Node_id":16033,"weight":0.18379},
{"Node_id":16034,"weight":0.56515},
{"Node_id":16035,"weight":0.18992},
{"Node_id":16036,"weight":0.17939},
{"Node_id":16037,"weight":0.20125},
{"Node_id":16038,"weight":0.25594002},
{"Node_id":16039,"weight":0.17244},
{"Node_id":16040,"weight":0.36969},
{"Node_id":16041,"weight":0.31703},
{"Node_id":16042,"weight":0.15184},
{"Node_id":16043,"weight":0.13869},
{"Node_id":16044,"weight":0.21829},
{"Node_id":16045,"weight":0.28477},
{"Node_id":16046,"weight":0.16694},
{"Node_id":16047,"weight":0.3577},
{"Node_id":16048,"weight":0.2889},
{"Node_id":16049,"weight":0.2885},
{"Node_id":16050,"weight":0.15259},
{"Node_id":16051,"weight":0.38567},
{"Node_id":16052,"weight":0.33078998},
{"Node_id":16053,"weight":0.18354},
{"Node_id":16054,"weight":0.17736},
{"Node_id":16055,"weight":0.3714},
{"Node_id":16056,"weight":0.18371001},
{"Node_id":16057,"weight":0.29808},
{"Node_id":16058,"weight":0.29614002},
{"Node_id":16059,"weight":0.34934002},
{"Node_id":16060,"weight":0.13882},
{"Node_id":16061,"weight":0.17623},
{"Node_id":16062,"weight":0.23710999},
{"Node_id":16063,"weight":0.14313},
{"Node_id":16064,"weight":0.15527001},
{"Node_id":16065,"weight":0.22599001},
{"Node_id":16066,"weight":0.20029},
{"Node_id":16067,"weight":0.26596},
{"Node_id":16068,"weight":0.19359},
{"Node_id":16069,"weight":0.29381},
{"Node_id":16070,"weight":0.29174},
{"Node_id":16071,"weight":0.16171},
{"Node_id":16072,"weight":0.18103},
{"Node_id":16073,"weight":0.15334001},
{"Node_id":16074,"weight":0.2887},
{"Node_id":16075,"weight":0.18186},
{"Node_id":16076,"weight":0.19542},
{"Node_id":16079,"weight":0.22118},
{"Node_id":16087,"weight":0.16785},
{"Node_id":16088,"weight":0.30006},
{"Node_id":16089,"weight":0.21785},
{"Node_id":16090,"weight":0.30786},
{"Node_id":16091,"weight":0.38275},
{"Node_id":16092,"weight":0.17881},
{"Node_id":16093,"weight":0.3055},
{"Node_id":16094,"weight":0.19662},
{"Node_id":16095,"weight":0.24670999},
{"Node_id":16096,"weight":0.32905},
{"Node_id":16097,"weight":0.1901},
{"Node_id":16098,"weight":0.19802001},
{"Node_id":16099,"weight":0.19802001},
{"Node_id":16100,"weight":0.78235996},
{"Node_id":16101,"weight":0.52734},
{"Node_id":16102,"weight":0.18021},
{"Node_id":16103,"weight":0.16913},
{"Node_id":16104,"weight":0.2645},
{"Node_id":16105,"weight":0.40163},
{"Node_id":16106,"weight":0.14915},
{"Node_id":16107,"weight":0.15347001},
{"Node_id":16108,"weight":0.26531},
{"Node_id":16109,"weight":0.22611001},
{"Node_id":16115,"weight":0.29508},
{"Node_id":16118,"weight":0.19624999},
{"Node_id":16119,"weight":0.34456},
{"Node_id":16120,"weight":0.15814},
{"Node_id":16122,"weight":0.14120999},
{"Node_id":16123,"weight":0.27569002},
{"Node_id":16124,"weight":0.51100004},
{"Node_id":16127,"weight":0.23309},
{"Node_id":16128,"weight":0.14468},
{"Node_id":16129,"weight":0.48588},
{"Node_id":16130,"weight":0.21217999},
{"Node_id":16133,"weight":0.25327},
{"Node_id":16134,"weight":0.15286},
{"Node_id":16135,"weight":0.21708},
{"Node_id":16136,"weight":0.17792},
{"Node_id":16137,"weight":0.15835},
{"Node_id":16140,"weight":0.20574999},
{"Node_id":16141,"weight":0.19662},
{"Node_id":16142,"weight":0.14249},
{"Node_id":16143,"weight":0.19071999},
{"Node_id":16144,"weight":0.18635},
{"Node_id":16145,"weight":0.27183002},
{"Node_id":16148,"weight":0.21665001},
{"Node_id":16149,"weight":0.23944},
{"Node_id":16152,"weight":0.25564},
{"Node_id":16158,"weight":0.20989001},
{"Node_id":16159,"weight":0.31222},
{"Node_id":16160,"weight":0.23736998},
{"Node_id":16162,"weight":0.36352},
{"Node_id":16163,"weight":0.52539},
{"Node_id":16164,"weight":0.28613},
{"Node_id":16167,"weight":0.26894},
{"Node_id":16168,"weight":0.16215},
{"Node_id":16169,"weight":0.21796},
{"Node_id":16170,"weight":0.26962},
{"Node_id":16171,"weight":0.22611001},
{"Node_id":16172,"weight":0.15368},
{"Node_id":16173,"weight":0.15211001},
{"Node_id":16174,"weight":0.1789},
{"Node_id":16175,"weight":0.22185},
{"Node_id":16178,"weight":0.16157},
{"Node_id":16179,"weight":0.40455},
{"Node_id":16180,"weight":0.29174},
{"Node_id":16181,"weight":0.24519},
{"Node_id":16182,"weight":0.35075},
{"Node_id":16183,"weight":0.15225},
{"Node_id":16184,"weight":0.19953},
{"Node_id":16185,"weight":0.2214},
{"Node_id":16186,"weight":0.21312001},
{"Node_id":16187,"weight":0.21568},
{"Node_id":16188,"weight":0.43453997},
{"Node_id":16189,"weight":0.28248},
{"Node_id":16192,"weight":0.24994},
{"Node_id":16193,"weight":0.17480001},
{"Node_id":16194,"weight":0.14855},
{"Node_id":16195,"weight":0.2764},
{"Node_id":16196,"weight":0.18721},
{"Node_id":16197,"weight":0.24491999},
{"Node_id":16198,"weight":0.18904},
{"Node_id":16199,"weight":0.19782999},
{"Node_id":16200,"weight":0.16508},
{"Node_id":16201,"weight":0.21302},
{"Node_id":16202,"weight":0.24356},
{"Node_id":16203,"weight":0.20897},
{"Node_id":16204,"weight":0.31322},
{"Node_id":16205,"weight":0.1956},
{"Node_id":16206,"weight":0.45362002},
{"Node_id":16207,"weight":0.28574},
{"Node_id":16208,"weight":0.1925},
{"Node_id":16209,"weight":0.32314},
{"Node_id":16210,"weight":0.46052998},
{"Node_id":16211,"weight":0.27839},
{"Node_id":16212,"weight":0.15177},
{"Node_id":16213,"weight":0.14140001},
{"Node_id":16214,"weight":0.17496},
{"Node_id":16215,"weight":0.20318},
{"Node_id":16216,"weight":0.32424},
{"Node_id":16217,"weight":0.18755999},
{"Node_id":16219,"weight":0.15534},
{"Node_id":16230,"weight":0.15177},
{"Node_id":16245,"weight":0.24656999},
{"Node_id":16252,"weight":0.17671},
{"Node_id":16260,"weight":0.15068999},
{"Node_id":16261,"weight":0.14558999},
{"Node_id":16264,"weight":0.17599},
{"Node_id":16269,"weight":0.18455},
{"Node_id":16272,"weight":0.14442},
{"Node_id":16275,"weight":0.25518999},
{"Node_id":16276,"weight":0.16346},
{"Node_id":16277,"weight":0.28343},
{"Node_id":16279,"weight":0.8517},
{"Node_id":16282,"weight":0.16508},
{"Node_id":16285,"weight":0.25371},
{"Node_id":16286,"weight":0.14140001},
{"Node_id":16287,"weight":0.24643},
{"Node_id":16288,"weight":0.18278},
{"Node_id":16289,"weight":0.25867},
{"Node_id":16290,"weight":0.32992},
{"Node_id":16291,"weight":0.25137},
{"Node_id":16292,"weight":0.15700999},
{"Node_id":16293,"weight":0.44191998},
{"Node_id":16294,"weight":0.14287},
{"Node_id":16295,"weight":0.25836},
{"Node_id":16296,"weight":0.14422},
{"Node_id":16297,"weight":0.24712},
{"Node_id":16298,"weight":0.36154002},
{"Node_id":16299,"weight":0.14749},
{"Node_id":16300,"weight":0.21545999},
{"Node_id":16301,"weight":0.2727},
{"Node_id":16302,"weight":0.28750998},
{"Node_id":16303,"weight":0.39604002},
{"Node_id":16304,"weight":0.22704999},
{"Node_id":16305,"weight":0.36352},
{"Node_id":16306,"weight":0.17662999},
{"Node_id":16307,"weight":0.17082},
{"Node_id":16308,"weight":0.18515},
{"Node_id":16309,"weight":0.34865},
{"Node_id":16310,"weight":0.16027},
{"Node_id":16311,"weight":0.34865},
{"Node_id":16313,"weight":0.30620998},
{"Node_id":16314,"weight":0.16092},
{"Node_id":16316,"weight":0.18128},
{"Node_id":16317,"weight":0.14461},
{"Node_id":16318,"weight":0.20446},
{"Node_id":16319,"weight":0.25821},
{"Node_id":16320,"weight":0.34761},
{"Node_id":16321,"weight":0.15062},
{"Node_id":16322,"weight":0.20989001},
{"Node_id":16323,"weight":0.23787999},
{"Node_id":16324,"weight":0.15484999},
{"Node_id":16325,"weight":0.44108},
{"Node_id":16326,"weight":0.16950999},
{"Node_id":16327,"weight":0.18270001},
{"Node_id":16328,"weight":0.14384},
{"Node_id":16329,"weight":0.27551},
{"Node_id":16330,"weight":0.17409},
{"Node_id":16331,"weight":0.21333},
{"Node_id":16332,"weight":0.19634},
{"Node_id":16333,"weight":0.27604002},
{"Node_id":16334,"weight":0.15779},
{"Node_id":16335,"weight":0.41382998},
{"Node_id":16336,"weight":0.14565},
{"Node_id":16337,"weight":0.36233002},
{"Node_id":16338,"weight":0.17599},
{"Node_id":16339,"weight":0.25806},
{"Node_id":16340,"weight":0.14096001},
{"Node_id":16341,"weight":0.39072},
{"Node_id":16342,"weight":0.18211},
{"Node_id":16343,"weight":0.25312},
{"Node_id":16344,"weight":0.29657},
{"Node_id":16345,"weight":0.26514},
{"Node_id":16346,"weight":0.14229},
{"Node_id":16347,"weight":0.27132002},
{"Node_id":16348,"weight":0.18404},
{"Node_id":16349,"weight":0.19332},
{"Node_id":16350,"weight":0.41189998},
{"Node_id":16351,"weight":0.24937001},
{"Node_id":16352,"weight":0.39992002},
{"Node_id":16353,"weight":0.19268},
{"Node_id":16354,"weight":0.14351},
{"Node_id":16355,"weight":0.15361},
{"Node_id":16356,"weight":0.16501},
{"Node_id":16357,"weight":0.19001},
{"Node_id":16358,"weight":0.37401},
{"Node_id":16359,"weight":0.14293},
{"Node_id":16360,"weight":0.21961},
{"Node_id":16361,"weight":0.27876002},
{"Node_id":16364,"weight":0.13995},
{"Node_id":16368,"weight":0.25283},
{"Node_id":16373,"weight":0.18161},
{"Node_id":16377,"weight":0.079220004},
{"Node_id":16378,"weight":0.03826},
{"Node_id":16379,"weight":0.01294},
{"Node_id":16380,"weight":0.12720999},
{"Node_id":16381,"weight":0.32676},
{"Node_id":16383,"weight":0.28691},
{"Node_id":16386,"weight":0.14204},
{"Node_id":16387,"weight":0.04561},
{"Node_id":16388,"weight":0.27046},
{"Node_id":16391,"weight":0.162},
{"Node_id":16393,"weight":0.06955},
{"Node_id":16394,"weight":0.25166},
{"Node_id":16395,"weight":0.54447997},
{"Node_id":16397,"weight":0.06239},
{"Node_id":16400,"weight":0.0944},
{"Node_id":16401,"weight":0.19569},
{"Node_id":16402,"weight":0.16822},
{"Node_id":16406,"weight":0.12855999},
{"Node_id":16407,"weight":0.20755},
{"Node_id":16409,"weight":0.04084},
{"Node_id":16410,"weight":0.23185},
{"Node_id":16419,"weight":0.124479994},
{"Node_id":16420,"weight":0.00853},
{"Node_id":16421,"weight":0.07598},
{"Node_id":16424,"weight":0.18270001},
{"Node_id":16431,"weight":0.40878},
{"Node_id":16434,"weight":0.21741},
{"Node_id":16435,"weight":0.06803},
{"Node_id":16438,"weight":0.37011},
{"Node_id":16441,"weight":0.05702},
{"Node_id":16442,"weight":0.12027},
{"Node_id":16444,"weight":0.48588},
{"Node_id":16447,"weight":0.02258},
{"Node_id":16448,"weight":0.17089},
{"Node_id":16450,"weight":0.02302},
{"Node_id":16451,"weight":0.34289998},
{"Node_id":16453,"weight":0.034369998},
{"Node_id":16454,"weight":0.022939999},
{"Node_id":16459,"weight":0.03602},
{"Node_id":16461,"weight":0.16128},
{"Node_id":16464,"weight":0.17535},
{"Node_id":16465,"weight":0.06678},
{"Node_id":16466,"weight":0.10465},
{"Node_id":16476,"weight":0.17082},
{"Node_id":16478,"weight":0.0123000005},
{"Node_id":16487,"weight":0.11859},
{"Node_id":16488,"weight":0.16973999},
{"Node_id":16490,"weight":0.031740002},
{"Node_id":16494,"weight":0.09346},
{"Node_id":16495,"weight":0.25195},
{"Node_id":16496,"weight":0.109969996},
{"Node_id":16498,"weight":0.032929998},
{"Node_id":16503,"weight":0.03756},
{"Node_id":16505,"weight":0.05849},
{"Node_id":16507,"weight":0.00532},
{"Node_id":16509,"weight":0.024079999},
{"Node_id":16511,"weight":0.09982},
{"Node_id":16517,"weight":0.09714},
{"Node_id":16520,"weight":0.02745},
{"Node_id":16522,"weight":0.01141},
{"Node_id":16524,"weight":0.04879},
{"Node_id":16527,"weight":0.01322},
{"Node_id":16537,"weight":0.24168},
{"Node_id":16540,"weight":0.15458},
{"Node_id":16541,"weight":0.12231},
{"Node_id":16542,"weight":0.23918},
{"Node_id":16546,"weight":0.03722},
{"Node_id":16554,"weight":0.056709997},
{"Node_id":16560,"weight":0.04372},
{"Node_id":16595,"weight":0.06812},
{"Node_id":16611,"weight":0.059759997},
{"Node_id":16614,"weight":0.19578001},
{"Node_id":16615,"weight":0.12903},
{"Node_id":16621,"weight":0.18913},
{"Node_id":16630,"weight":0.18379},
{"Node_id":16640,"weight":0.04993},
{"Node_id":16641,"weight":0.09425},
{"Node_id":16642,"weight":0.18974},
{"Node_id":16644,"weight":0.05147},
{"Node_id":16655,"weight":0.12674001},
{"Node_id":16666,"weight":0.068519995},
{"Node_id":16688,"weight":0.063489996},
{"Node_id":16690,"weight":0.19764},
{"Node_id":16697,"weight":0.04176},
{"Node_id":16699,"weight":0.08621},
{"Node_id":16713,"weight":0.051889997},
{"Node_id":16722,"weight":0.035690002},
{"Node_id":16723,"weight":0.13153},
{"Node_id":16725,"weight":0.24128},
{"Node_id":16728,"weight":0.109749995},
{"Node_id":16734,"weight":0.0687},
{"Node_id":16746,"weight":0.10595},
{"Node_id":16747,"weight":0.1628},
{"Node_id":16755,"weight":0.105900005},
{"Node_id":16776,"weight":0.14572},
{"Node_id":16791,"weight":0.15002},
{"Node_id":16792,"weight":0.23648},
{"Node_id":16808,"weight":0.0413},
{"Node_id":16810,"weight":0.0259},
{"Node_id":16821,"weight":0.10658},
{"Node_id":16824,"weight":0.04532},
{"Node_id":16830,"weight":0.06111},
{"Node_id":16832,"weight":0.054119997},
{"Node_id":16836,"weight":0.23075},
{"Node_id":16838,"weight":0.081980005},
{"Node_id":16875,"weight":0.11698},
{"Node_id":16881,"weight":0.115760006},
{"Node_id":16882,"weight":0.12878999},
{"Node_id":16884,"weight":0.122650005},
{"Node_id":16890,"weight":0.057749998},
{"Node_id":16907,"weight":0.02798},
{"Node_id":16923,"weight":0.04654},
{"Node_id":16929,"weight":0.17543},
{"Node_id":16931,"weight":0.07657},
{"Node_id":16943,"weight":0.18878},
{"Node_id":16960,"weight":0.083969995},
{"Node_id":16966,"weight":0.15645},
{"Node_id":16981,"weight":0.16427},
{"Node_id":16984,"weight":0.01527},
{"Node_id":16993,"weight":0.20048001},
{"Node_id":17003,"weight":0.0028000001},
{"Node_id":17009,"weight":0.01648},
{"Node_id":17015,"weight":0.2366},
{"Node_id":17022,"weight":0.03367},
{"Node_id":17025,"weight":0.06722},
{"Node_id":17033,"weight":0.16815},
{"Node_id":17050,"weight":0.11072},
{"Node_id":17051,"weight":0.027250001},
{"Node_id":17053,"weight":0.061290003},
{"Node_id":17058,"weight":0.036480002},
{"Node_id":17074,"weight":0.04684},
{"Node_id":17105,"weight":0.21524999},
{"Node_id":17107,"weight":0.10769},
{"Node_id":17111,"weight":0.06491},
{"Node_id":17112,"weight":0.23584001},
{"Node_id":17122,"weight":0.02007},
{"Node_id":17134,"weight":0.20897},
{"Node_id":17139,"weight":0.06234},
{"Node_id":17150,"weight":0.09037},
{"Node_id":17164,"weight":0.22128999},
{"Node_id":17178,"weight":0.01378},
{"Node_id":17191,"weight":0.19259},
{"Node_id":17198,"weight":0.0946},
{"Node_id":17206,"weight":0.08349},
{"Node_id":17207,"weight":0.24356},
{"Node_id":17224,"weight":0.02708},
{"Node_id":17227,"weight":0.080290005},
{"Node_id":17233,"weight":0.19505},
{"Node_id":17248,"weight":0.090560004},
{"Node_id":17249,"weight":0.12049},
{"Node_id":17250,"weight":0.18983},
{"Node_id":17254,"weight":0.08857},
{"Node_id":17256,"weight":0.05262},
{"Node_id":17258,"weight":0.05481},
{"Node_id":17261,"weight":0.11814},
{"Node_id":17266,"weight":0.06415},
{"Node_id":17277,"weight":0.1439},
{"Node_id":17279,"weight":0.23198},
{"Node_id":17287,"weight":0.08179},
{"Node_id":17295,"weight":0.13376},
{"Node_id":17297,"weight":0.10038},
{"Node_id":17316,"weight":0.16464},
{"Node_id":17333,"weight":0.13462},
{"Node_id":17335,"weight":0.03926},
{"Node_id":17336,"weight":0.18904},
{"Node_id":17340,"weight":0.09494},
{"Node_id":17341,"weight":0.139},
{"Node_id":17342,"weight":0.29896},
{"Node_id":17344,"weight":0.43694},
{"Node_id":17345,"weight":0.18878},
{"Node_id":17346,"weight":0.1033},
{"Node_id":17347,"weight":0.21333},
{"Node_id":17348,"weight":0.06682},
{"Node_id":17354,"weight":0.07773},
{"Node_id":17357,"weight":0.13081},
{"Node_id":17359,"weight":0.022130001},
{"Node_id":17363,"weight":0.24356},
{"Node_id":17364,"weight":0.13004},
{"Node_id":17367,"weight":0.12727},
{"Node_id":17368,"weight":0.09997},
{"Node_id":17369,"weight":0.082169995},
{"Node_id":17370,"weight":0.113900006},
{"Node_id":17371,"weight":0.16837},
{"Node_id":17372,"weight":0.02152},
{"Node_id":17374,"weight":0.12790999},
{"Node_id":17376,"weight":0.01987},
{"Node_id":17379,"weight":0.54927003},
{"Node_id":17380,"weight":0.27586},
{"Node_id":17381,"weight":0.01463},
{"Node_id":17385,"weight":0.11521},
{"Node_id":17387,"weight":0.26547},
{"Node_id":17392,"weight":0.07727},
{"Node_id":17395,"weight":0.36677},
{"Node_id":17402,"weight":0.04726},
{"Node_id":17403,"weight":0.122080006},
{"Node_id":17404,"weight":0.1901},
{"Node_id":17408,"weight":0.077130005},
{"Node_id":17409,"weight":0.03789},
{"Node_id":17410,"weight":0.09494},
{"Node_id":17414,"weight":0.15561},
{"Node_id":17416,"weight":0.07662},
{"Node_id":17420,"weight":0.08905},
{"Node_id":17446,"weight":0.017239999},
{"Node_id":17454,"weight":0.05589},
{"Node_id":17457,"weight":0.109060004},
{"Node_id":17458,"weight":0.04583},
{"Node_id":17460,"weight":0.06745},
{"Node_id":17462,"weight":0.098900005},
{"Node_id":17463,"weight":0.11703},
{"Node_id":17464,"weight":0.02189},
{"Node_id":17466,"weight":0.13004},
{"Node_id":17469,"weight":0.17503999},
{"Node_id":17470,"weight":0.16501},
{"Node_id":17471,"weight":0.1268},
{"Node_id":17473,"weight":0.05147},
{"Node_id":17475,"weight":0.079500005},
{"Node_id":17477,"weight":0.18379},
{"Node_id":17480,"weight":0.15265},
{"Node_id":17483,"weight":0.15008},
{"Node_id":17491,"weight":0.010849999},
{"Node_id":17496,"weight":0.08804},
{"Node_id":17506,"weight":0.102989994},
{"Node_id":17507,"weight":0.25079998},
{"Node_id":17510,"weight":0.1014},
{"Node_id":17511,"weight":0.21418},
{"Node_id":17513,"weight":0.32619},
{"Node_id":17514,"weight":0.08179},
{"Node_id":17515,"weight":0.07286},
{"Node_id":17524,"weight":0.18103},
{"Node_id":17531,"weight":0.21676},
{"Node_id":17533,"weight":0.15645},
{"Node_id":17535,"weight":0.15652},
{"Node_id":17542,"weight":0.13322},
{"Node_id":17545,"weight":0.08813},
{"Node_id":17549,"weight":0.07104},
{"Node_id":17570,"weight":0.00376},
{"Node_id":17589,"weight":0.10222},
{"Node_id":17590,"weight":0.08236},
{"Node_id":17594,"weight":0.02708},
{"Node_id":17596,"weight":0.11881},
{"Node_id":17601,"weight":0.20745},
{"Node_id":17603,"weight":0.24560001},
{"Node_id":17604,"weight":0.050529998},
{"Node_id":17609,"weight":0.057059996},
{"Node_id":17616,"weight":0.21228},
{"Node_id":17617,"weight":0.17914},
{"Node_id":17618,"weight":0.13875},
{"Node_id":17623,"weight":0.15123},
{"Node_id":17628,"weight":0.22084},
{"Node_id":17632,"weight":0.22413},
{"Node_id":17641,"weight":0.18609},
{"Node_id":17653,"weight":0.07529},
{"Node_id":17674,"weight":0.0071599996},
{"Node_id":17680,"weight":0.14096001},
{"Node_id":17707,"weight":0.15652},
{"Node_id":17719,"weight":0.108899996},
{"Node_id":17721,"weight":0.08057},
{"Node_id":17724,"weight":0.122650005},
{"Node_id":17744,"weight":0.02599},
{"Node_id":17749,"weight":0.15136},
{"Node_id":17761,"weight":0.21861999},
{"Node_id":17772,"weight":0.16114},
{"Node_id":17773,"weight":0.20125},
{"Node_id":17800,"weight":0.102479994},
{"Node_id":17817,"weight":0.0549},
{"Node_id":17820,"weight":0.11887},
{"Node_id":17831,"weight":0.09594},
{"Node_id":17837,"weight":0.02067},
{"Node_id":17845,"weight":0.05941},
{"Node_id":17846,"weight":0.17744},
{"Node_id":17848,"weight":0.17307},
{"Node_id":17851,"weight":0.04912},
{"Node_id":17853,"weight":0.10222},
{"Node_id":17854,"weight":0.05117},
{"Node_id":17858,"weight":0.04591},
{"Node_id":17859,"weight":0.08789},
{"Node_id":17861,"weight":0.08886},
{"Node_id":17865,"weight":0.40396},
{"Node_id":17866,"weight":0.48330003},
{"Node_id":17872,"weight":0.16013},
{"Node_id":17878,"weight":0.34623998},
{"Node_id":17888,"weight":0.19089},
{"Node_id":17889,"weight":0.117920004},
{"Node_id":17890,"weight":0.013420001},
{"Node_id":17892,"weight":0.3727},
{"Node_id":17894,"weight":0.3577},
{"Node_id":17899,"weight":0.22646001},
{"Node_id":17900,"weight":0.065170005},
{"Node_id":17902,"weight":0.29896},
{"Node_id":17904,"weight":0.03232},
{"Node_id":17905,"weight":0.20048001},
{"Node_id":17906,"weight":0.21851},
{"Node_id":17907,"weight":0.03146},
{"Node_id":17909,"weight":0.0911},
{"Node_id":17914,"weight":0.10658},
{"Node_id":17919,"weight":0.14063999},
{"Node_id":17926,"weight":0.02615},
{"Node_id":17928,"weight":0.17159},
{"Node_id":17930,"weight":0.30458},
{"Node_id":17932,"weight":0.01595},
{"Node_id":17937,"weight":0.099010006},
{"Node_id":17939,"weight":0.03586},
{"Node_id":17942,"weight":0.21577999},
{"Node_id":17943,"weight":0.15942},
{"Node_id":17944,"weight":0.059890002},
{"Node_id":17946,"weight":0.15136},
{"Node_id":17948,"weight":0.05741},
{"Node_id":17949,"weight":0.21041},
{"Node_id":17950,"weight":0.15423},
{"Node_id":17952,"weight":0.04176},
{"Node_id":17956,"weight":0.023260001},
{"Node_id":17966,"weight":0.02741},
{"Node_id":17975,"weight":0.06292},
{"Node_id":17983,"weight":0.10038},
{"Node_id":17985,"weight":0.0403},
{"Node_id":17988,"weight":0.09139},
{"Node_id":17992,"weight":0.3055},
{"Node_id":17995,"weight":0.1295},
{"Node_id":17996,"weight":0.02007},
{"Node_id":17997,"weight":0.27339},
{"Node_id":17998,"weight":0.08161},
{"Node_id":17999,"weight":0.03826},
{"Node_id":18003,"weight":0.046290003},
{"Node_id":18007,"weight":0.14217},
{"Node_id":18010,"weight":0.10423},
{"Node_id":18021,"weight":0.14908001},
{"Node_id":18023,"weight":0.20775001},
{"Node_id":18024,"weight":0.1789},
{"Node_id":18025,"weight":0.11072},
{"Node_id":18027,"weight":0.09159},
{"Node_id":18028,"weight":0.08132},
{"Node_id":18031,"weight":0.080010004},
{"Node_id":18032,"weight":0.10408},
{"Node_id":18035,"weight":0.12809},
{"Node_id":18036,"weight":0.39176},
{"Node_id":18040,"weight":0.09464},
{"Node_id":18041,"weight":0.00748},
{"Node_id":18043,"weight":0.12529},
{"Node_id":18045,"weight":0.03805},
{"Node_id":18047,"weight":0.00748},
{"Node_id":18049,"weight":0.30881},
{"Node_id":18051,"weight":0.04184},
{"Node_id":18055,"weight":0.32314},
{"Node_id":18057,"weight":0.1172},
{"Node_id":18058,"weight":0.12992},
{"Node_id":18059,"weight":0.01238},
{"Node_id":18060,"weight":0.15272},
{"Node_id":18062,"weight":0.054729998},
{"Node_id":18065,"weight":0.02088},
{"Node_id":18067,"weight":0.2401},
{"Node_id":18069,"weight":0.06081},
{"Node_id":18070,"weight":0.21665001},
{"Node_id":18074,"weight":0.07213},
{"Node_id":18075,"weight":0.56515},
{"Node_id":18078,"weight":0.1631},
{"Node_id":18091,"weight":0.2214},
{"Node_id":18098,"weight":0.14802},
{"Node_id":18100,"weight":0.03289},
{"Node_id":18101,"weight":0.100940004},
{"Node_id":18102,"weight":0.15471},
{"Node_id":18103,"weight":0.03611},
{"Node_id":18104,"weight":0.12345},
{"Node_id":18105,"weight":0.16063},
{"Node_id":18106,"weight":0.45751},
{"Node_id":18107,"weight":0.09455},
{"Node_id":18115,"weight":0.14120999},
{"Node_id":18119,"weight":0.1301},
{"Node_id":18127,"weight":0.019949999},
{"Node_id":18135,"weight":0.06718},
{"Node_id":18136,"weight":0.12832001},
{"Node_id":18138,"weight":0.12962},
{"Node_id":18140,"weight":0.075559996},
{"Node_id":18143,"weight":0.01523},
{"Node_id":18146,"weight":0.07773},
{"Node_id":18147,"weight":0.05262},
{"Node_id":18148,"weight":0.17105},
{"Node_id":18150,"weight":0.13334},
{"Node_id":18152,"weight":0.25297},
{"Node_id":18153,"weight":0.33138},
{"Node_id":18156,"weight":0.06857},
{"Node_id":18158,"weight":0.0130199995},
{"Node_id":18159,"weight":0.0049199997},
{"Node_id":18161,"weight":0.20515001},
{"Node_id":18164,"weight":0.04811},
{"Node_id":18165,"weight":0.03917},
{"Node_id":18167,"weight":0.04819},
{"Node_id":18172,"weight":0.050660003},
{"Node_id":18174,"weight":0.08383},
{"Node_id":18175,"weight":0.029},
{"Node_id":18176,"weight":0.7418},
{"Node_id":18180,"weight":0.10283999},
{"Node_id":18182,"weight":0.058749996},
{"Node_id":18186,"weight":0.28153998},
{"Node_id":18188,"weight":0.21503},
{"Node_id":18189,"weight":0.12174},
{"Node_id":18191,"weight":0.01386},
{"Node_id":18193,"weight":0.11271},
{"Node_id":18194,"weight":0.04301},
{"Node_id":18195,"weight":0.13153},
{"Node_id":18197,"weight":0.06243},
{"Node_id":18200,"weight":0.23787999},
{"Node_id":18202,"weight":0.10099},
{"Node_id":18204,"weight":0.092369996},
{"Node_id":18205,"weight":0.23622},
{"Node_id":18206,"weight":0.0255},
{"Node_id":18208,"weight":0.18652001},
{"Node_id":18210,"weight":0.037720002},
{"Node_id":18212,"weight":0.02908},
{"Node_id":18215,"weight":0.10038},
{"Node_id":18222,"weight":0.08449},
{"Node_id":18227,"weight":0.18128},
{"Node_id":18229,"weight":0.03314},
{"Node_id":18232,"weight":0.30162},
{"Node_id":18245,"weight":0.10114},
{"Node_id":18248,"weight":0.0674},
{"Node_id":18252,"weight":0.007},
{"Node_id":18265,"weight":0.00116},
{"Node_id":18270,"weight":0.16868},
{"Node_id":18283,"weight":0.09272},
{"Node_id":18311,"weight":0.0809},
{"Node_id":18312,"weight":0.0383},
{"Node_id":18323,"weight":0.15956},
{"Node_id":18337,"weight":0.09795},
{"Node_id":18342,"weight":0.02128},
{"Node_id":18344,"weight":0.11488},
{"Node_id":18346,"weight":0.21396999},
{"Node_id":18348,"weight":0.06177},
{"Node_id":18350,"weight":0.07446},
{"Node_id":18352,"weight":0.30207},
{"Node_id":18353,"weight":0.04532},
{"Node_id":18354,"weight":0.20806},
{"Node_id":18355,"weight":0.05758},
{"Node_id":18356,"weight":0.17591},
{"Node_id":18357,"weight":0.08359},
{"Node_id":18358,"weight":0.01523},
{"Node_id":18359,"weight":0.35884},
{"Node_id":18360,"weight":0.36885},
{"Node_id":18364,"weight":0.096090004},
{"Node_id":18366,"weight":0.17051001},
{"Node_id":18368,"weight":0.06562},
{"Node_id":18369,"weight":0.045950003},
{"Node_id":18374,"weight":0.47473997},
{"Node_id":18376,"weight":0.1793},
{"Node_id":18399,"weight":0.11731},
{"Node_id":18415,"weight":0.09027},
{"Node_id":18421,"weight":0.046329997},
{"Node_id":18426,"weight":0.04925},
{"Node_id":18428,"weight":0.14357999},
{"Node_id":18433,"weight":0.05266},
{"Node_id":18438,"weight":0.2441},
{"Node_id":18439,"weight":0.13995},
{"Node_id":18440,"weight":0.01073},
{"Node_id":18448,"weight":0.04309},
{"Node_id":18462,"weight":0.018649999},
{"Node_id":18464,"weight":0.21643},
{"Node_id":18465,"weight":0.003},
{"Node_id":18471,"weight":0.08857},
{"Node_id":18498,"weight":0.09961},
{"Node_id":18500,"weight":0.04251},
{"Node_id":18515,"weight":0.05262},
{"Node_id":18523,"weight":0.66441},
{"Node_id":18542,"weight":0.17252001},
{"Node_id":18548,"weight":0.13153},
{"Node_id":18555,"weight":0.14546},
{"Node_id":18556,"weight":0.16875},
{"Node_id":18567,"weight":0.19643},
{"Node_id":18580,"weight":0.18245},
{"Node_id":18591,"weight":0.00116},
{"Node_id":18608,"weight":0.029409999},
{"Node_id":18610,"weight":0.06884},
{"Node_id":18611,"weight":0.058969997},
{"Node_id":18614,"weight":0.24423},
{"Node_id":18629,"weight":0.06199},
{"Node_id":18635,"weight":0.09519},
{"Node_id":18643,"weight":0.00376},
{"Node_id":18658,"weight":4.4E-4},
{"Node_id":18665,"weight":0.00828},
{"Node_id":18680,"weight":0.22835},
{"Node_id":18691,"weight":0.06046},
{"Node_id":18700,"weight":0.021680001},
{"Node_id":18708,"weight":0.15423},
{"Node_id":18747,"weight":0.06327},
{"Node_id":18761,"weight":0.20318},
{"Node_id":18776,"weight":0.14147},
{"Node_id":18797,"weight":0.00997},
{"Node_id":18809,"weight":0.03892},
{"Node_id":18845,"weight":0.018649999},
{"Node_id":18848,"weight":0.04959},
{"Node_id":18857,"weight":0.0133},
{"Node_id":18859,"weight":0.19597},
{"Node_id":18867,"weight":0.13801},
{"Node_id":18872,"weight":0.24235001},
{"Node_id":18875,"weight":0.07373},
{"Node_id":18876,"weight":0.02367},
{"Node_id":18884,"weight":0.11066},
{"Node_id":18909,"weight":0.12651},
{"Node_id":18913,"weight":0.1607},
{"Node_id":18915,"weight":0.23051},
{"Node_id":18931,"weight":0.024519999},
{"Node_id":18937,"weight":0.19386},
{"Node_id":18940,"weight":0.19477001},
{"Node_id":18941,"weight":0.15022},
{"Node_id":18965,"weight":0.10737},
{"Node_id":18966,"weight":0.15506001},
{"Node_id":18998,"weight":0.0124200005},
{"Node_id":19003,"weight":0.22185},
{"Node_id":19010,"weight":0.22128999},
{"Node_id":19013,"weight":0.046919998},
{"Node_id":19018,"weight":0.12408},
{"Node_id":19028,"weight":0.01991},
{"Node_id":19033,"weight":0.00272},
{"Node_id":19046,"weight":0.05207},
{"Node_id":19049,"weight":0.00568},
{"Node_id":19052,"weight":0.01732},
{"Node_id":19066,"weight":0.05849},
{"Node_id":19074,"weight":0.040799998},
{"Node_id":19081,"weight":0.01668},
{"Node_id":19082,"weight":0.16777},
{"Node_id":19092,"weight":0.028099999},
{"Node_id":19116,"weight":0.01918},
{"Node_id":19122,"weight":0.01201},
{"Node_id":19127,"weight":0.09559},
{"Node_id":19144,"weight":0.04126},
{"Node_id":19146,"weight":0.052319996},
{"Node_id":19160,"weight":0.095240004},
{"Node_id":19161,"weight":0.08823},
{"Node_id":19176,"weight":0.01716},
{"Node_id":19187,"weight":0.13194999},
{"Node_id":19188,"weight":0.052490003},
{"Node_id":19213,"weight":0.01258},
{"Node_id":19222,"weight":0.17623},
{"Node_id":19227,"weight":0.0112499995},
{"Node_id":19228,"weight":0.077640004},
{"Node_id":19232,"weight":0.10465},
{"Node_id":19233,"weight":0.09232},
{"Node_id":19244,"weight":0.17559001},
{"Node_id":19252,"weight":0.011729999},
{"Node_id":19256,"weight":0.02152},
{"Node_id":19257,"weight":0.22634001},
{"Node_id":19259,"weight":0.0513},
{"Node_id":19261,"weight":0.13153},
{"Node_id":19273,"weight":0.11034},
{"Node_id":19276,"weight":0.18261},
{"Node_id":19302,"weight":0.027},
{"Node_id":19316,"weight":0.05138},
{"Node_id":19324,"weight":0.08635},
{"Node_id":19325,"weight":0.20183},
{"Node_id":19327,"weight":0.35657},
{"Node_id":19328,"weight":0.38666},
{"Node_id":19332,"weight":0.81113994},
{"Node_id":19334,"weight":0.0457},
{"Node_id":19336,"weight":0.09301},
{"Node_id":19338,"weight":0.15835},
{"Node_id":19339,"weight":0.54447997},
{"Node_id":19341,"weight":0.12505999},
{"Node_id":19342,"weight":0.06522},
{"Node_id":19343,"weight":0.15089001},
{"Node_id":19344,"weight":0.0405},
{"Node_id":19345,"weight":0.074},
{"Node_id":19347,"weight":0.0359},
{"Node_id":19350,"weight":0.12587},
{"Node_id":19351,"weight":0.1602},
{"Node_id":19352,"weight":0.050059997},
{"Node_id":19355,"weight":0.12213},
{"Node_id":19357,"weight":0.18103},
{"Node_id":19358,"weight":0.10695},
{"Node_id":19362,"weight":0.08655},
{"Node_id":19364,"weight":0.037720002},
{"Node_id":19365,"weight":0.0193},
{"Node_id":19373,"weight":0.07699},
{"Node_id":19375,"weight":0.01704},
{"Node_id":19377,"weight":0.28829998},
{"Node_id":19378,"weight":0.19496},
{"Node_id":19379,"weight":0.40633997},
{"Node_id":19383,"weight":0.1561},
{"Node_id":19385,"weight":0.297},
{"Node_id":19387,"weight":0.13437},
{"Node_id":19388,"weight":0.14422},
{"Node_id":19389,"weight":0.02929},
{"Node_id":19393,"weight":0.06292},
{"Node_id":19395,"weight":0.20221},
{"Node_id":19399,"weight":0.07718},
{"Node_id":19421,"weight":0.08944},
{"Node_id":19423,"weight":0.23051},
{"Node_id":19431,"weight":0.043220002},
{"Node_id":19441,"weight":0.13117},
{"Node_id":19451,"weight":0.20048001},
{"Node_id":19462,"weight":0.09227},
{"Node_id":19465,"weight":0.32314},
{"Node_id":19467,"weight":0.02802},
{"Node_id":19469,"weight":0.1597},
{"Node_id":19470,"weight":0.02741},
{"Node_id":19471,"weight":0.09139},
{"Node_id":19475,"weight":0.13763},
{"Node_id":19476,"weight":0.59496003},
{"Node_id":19481,"weight":0.07295},
{"Node_id":19485,"weight":0.0146699995},
{"Node_id":19486,"weight":0.03801},
{"Node_id":19490,"weight":0.19214},
{"Node_id":19492,"weight":0.065799996},
{"Node_id":19493,"weight":0.101600006},
{"Node_id":19495,"weight":0.01781},
{"Node_id":19496,"weight":0.14695999},
{"Node_id":19498,"weight":0.06789},
{"Node_id":19499,"weight":0.05715},
{"Node_id":19500,"weight":0.25008},
{"Node_id":19501,"weight":0.10548},
{"Node_id":19511,"weight":0.06937},
{"Node_id":19514,"weight":0.15892},
{"Node_id":19515,"weight":0.12657},
{"Node_id":19516,"weight":0.00885},
{"Node_id":19518,"weight":0.036930002},
{"Node_id":19520,"weight":0.07259},
{"Node_id":19522,"weight":0.14657},
{"Node_id":19524,"weight":0.07023},
{"Node_id":19526,"weight":0.0037999998},
{"Node_id":19529,"weight":0.04938},
{"Node_id":19530,"weight":0.109809995},
{"Node_id":19532,"weight":0.2773},
{"Node_id":19540,"weight":0.23136},
{"Node_id":19543,"weight":0.16114},
{"Node_id":19545,"weight":0.03421},
{"Node_id":19563,"weight":0.02432},
{"Node_id":19564,"weight":0.1893},
{"Node_id":19565,"weight":0.0817},
{"Node_id":19571,"weight":0.03454},
{"Node_id":19580,"weight":0.03942},
{"Node_id":19599,"weight":0.112380005},
{"Node_id":19606,"weight":0.19597},
{"Node_id":19610,"weight":0.07037},
{"Node_id":19629,"weight":0.03265},
{"Node_id":19631,"weight":0.23099999},
{"Node_id":19633,"weight":0.06362},
{"Node_id":19635,"weight":0.11407},
{"Node_id":19638,"weight":0.049680002},
{"Node_id":19641,"weight":0.03117},
{"Node_id":19647,"weight":0.21082},
{"Node_id":19650,"weight":0.16208},
{"Node_id":19653,"weight":0.02233},
{"Node_id":19654,"weight":0.10089},
{"Node_id":19657,"weight":0.14539},
{"Node_id":19670,"weight":0.04583},
{"Node_id":19677,"weight":0.09554},
{"Node_id":19684,"weight":0.23892},
{"Node_id":19709,"weight":0.06442},
{"Node_id":19714,"weight":0.049680002},
{"Node_id":19716,"weight":0.17615},
{"Node_id":19719,"weight":0.056410003},
{"Node_id":19722,"weight":0.04314},
{"Node_id":19723,"weight":0.087510005},
{"Node_id":19724,"weight":0.082499996},
{"Node_id":19728,"weight":0.06682},
{"Node_id":19730,"weight":0.17655},
{"Node_id":19741,"weight":0.35845},
{"Node_id":19742,"weight":0.07501},
{"Node_id":19744,"weight":0.1079},
{"Node_id":19745,"weight":0.23210001},
{"Node_id":19746,"weight":0.17166999},
{"Node_id":19749,"weight":0.099870004},
{"Node_id":19750,"weight":0.16171},
{"Node_id":19751,"weight":0.15423},
{"Node_id":19753,"weight":0.00208},
{"Node_id":19756,"weight":0.07172},
{"Node_id":19760,"weight":0.01061},
{"Node_id":19763,"weight":0.37357},
{"Node_id":19764,"weight":0.12921},
{"Node_id":19765,"weight":0.40693998},
{"Node_id":19768,"weight":0.15984},
{"Node_id":19769,"weight":0.44450998},
{"Node_id":19772,"weight":0.12709},
{"Node_id":19774,"weight":0.064600006},
{"Node_id":19775,"weight":0.03963},
{"Node_id":19777,"weight":0.21993999},
{"Node_id":19784,"weight":0.28633},
{"Node_id":19786,"weight":0.03996},
{"Node_id":19791,"weight":0.06946},
{"Node_id":19792,"weight":0.21939},
{"Node_id":19793,"weight":0.11909},
{"Node_id":19795,"weight":0.05862},
{"Node_id":19797,"weight":0.08978},
{"Node_id":19800,"weight":0.12535},
{"Node_id":19801,"weight":0.15548},
{"Node_id":19803,"weight":0.21050999},
{"Node_id":19804,"weight":0.08896},
{"Node_id":19806,"weight":0.0174}]