[{"Inferred_node_ids":[63681],"Node_id":47518},
{"Inferred_node_ids":[63672],"Node_id":47519},
{"Inferred_node_ids":[63648],"Node_id":47520},
{"Inferred_node_ids":[63638],"Node_id":47521},
{"Inferred_node_ids":[63662],"Node_id":47522},
{"Inferred_node_ids":[63674],"Node_id":47523},
{"Inferred_node_ids":[63655],"Node_id":47524},
{"Inferred_node_ids":[63689],"Node_id":48369},
{"Inferred_node_ids":[63665],"Node_id":48370},
{"Inferred_node_ids":[63658],"Node_id":48371},
{"Inferred_node_ids":[63677],"Node_id":48372},
{"Inferred_node_ids":[63699],"Node_id":48373},
{"Inferred_node_ids":[63688],"Node_id":48374},
{"Inferred_node_ids":[63652],"Node_id":48544},
{"Inferred_node_ids":[63663],"Node_id":48545},
{"Inferred_node_ids":[63626],"Node_id":48546},
{"Inferred_node_ids":[63600],"Node_id":48547},
{"Inferred_node_ids":[63698],"Node_id":48548},
{"Inferred_node_ids":[63683],"Node_id":48549},
{"Inferred_node_ids":[63640],"Node_id":48550},
{"Inferred_node_ids":[63622],"Node_id":48551},
{"Inferred_node_ids":[63692],"Node_id":48552},
{"Inferred_node_ids":[63696],"Node_id":48553},
{"Inferred_node_ids":[63595],"Node_id":48554},
{"Inferred_node_ids":[63650],"Node_id":48555},
{"Inferred_node_ids":[63670],"Node_id":48556},
{"Inferred_node_ids":[63702],"Node_id":48557},
{"Inferred_node_ids":[63617],"Node_id":48558},
{"Inferred_node_ids":[63643],"Node_id":48560},
{"Inferred_node_ids":[63609],"Node_id":48561},
{"Inferred_node_ids":[63653],"Node_id":48562},
{"Inferred_node_ids":[63603],"Node_id":48563},
{"Inferred_node_ids":[63644],"Node_id":50994},
{"Inferred_node_ids":[63646],"Node_id":50995},
{"Inferred_node_ids":[63657],"Node_id":50996},
{"Inferred_node_ids":[63632],"Node_id":50997},
{"Inferred_node_ids":[63607],"Node_id":50998},
{"Inferred_node_ids":[63669],"Node_id":53469},
{"Inferred_node_ids":[63604],"Node_id":53470},
{"Inferred_node_ids":[63700],"Node_id":53471},
{"Inferred_node_ids":[63633],"Node_id":53472},
{"Inferred_node_ids":[63656],"Node_id":53473},
{"Inferred_node_ids":[63661],"Node_id":53474},
{"Inferred_node_ids":[63705],"Node_id":53475},
{"Inferred_node_ids":[63615],"Node_id":53476},
{"Inferred_node_ids":[63690],"Node_id":53507},
{"Inferred_node_ids":[63602],"Node_id":53508},
{"Inferred_node_ids":[63645],"Node_id":53509},
{"Inferred_node_ids":[63618],"Node_id":53510},
{"Inferred_node_ids":[63621],"Node_id":53511},
{"Inferred_node_ids":[63629],"Node_id":53512},
{"Inferred_node_ids":[63598],"Node_id":53513},
{"Inferred_node_ids":[63686],"Node_id":53514},
{"Inferred_node_ids":[63630],"Node_id":53515},
{"Inferred_node_ids":[63694],"Node_id":53516},
{"Inferred_node_ids":[63625],"Node_id":53517},
{"Inferred_node_ids":[63671],"Node_id":53518},
{"Inferred_node_ids":[63637],"Node_id":54512},
{"Inferred_node_ids":[63612],"Node_id":54513},
{"Inferred_node_ids":[63691],"Node_id":54514},
{"Inferred_node_ids":[63651],"Node_id":56856},
{"Inferred_node_ids":[63606],"Node_id":56857},
{"Inferred_node_ids":[63664],"Node_id":56858},
{"Inferred_node_ids":[63647],"Node_id":56859},
{"Inferred_node_ids":[63682],"Node_id":56860},
{"Inferred_node_ids":[63701],"Node_id":56861},
{"Inferred_node_ids":[63668],"Node_id":57707},
{"Inferred_node_ids":[63631],"Node_id":57708},
{"Inferred_node_ids":[63635],"Node_id":57709},
{"Inferred_node_ids":[63678],"Node_id":57710},
{"Inferred_node_ids":[63684],"Node_id":57711},
{"Inferred_node_ids":[63673],"Node_id":57712},
{"Inferred_node_ids":[63707],"Node_id":57882},
{"Inferred_node_ids":[63654],"Node_id":57883},
{"Inferred_node_ids":[63597],"Node_id":57884},
{"Inferred_node_ids":[63680],"Node_id":57885},
{"Inferred_node_ids":[63624],"Node_id":57886},
{"Inferred_node_ids":[63601],"Node_id":57888},
{"Inferred_node_ids":[63706],"Node_id":57889},
{"Inferred_node_ids":[63676],"Node_id":57890},
{"Inferred_node_ids":[63596],"Node_id":57891},
{"Inferred_node_ids":[63697],"Node_id":57892},
{"Inferred_node_ids":[63679],"Node_id":57894},
{"Inferred_node_ids":[63634],"Node_id":57896},
{"Inferred_node_ids":[63611],"Node_id":57897},
{"Inferred_node_ids":[63614],"Node_id":57899},
{"Inferred_node_ids":[63667],"Node_id":57900},
{"Inferred_node_ids":[63695],"Node_id":57901},
{"Inferred_node_ids":[63642],"Node_id":60331},
{"Inferred_node_ids":[63613],"Node_id":60332},
{"Inferred_node_ids":[63599],"Node_id":60333},
{"Inferred_node_ids":[63616],"Node_id":60334},
{"Inferred_node_ids":[63608],"Node_id":60335},
{"Inferred_node_ids":[63685],"Node_id":60336},
{"Inferred_node_ids":[63687],"Node_id":62806},
{"Inferred_node_ids":[63623],"Node_id":62807},
{"Inferred_node_ids":[63704],"Node_id":62808},
{"Inferred_node_ids":[63620],"Node_id":62809},
{"Inferred_node_ids":[63639],"Node_id":62810},
{"Inferred_node_ids":[63605],"Node_id":62811},
{"Inferred_node_ids":[63610],"Node_id":62812},
{"Inferred_node_ids":[63666],"Node_id":62844},
{"Inferred_node_ids":[63660],"Node_id":62845},
{"Inferred_node_ids":[63641],"Node_id":62846},
{"Inferred_node_ids":[63703],"Node_id":62847},
{"Inferred_node_ids":[63649],"Node_id":62848},
{"Inferred_node_ids":[63627],"Node_id":62849},
{"Inferred_node_ids":[63659],"Node_id":62850},
{"Inferred_node_ids":[63693],"Node_id":62851},
{"Inferred_node_ids":[63636],"Node_id":62852},
{"Inferred_node_ids":[63675],"Node_id":62853},
{"Inferred_node_ids":[63628],"Node_id":62854},
{"Inferred_node_ids":[63619],"Node_id":62855}]