[{"Node_id":1,"weight":0.14096001},
{"Node_id":8,"weight":0.14982},
{"Node_id":9,"weight":0.23827},
{"Node_id":10,"weight":0.21514001},
{"Node_id":11,"weight":0.1421},
{"Node_id":12,"weight":0.42546},
{"Node_id":13,"weight":0.2889},
{"Node_id":14,"weight":0.26162},
{"Node_id":15,"weight":0.15899},
{"Node_id":16,"weight":0.14941},
{"Node_id":17,"weight":0.4508},
{"Node_id":18,"weight":0.29984},
{"Node_id":19,"weight":0.22084},
{"Node_id":20,"weight":0.26401},
{"Node_id":21,"weight":0.3105},
{"Node_id":22,"weight":0.21145001},
{"Node_id":23,"weight":0.21197},
{"Node_id":24,"weight":0.19161001},
{"Node_id":26,"weight":0.14083001},
{"Node_id":32,"weight":0.24168},
{"Node_id":43,"weight":0.16627},
{"Node_id":46,"weight":0.24643},
{"Node_id":47,"weight":0.21145001},
{"Node_id":48,"weight":0.17105},
{"Node_id":49,"weight":0.21238999},
{"Node_id":50,"weight":0.18834},
{"Node_id":51,"weight":0.27115},
{"Node_id":52,"weight":0.23596999},
{"Node_id":53,"weight":0.16383},
{"Node_id":54,"weight":0.14624},
{"Node_id":55,"weight":0.36392},
{"Node_id":56,"weight":0.17338},
{"Node_id":57,"weight":0.43776003},
{"Node_id":58,"weight":0.17089},
{"Node_id":59,"weight":0.14789},
{"Node_id":60,"weight":0.32591},
{"Node_id":61,"weight":0.33871},
{"Node_id":62,"weight":0.29277},
{"Node_id":63,"weight":0.45653},
{"Node_id":64,"weight":0.32178},
{"Node_id":65,"weight":0.23210001},
{"Node_id":66,"weight":0.22072999},
{"Node_id":67,"weight":0.15779},
{"Node_id":68,"weight":0.38085002},
{"Node_id":69,"weight":0.16186},
{"Node_id":70,"weight":0.68113},
{"Node_id":71,"weight":0.16179},
{"Node_id":72,"weight":0.17377},
{"Node_id":73,"weight":0.24588001},
{"Node_id":74,"weight":0.16477999},
{"Node_id":75,"weight":0.15231},
{"Node_id":76,"weight":0.2342},
{"Node_id":77,"weight":0.14644},
{"Node_id":78,"weight":0.20594999},
{"Node_id":79,"weight":0.22681001},
{"Node_id":81,"weight":0.27586},
{"Node_id":82,"weight":0.45653},
{"Node_id":83,"weight":0.33683},
{"Node_id":84,"weight":0.27374},
{"Node_id":85,"weight":0.20485},
{"Node_id":86,"weight":0.18261},
{"Node_id":87,"weight":0.29593},
{"Node_id":88,"weight":0.20565},
{"Node_id":89,"weight":0.25123},
{"Node_id":90,"weight":0.14120999},
{"Node_id":91,"weight":0.22061},
{"Node_id":92,"weight":0.17136},
{"Node_id":93,"weight":0.22799},
{"Node_id":94,"weight":0.17182},
{"Node_id":95,"weight":0.16486},
{"Node_id":96,"weight":0.35435},
{"Node_id":97,"weight":0.20605},
{"Node_id":98,"weight":0.36233002},
{"Node_id":99,"weight":0.31963998},
{"Node_id":100,"weight":0.2145},
{"Node_id":101,"weight":0.26242},
{"Node_id":102,"weight":0.15771},
{"Node_id":103,"weight":0.15402},
{"Node_id":104,"weight":0.32591},
{"Node_id":105,"weight":0.16754},
{"Node_id":106,"weight":0.15238},
{"Node_id":107,"weight":0.20096},
{"Node_id":108,"weight":0.28381},
{"Node_id":109,"weight":0.15687},
{"Node_id":110,"weight":0.14014},
{"Node_id":111,"weight":0.17417},
{"Node_id":112,"weight":0.23699},
{"Node_id":113,"weight":0.20029},
{"Node_id":114,"weight":0.14962},
{"Node_id":115,"weight":0.16078},
{"Node_id":116,"weight":0.17857},
{"Node_id":117,"weight":0.3562},
{"Node_id":118,"weight":0.28633},
{"Node_id":119,"weight":0.19259},
{"Node_id":120,"weight":0.26661998},
{"Node_id":121,"weight":0.35325998},
{"Node_id":122,"weight":0.40163},
{"Node_id":123,"weight":0.3226},
{"Node_id":124,"weight":0.17051001},
{"Node_id":125,"weight":0.29113},
{"Node_id":126,"weight":0.18913},
{"Node_id":127,"weight":0.16085},
{"Node_id":128,"weight":0.15999},
{"Node_id":129,"weight":0.30738002},
{"Node_id":130,"weight":0.15878001},
{"Node_id":131,"weight":0.30117},
{"Node_id":132,"weight":0.22907},
{"Node_id":133,"weight":0.14868},
{"Node_id":134,"weight":0.14396},
{"Node_id":135,"weight":0.24437001},
{"Node_id":136,"weight":0.20038},
{"Node_id":137,"weight":0.35398},
{"Node_id":138,"weight":0.18379},
{"Node_id":139,"weight":0.30786},
{"Node_id":140,"weight":0.40049},
{"Node_id":141,"weight":0.34969002},
{"Node_id":142,"weight":0.17841001},
{"Node_id":143,"weight":0.24965999},
{"Node_id":144,"weight":0.49126},
{"Node_id":145,"weight":0.3562},
{"Node_id":146,"weight":0.49548},
{"Node_id":147,"weight":0.47592002},
{"Node_id":148,"weight":0.21873},
{"Node_id":149,"weight":0.14572},
{"Node_id":173,"weight":0.15062},
{"Node_id":194,"weight":0.32733},
{"Node_id":203,"weight":0.14140001},
{"Node_id":213,"weight":0.41002002},
{"Node_id":215,"weight":0.15231},
{"Node_id":224,"weight":0.20387001},
{"Node_id":226,"weight":0.17028001},
{"Node_id":236,"weight":0.56232},
{"Node_id":238,"weight":0.17679},
{"Node_id":249,"weight":0.21545999},
{"Node_id":251,"weight":0.41579},
{"Node_id":254,"weight":0.20594999},
{"Node_id":256,"weight":0.24994},
{"Node_id":257,"weight":0.54447997},
{"Node_id":258,"weight":0.17988},
{"Node_id":259,"weight":0.16411999},
{"Node_id":260,"weight":0.14802},
{"Node_id":261,"weight":0.14682999},
{"Node_id":262,"weight":0.40633997},
{"Node_id":263,"weight":0.2895},
{"Node_id":264,"weight":0.33347002},
{"Node_id":265,"weight":0.16508},
{"Node_id":266,"weight":0.33777002},
{"Node_id":267,"weight":0.29072002},
{"Node_id":268,"weight":0.14177999},
{"Node_id":269,"weight":0.24881001},
{"Node_id":270,"weight":0.23787999},
{"Node_id":271,"weight":0.29614002},
{"Node_id":272,"weight":0.16664},
{"Node_id":273,"weight":0.17963001},
{"Node_id":274,"weight":0.19143},
{"Node_id":275,"weight":0.16523},
{"Node_id":276,"weight":0.16538},
{"Node_id":277,"weight":0.19036},
{"Node_id":278,"weight":0.17776},
{"Node_id":279,"weight":0.33999},
{"Node_id":280,"weight":0.23584001},
{"Node_id":281,"weight":0.21785},
{"Node_id":282,"weight":0.25224},
{"Node_id":283,"weight":0.24600999},
{"Node_id":284,"weight":0.17074},
{"Node_id":285,"weight":0.18834},
{"Node_id":286,"weight":0.18921},
{"Node_id":287,"weight":0.139},
{"Node_id":288,"weight":0.22106},
{"Node_id":289,"weight":0.19241},
{"Node_id":290,"weight":0.16627},
{"Node_id":291,"weight":0.30667},
{"Node_id":292,"weight":0.20605},
{"Node_id":293,"weight":0.22895},
{"Node_id":294,"weight":0.14299999},
{"Node_id":295,"weight":0.24698},
{"Node_id":296,"weight":0.27694},
{"Node_id":297,"weight":0.28305},
{"Node_id":298,"weight":0.17825},
{"Node_id":300,"weight":0.18236001},
{"Node_id":320,"weight":0.15042},
{"Node_id":326,"weight":0.17543},
{"Node_id":333,"weight":0.20655},
{"Node_id":341,"weight":0.24275},
{"Node_id":350,"weight":0.31347},
{"Node_id":355,"weight":0.1702},
{"Node_id":356,"weight":0.19152},
{"Node_id":357,"weight":0.25371},
{"Node_id":358,"weight":0.23559001},
{"Node_id":359,"weight":0.62126005},
{"Node_id":360,"weight":0.19849},
{"Node_id":361,"weight":0.25137},
{"Node_id":362,"weight":0.20846},
{"Node_id":363,"weight":0.27357},
{"Node_id":364,"weight":0.27081},
{"Node_id":365,"weight":0.20269999},
{"Node_id":366,"weight":0.19277},
{"Node_id":367,"weight":0.17816},
{"Node_id":368,"weight":0.22811},
{"Node_id":369,"weight":0.14147},
{"Node_id":370,"weight":0.32071},
{"Node_id":371,"weight":0.35146},
{"Node_id":372,"weight":0.15856001},
{"Node_id":373,"weight":0.20211999},
{"Node_id":374,"weight":0.17679},
{"Node_id":375,"weight":0.19505},
{"Node_id":376,"weight":0.33935001},
{"Node_id":377,"weight":0.20086},
{"Node_id":378,"weight":0.65008},
{"Node_id":379,"weight":0.18294999},
{"Node_id":380,"weight":0.21103},
{"Node_id":381,"weight":0.22506002},
{"Node_id":382,"weight":0.18328},
{"Node_id":383,"weight":0.17354},
{"Node_id":384,"weight":0.17599},
{"Node_id":385,"weight":0.37945002},
{"Node_id":386,"weight":0.22049999},
{"Node_id":387,"weight":0.40221},
{"Node_id":388,"weight":0.17939},
{"Node_id":389,"weight":0.34969002},
{"Node_id":390,"weight":0.19811},
{"Node_id":391,"weight":0.16627},
{"Node_id":392,"weight":0.26226002},
{"Node_id":393,"weight":0.19643},
{"Node_id":394,"weight":0.17283},
{"Node_id":395,"weight":0.28343},
{"Node_id":396,"weight":0.23482999},
{"Node_id":397,"weight":0.17898001},
{"Node_id":398,"weight":0.17768},
{"Node_id":399,"weight":0.17559001},
{"Node_id":400,"weight":0.25459},
{"Node_id":401,"weight":0.34591},
{"Node_id":402,"weight":0.14782},
{"Node_id":403,"weight":0.24102001},
{"Node_id":404,"weight":0.43857998},
{"Node_id":405,"weight":0.16339001},
{"Node_id":406,"weight":0.23222001},
{"Node_id":407,"weight":0.29072002},
{"Node_id":408,"weight":0.19718},
{"Node_id":409,"weight":0.58753},
{"Node_id":410,"weight":0.34356},
{"Node_id":411,"weight":0.17671},
{"Node_id":412,"weight":0.14026001},
{"Node_id":413,"weight":0.17472},
{"Node_id":414,"weight":0.18421},
{"Node_id":415,"weight":0.2806},
{"Node_id":416,"weight":0.2184},
{"Node_id":418,"weight":0.14774999},
{"Node_id":419,"weight":0.15807},
{"Node_id":420,"weight":0.2877},
{"Node_id":422,"weight":0.29133},
{"Node_id":423,"weight":0.14185},
{"Node_id":424,"weight":0.21386},
{"Node_id":425,"weight":0.29381},
{"Node_id":426,"weight":0.28594},
{"Node_id":427,"weight":0.2},
{"Node_id":428,"weight":0.24396},
{"Node_id":429,"weight":0.21482},
{"Node_id":430,"weight":0.18782},
{"Node_id":431,"weight":0.34289998},
{"Node_id":432,"weight":0.2893},
{"Node_id":433,"weight":0.14749},
{"Node_id":434,"weight":0.16973999},
{"Node_id":435,"weight":0.24519},
{"Node_id":436,"weight":0.14736},
{"Node_id":437,"weight":0.1822},
{"Node_id":438,"weight":0.14546},
{"Node_id":439,"weight":0.16186},
{"Node_id":440,"weight":0.24754},
{"Node_id":441,"weight":0.18755999},
{"Node_id":451,"weight":0.18178001},
{"Node_id":455,"weight":0.20125},
{"Node_id":456,"weight":0.18278},
{"Node_id":460,"weight":0.14908001},
{"Node_id":466,"weight":0.16545},
{"Node_id":470,"weight":0.14217},
{"Node_id":471,"weight":0.17647001},
{"Node_id":472,"weight":0.23234001},
{"Node_id":474,"weight":0.22564001},
{"Node_id":477,"weight":0.19134},
{"Node_id":479,"weight":0.16353},
{"Node_id":481,"weight":0.23533002},
{"Node_id":486,"weight":0.21439},
{"Node_id":492,"weight":0.14742},
{"Node_id":495,"weight":0.17906},
{"Node_id":499,"weight":0.25624},
{"Node_id":506,"weight":0.22185},
{"Node_id":507,"weight":0.15700999},
{"Node_id":508,"weight":0.18404},
{"Node_id":509,"weight":0.24588001},
{"Node_id":511,"weight":0.15659},
{"Node_id":514,"weight":0.15361},
{"Node_id":518,"weight":0.43534002},
{"Node_id":522,"weight":0.30667},
{"Node_id":523,"weight":0.25445002},
{"Node_id":527,"weight":0.16845},
{"Node_id":529,"weight":0.17299},
{"Node_id":533,"weight":0.50141},
{"Node_id":535,"weight":0.18128},
{"Node_id":536,"weight":0.18566},
{"Node_id":540,"weight":0.32124},
{"Node_id":542,"weight":0.34127},
{"Node_id":543,"weight":0.15708},
{"Node_id":544,"weight":0.19868},
{"Node_id":548,"weight":0.23787999},
{"Node_id":550,"weight":0.16121},
{"Node_id":551,"weight":0.21577999},
{"Node_id":553,"weight":0.39335},
{"Node_id":557,"weight":0.14306},
{"Node_id":559,"weight":0.28574},
{"Node_id":560,"weight":0.47241998},
{"Node_id":562,"weight":0.16891},
{"Node_id":563,"weight":0.16186},
{"Node_id":567,"weight":0.26466},
{"Node_id":569,"weight":0.22704999},
{"Node_id":570,"weight":0.3776},
{"Node_id":572,"weight":0.15279},
{"Node_id":573,"weight":0.27748},
{"Node_id":574,"weight":0.22716},
{"Node_id":578,"weight":0.18965},
{"Node_id":580,"weight":0.32071},
{"Node_id":581,"weight":0.41579},
{"Node_id":583,"weight":0.21851},
{"Node_id":584,"weight":0.24923},
{"Node_id":585,"weight":0.1452},
{"Node_id":586,"weight":0.21145001},
{"Node_id":590,"weight":0.51616},
{"Node_id":592,"weight":0.15665999},
{"Node_id":593,"weight":0.19332},
{"Node_id":595,"weight":0.18711999},
{"Node_id":596,"weight":0.42619},
{"Node_id":597,"weight":0.2145},
{"Node_id":598,"weight":0.29549998},
{"Node_id":599,"weight":0.43940002},
{"Node_id":603,"weight":0.21535},
{"Node_id":605,"weight":0.20076999},
{"Node_id":606,"weight":0.48988},
{"Node_id":608,"weight":0.27339},
{"Node_id":609,"weight":0.23087999},
{"Node_id":610,"weight":0.18029},
{"Node_id":611,"weight":0.23160999},
{"Node_id":613,"weight":0.14474},
{"Node_id":617,"weight":0.37579},
{"Node_id":619,"weight":0.26417},
{"Node_id":620,"weight":0.35472},
{"Node_id":622,"weight":0.16042},
{"Node_id":623,"weight":0.16179},
{"Node_id":624,"weight":0.16411999},
{"Node_id":625,"weight":0.17276},
{"Node_id":627,"weight":0.15729001},
{"Node_id":628,"weight":0.19532},
{"Node_id":631,"weight":0.17752},
{"Node_id":633,"weight":0.15042},
{"Node_id":634,"weight":0.19179},
{"Node_id":636,"weight":0.52159},
{"Node_id":637,"weight":0.43066},
{"Node_id":638,"weight":0.26194},
{"Node_id":640,"weight":0.35999},
{"Node_id":641,"weight":0.16092},
{"Node_id":642,"weight":0.18808},
{"Node_id":643,"weight":0.23559001},
{"Node_id":645,"weight":0.21333},
{"Node_id":646,"weight":0.19886},
{"Node_id":647,"weight":0.27949},
{"Node_id":651,"weight":0.22622001},
{"Node_id":652,"weight":0.3356},
{"Node_id":653,"weight":0.32761},
{"Node_id":654,"weight":0.20855999},
{"Node_id":658,"weight":0.19098},
{"Node_id":659,"weight":0.60299003},
{"Node_id":660,"weight":0.17354},
{"Node_id":666,"weight":0.25137},
{"Node_id":667,"weight":0.18404},
{"Node_id":668,"weight":0.23853},
{"Node_id":675,"weight":0.21071999},
{"Node_id":676,"weight":0.44896},
{"Node_id":677,"weight":0.15575},
{"Node_id":683,"weight":0.23371},
{"Node_id":685,"weight":0.21545999},
{"Node_id":686,"weight":0.22493999},
{"Node_id":687,"weight":0.14795001},
{"Node_id":688,"weight":0.22049999},
{"Node_id":693,"weight":0.14461},
{"Node_id":696,"weight":0.21092999},
{"Node_id":697,"weight":0.39388},
{"Node_id":698,"weight":0.15292999},
{"Node_id":704,"weight":0.15471},
{"Node_id":707,"weight":0.36312002},
{"Node_id":708,"weight":0.15225},
{"Node_id":709,"weight":0.14448},
{"Node_id":715,"weight":0.24128},
{"Node_id":720,"weight":0.23063},
{"Node_id":721,"weight":0.16868},
{"Node_id":723,"weight":0.17825},
{"Node_id":725,"weight":0.15736},
{"Node_id":726,"weight":0.14921},
{"Node_id":728,"weight":0.29277},
{"Node_id":729,"weight":0.23710999},
{"Node_id":730,"weight":0.47128},
{"Node_id":732,"weight":0.17315},
{"Node_id":733,"weight":0.16056},
{"Node_id":734,"weight":0.22704999},
{"Node_id":735,"weight":0.19125},
{"Node_id":736,"weight":0.14526},
{"Node_id":737,"weight":0.22990999},
{"Node_id":738,"weight":0.1452},
{"Node_id":739,"weight":0.20029},
{"Node_id":740,"weight":0.21503},
{"Node_id":741,"weight":0.37011},
{"Node_id":743,"weight":0.17947},
{"Node_id":744,"weight":0.21439},
{"Node_id":745,"weight":0.31833},
{"Node_id":746,"weight":0.15771},
{"Node_id":748,"weight":0.19026999},
{"Node_id":750,"weight":0.54685},
{"Node_id":751,"weight":0.1789},
{"Node_id":752,"weight":0.30072},
{"Node_id":753,"weight":0.26911},
{"Node_id":756,"weight":0.32071},
{"Node_id":757,"weight":0.17988},
{"Node_id":758,"weight":0.15116},
{"Node_id":759,"weight":0.17043},
{"Node_id":760,"weight":0.51100004},
{"Node_id":761,"weight":0.15463999},
{"Node_id":762,"weight":0.38567},
{"Node_id":763,"weight":0.48853},
{"Node_id":764,"weight":0.14507},
{"Node_id":765,"weight":0.20989001},
{"Node_id":766,"weight":0.25944},
{"Node_id":768,"weight":0.41448003},
{"Node_id":769,"weight":0.1893},
{"Node_id":770,"weight":0.18286},
{"Node_id":772,"weight":0.15313},
{"Node_id":773,"weight":0.14006999},
{"Node_id":774,"weight":0.18652001},
{"Node_id":775,"weight":0.28731},
{"Node_id":777,"weight":0.17647001},
{"Node_id":779,"weight":0.35362},
{"Node_id":780,"weight":0.14598},
{"Node_id":781,"weight":0.15913},
{"Node_id":783,"weight":0.14756},
{"Node_id":785,"weight":0.22309999},
{"Node_id":786,"weight":0.15603},
{"Node_id":787,"weight":0.33999},
{"Node_id":788,"weight":0.30275},
{"Node_id":790,"weight":0.23931},
{"Node_id":792,"weight":0.23346},
{"Node_id":793,"weight":0.20436001},
{"Node_id":794,"weight":0.33683},
{"Node_id":795,"weight":0.17276},
{"Node_id":797,"weight":0.24505},
{"Node_id":799,"weight":0.49126},
{"Node_id":800,"weight":0.33777002},
{"Node_id":801,"weight":0.19868},
{"Node_id":802,"weight":0.15382001},
{"Node_id":803,"weight":0.19905},
{"Node_id":805,"weight":0.50141},
{"Node_id":807,"weight":0.3511},
{"Node_id":810,"weight":0.44364},
{"Node_id":811,"weight":0.18549},
{"Node_id":812,"weight":0.21302},
{"Node_id":814,"weight":0.27427},
{"Node_id":816,"weight":0.29593},
{"Node_id":819,"weight":0.25944},
{"Node_id":820,"weight":0.15638},
{"Node_id":821,"weight":0.21643},
{"Node_id":822,"weight":0.32648},
{"Node_id":824,"weight":0.22265},
{"Node_id":826,"weight":0.21092999},
{"Node_id":829,"weight":0.16679},
{"Node_id":830,"weight":0.23787999},
{"Node_id":831,"weight":0.14591},
{"Node_id":832,"weight":0.26777},
{"Node_id":833,"weight":0.14928},
{"Node_id":835,"weight":0.22811},
{"Node_id":837,"weight":0.42619},
{"Node_id":840,"weight":0.20887001},
{"Node_id":841,"weight":0.15499},
{"Node_id":843,"weight":0.46155},
{"Node_id":844,"weight":0.21082},
{"Node_id":845,"weight":0.17914},
{"Node_id":847,"weight":0.36312002},
{"Node_id":849,"weight":0.18328},
{"Node_id":852,"weight":0.19459},
{"Node_id":853,"weight":0.30715},
{"Node_id":855,"weight":0.28324002},
{"Node_id":856,"weight":0.33529},
{"Node_id":877,"weight":0.16361001},
{"Node_id":883,"weight":0.20114999},
{"Node_id":884,"weight":0.18764},
{"Node_id":890,"weight":0.15326999},
{"Node_id":898,"weight":0.33652002},
{"Node_id":902,"weight":0.2658},
{"Node_id":903,"weight":0.22657001},
{"Node_id":904,"weight":0.16921},
{"Node_id":905,"weight":0.41778},
{"Node_id":906,"weight":0.17711},
{"Node_id":907,"weight":0.2401},
{"Node_id":908,"weight":0.25066},
{"Node_id":909,"weight":0.32098},
{"Node_id":910,"weight":0.18974},
{"Node_id":911,"weight":0.37011},
{"Node_id":912,"weight":0.15042},
{"Node_id":913,"weight":0.20134},
{"Node_id":915,"weight":0.28248},
{"Node_id":917,"weight":0.25371},
{"Node_id":918,"weight":0.59496003},
{"Node_id":919,"weight":0.20407},
{"Node_id":920,"weight":0.30343002},
{"Node_id":921,"weight":0.17447999},
{"Node_id":922,"weight":0.15603},
{"Node_id":925,"weight":0.22163},
{"Node_id":929,"weight":0.14862},
{"Node_id":934,"weight":0.17784},
{"Node_id":939,"weight":0.14338},
{"Node_id":940,"weight":0.22095},
{"Node_id":947,"weight":0.14908001},
{"Node_id":954,"weight":0.20535},
{"Node_id":955,"weight":0.15589},
{"Node_id":956,"weight":0.27098},
{"Node_id":957,"weight":0.14828},
{"Node_id":959,"weight":0.34795},
{"Node_id":961,"weight":0.16523},
{"Node_id":962,"weight":0.26162},
{"Node_id":964,"weight":0.20076999},
{"Node_id":965,"weight":0.39936},
{"Node_id":968,"weight":0.14063999},
{"Node_id":969,"weight":0.15049},
{"Node_id":973,"weight":0.15218},
{"Node_id":974,"weight":0.13918999},
{"Node_id":979,"weight":0.14928},
{"Node_id":980,"weight":0.25415},
{"Node_id":986,"weight":0.21322998},
{"Node_id":987,"weight":0.20076999},
{"Node_id":992,"weight":0.17447999},
{"Node_id":994,"weight":0.48853},
{"Node_id":995,"weight":0.29852},
{"Node_id":1000,"weight":0.44896},
{"Node_id":1001,"weight":0.14558999},
{"Node_id":1003,"weight":0.8},
{"Node_id":1009,"weight":0.26178},
{"Node_id":1013,"weight":0.14223},
{"Node_id":1014,"weight":0.24142},
{"Node_id":1019,"weight":0.19953},
{"Node_id":1021,"weight":0.50609004},
{"Node_id":1024,"weight":0.20855999},
{"Node_id":1030,"weight":0.22049999},
{"Node_id":1034,"weight":0.31272},
{"Node_id":1036,"weight":0.92102003},
{"Node_id":1042,"weight":0.17424999},
{"Node_id":1046,"weight":0.14140001},
{"Node_id":1049,"weight":0.42692},
{"Node_id":1055,"weight":0.16508},
{"Node_id":1063,"weight":0.22586998},
{"Node_id":1064,"weight":0.19188},
{"Node_id":1069,"weight":0.21861999},
{"Node_id":1076,"weight":0.28191},
{"Node_id":1078,"weight":0.17543},
{"Node_id":1079,"weight":0.19746},
{"Node_id":1089,"weight":0.19532},
{"Node_id":1093,"weight":0.32151002},
{"Node_id":1098,"weight":0.18886},
{"Node_id":1100,"weight":0.17615},
{"Node_id":1104,"weight":0.16959},
{"Node_id":1107,"weight":0.22174},
{"Node_id":1110,"weight":0.14822},
{"Node_id":1111,"weight":0.24342},
{"Node_id":1114,"weight":0.16973999},
{"Node_id":1119,"weight":0.24248},
{"Node_id":1122,"weight":0.25897998},
{"Node_id":1128,"weight":0.16427},
{"Node_id":1131,"weight":0.21103},
{"Node_id":1134,"weight":0.27931002},
{"Node_id":1138,"weight":0.17736},
{"Node_id":1141,"weight":0.2887},
{"Node_id":1144,"weight":0.27029},
{"Node_id":1147,"weight":0.26305002},
{"Node_id":1149,"weight":0.29529},
{"Node_id":1152,"weight":0.18755999},
{"Node_id":1157,"weight":0.20289},
{"Node_id":1158,"weight":0.14729},
{"Node_id":1159,"weight":0.17575},
{"Node_id":1160,"weight":0.29360002},
{"Node_id":1162,"weight":0.14749},
{"Node_id":1164,"weight":0.15334001},
{"Node_id":1166,"weight":0.21429},
{"Node_id":1167,"weight":0.24396},
{"Node_id":1169,"weight":0.22811},
{"Node_id":1170,"weight":0.16208},
{"Node_id":1171,"weight":0.17906},
{"Node_id":1173,"weight":0.6264},
{"Node_id":1174,"weight":0.18029},
{"Node_id":1176,"weight":0.13982001},
{"Node_id":1178,"weight":0.25594002},
{"Node_id":1181,"weight":0.17354},
{"Node_id":1182,"weight":0.24754},
{"Node_id":1183,"weight":0.24302001},
{"Node_id":1184,"weight":0.14140001},
{"Node_id":1186,"weight":0.25283},
{"Node_id":1189,"weight":0.47473997},
{"Node_id":1193,"weight":0.35884},
{"Node_id":1198,"weight":0.23635001},
{"Node_id":1204,"weight":0.18447},
{"Node_id":1211,"weight":0.15548},
{"Node_id":1219,"weight":0.17377},
{"Node_id":1228,"weight":0.25975},
{"Node_id":1239,"weight":0.17898001},
{"Node_id":1240,"weight":0.17043},
{"Node_id":1241,"weight":0.16612001},
{"Node_id":1242,"weight":0.18669},
{"Node_id":1243,"weight":0.16762},
{"Node_id":1244,"weight":0.22207999},
{"Node_id":1245,"weight":0.30297},
{"Node_id":1246,"weight":0.24261999},
{"Node_id":1247,"weight":0.24155},
{"Node_id":1248,"weight":0.32017},
{"Node_id":1249,"weight":0.24866},
{"Node_id":1250,"weight":0.29939002},
{"Node_id":1251,"weight":0.44538003},
{"Node_id":1252,"weight":0.21796},
{"Node_id":1253,"weight":0.18523},
{"Node_id":1254,"weight":0.20038},
{"Node_id":1255,"weight":0.19934},
{"Node_id":1256,"weight":0.15652},
{"Node_id":1257,"weight":0.1561},
{"Node_id":1258,"weight":0.15892},
{"Node_id":1259,"weight":0.16006},
{"Node_id":1260,"weight":0.17377},
{"Node_id":1261,"weight":0.23321},
{"Node_id":1262,"weight":0.20202},
{"Node_id":1263,"weight":0.42839998},
{"Node_id":1264,"weight":0.34969002},
{"Node_id":1265,"weight":0.15736},
{"Node_id":1266,"weight":0.17857},
{"Node_id":1267,"weight":0.23271},
{"Node_id":1268,"weight":0.1873},
{"Node_id":1269,"weight":0.20685},
{"Node_id":1270,"weight":0.18506},
{"Node_id":1271,"weight":0.25609},
{"Node_id":1272,"weight":0.16034},
{"Node_id":1273,"weight":0.20357999},
{"Node_id":1274,"weight":0.22599001},
{"Node_id":1275,"weight":0.36800998},
{"Node_id":1276,"weight":0.51441},
{"Node_id":1277,"weight":0.40396},
{"Node_id":1278,"weight":0.21610999},
{"Node_id":1279,"weight":0.47831997},
{"Node_id":1280,"weight":0.34258002},
{"Node_id":1281,"weight":0.26661998},
{"Node_id":1282,"weight":0.24208},
{"Node_id":1283,"weight":0.15687},
{"Node_id":1284,"weight":0.28191},
{"Node_id":1285,"weight":0.14935},
{"Node_id":1286,"weight":0.17362},
{"Node_id":1287,"weight":0.17807999},
{"Node_id":1288,"weight":0.21503},
{"Node_id":1289,"weight":0.61637},
{"Node_id":1290,"weight":0.19359},
{"Node_id":1291,"weight":0.33287},
{"Node_id":1292,"weight":0.30458},
{"Node_id":1293,"weight":0.21164998},
{"Node_id":1294,"weight":0.15022},
{"Node_id":1295,"weight":0.25066},
{"Node_id":1298,"weight":0.14281},
{"Node_id":1299,"weight":0.24089},
{"Node_id":1300,"weight":0.17615},
{"Node_id":1301,"weight":0.14995},
{"Node_id":1302,"weight":0.19597},
{"Node_id":1303,"weight":0.29549998},
{"Node_id":1304,"weight":0.24235001},
{"Node_id":1305,"weight":0.16634001},
{"Node_id":1311,"weight":0.19915},
{"Node_id":1314,"weight":0.16273001},
{"Node_id":1318,"weight":0.27986},
{"Node_id":1323,"weight":0.60725003},
{"Node_id":1329,"weight":0.38275},
{"Node_id":1336,"weight":0.21302},
{"Node_id":1341,"weight":0.22128999},
{"Node_id":1342,"weight":0.1683},
{"Node_id":1343,"weight":0.33620998},
{"Node_id":1344,"weight":0.34691998},
{"Node_id":1348,"weight":0.29635},
{"Node_id":1349,"weight":0.18965},
{"Node_id":1351,"weight":0.16883},
{"Node_id":1352,"weight":0.42330998},
{"Node_id":1353,"weight":0.25474},
{"Node_id":1354,"weight":0.29113},
{"Node_id":1355,"weight":0.41711003},
{"Node_id":1356,"weight":0.28362},
{"Node_id":1357,"weight":0.14128},
{"Node_id":1358,"weight":0.16950999},
{"Node_id":1359,"weight":0.49404997},
{"Node_id":1360,"weight":0.29133},
{"Node_id":1361,"weight":0.18228},
{"Node_id":1362,"weight":0.27712},
{"Node_id":1363,"weight":0.19404},
{"Node_id":1365,"weight":0.24477999},
{"Node_id":1366,"weight":0.24356},
{"Node_id":1367,"weight":0.20397},
{"Node_id":1368,"weight":0.33871},
{"Node_id":1370,"weight":0.29072002},
{"Node_id":1372,"weight":0.32676},
{"Node_id":1374,"weight":0.21062},
{"Node_id":1375,"weight":0.15949},
{"Node_id":1376,"weight":0.20705},
{"Node_id":1377,"weight":0.51441},
{"Node_id":1378,"weight":0.19018},
{"Node_id":1379,"weight":0.15582},
{"Node_id":1380,"weight":0.19477001},
{"Node_id":1381,"weight":0.34094998},
{"Node_id":1382,"weight":0.1798},
{"Node_id":1383,"weight":0.38132},
{"Node_id":1384,"weight":0.51794},
{"Node_id":1385,"weight":0.81113994},
{"Node_id":1386,"weight":0.35732},
{"Node_id":1387,"weight":0.65699},
{"Node_id":1388,"weight":0.18506},
{"Node_id":1389,"weight":0.32098},
{"Node_id":1390,"weight":0.21665001},
{"Node_id":1391,"weight":0.16056},
{"Node_id":1392,"weight":0.45653},
{"Node_id":1393,"weight":0.20959},
{"Node_id":1394,"weight":0.31099},
{"Node_id":1395,"weight":0.22907},
{"Node_id":1396,"weight":0.52734},
{"Node_id":1397,"weight":0.38371998},
{"Node_id":1398,"weight":0.16648999},
{"Node_id":1399,"weight":0.25775},
{"Node_id":1400,"weight":0.30929},
{"Node_id":1401,"weight":0.17036},
{"Node_id":1402,"weight":0.25297},
{"Node_id":1403,"weight":0.19170001},
{"Node_id":1404,"weight":0.15416},
{"Node_id":1405,"weight":0.25913},
{"Node_id":1406,"weight":0.22005999},
{"Node_id":1407,"weight":0.22072999},
{"Node_id":1408,"weight":0.17345999},
{"Node_id":1409,"weight":0.17252001},
{"Node_id":1410,"weight":0.22871001},
{"Node_id":1411,"weight":0.2375},
{"Node_id":1412,"weight":0.19487},
{"Node_id":1413,"weight":0.25684},
{"Node_id":1414,"weight":0.24221},
{"Node_id":1415,"weight":0.16523},
{"Node_id":1416,"weight":0.21031001},
{"Node_id":1417,"weight":0.17607},
{"Node_id":1418,"weight":0.14045},
{"Node_id":1419,"weight":0.23321},
{"Node_id":1420,"weight":0.35146},
{"Node_id":1421,"weight":0.37991},
{"Node_id":1422,"weight":0.25534},
{"Node_id":1423,"weight":0.22028},
{"Node_id":1424,"weight":0.19895999},
{"Node_id":1425,"weight":0.18843},
{"Node_id":1426,"weight":0.28381},
{"Node_id":1427,"weight":0.15076},
{"Node_id":1428,"weight":0.2184},
{"Node_id":1429,"weight":0.20416},
{"Node_id":1430,"weight":0.37579},
{"Node_id":1431,"weight":0.19296},
{"Node_id":1432,"weight":0.21092999},
{"Node_id":1433,"weight":0.27876002},
{"Node_id":1434,"weight":0.22657001},
{"Node_id":1435,"weight":0.31651002},
{"Node_id":1436,"weight":0.40163},
{"Node_id":1437,"weight":0.20192},
{"Node_id":1438,"weight":0.26678},
{"Node_id":1439,"weight":0.24768},
{"Node_id":1440,"weight":0.15245},
{"Node_id":1441,"weight":0.47954002},
{"Node_id":1442,"weight":0.19895999},
{"Node_id":1443,"weight":0.23075},
{"Node_id":1444,"weight":0.25023},
{"Node_id":1445,"weight":0.1421},
{"Node_id":1446,"weight":0.17151001},
{"Node_id":1447,"weight":0.15575},
{"Node_id":1448,"weight":0.19634},
{"Node_id":1449,"weight":0.14177999},
{"Node_id":1450,"weight":0.46469003},
{"Node_id":1451,"weight":0.19232},
{"Node_id":1452,"weight":0.18635},
{"Node_id":1453,"weight":0.27676},
{"Node_id":1455,"weight":0.23099999},
{"Node_id":1456,"weight":0.22967},
{"Node_id":1457,"weight":0.17198},
{"Node_id":1458,"weight":0.37669},
{"Node_id":1459,"weight":0.21185999},
{"Node_id":1460,"weight":0.18974},
{"Node_id":1461,"weight":0.14533},
{"Node_id":1462,"weight":0.23931},
{"Node_id":1464,"weight":0.20134},
{"Node_id":1465,"weight":0.19934},
{"Node_id":1467,"weight":0.41711003},
{"Node_id":1469,"weight":0.25312},
{"Node_id":1470,"weight":0.41002002},
{"Node_id":1471,"weight":0.52159},
{"Node_id":1472,"weight":0.28613},
{"Node_id":1473,"weight":0.15842},
{"Node_id":1475,"weight":0.17575},
{"Node_id":1476,"weight":0.14448},
{"Node_id":1477,"weight":0.29092},
{"Node_id":1478,"weight":0.21577999},
{"Node_id":1479,"weight":0.39072},
{"Node_id":1480,"weight":0.21861999},
{"Node_id":1482,"weight":0.45458},
{"Node_id":1483,"weight":0.17097},
{"Node_id":1484,"weight":0.13913},
{"Node_id":1485,"weight":0.54447997},
{"Node_id":1486,"weight":0.21071999},
{"Node_id":1487,"weight":0.17464},
{"Node_id":1488,"weight":0.27235},
{"Node_id":1490,"weight":0.36843},
{"Node_id":1491,"weight":0.23699},
{"Node_id":1494,"weight":0.31651002},
{"Node_id":1497,"weight":0.19624999},
{"Node_id":1499,"weight":0.28023},
{"Node_id":1502,"weight":0.3776},
{"Node_id":1504,"weight":0.20515001},
{"Node_id":1506,"weight":0.15561},
{"Node_id":1508,"weight":0.17841001},
{"Node_id":1509,"weight":0.14578},
{"Node_id":1510,"weight":0.20231},
{"Node_id":1511,"weight":0.15779},
{"Node_id":1513,"weight":0.15035},
{"Node_id":1514,"weight":0.1597},
{"Node_id":1515,"weight":0.17881},
{"Node_id":1516,"weight":0.2474},
{"Node_id":1517,"weight":0.5077},
{"Node_id":1518,"weight":0.20887001},
{"Node_id":1519,"weight":0.27765998},
{"Node_id":1520,"weight":0.25929},
{"Node_id":1522,"weight":0.21905999},
{"Node_id":1523,"weight":0.18609},
{"Node_id":1524,"weight":0.16694},
{"Node_id":1525,"weight":0.26945},
{"Node_id":1526,"weight":0.36843},
{"Node_id":1527,"weight":0.26037},
{"Node_id":1530,"weight":0.34356},
{"Node_id":1532,"weight":0.35999},
{"Node_id":1533,"weight":0.47831997},
{"Node_id":1535,"weight":0.19441},
{"Node_id":1536,"weight":0.21396999},
{"Node_id":1537,"weight":0.43857998},
{"Node_id":1538,"weight":0.15863},
{"Node_id":1539,"weight":0.17873},
{"Node_id":1540,"weight":0.14448},
{"Node_id":1541,"weight":0.29742998},
{"Node_id":1543,"weight":0.36233002},
{"Node_id":1544,"weight":0.25341},
{"Node_id":1545,"weight":0.26482},
{"Node_id":1546,"weight":0.22095},
{"Node_id":1547,"weight":0.22634001},
{"Node_id":1548,"weight":0.1653},
{"Node_id":1549,"weight":0.1397},
{"Node_id":1550,"weight":0.25166},
{"Node_id":1551,"weight":0.19468},
{"Node_id":1552,"weight":0.20337999},
{"Node_id":1553,"weight":0.17528},
{"Node_id":1554,"weight":0.153},
{"Node_id":1555,"weight":0.17213},
{"Node_id":1559,"weight":0.38968998},
{"Node_id":1560,"weight":0.18087},
{"Node_id":1562,"weight":0.25023},
{"Node_id":1563,"weight":0.26498002},
{"Node_id":1564,"weight":0.19514},
{"Node_id":1566,"weight":0.28516},
{"Node_id":1567,"weight":0.24023},
{"Node_id":1568,"weight":0.14204},
{"Node_id":1569,"weight":0.19634},
{"Node_id":1571,"weight":0.3356},
{"Node_id":1572,"weight":0.1832},
{"Node_id":1574,"weight":0.21557},
{"Node_id":1575,"weight":0.31912},
{"Node_id":1577,"weight":0.1561},
{"Node_id":1578,"weight":0.17488},
{"Node_id":1579,"weight":0.15786001},
{"Node_id":1580,"weight":0.20585},
{"Node_id":1581,"weight":0.29808},
{"Node_id":1582,"weight":0.34899002},
{"Node_id":1584,"weight":0.20918},
{"Node_id":1585,"weight":0.26242},
{"Node_id":1586,"weight":0.26979},
{"Node_id":1587,"weight":0.2366},
{"Node_id":1588,"weight":0.1893},
{"Node_id":1589,"weight":0.35362},
{"Node_id":1591,"weight":0.17074},
{"Node_id":1592,"weight":0.20625},
{"Node_id":1593,"weight":0.15055},
{"Node_id":1594,"weight":0.25137},
{"Node_id":1595,"weight":0.27392},
{"Node_id":1596,"weight":0.15136},
{"Node_id":1597,"weight":0.30715},
{"Node_id":1600,"weight":0.24342},
{"Node_id":1601,"weight":0.14140001},
{"Node_id":1602,"weight":0.24574001},
{"Node_id":1603,"weight":0.53992},
{"Node_id":1604,"weight":0.14995},
{"Node_id":1605,"weight":0.2748},
{"Node_id":1610,"weight":0.17323},
{"Node_id":1611,"weight":0.66441},
{"Node_id":1612,"weight":0.42259997},
{"Node_id":1613,"weight":0.22506002},
{"Node_id":1614,"weight":0.15506001},
{"Node_id":1617,"weight":0.15942},
{"Node_id":1619,"weight":0.14975},
{"Node_id":1620,"weight":0.21031001},
{"Node_id":1622,"weight":0.40574002},
{"Node_id":1623,"weight":0.29215},
{"Node_id":1624,"weight":0.29808},
{"Node_id":1627,"weight":0.18652001},
{"Node_id":1628,"weight":0.37991},
{"Node_id":1629,"weight":0.18128},
{"Node_id":1630,"weight":0.29808},
{"Node_id":1631,"weight":0.42402},
{"Node_id":1632,"weight":0.1935},
{"Node_id":1633,"weight":0.32591},
{"Node_id":1634,"weight":0.16538},
{"Node_id":1635,"weight":0.21568},
{"Node_id":1636,"weight":0.31781},
{"Node_id":1637,"weight":0.2881},
{"Node_id":1638,"weight":0.14848},
{"Node_id":1639,"weight":0.15793},
{"Node_id":1640,"weight":0.31833},
{"Node_id":1641,"weight":0.27857},
{"Node_id":1642,"weight":0.16754},
{"Node_id":1643,"weight":0.17575},
{"Node_id":1644,"weight":0.22955},
{"Node_id":1645,"weight":0.20202},
{"Node_id":1646,"weight":0.27235},
{"Node_id":1647,"weight":0.21796},
{"Node_id":1648,"weight":0.27339},
{"Node_id":1649,"weight":0.33967},
{"Node_id":1650,"weight":0.24208},
{"Node_id":1651,"weight":0.15652},
{"Node_id":1652,"weight":0.41064},
{"Node_id":1653,"weight":0.15715},
{"Node_id":1654,"weight":0.14723},
{"Node_id":1655,"weight":0.30435},
{"Node_id":1656,"weight":0.15259},
{"Node_id":1657,"weight":0.21312001},
{"Node_id":1658,"weight":0.15002},
{"Node_id":1659,"weight":0.63182},
{"Node_id":1660,"weight":0.20745},
{"Node_id":1661,"weight":0.14822},
{"Node_id":1662,"weight":0.14848},
{"Node_id":1663,"weight":0.20436001},
{"Node_id":1664,"weight":0.19905},
{"Node_id":1665,"weight":0.24851999},
{"Node_id":1666,"weight":0.18643},
{"Node_id":1667,"weight":0.31651002},
{"Node_id":1668,"weight":0.37357},
{"Node_id":1669,"weight":0.13932},
{"Node_id":1670,"weight":0.14975},
{"Node_id":1671,"weight":0.18037},
{"Node_id":1672,"weight":0.15963},
{"Node_id":1673,"weight":0.25224},
{"Node_id":1674,"weight":0.3842},
{"Node_id":1675,"weight":0.21621999},
{"Node_id":1676,"weight":0.18515},
{"Node_id":1677,"weight":0.58401},
{"Node_id":1678,"weight":0.16906},
{"Node_id":1679,"weight":0.17736},
{"Node_id":1680,"weight":0.19296},
{"Node_id":1681,"weight":0.27857},
{"Node_id":1682,"weight":0.23546},
{"Node_id":1683,"weight":0.3776},
{"Node_id":1684,"weight":0.40693998},
{"Node_id":1685,"weight":0.24670999},
{"Node_id":1686,"weight":0.21730001},
{"Node_id":1687,"weight":0.1752},
{"Node_id":1688,"weight":0.20038},
{"Node_id":1689,"weight":0.14371},
{"Node_id":1690,"weight":0.27081},
{"Node_id":1691,"weight":0.14835},
{"Node_id":1692,"weight":0.19962},
{"Node_id":1693,"weight":0.2727},
{"Node_id":1694,"weight":0.22516999},
{"Node_id":1695,"weight":0.23648},
{"Node_id":1696,"weight":0.3596},
{"Node_id":1697,"weight":0.26257},
{"Node_id":1698,"weight":0.24275},
{"Node_id":1699,"weight":0.19277},
{"Node_id":1700,"weight":0.23866001},
{"Node_id":1701,"weight":0.53992},
{"Node_id":1702,"weight":0.14624},
{"Node_id":1703,"weight":0.15484999},
{"Node_id":1704,"weight":0.18895},
{"Node_id":1705,"weight":0.24588001},
{"Node_id":1706,"weight":0.22799},
{"Node_id":1707,"weight":0.28652},
{"Node_id":1708,"weight":0.15062},
{"Node_id":1709,"weight":0.14881},
{"Node_id":1710,"weight":0.15842},
{"Node_id":1711,"weight":0.14921},
{"Node_id":1712,"weight":0.18078001},
{"Node_id":1713,"weight":0.1776},
{"Node_id":1714,"weight":0.3305},
{"Node_id":1715,"weight":0.25959},
{"Node_id":1716,"weight":0.16973999},
{"Node_id":1717,"weight":0.22196},
{"Node_id":1718,"weight":0.14848},
{"Node_id":1719,"weight":0.2881},
{"Node_id":1720,"weight":0.17401001},
{"Node_id":1721,"weight":0.23234001},
{"Node_id":1722,"weight":0.16208},
{"Node_id":1723,"weight":0.26563},
{"Node_id":1724,"weight":0.16486},
{"Node_id":1725,"weight":0.19332},
{"Node_id":1726,"weight":0.18523},
{"Node_id":1727,"weight":0.26401},
{"Node_id":1728,"weight":0.15272},
{"Node_id":1729,"weight":0.15368},
{"Node_id":1730,"weight":0.48077998},
{"Node_id":1731,"weight":0.19868},
{"Node_id":1733,"weight":0.19286999},
{"Node_id":1734,"weight":0.15049},
{"Node_id":1736,"weight":0.15977},
{"Node_id":1737,"weight":0.25489},
{"Node_id":1738,"weight":0.21928},
{"Node_id":1740,"weight":0.23775999},
{"Node_id":1741,"weight":0.22799},
{"Node_id":1742,"weight":0.24368998},
{"Node_id":1743,"weight":0.30881},
{"Node_id":1744,"weight":0.14565},
{"Node_id":1745,"weight":0.20816},
{"Node_id":1746,"weight":0.27784},
{"Node_id":1748,"weight":0.20907},
{"Node_id":1749,"weight":0.60725003},
{"Node_id":1750,"weight":0.28574},
{"Node_id":1751,"weight":0.14177999},
{"Node_id":1752,"weight":0.15992},
{"Node_id":1753,"weight":0.21719},
{"Node_id":1754,"weight":0.15035},
{"Node_id":1755,"weight":0.13882},
{"Node_id":1756,"weight":0.22576001},
{"Node_id":1757,"weight":0.33652002},
{"Node_id":1758,"weight":0.25254},
{"Node_id":1759,"weight":0.17105},
{"Node_id":1760,"weight":0.48457998},
{"Node_id":1761,"weight":0.22551998},
{"Node_id":1762,"weight":0.13988},
{"Node_id":1763,"weight":0.14172},
{"Node_id":1764,"weight":0.16523},
{"Node_id":1765,"weight":0.17963001},
{"Node_id":1766,"weight":0.41002002},
{"Node_id":1767,"weight":0.25066},
{"Node_id":1768,"weight":0.25385},
{"Node_id":1769,"weight":0.2877},
{"Node_id":1770,"weight":0.19522999},
{"Node_id":1771,"weight":0.25713998},
{"Node_id":1772,"weight":0.14565},
{"Node_id":1773,"weight":0.1744},
{"Node_id":1774,"weight":0.16732},
{"Node_id":1775,"weight":0.1798},
{"Node_id":1776,"weight":0.19305},
{"Node_id":1777,"weight":0.14229},
{"Node_id":1778,"weight":0.1543},
{"Node_id":1779,"weight":0.41711003},
{"Node_id":1780,"weight":0.26711},
{"Node_id":1781,"weight":0.22049999},
{"Node_id":1782,"weight":0.31347},
{"Node_id":1783,"weight":0.14815},
{"Node_id":1784,"weight":0.1752},
{"Node_id":1785,"weight":0.30251998},
{"Node_id":1786,"weight":0.16368},
{"Node_id":1787,"weight":0.31963998},
{"Node_id":1788,"weight":0.20565},
{"Node_id":1789,"weight":0.19296},
{"Node_id":1790,"weight":0.18135999},
{"Node_id":1791,"weight":0.22242},
{"Node_id":1792,"weight":0.23571},
{"Node_id":1793,"weight":0.38038},
{"Node_id":1794,"weight":0.20938},
{"Node_id":1795,"weight":0.20745},
{"Node_id":1796,"weight":0.25123},
{"Node_id":1797,"weight":0.15786001},
{"Node_id":1798,"weight":0.1726},
{"Node_id":1799,"weight":0.14663},
{"Node_id":1800,"weight":0.26563},
{"Node_id":1801,"weight":0.14147},
{"Node_id":1802,"weight":0.29011},
{"Node_id":1803,"weight":0.52347004},
{"Node_id":1804,"weight":0.34094998},
{"Node_id":1805,"weight":0.34225},
{"Node_id":1806,"weight":0.18557},
{"Node_id":1807,"weight":0.26498002},
{"Node_id":1808,"weight":0.21134},
{"Node_id":1809,"weight":0.2366},
{"Node_id":1810,"weight":0.19395},
{"Node_id":1811,"weight":0.31859},
{"Node_id":1812,"weight":0.22907},
{"Node_id":1813,"weight":0.18337},
{"Node_id":1814,"weight":0.15652},
{"Node_id":1815,"weight":0.2543},
{"Node_id":1816,"weight":0.58061},
{"Node_id":1817,"weight":0.36969},
{"Node_id":1818,"weight":0.21774001},
{"Node_id":1819,"weight":0.14795001},
{"Node_id":1820,"weight":0.13944},
{"Node_id":1821,"weight":0.23222001},
{"Node_id":1822,"weight":0.18012},
{"Node_id":1823,"weight":0.52933},
{"Node_id":1824,"weight":0.33078998},
{"Node_id":1825,"weight":0.44278002},
{"Node_id":1826,"weight":0.15652},
{"Node_id":1827,"weight":0.25944},
{"Node_id":1828,"weight":0.20855999},
{"Node_id":1829,"weight":0.15029},
{"Node_id":1830,"weight":0.28750998},
{"Node_id":1831,"weight":0.15361},
{"Node_id":1832,"weight":0.32342},
{"Node_id":1833,"weight":0.19432},
{"Node_id":1834,"weight":0.1639},
{"Node_id":1837,"weight":0.57105},
{"Node_id":1840,"weight":0.20019},
{"Node_id":1842,"weight":0.39124},
{"Node_id":1845,"weight":0.17841001},
{"Node_id":1849,"weight":0.25975},
{"Node_id":1852,"weight":0.21418},
{"Node_id":1854,"weight":0.19098},
{"Node_id":1857,"weight":0.14242001},
{"Node_id":1860,"weight":0.25913},
{"Node_id":1863,"weight":0.16822},
{"Node_id":1867,"weight":0.35004002},
{"Node_id":1870,"weight":0.14096001},
{"Node_id":1874,"weight":0.18834},
{"Node_id":1875,"weight":0.16657},
{"Node_id":1876,"weight":0.20918},
{"Node_id":1877,"weight":0.29257},
{"Node_id":1878,"weight":0.34323},
{"Node_id":1884,"weight":0.16258},
{"Node_id":1887,"weight":0.25913},
{"Node_id":1888,"weight":0.20154},
{"Node_id":1889,"weight":0.18755999},
{"Node_id":1890,"weight":0.15416},
{"Node_id":1917,"weight":0.15423},
{"Node_id":1924,"weight":0.25254},
{"Node_id":1925,"weight":0.18808},
{"Node_id":1932,"weight":0.28496},
{"Node_id":1933,"weight":0.18178001},
{"Node_id":1941,"weight":0.18153},
{"Node_id":1942,"weight":0.24302001},
{"Node_id":1944,"weight":0.22611001},
{"Node_id":1945,"weight":0.41982},
{"Node_id":1946,"weight":0.36392},
{"Node_id":1947,"weight":0.19727},
{"Node_id":1948,"weight":0.57413995},
{"Node_id":1949,"weight":0.30929},
{"Node_id":1950,"weight":0.23608999},
{"Node_id":1951,"weight":0.17113},
{"Node_id":1952,"weight":0.14268},
{"Node_id":1953,"weight":0.29896},
{"Node_id":1954,"weight":0.20938},
{"Node_id":1955,"weight":0.36718},
{"Node_id":1956,"weight":0.21124001},
{"Node_id":1957,"weight":0.25518999},
{"Node_id":1958,"weight":0.23445001},
{"Node_id":1959,"weight":0.15527001},
{"Node_id":1960,"weight":0.1752},
{"Node_id":1961,"weight":0.27658},
{"Node_id":1962,"weight":0.19241},
{"Node_id":1963,"weight":0.18506},
{"Node_id":1964,"weight":0.24951},
{"Node_id":1965,"weight":0.33168},
{"Node_id":1966,"weight":0.19368},
{"Node_id":1967,"weight":0.22599001},
{"Node_id":1968,"weight":0.18531999},
{"Node_id":1969,"weight":0.22379},
{"Node_id":1970,"weight":0.18379},
{"Node_id":1971,"weight":0.36718},
{"Node_id":1972,"weight":0.16317001},
{"Node_id":1973,"weight":0.37624},
{"Node_id":1974,"weight":0.15617},
{"Node_id":1975,"weight":0.18566},
{"Node_id":1976,"weight":0.18575},
{"Node_id":1977,"weight":0.16013},
{"Node_id":1979,"weight":0.32648},
{"Node_id":1981,"weight":0.25079998},
{"Node_id":1982,"weight":0.14198},
{"Node_id":1983,"weight":0.14474},
{"Node_id":1984,"weight":0.30229002},
{"Node_id":1985,"weight":0.29529},
{"Node_id":1986,"weight":0.20377},
{"Node_id":1987,"weight":0.15218},
{"Node_id":1990,"weight":0.20555},
{"Node_id":1992,"weight":0.18261},
{"Node_id":1993,"weight":0.2887},
{"Node_id":1995,"weight":0.17898001},
{"Node_id":1996,"weight":0.33999},
{"Node_id":1997,"weight":0.20545001},
{"Node_id":1999,"weight":0.20927998},
{"Node_id":2000,"weight":0.20105},
{"Node_id":2001,"weight":0.15582},
{"Node_id":2004,"weight":0.26466},
{"Node_id":2005,"weight":0.14134},
{"Node_id":2006,"weight":0.18186},
{"Node_id":2010,"weight":0.35922},
{"Node_id":2011,"weight":0.18371001},
{"Node_id":2012,"weight":0.25564},
{"Node_id":2015,"weight":0.14293},
{"Node_id":2017,"weight":0.22028},
{"Node_id":2018,"weight":0.32905},
{"Node_id":2019,"weight":0.37357},
{"Node_id":2022,"weight":0.16368},
{"Node_id":2023,"weight":0.19188},
{"Node_id":2025,"weight":0.50450003},
{"Node_id":2026,"weight":0.33168},
{"Node_id":2027,"weight":0.25356},
{"Node_id":2029,"weight":0.18983},
{"Node_id":2030,"weight":0.38817},
{"Node_id":2031,"weight":0.27839},
{"Node_id":2034,"weight":0.19395},
{"Node_id":2035,"weight":0.14915},
{"Node_id":2036,"weight":0.16936001},
{"Node_id":2038,"weight":0.20299001},
{"Node_id":2039,"weight":0.33745998},
{"Node_id":2040,"weight":0.33871},
{"Node_id":2044,"weight":0.18843},
{"Node_id":2045,"weight":0.14500001},
{"Node_id":2046,"weight":0.22847},
{"Node_id":2049,"weight":0.14442},
{"Node_id":2050,"weight":0.29381},
{"Node_id":2055,"weight":0.19662},
{"Node_id":2056,"weight":0.16324},
{"Node_id":2057,"weight":0.17456},
{"Node_id":2060,"weight":0.16717},
{"Node_id":2061,"weight":0.15927},
{"Node_id":2067,"weight":0.31963998},
{"Node_id":2068,"weight":0.15068999},
{"Node_id":2069,"weight":0.22219},
{"Node_id":2072,"weight":0.23027},
{"Node_id":2073,"weight":0.34063},
{"Node_id":2085,"weight":0.24895},
{"Node_id":2088,"weight":0.22118},
{"Node_id":2092,"weight":0.14500001},
{"Node_id":2093,"weight":0.22967},
{"Node_id":2097,"weight":0.1656},
{"Node_id":2100,"weight":0.21503},
{"Node_id":2103,"weight":0.14703},
{"Node_id":2106,"weight":0.31148},
{"Node_id":2110,"weight":0.15715},
{"Node_id":2113,"weight":0.15771},
{"Node_id":2115,"weight":0.21092999},
{"Node_id":2118,"weight":0.32847},
{"Node_id":2121,"weight":0.18211},
{"Node_id":2123,"weight":0.18992},
{"Node_id":2127,"weight":0.15863},
{"Node_id":2128,"weight":0.15259},
{"Node_id":2130,"weight":0.14789},
{"Node_id":2132,"weight":0.15541},
{"Node_id":2137,"weight":0.23905},
{"Node_id":2138,"weight":0.23124},
{"Node_id":2140,"weight":0.22859001},
{"Node_id":2142,"weight":0.41002002},
{"Node_id":2148,"weight":0.16739},
{"Node_id":2151,"weight":0.14591},
{"Node_id":2153,"weight":0.22344},
{"Node_id":2160,"weight":0.1854},
{"Node_id":2163,"weight":0.23027},
{"Node_id":2165,"weight":0.18617001},
{"Node_id":2170,"weight":0.25094},
{"Node_id":2173,"weight":0.28535},
{"Node_id":2176,"weight":0.15382001},
{"Node_id":2178,"weight":0.1812},
{"Node_id":2183,"weight":0.2401},
{"Node_id":2184,"weight":0.68113},
{"Node_id":2187,"weight":0.22265},
{"Node_id":2190,"weight":0.25474},
{"Node_id":2192,"weight":0.14948},
{"Node_id":2197,"weight":0.43857998},
{"Node_id":2198,"weight":0.43614},
{"Node_id":2199,"weight":0.31807},
{"Node_id":2202,"weight":0.17988},
{"Node_id":2205,"weight":0.18128},
{"Node_id":2207,"weight":0.29174},
{"Node_id":2218,"weight":0.23710999},
{"Node_id":2219,"weight":0.40221},
{"Node_id":2221,"weight":0.41127},
{"Node_id":2223,"weight":0.20615001},
{"Node_id":2228,"weight":0.39549},
{"Node_id":2234,"weight":0.48330003},
{"Node_id":2235,"weight":0.15484999},
{"Node_id":2236,"weight":0.23063},
{"Node_id":2237,"weight":0.18957},
{"Node_id":2238,"weight":0.18044999},
{"Node_id":2239,"weight":0.31422},
{"Node_id":2240,"weight":0.41914},
{"Node_id":2241,"weight":0.43534002},
{"Node_id":2242,"weight":0.16302},
{"Node_id":2243,"weight":0.18738},
{"Node_id":2244,"weight":0.15245},
{"Node_id":2245,"weight":0.50294},
{"Node_id":2246,"weight":0.15807},
{"Node_id":2247,"weight":0.38716},
{"Node_id":2248,"weight":0.22907},
{"Node_id":2249,"weight":0.26612002},
{"Node_id":2250,"weight":0.22061},
{"Node_id":2251,"weight":0.15218},
{"Node_id":2252,"weight":0.22016999},
{"Node_id":2253,"weight":0.53771},
{"Node_id":2254,"weight":0.23918},
{"Node_id":2255,"weight":0.15326999},
{"Node_id":2256,"weight":0.15527001},
{"Node_id":2257,"weight":0.22448},
{"Node_id":2258,"weight":0.21752},
{"Node_id":2261,"weight":0.31651002},
{"Node_id":2264,"weight":0.18103},
{"Node_id":2268,"weight":0.23458},
{"Node_id":2272,"weight":0.41778},
{"Node_id":2273,"weight":0.21155},
{"Node_id":2278,"weight":0.48457998},
{"Node_id":2279,"weight":0.27218002},
{"Node_id":2283,"weight":0.15828},
{"Node_id":2284,"weight":0.20685},
{"Node_id":2285,"weight":0.42051},
{"Node_id":2286,"weight":0.27218002},
{"Node_id":2288,"weight":0.22151001},
{"Node_id":2290,"weight":0.29742998},
{"Node_id":2291,"weight":0.24155},
{"Node_id":2292,"weight":0.53343},
{"Node_id":2293,"weight":0.15416},
{"Node_id":2294,"weight":0.26861},
{"Node_id":2298,"weight":0.8517},
{"Node_id":2299,"weight":0.30095},
{"Node_id":2300,"weight":0.20416},
{"Node_id":2301,"weight":0.19838999},
{"Node_id":2302,"weight":0.15561},
{"Node_id":2303,"weight":0.17971},
{"Node_id":2307,"weight":0.2474},
{"Node_id":2308,"weight":0.17662999},
{"Node_id":2309,"weight":0.30857},
{"Node_id":2310,"weight":0.14921},
{"Node_id":2311,"weight":0.17671},
{"Node_id":2312,"weight":0.44024},
{"Node_id":2313,"weight":0.19652},
{"Node_id":2317,"weight":0.17097},
{"Node_id":2318,"weight":0.16142},
{"Node_id":2319,"weight":0.21972},
{"Node_id":2320,"weight":0.26678},
{"Node_id":2321,"weight":0.14026001},
{"Node_id":2322,"weight":0.22764},
{"Node_id":2327,"weight":0.21197},
{"Node_id":2328,"weight":0.15347001},
{"Node_id":2329,"weight":0.3279},
{"Node_id":2330,"weight":0.18515},
{"Node_id":2331,"weight":0.15177},
{"Node_id":2332,"weight":0.2401},
{"Node_id":2333,"weight":0.32205},
{"Node_id":2334,"weight":0.41254002},
{"Node_id":2339,"weight":0.15197},
{"Node_id":2340,"weight":0.17825},
{"Node_id":2341,"weight":0.32818002},
{"Node_id":2342,"weight":0.23853},
{"Node_id":2343,"weight":0.17074},
{"Node_id":2344,"weight":0.14299999},
{"Node_id":2346,"weight":0.31912},
{"Node_id":2350,"weight":0.17841001},
{"Node_id":2351,"weight":0.14422},
{"Node_id":2352,"weight":0.28191},
{"Node_id":2353,"weight":0.31833},
{"Node_id":2354,"weight":0.33168},
{"Node_id":2355,"weight":0.25066},
{"Node_id":2356,"weight":0.24881001},
{"Node_id":2358,"weight":0.16244},
{"Node_id":2359,"weight":0.19532},
{"Node_id":2363,"weight":0.13894},
{"Node_id":2364,"weight":0.15444},
{"Node_id":2365,"weight":0.22230001},
{"Node_id":2366,"weight":0.23222001},
{"Node_id":2367,"weight":0.33197},
{"Node_id":2368,"weight":0.22739999},
{"Node_id":2369,"weight":0.24356},
{"Node_id":2371,"weight":0.1822},
{"Node_id":2372,"weight":0.18583},
{"Node_id":2373,"weight":0.24221},
{"Node_id":2377,"weight":0.32314},
{"Node_id":2378,"weight":0.17151001},
{"Node_id":2379,"weight":0.27063},
{"Node_id":2380,"weight":0.39282},
{"Node_id":2381,"weight":0.19934},
{"Node_id":2382,"weight":0.14377001},
{"Node_id":2383,"weight":0.20836},
{"Node_id":2385,"weight":0.17089},
{"Node_id":2386,"weight":0.17276},
{"Node_id":2387,"weight":0.55429},
{"Node_id":2388,"weight":0.14371},
{"Node_id":2392,"weight":0.52159},
{"Node_id":2393,"weight":0.49989},
{"Node_id":2394,"weight":0.46052998},
{"Node_id":2395,"weight":0.1712},
{"Node_id":2396,"weight":0.15389},
{"Node_id":2397,"weight":0.54217},
{"Node_id":2398,"weight":0.17906},
{"Node_id":2400,"weight":0.17198},
{"Node_id":2401,"weight":0.15326999},
{"Node_id":2402,"weight":0.32619},
{"Node_id":2404,"weight":0.52347004},
{"Node_id":2405,"weight":0.19606},
{"Node_id":2406,"weight":0.17719},
{"Node_id":2407,"weight":0.14474},
{"Node_id":2408,"weight":0.24768},
{"Node_id":2418,"weight":0.18395999},
{"Node_id":2419,"weight":0.17417},
{"Node_id":2420,"weight":0.29808},
{"Node_id":2421,"weight":0.43534002},
{"Node_id":2422,"weight":0.22528999},
{"Node_id":2423,"weight":0.14128},
{"Node_id":2424,"weight":0.15992},
{"Node_id":2425,"weight":0.16762},
{"Node_id":2426,"weight":0.20211999},
{"Node_id":2427,"weight":0.30389},
{"Node_id":2428,"weight":0.33376998},
{"Node_id":2429,"weight":0.21577999},
{"Node_id":2430,"weight":0.25684},
{"Node_id":2431,"weight":0.31222},
{"Node_id":2432,"weight":0.40939003},
{"Node_id":2433,"weight":0.25913},
{"Node_id":2435,"weight":0.19792},
{"Node_id":2436,"weight":0.20948},
{"Node_id":2438,"weight":0.29113},
{"Node_id":2439,"weight":0.19699},
{"Node_id":2440,"weight":0.19953},
{"Node_id":2442,"weight":0.37401},
{"Node_id":2443,"weight":0.17639},
{"Node_id":2444,"weight":0.15265},
{"Node_id":2445,"weight":0.36038},
{"Node_id":2447,"weight":0.15963},
{"Node_id":2448,"weight":0.23111999},
{"Node_id":2449,"weight":0.31522998},
{"Node_id":2450,"weight":0.26433998},
{"Node_id":2451,"weight":0.23710999},
{"Node_id":2453,"weight":0.26194},
{"Node_id":2454,"weight":0.13995},
{"Node_id":2455,"weight":0.17401001},
{"Node_id":2456,"weight":0.29765},
{"Node_id":2457,"weight":0.20685},
{"Node_id":2458,"weight":0.14644},
{"Node_id":2460,"weight":0.16208},
{"Node_id":2461,"weight":0.139},
{"Node_id":2462,"weight":0.19597},
{"Node_id":2463,"weight":0.25836},
{"Node_id":2464,"weight":0.14019999},
{"Node_id":2465,"weight":0.21082},
{"Node_id":2466,"weight":0.55956995},
{"Node_id":2467,"weight":0.18515},
{"Node_id":2468,"weight":0.14928},
{"Node_id":2469,"weight":0.21343999},
{"Node_id":2470,"weight":0.24181001},
{"Node_id":2471,"weight":0.21884},
{"Node_id":2472,"weight":0.21},
{"Node_id":2474,"weight":0.26336998},
{"Node_id":2475,"weight":0.17447999},
{"Node_id":2476,"weight":0.16331},
{"Node_id":2477,"weight":0.20397},
{"Node_id":2478,"weight":0.17464},
{"Node_id":2479,"weight":0.19802001},
{"Node_id":2480,"weight":0.20269999},
{"Node_id":2481,"weight":0.15828},
{"Node_id":2482,"weight":0.14281},
{"Node_id":2483,"weight":0.21557},
{"Node_id":2484,"weight":0.17881},
{"Node_id":2490,"weight":0.16575},
{"Node_id":2493,"weight":0.32342},
{"Node_id":2494,"weight":0.2645},
{"Node_id":2495,"weight":0.1575},
{"Node_id":2496,"weight":0.21884},
{"Node_id":2497,"weight":0.33317},
{"Node_id":2498,"weight":0.15089001},
{"Node_id":2499,"weight":0.32044},
{"Node_id":2500,"weight":0.17005},
{"Node_id":2501,"weight":0.19505},
{"Node_id":2502,"weight":0.2658},
{"Node_id":2503,"weight":0.17703},
{"Node_id":2504,"weight":0.29257},
{"Node_id":2505,"weight":0.15368},
{"Node_id":2506,"weight":0.27445},
{"Node_id":2507,"weight":0.19962},
{"Node_id":2508,"weight":0.34094998},
{"Node_id":2509,"weight":0.14578},
{"Node_id":2510,"weight":0.23099999},
{"Node_id":2511,"weight":0.24951},
{"Node_id":2513,"weight":0.20231},
{"Node_id":2514,"weight":0.23445001},
{"Node_id":2515,"weight":0.49989},
{"Node_id":2517,"weight":0.55956995},
{"Node_id":2518,"weight":0.17503999},
{"Node_id":2519,"weight":0.15513},
{"Node_id":2520,"weight":0.15764001},
{"Node_id":2521,"weight":0.24049},
{"Node_id":2522,"weight":0.44896},
{"Node_id":2523,"weight":0.38567},
{"Node_id":2524,"weight":0.15708},
{"Node_id":2525,"weight":0.15582},
{"Node_id":2526,"weight":0.38616},
{"Node_id":2527,"weight":0.1513},
{"Node_id":2528,"weight":0.54447997},
{"Node_id":2529,"weight":0.27322},
{"Node_id":2532,"weight":0.16868},
{"Node_id":2534,"weight":0.29423},
{"Node_id":2535,"weight":0.17784},
{"Node_id":2536,"weight":0.20585},
{"Node_id":2538,"weight":0.19634},
{"Node_id":2539,"weight":0.1702},
{"Node_id":2540,"weight":0.19588},
{"Node_id":2541,"weight":0.42119998},
{"Node_id":2542,"weight":0.35325998},
{"Node_id":2543,"weight":0.32479998},
{"Node_id":2544,"weight":0.14526},
{"Node_id":2545,"weight":0.14565},
{"Node_id":2546,"weight":0.21092999},
{"Node_id":2547,"weight":0.49840003},
{"Node_id":2548,"weight":0.31075},
{"Node_id":2549,"weight":0.19071999},
{"Node_id":2550,"weight":0.61637},
{"Node_id":2551,"weight":0.20241001},
{"Node_id":2552,"weight":0.19143},
{"Node_id":2553,"weight":0.23271},
{"Node_id":2554,"weight":0.29678},
{"Node_id":2555,"weight":0.22692999},
{"Node_id":2556,"weight":0.36352},
{"Node_id":2557,"weight":0.35253},
{"Node_id":2558,"weight":0.14901},
{"Node_id":2559,"weight":0.31549},
{"Node_id":2560,"weight":0.34623998},
{"Node_id":2561,"weight":0.21493001},
{"Node_id":2562,"weight":0.3305},
{"Node_id":2563,"weight":0.29917},
{"Node_id":2564,"weight":0.15779},
{"Node_id":2565,"weight":0.21503},
{"Node_id":2566,"weight":0.1465},
{"Node_id":2567,"weight":0.19811},
{"Node_id":2568,"weight":0.14526},
{"Node_id":2569,"weight":0.15771},
{"Node_id":2570,"weight":0.18062},
{"Node_id":2571,"weight":0.20125},
{"Node_id":2572,"weight":0.57413995},
{"Node_id":2573,"weight":0.41318002},
{"Node_id":2574,"weight":0.25371},
{"Node_id":2575,"weight":0.21322998},
{"Node_id":2576,"weight":0.14223},
{"Node_id":2577,"weight":0.43857998},
{"Node_id":2578,"weight":0.44364},
{"Node_id":2579,"weight":0.14063999},
{"Node_id":2580,"weight":0.14533},
{"Node_id":2581,"weight":0.1513},
{"Node_id":2582,"weight":0.17036},
{"Node_id":2583,"weight":0.21217999},
{"Node_id":2584,"weight":0.44450998},
{"Node_id":2585,"weight":0.16538},
{"Node_id":2586,"weight":0.22185},
{"Node_id":2587,"weight":0.17535},
{"Node_id":2588,"weight":0.2102},
{"Node_id":2589,"weight":0.1397},
{"Node_id":2590,"weight":0.18851},
{"Node_id":2591,"weight":0.18379},
{"Node_id":2592,"weight":0.56515},
{"Node_id":2593,"weight":0.18992},
{"Node_id":2594,"weight":0.17939},
{"Node_id":2595,"weight":0.20125},
{"Node_id":2596,"weight":0.25594002},
{"Node_id":2597,"weight":0.17244},
{"Node_id":2598,"weight":0.36969},
{"Node_id":2599,"weight":0.31703},
{"Node_id":2600,"weight":0.15184},
{"Node_id":2601,"weight":0.13869},
{"Node_id":2602,"weight":0.21829},
{"Node_id":2603,"weight":0.28477},
{"Node_id":2604,"weight":0.16694},
{"Node_id":2605,"weight":0.3577},
{"Node_id":2606,"weight":0.2889},
{"Node_id":2607,"weight":0.2885},
{"Node_id":2608,"weight":0.15259},
{"Node_id":2609,"weight":0.38567},
{"Node_id":2610,"weight":0.33078998},
{"Node_id":2611,"weight":0.18354},
{"Node_id":2612,"weight":0.17736},
{"Node_id":2613,"weight":0.3714},
{"Node_id":2614,"weight":0.18371001},
{"Node_id":2615,"weight":0.29808},
{"Node_id":2616,"weight":0.29614002},
{"Node_id":2617,"weight":0.34934002},
{"Node_id":2618,"weight":0.13882},
{"Node_id":2619,"weight":0.17623},
{"Node_id":2620,"weight":0.23710999},
{"Node_id":2621,"weight":0.14313},
{"Node_id":2622,"weight":0.15527001},
{"Node_id":2623,"weight":0.22599001},
{"Node_id":2624,"weight":0.20029},
{"Node_id":2625,"weight":0.26596},
{"Node_id":2626,"weight":0.19359},
{"Node_id":2627,"weight":0.29381},
{"Node_id":2628,"weight":0.29174},
{"Node_id":2629,"weight":0.16171},
{"Node_id":2630,"weight":0.18103},
{"Node_id":2631,"weight":0.15334001},
{"Node_id":2632,"weight":0.2887},
{"Node_id":2633,"weight":0.18186},
{"Node_id":2634,"weight":0.19542},
{"Node_id":2645,"weight":0.16785},
{"Node_id":2646,"weight":0.30006},
{"Node_id":2647,"weight":0.21785},
{"Node_id":2648,"weight":0.30786},
{"Node_id":2649,"weight":0.38275},
{"Node_id":2650,"weight":0.17881},
{"Node_id":2651,"weight":0.3055},
{"Node_id":2652,"weight":0.19662},
{"Node_id":2653,"weight":0.24670999},
{"Node_id":2654,"weight":0.32905},
{"Node_id":2655,"weight":0.1901},
{"Node_id":2656,"weight":0.19802001},
{"Node_id":2657,"weight":0.19802001},
{"Node_id":2658,"weight":0.78235996},
{"Node_id":2659,"weight":0.52734},
{"Node_id":2660,"weight":0.18021},
{"Node_id":2661,"weight":0.16913},
{"Node_id":2662,"weight":0.2645},
{"Node_id":2663,"weight":0.40163},
{"Node_id":2664,"weight":0.14915},
{"Node_id":2665,"weight":0.15347001},
{"Node_id":2666,"weight":0.26531},
{"Node_id":2667,"weight":0.22611001},
{"Node_id":2673,"weight":0.29508},
{"Node_id":2676,"weight":0.19624999},
{"Node_id":2677,"weight":0.34456},
{"Node_id":2680,"weight":0.14120999},
{"Node_id":2681,"weight":0.27569002},
{"Node_id":2682,"weight":0.51100004},
{"Node_id":2685,"weight":0.23309},
{"Node_id":2686,"weight":0.14468},
{"Node_id":2687,"weight":0.48588},
{"Node_id":2688,"weight":0.21217999},
{"Node_id":2691,"weight":0.25327},
{"Node_id":2692,"weight":0.15286},
{"Node_id":2695,"weight":0.15835},
{"Node_id":2698,"weight":0.20574999},
{"Node_id":2699,"weight":0.19662},
{"Node_id":2700,"weight":0.14249},
{"Node_id":2701,"weight":0.19071999},
{"Node_id":2702,"weight":0.18635},
{"Node_id":2703,"weight":0.27183002},
{"Node_id":2706,"weight":0.21665001},
{"Node_id":2707,"weight":0.23944},
{"Node_id":2708,"weight":0.18447},
{"Node_id":2709,"weight":0.61170995},
{"Node_id":2710,"weight":0.25564},
{"Node_id":2711,"weight":0.17662999},
{"Node_id":2712,"weight":0.19962},
{"Node_id":2715,"weight":0.16317001},
{"Node_id":2716,"weight":0.20989001},
{"Node_id":2719,"weight":0.20125},
{"Node_id":2720,"weight":0.36352},
{"Node_id":2721,"weight":0.52539},
{"Node_id":2722,"weight":0.28613},
{"Node_id":2725,"weight":0.26894},
{"Node_id":2726,"weight":0.16215},
{"Node_id":2727,"weight":0.21796},
{"Node_id":2728,"weight":0.26962},
{"Node_id":2729,"weight":0.22611001},
{"Node_id":2730,"weight":0.15368},
{"Node_id":2731,"weight":0.15211001},
{"Node_id":2732,"weight":0.1789},
{"Node_id":2733,"weight":0.22185},
{"Node_id":2736,"weight":0.16157},
{"Node_id":2737,"weight":0.40455},
{"Node_id":2740,"weight":0.35075},
{"Node_id":2741,"weight":0.15225},
{"Node_id":2742,"weight":0.19953},
{"Node_id":2743,"weight":0.2214},
{"Node_id":2744,"weight":0.21312001},
{"Node_id":2745,"weight":0.21568},
{"Node_id":2746,"weight":0.43453997},
{"Node_id":2747,"weight":0.28248},
{"Node_id":2750,"weight":0.24994},
{"Node_id":2751,"weight":0.17480001},
{"Node_id":2752,"weight":0.14855},
{"Node_id":2753,"weight":0.2764},
{"Node_id":2754,"weight":0.18721},
{"Node_id":2755,"weight":0.24491999},
{"Node_id":2756,"weight":0.18904},
{"Node_id":2757,"weight":0.19782999},
{"Node_id":2758,"weight":0.16508},
{"Node_id":2759,"weight":0.21302},
{"Node_id":2760,"weight":0.24356},
{"Node_id":2761,"weight":0.20897},
{"Node_id":2762,"weight":0.31322},
{"Node_id":2763,"weight":0.1956},
{"Node_id":2764,"weight":0.45362002},
{"Node_id":2765,"weight":0.28574},
{"Node_id":2766,"weight":0.1925},
{"Node_id":2767,"weight":0.32314},
{"Node_id":2768,"weight":0.46052998},
{"Node_id":2769,"weight":0.27839},
{"Node_id":2770,"weight":0.15177},
{"Node_id":2771,"weight":0.14140001},
{"Node_id":2772,"weight":0.17496},
{"Node_id":2773,"weight":0.20318},
{"Node_id":2774,"weight":0.32424},
{"Node_id":2775,"weight":0.18755999},
{"Node_id":2781,"weight":0.24328999},
{"Node_id":2785,"weight":0.17719},
{"Node_id":2803,"weight":0.24656999},
{"Node_id":2810,"weight":0.17671},
{"Node_id":2818,"weight":0.15068999},
{"Node_id":2827,"weight":0.18455},
{"Node_id":2830,"weight":0.14442},
{"Node_id":2833,"weight":0.25518999},
{"Node_id":2837,"weight":0.8517},
{"Node_id":2840,"weight":0.16508},
{"Node_id":2843,"weight":0.25371},
{"Node_id":2844,"weight":0.14140001},
{"Node_id":2845,"weight":0.24643},
{"Node_id":2846,"weight":0.18278},
{"Node_id":2847,"weight":0.25867},
{"Node_id":2848,"weight":0.32992},
{"Node_id":2849,"weight":0.25137},
{"Node_id":2850,"weight":0.15700999},
{"Node_id":2851,"weight":0.44191998},
{"Node_id":2852,"weight":0.14287},
{"Node_id":2853,"weight":0.25836},
{"Node_id":2854,"weight":0.14422},
{"Node_id":2855,"weight":0.24712},
{"Node_id":2856,"weight":0.36154002},
{"Node_id":2857,"weight":0.14749},
{"Node_id":2858,"weight":0.21545999},
{"Node_id":2859,"weight":0.2727},
{"Node_id":2860,"weight":0.28750998},
{"Node_id":2861,"weight":0.39604002},
{"Node_id":2862,"weight":0.22704999},
{"Node_id":2863,"weight":0.36352},
{"Node_id":2864,"weight":0.17662999},
{"Node_id":2865,"weight":0.17082},
{"Node_id":2866,"weight":0.18515},
{"Node_id":2867,"weight":0.34865},
{"Node_id":2868,"weight":0.16027},
{"Node_id":2869,"weight":0.34865},
{"Node_id":2870,"weight":0.19026999},
{"Node_id":2871,"weight":0.30620998},
{"Node_id":2872,"weight":0.16092},
{"Node_id":2873,"weight":0.20897},
{"Node_id":2874,"weight":0.18128},
{"Node_id":2875,"weight":0.14461},
{"Node_id":2876,"weight":0.20446},
{"Node_id":2877,"weight":0.25821},
{"Node_id":2878,"weight":0.34761},
{"Node_id":2879,"weight":0.15062},
{"Node_id":2880,"weight":0.20989001},
{"Node_id":2881,"weight":0.23787999},
{"Node_id":2882,"weight":0.15484999},
{"Node_id":2883,"weight":0.44108},
{"Node_id":2884,"weight":0.16950999},
{"Node_id":2885,"weight":0.18270001},
{"Node_id":2886,"weight":0.14384},
{"Node_id":2887,"weight":0.27551},
{"Node_id":2888,"weight":0.17409},
{"Node_id":2889,"weight":0.21333},
{"Node_id":2890,"weight":0.19634},
{"Node_id":2891,"weight":0.27604002},
{"Node_id":2892,"weight":0.15779},
{"Node_id":2893,"weight":0.41382998},
{"Node_id":2894,"weight":0.14565},
{"Node_id":2895,"weight":0.36233002},
{"Node_id":2896,"weight":0.17599},
{"Node_id":2897,"weight":0.25806},
{"Node_id":2898,"weight":0.14096001},
{"Node_id":2899,"weight":0.39072},
{"Node_id":2900,"weight":0.18211},
{"Node_id":2901,"weight":0.25312},
{"Node_id":2902,"weight":0.29657},
{"Node_id":2903,"weight":0.26514},
{"Node_id":2904,"weight":0.14229},
{"Node_id":2905,"weight":0.27132002},
{"Node_id":2906,"weight":0.18404},
{"Node_id":2907,"weight":0.19332},
{"Node_id":2908,"weight":0.41189998},
{"Node_id":2909,"weight":0.24937001},
{"Node_id":2910,"weight":0.39992002},
{"Node_id":2911,"weight":0.19268},
{"Node_id":2912,"weight":0.14351},
{"Node_id":2913,"weight":0.15361},
{"Node_id":2914,"weight":0.16501},
{"Node_id":2915,"weight":0.19001},
{"Node_id":2916,"weight":0.37401},
{"Node_id":2917,"weight":0.14293},
{"Node_id":2918,"weight":0.21961},
{"Node_id":2919,"weight":0.27876002},
{"Node_id":2922,"weight":0.13995},
{"Node_id":2926,"weight":0.25283},
{"Node_id":2931,"weight":0.18161},
{"Node_id":2932,"weight":0.1662},
{"Node_id":2937,"weight":0.01294},
{"Node_id":2939,"weight":0.32676},
{"Node_id":2940,"weight":0.0036},
{"Node_id":2941,"weight":0.28691},
{"Node_id":2946,"weight":0.27046},
{"Node_id":2949,"weight":0.162},
{"Node_id":2951,"weight":0.06955},
{"Node_id":2952,"weight":0.25166},
{"Node_id":2953,"weight":0.54447997},
{"Node_id":2955,"weight":0.06239},
{"Node_id":2959,"weight":0.19569},
{"Node_id":2961,"weight":0.08274},
{"Node_id":2964,"weight":0.12855999},
{"Node_id":2965,"weight":0.20755},
{"Node_id":2967,"weight":0.04084},
{"Node_id":2968,"weight":0.23185},
{"Node_id":2977,"weight":0.124479994},
{"Node_id":2978,"weight":0.00853},
{"Node_id":2979,"weight":0.07598},
{"Node_id":2982,"weight":0.18270001},
{"Node_id":2989,"weight":0.40878},
{"Node_id":2992,"weight":0.21741},
{"Node_id":2993,"weight":0.06803},
{"Node_id":2996,"weight":0.37011},
{"Node_id":3002,"weight":0.48588},
{"Node_id":3003,"weight":0.27857},
{"Node_id":3004,"weight":0.25459},
{"Node_id":3006,"weight":0.17089},
{"Node_id":3008,"weight":0.02302},
{"Node_id":3009,"weight":0.34289998},
{"Node_id":3011,"weight":0.034369998},
{"Node_id":3012,"weight":0.022939999},
{"Node_id":3016,"weight":0.63182},
{"Node_id":3017,"weight":0.03602},
{"Node_id":3019,"weight":0.16128},
{"Node_id":3022,"weight":0.17535},
{"Node_id":3023,"weight":0.06678},
{"Node_id":3024,"weight":0.10465},
{"Node_id":3045,"weight":0.11859},
{"Node_id":3046,"weight":0.16973999},
{"Node_id":3048,"weight":0.031740002},
{"Node_id":3051,"weight":0.09203},
{"Node_id":3052,"weight":0.09346},
{"Node_id":3053,"weight":0.25195},
{"Node_id":3054,"weight":0.109969996},
{"Node_id":3055,"weight":0.108},
{"Node_id":3056,"weight":0.032929998},
{"Node_id":3057,"weight":0.020550001},
{"Node_id":3061,"weight":0.03756},
{"Node_id":3062,"weight":0.1969},
{"Node_id":3063,"weight":0.05849},
{"Node_id":3064,"weight":0.0216},
{"Node_id":3065,"weight":0.00532},
{"Node_id":3067,"weight":0.024079999},
{"Node_id":3069,"weight":0.09982},
{"Node_id":3075,"weight":0.09714},
{"Node_id":3076,"weight":0.09115},
{"Node_id":3078,"weight":0.02745},
{"Node_id":3080,"weight":0.01141},
{"Node_id":3081,"weight":0.01491},
{"Node_id":3082,"weight":0.04879},
{"Node_id":3085,"weight":0.01322},
{"Node_id":3188,"weight":0.18379},
{"Node_id":3189,"weight":0.123959996},
{"Node_id":3211,"weight":0.04507},
{"Node_id":3894,"weight":0.18904},
{"Node_id":3898,"weight":0.09494},
{"Node_id":3899,"weight":0.139},
{"Node_id":3900,"weight":0.29896},
{"Node_id":3902,"weight":0.43694},
{"Node_id":3903,"weight":0.18878},
{"Node_id":3904,"weight":0.1033},
{"Node_id":3905,"weight":0.21333},
{"Node_id":3906,"weight":0.06682},
{"Node_id":3911,"weight":0.05702},
{"Node_id":3912,"weight":0.07773},
{"Node_id":3920,"weight":0.12201999},
{"Node_id":3921,"weight":0.24356},
{"Node_id":3925,"weight":0.12727},
{"Node_id":3927,"weight":0.082169995},
{"Node_id":3928,"weight":0.113900006},
{"Node_id":3930,"weight":0.02152},
{"Node_id":3932,"weight":0.12790999},
{"Node_id":3933,"weight":0.01197},
{"Node_id":3934,"weight":0.01987},
{"Node_id":3937,"weight":0.54927003},
{"Node_id":3938,"weight":0.27586},
{"Node_id":3939,"weight":0.01463},
{"Node_id":3941,"weight":0.1201},
{"Node_id":3943,"weight":0.11521},
{"Node_id":3945,"weight":0.26547},
{"Node_id":3952,"weight":0.24328999},
{"Node_id":3953,"weight":0.36677},
{"Node_id":3955,"weight":0.091979995},
{"Node_id":3956,"weight":0.06843},
{"Node_id":3958,"weight":0.09012},
{"Node_id":3959,"weight":0.20357999},
{"Node_id":3961,"weight":0.122080006},
{"Node_id":3962,"weight":0.1901},
{"Node_id":3966,"weight":0.077130005},
{"Node_id":3967,"weight":0.03789},
{"Node_id":3970,"weight":0.25836},
{"Node_id":3971,"weight":0.01129},
{"Node_id":3972,"weight":0.15561},
{"Node_id":3974,"weight":0.07662},
{"Node_id":4015,"weight":0.109060004},
{"Node_id":4016,"weight":0.04583},
{"Node_id":4019,"weight":0.12134},
{"Node_id":4020,"weight":0.098900005},
{"Node_id":4021,"weight":0.11703},
{"Node_id":4022,"weight":0.02189},
{"Node_id":4024,"weight":0.13004},
{"Node_id":4025,"weight":0.55956995},
{"Node_id":4027,"weight":0.17503999},
{"Node_id":4028,"weight":0.16501},
{"Node_id":4031,"weight":0.05147},
{"Node_id":4033,"weight":0.079500005},
{"Node_id":4034,"weight":0.09479},
{"Node_id":4038,"weight":0.15265},
{"Node_id":4041,"weight":0.15008},
{"Node_id":17083,"weight":0.19214},
{"Node_id":17085,"weight":0.15992},
{"Node_id":17087,"weight":0.2184},
{"Node_id":17089,"weight":0.22799},
{"Node_id":17090,"weight":0.20504999},
{"Node_id":17091,"weight":0.19802001},
{"Node_id":17092,"weight":0.25051},
{"Node_id":17096,"weight":0.24994},
{"Node_id":17099,"weight":0.16493},
{"Node_id":17101,"weight":0.20367},
{"Node_id":17102,"weight":0.14319},
{"Node_id":17103,"weight":0.38918},
{"Node_id":17105,"weight":0.18825},
{"Node_id":17109,"weight":0.23210001},
{"Node_id":17111,"weight":0.41254002},
{"Node_id":17112,"weight":0.21396999},
{"Node_id":17113,"weight":0.24195},
{"Node_id":17114,"weight":0.14063999},
{"Node_id":17115,"weight":0.18202999},
{"Node_id":17117,"weight":0.2184},
{"Node_id":17118,"weight":0.17036},
{"Node_id":17123,"weight":0.27912},
{"Node_id":17127,"weight":0.37945002},
{"Node_id":17129,"weight":0.15736},
{"Node_id":17130,"weight":0.19597},
{"Node_id":17132,"weight":0.14474},
{"Node_id":17134,"weight":0.20241001},
{"Node_id":17138,"weight":0.14371},
{"Node_id":17139,"weight":0.24866},
{"Node_id":17142,"weight":0.32124},
{"Node_id":17143,"weight":0.25123},
{"Node_id":17146,"weight":0.1744},
{"Node_id":17150,"weight":0.18643},
{"Node_id":17152,"weight":0.17036},
{"Node_id":17153,"weight":0.25852},
{"Node_id":17154,"weight":0.19001},
{"Node_id":17156,"weight":0.39712998},
{"Node_id":17158,"weight":0.20211999},
{"Node_id":17159,"weight":0.13976},
{"Node_id":17161,"weight":0.15492001},
{"Node_id":17162,"weight":0.20456},
{"Node_id":17164,"weight":0.20594999},
{"Node_id":17166,"weight":0.18421},
{"Node_id":17167,"weight":0.18421},
{"Node_id":17169,"weight":0.34289998},
{"Node_id":17172,"weight":0.16353},
{"Node_id":17173,"weight":0.14539},
{"Node_id":17174,"weight":0.42189997},
{"Node_id":17192,"weight":0.15638},
{"Node_id":17196,"weight":0.24102001},
{"Node_id":17197,"weight":0.28574},
{"Node_id":17199,"weight":0.16034},
{"Node_id":17202,"weight":0.18421},
{"Node_id":17203,"weight":0.19532},
{"Node_id":17204,"weight":0.21928},
{"Node_id":17205,"weight":0.16493},
{"Node_id":17206,"weight":0.19395},
{"Node_id":17207,"weight":0.23982999},
{"Node_id":17208,"weight":0.22634001},
{"Node_id":17212,"weight":0.23271},
{"Node_id":17213,"weight":0.31026},
{"Node_id":17214,"weight":0.15764001},
{"Node_id":17215,"weight":0.17097},
{"Node_id":17216,"weight":0.27115},
{"Node_id":17218,"weight":0.42766},
{"Node_id":17220,"weight":0.32397002},
{"Node_id":17226,"weight":0.15665999},
{"Node_id":17227,"weight":0.26612002},
{"Node_id":17229,"weight":0.1866},
{"Node_id":17231,"weight":0.21217999},
{"Node_id":17232,"weight":0.15123},
{"Node_id":17233,"weight":0.3596},
{"Node_id":17236,"weight":0.2887},
{"Node_id":17340,"weight":0.33227},
{"Node_id":17341,"weight":0.32733},
{"Node_id":17864,"weight":0.20887001},
{"Node_id":18047,"weight":0.22196},
{"Node_id":18050,"weight":0.29635},
{"Node_id":18051,"weight":0.39549},
{"Node_id":18052,"weight":0.14474},
{"Node_id":18054,"weight":0.23996},
{"Node_id":18055,"weight":0.17433},
{"Node_id":18056,"weight":0.21807},
{"Node_id":18057,"weight":0.23866001},
{"Node_id":18058,"weight":0.13918999},
{"Node_id":18063,"weight":0.18481},
{"Node_id":18064,"weight":0.20938},
{"Node_id":18070,"weight":0.25504},
{"Node_id":18072,"weight":0.18523},
{"Node_id":18073,"weight":0.23648},
{"Node_id":18077,"weight":0.14480999},
{"Node_id":18079,"weight":0.52933},
{"Node_id":18080,"weight":0.14313},
{"Node_id":18082,"weight":0.19305},
{"Node_id":18084,"weight":0.25195},
{"Node_id":18085,"weight":0.13882},
{"Node_id":18086,"weight":0.32151002},
{"Node_id":18087,"weight":0.23271},
{"Node_id":18089,"weight":0.46469003},
{"Node_id":18090,"weight":0.22943},
{"Node_id":18091,"weight":0.34523},
{"Node_id":18095,"weight":0.16142},
{"Node_id":18097,"weight":0.30006},
{"Node_id":18104,"weight":0.17647001},
{"Node_id":18105,"weight":0.34225},
{"Node_id":18107,"weight":0.26482},
{"Node_id":18108,"weight":0.16433999},
{"Node_id":18110,"weight":0.15204},
{"Node_id":18111,"weight":0.18704},
{"Node_id":18113,"weight":0.1452},
{"Node_id":18114,"weight":0.36677},
{"Node_id":18116,"weight":0.16405},
{"Node_id":18118,"weight":0.16627},
{"Node_id":18119,"weight":0.31173},
{"Node_id":18122,"weight":0.16612001},
{"Node_id":18123,"weight":0.19496},
{"Node_id":18124,"weight":0.17151001},
{"Node_id":18126,"weight":0.17447999},
{"Node_id":18167,"weight":0.14822},
{"Node_id":18168,"weight":0.37852},
{"Node_id":18171,"weight":0.22242},
{"Node_id":18172,"weight":0.19972},
{"Node_id":18173,"weight":0.59496003},
{"Node_id":18174,"weight":0.21961},
{"Node_id":18176,"weight":0.41711003},
{"Node_id":18177,"weight":0.24142},
{"Node_id":18179,"weight":0.46258998},
{"Node_id":18180,"weight":0.45555001},
{"Node_id":18183,"weight":0.18921},
{"Node_id":18185,"weight":0.14261},
{"Node_id":18186,"weight":0.17551},
{"Node_id":18190,"weight":0.15450999},
{"Node_id":18193,"weight":0.2579},
{"Node_id":18196,"weight":0.15361},
{"Node_id":18197,"weight":0.18371001},
{"Node_id":18198,"weight":0.34591},
{"Node_id":18199,"weight":0.25654},
{"Node_id":18202,"weight":0.78235996},
{"Node_id":18204,"weight":0.22185},
{"Node_id":18205,"weight":0.21503},
{"Node_id":18207,"weight":0.33999},
{"Node_id":18208,"weight":0.23136},
{"Node_id":18209,"weight":0.15849},
{"Node_id":18210,"weight":0.21206999},
{"Node_id":18211,"weight":0.15218},
{"Node_id":18212,"weight":0.24075},
{"Node_id":18214,"weight":0.29487},
{"Node_id":18215,"weight":0.15225},
{"Node_id":18216,"weight":0.22493999},
{"Node_id":18217,"weight":0.25669},
{"Node_id":18218,"weight":0.32452},
{"Node_id":18219,"weight":0.28439},
{"Node_id":18220,"weight":0.23371},
{"Node_id":18221,"weight":0.13913},
{"Node_id":18222,"weight":0.43066},
{"Node_id":18223,"weight":0.27712},
{"Node_id":18224,"weight":0.5077},
{"Node_id":18225,"weight":0.19386},
{"Node_id":18226,"weight":0.33903},
{"Node_id":18227,"weight":0.17736},
{"Node_id":18228,"weight":0.27115},
{"Node_id":18229,"weight":0.17151001},
{"Node_id":18230,"weight":0.15764001},
{"Node_id":18231,"weight":0.22425},
{"Node_id":18232,"weight":0.20144},
{"Node_id":18233,"weight":0.14954999},
{"Node_id":18234,"weight":0.14364001},
{"Node_id":18235,"weight":0.17639},
{"Node_id":18236,"weight":0.48720002},
{"Node_id":18238,"weight":0.14338},
{"Node_id":18240,"weight":0.22967},
{"Node_id":18241,"weight":0.14855},
{"Node_id":18242,"weight":0.30297},
{"Node_id":18243,"weight":0.1421},
{"Node_id":18244,"weight":0.19487},
{"Node_id":18245,"weight":0.26433998},
{"Node_id":18246,"weight":0.16777},
{"Node_id":18247,"weight":0.15008},
{"Node_id":18248,"weight":0.17082},
{"Node_id":18249,"weight":0.24168},
{"Node_id":18250,"weight":0.60725003},
{"Node_id":18251,"weight":0.26305002},
{"Node_id":18252,"weight":0.47241998},
{"Node_id":18253,"weight":0.20504999},
{"Node_id":18254,"weight":0.29174},
{"Node_id":18255,"weight":0.19962},
{"Node_id":18256,"weight":0.49989},
{"Node_id":18257,"weight":0.36513},
{"Node_id":18260,"weight":0.18387},
{"Node_id":18261,"weight":0.37357},
{"Node_id":18265,"weight":0.63754},
{"Node_id":18266,"weight":0.17059},
{"Node_id":18270,"weight":0.38968998},
{"Node_id":18271,"weight":0.24061999},
{"Node_id":18272,"weight":0.18895},
{"Node_id":18276,"weight":0.58061},
{"Node_id":18278,"weight":0.16883},
{"Node_id":18279,"weight":0.21589},
{"Node_id":18283,"weight":0.32287},
{"Node_id":18285,"weight":0.1737},
{"Node_id":18286,"weight":0.35435},
{"Node_id":18287,"weight":0.26385},
{"Node_id":18295,"weight":0.15729001},
{"Node_id":18296,"weight":0.21939},
{"Node_id":18300,"weight":0.20585},
{"Node_id":18302,"weight":0.21524999},
{"Node_id":18303,"weight":0.53771},
{"Node_id":18304,"weight":0.22859001},
{"Node_id":18305,"weight":0.3562},
{"Node_id":18306,"weight":0.36392},
{"Node_id":18310,"weight":0.27622002},
{"Node_id":18312,"weight":0.27029},
{"Node_id":18313,"weight":0.21610999},
{"Node_id":18316,"weight":0.20086},
{"Node_id":18317,"weight":0.24796},
{"Node_id":18321,"weight":0.22955},
{"Node_id":18323,"weight":0.18531999},
{"Node_id":18324,"weight":0.19432},
{"Node_id":18327,"weight":0.22072999},
{"Node_id":18328,"weight":0.2895},
{"Node_id":18329,"weight":0.37446},
{"Node_id":18333,"weight":0.17151001},
{"Node_id":18335,"weight":0.22493999},
{"Node_id":18336,"weight":0.26596},
{"Node_id":18339,"weight":0.21676},
{"Node_id":18340,"weight":0.17849},
{"Node_id":18341,"weight":0.23944},
{"Node_id":18342,"weight":0.20299001},
{"Node_id":18346,"weight":0.2881},
{"Node_id":18348,"weight":0.17417},
{"Node_id":18349,"weight":0.64362},
{"Node_id":18352,"weight":0.24614999},
{"Node_id":18353,"weight":0.19241},
{"Node_id":18355,"weight":0.16486},
{"Node_id":18356,"weight":0.14908001},
{"Node_id":18360,"weight":0.23111999},
{"Node_id":18361,"weight":0.216},
{"Node_id":18362,"weight":0.17711},
{"Node_id":18363,"weight":0.30006},
{"Node_id":18366,"weight":0.39495},
{"Node_id":18367,"weight":0.25549},
{"Node_id":18370,"weight":0.46363002},
{"Node_id":18371,"weight":0.17074},
{"Node_id":18375,"weight":0.27427},
{"Node_id":18377,"weight":0.25549},
{"Node_id":18378,"weight":0.25037},
{"Node_id":18381,"weight":0.78235996},
{"Node_id":18382,"weight":0.19522999},
{"Node_id":18385,"weight":0.1744},
{"Node_id":18386,"weight":0.21589},
{"Node_id":18387,"weight":0.44108},
{"Node_id":18391,"weight":0.24726},
{"Node_id":18392,"weight":0.16717},
{"Node_id":18393,"weight":0.1602},
{"Node_id":18394,"weight":0.19062999},
{"Node_id":18397,"weight":0.16486},
{"Node_id":18398,"weight":0.19223},
{"Node_id":18401,"weight":0.15506001},
{"Node_id":18403,"weight":0.33683},
{"Node_id":18404,"weight":0.16433999},
{"Node_id":18408,"weight":0.18472001},
{"Node_id":18410,"weight":0.24275},
{"Node_id":18411,"weight":0.2481},
{"Node_id":18414,"weight":0.19071999},
{"Node_id":18415,"weight":0.14644},
{"Node_id":18418,"weight":0.19395},
{"Node_id":18421,"weight":0.26777},
{"Node_id":18422,"weight":0.34523},
{"Node_id":18426,"weight":0.23321},
{"Node_id":18428,"weight":0.47954002},
{"Node_id":18429,"weight":0.20221},
{"Node_id":18432,"weight":0.48720002},
{"Node_id":18433,"weight":0.25094},
{"Node_id":18436,"weight":0.27201},
{"Node_id":18440,"weight":0.35922},
{"Node_id":18441,"weight":0.35472},
{"Node_id":18445,"weight":0.14995},
{"Node_id":18447,"weight":0.23710999},
{"Node_id":18448,"weight":0.48203},
{"Node_id":18451,"weight":0.29072002},
{"Node_id":18452,"weight":0.16237},
{"Node_id":18455,"weight":0.16754},
{"Node_id":18459,"weight":0.18913},
{"Node_id":18460,"weight":0.22493999},
{"Node_id":18461,"weight":0.28731},
{"Node_id":18471,"weight":0.16627},
{"Node_id":18472,"weight":0.14941},
{"Node_id":18475,"weight":0.15416},
{"Node_id":18479,"weight":0.31372002},
{"Node_id":18480,"weight":0.1587},
{"Node_id":18481,"weight":0.21928},
{"Node_id":18482,"weight":0.54217},
{"Node_id":18483,"weight":0.55429},
{"Node_id":18484,"weight":0.25534},
{"Node_id":18485,"weight":0.14223},
{"Node_id":18486,"weight":0.22727999},
{"Node_id":18487,"weight":0.33376998},
{"Node_id":18553,"weight":0.26995},
{"Node_id":18555,"weight":0.50450003},
{"Node_id":18556,"weight":0.17354},
{"Node_id":18557,"weight":0.24768},
{"Node_id":18558,"weight":0.17198},
{"Node_id":18559,"weight":0.20416},
{"Node_id":18560,"weight":0.16982},
{"Node_id":18561,"weight":0.36076},
{"Node_id":18562,"weight":0.34523},
{"Node_id":18563,"weight":0.36273},
{"Node_id":18564,"weight":0.37401},
{"Node_id":18565,"weight":0.20337999},
{"Node_id":18566,"weight":0.16906},
{"Node_id":18567,"weight":0.36718},
{"Node_id":18568,"weight":0.21418},
{"Node_id":18569,"weight":0.16419},
{"Node_id":18570,"weight":0.18549},
{"Node_id":18571,"weight":0.20211999},
{"Node_id":18572,"weight":0.33808},
{"Node_id":18573,"weight":0.38469},
{"Node_id":18574,"weight":0.3305},
{"Node_id":18575,"weight":0.14742},
{"Node_id":18576,"weight":0.20574999},
{"Node_id":18577,"weight":0.17921999},
{"Node_id":18578,"weight":0.20058},
{"Node_id":18579,"weight":0.16709},
{"Node_id":18580,"weight":0.41579},
{"Node_id":18581,"weight":0.1615},
{"Node_id":18582,"weight":0.54927003},
{"Node_id":18585,"weight":0.37446},
{"Node_id":18586,"weight":0.28171998},
{"Node_id":18587,"weight":0.35075},
{"Node_id":18588,"weight":0.17472},
{"Node_id":18589,"weight":0.14001},
{"Node_id":18590,"weight":0.36885},
{"Node_id":18591,"weight":0.25518999},
{"Node_id":18592,"weight":0.18145},
{"Node_id":18593,"weight":0.38371998},
{"Node_id":18594,"weight":0.20615001},
{"Node_id":18595,"weight":0.20785001},
{"Node_id":18596,"weight":0.21654001},
{"Node_id":18597,"weight":0.16114},
{"Node_id":18598,"weight":0.1812},
{"Node_id":18599,"weight":0.19143},
{"Node_id":18600,"weight":0.17567},
{"Node_id":18601,"weight":0.21861999},
{"Node_id":18602,"weight":0.21905999},
{"Node_id":18603,"weight":0.27357},
{"Node_id":18604,"weight":0.29465002},
{"Node_id":18605,"weight":0.21249},
{"Node_id":18606,"weight":0.36431998},
{"Node_id":18607,"weight":0.51441},
{"Node_id":18608,"weight":0.52734},
{"Node_id":18609,"weight":0.30978},
{"Node_id":18610,"weight":0.38132},
{"Node_id":18611,"weight":0.50450003},
{"Node_id":18612,"weight":0.2401},
{"Node_id":18613,"weight":0.21010001},
{"Node_id":18614,"weight":0.1515},
{"Node_id":18615,"weight":0.29072002},
{"Node_id":18616,"weight":0.18575},
{"Node_id":18617,"weight":0.30644},
{"Node_id":18618,"weight":0.30366},
{"Node_id":18619,"weight":0.23039},
{"Node_id":18620,"weight":0.17849},
{"Node_id":18621,"weight":0.30184},
{"Node_id":18622,"weight":0.1886},
{"Node_id":18623,"weight":0.20038},
{"Node_id":18624,"weight":0.20250002},
{"Node_id":18634,"weight":0.19206001},
{"Node_id":18635,"weight":0.24328999},
{"Node_id":18636,"weight":0.39658},
{"Node_id":18637,"weight":0.25579},
{"Node_id":18638,"weight":0.20192},
{"Node_id":18639,"weight":0.28135},
{"Node_id":18640,"weight":0.28381},
{"Node_id":18641,"weight":0.2889},
{"Node_id":18642,"weight":0.20337999},
{"Node_id":18643,"weight":0.30667},
{"Node_id":18644,"weight":0.19323},
{"Node_id":18645,"weight":0.17237},
{"Node_id":18646,"weight":0.17599},
{"Node_id":18647,"weight":0.23015001},
{"Node_id":18648,"weight":0.14881},
{"Node_id":18649,"weight":0.13988},
{"Node_id":18650,"weight":0.29786},
{"Node_id":18651,"weight":0.33652002},
{"Node_id":18652,"weight":0.26336998},
{"Node_id":18653,"weight":0.15484999},
{"Node_id":18654,"weight":0.25297},
{"Node_id":18655,"weight":0.15326999},
{"Node_id":18656,"weight":0.17662999},
{"Node_id":18657,"weight":0.19422999},
{"Node_id":18658,"weight":0.14422},
{"Node_id":18659,"weight":0.15885},
{"Node_id":18660,"weight":0.15729001},
{"Node_id":18661,"weight":0.15305999},
{"Node_id":18662,"weight":0.27409},
{"Node_id":18663,"weight":0.18012},
{"Node_id":18664,"weight":0.48588},
{"Node_id":18665,"weight":0.27218002},
{"Node_id":18666,"weight":0.30297},
{"Node_id":18667,"weight":0.32098},
{"Node_id":18668,"weight":0.15638},
{"Node_id":18669,"weight":0.15764001},
{"Node_id":18670,"weight":0.24477999},
{"Node_id":18671,"weight":0.20989001},
{"Node_id":18672,"weight":0.18886},
{"Node_id":18673,"weight":0.17736},
{"Node_id":18674,"weight":0.23259},
{"Node_id":18675,"weight":0.22379},
{"Node_id":18676,"weight":0.40221},
{"Node_id":18677,"weight":0.15771},
{"Node_id":18678,"weight":0.21134},
{"Node_id":18679,"weight":0.30229002},
{"Node_id":18680,"weight":0.39658},
{"Node_id":18681,"weight":0.17551},
{"Node_id":18682,"weight":0.15793},
{"Node_id":18683,"weight":0.26928002},
{"Node_id":18684,"weight":0.14828},
{"Node_id":18685,"weight":0.32452},
{"Node_id":18686,"weight":0.19652},
{"Node_id":18687,"weight":0.17128},
{"Node_id":18688,"weight":0.27063},
{"Node_id":18689,"weight":0.45851},
{"Node_id":18690,"weight":0.14147},
{"Node_id":18691,"weight":0.16657},
{"Node_id":18692,"weight":0.14052},
{"Node_id":18693,"weight":0.28711},
{"Node_id":18694,"weight":0.50933},
{"Node_id":18695,"weight":0.15659},
{"Node_id":18696,"weight":0.14782},
{"Node_id":18697,"weight":0.26761},
{"Node_id":18698,"weight":0.24796},
{"Node_id":18699,"weight":0.26336998},
{"Node_id":18700,"weight":0.54927003},
{"Node_id":18701,"weight":0.20927998},
{"Node_id":18702,"weight":0.14862},
{"Node_id":18703,"weight":0.14435},
{"Node_id":18704,"weight":0.48457998},
{"Node_id":18705,"weight":0.21621999},
{"Node_id":18706,"weight":0.18253},
{"Node_id":18707,"weight":0.21928},
{"Node_id":18708,"weight":0.1587},
{"Node_id":18709,"weight":0.1656},
{"Node_id":18710,"weight":0.24684},
{"Node_id":18711,"weight":0.3511},
{"Node_id":18712,"weight":0.15368},
{"Node_id":18713,"weight":0.16027},
{"Node_id":18714,"weight":0.1733},
{"Node_id":18715,"weight":0.18609},
{"Node_id":18718,"weight":0.36312002},
{"Node_id":18719,"weight":0.23699},
{"Node_id":18720,"weight":0.26928002},
{"Node_id":18721,"weight":0.33903},
{"Node_id":18722,"weight":0.22943},
{"Node_id":18723,"weight":0.7418},
{"Node_id":18724,"weight":0.14026001},
{"Node_id":18725,"weight":0.19597},
{"Node_id":18726,"weight":0.21375999},
{"Node_id":18727,"weight":0.26147002},
{"Node_id":18728,"weight":0.20485},
{"Node_id":18729,"weight":0.18438},
{"Node_id":18730,"weight":0.297},
{"Node_id":18731,"weight":0.41513},
{"Node_id":18732,"weight":0.29031},
{"Node_id":18733,"weight":0.15197},
{"Node_id":18734,"weight":0.34356},
{"Node_id":18735,"weight":0.44538003},
{"Node_id":18736,"weight":0.32507},
{"Node_id":18737,"weight":0.14774999},
{"Node_id":18738,"weight":0.36595},
{"Node_id":18739,"weight":0.14769},
{"Node_id":18740,"weight":0.47831997},
{"Node_id":18741,"weight":0.18354},
{"Node_id":18742,"weight":0.27857},
{"Node_id":18743,"weight":0.33468002},
{"Node_id":18744,"weight":0.42839998},
{"Node_id":18745,"weight":0.18643},
{"Node_id":18746,"weight":0.25882},
{"Node_id":18747,"weight":0.21774001},
{"Node_id":18748,"weight":0.40049},
{"Node_id":18749,"weight":0.29444},
{"Node_id":18750,"weight":0.26466},
{"Node_id":18751,"weight":0.21796},
{"Node_id":18752,"weight":0.33078998},
{"Node_id":18753,"weight":0.3562},
{"Node_id":18754,"weight":0.16164},
{"Node_id":18755,"weight":0.19915},
{"Node_id":18756,"weight":0.24994},
{"Node_id":18757,"weight":0.26022},
{"Node_id":18758,"weight":0.15603},
{"Node_id":18759,"weight":0.22716},
{"Node_id":18760,"weight":0.33287},
{"Node_id":18761,"weight":0.17543},
{"Node_id":18762,"weight":0.33468002},
{"Node_id":18763,"weight":0.19098},
{"Node_id":18764,"weight":0.18078001},
{"Node_id":18765,"weight":0.24519},
{"Node_id":18766,"weight":0.33138},
{"Node_id":18767,"weight":0.26433998},
{"Node_id":18768,"weight":0.29939002},
{"Node_id":18769,"weight":0.18379},
{"Node_id":18770,"weight":0.17711},
{"Node_id":18771,"weight":0.30072},
{"Node_id":18772,"weight":0.15484999},
{"Node_id":18773,"weight":0.14585},
{"Node_id":18774,"weight":0.31222},
{"Node_id":18775,"weight":0.21752},
{"Node_id":18776,"weight":0.26321},
{"Node_id":18777,"weight":0.27183002},
{"Node_id":18778,"weight":0.35694},
{"Node_id":18779,"weight":0.31026},
{"Node_id":18780,"weight":0.24315},
{"Node_id":18781,"weight":0.14868},
{"Node_id":18782,"weight":0.16785},
{"Node_id":18783,"weight":0.22576001},
{"Node_id":18784,"weight":0.31625},
{"Node_id":18785,"weight":0.23814002},
{"Node_id":18786,"weight":0.26761},
{"Node_id":18787,"weight":0.17988},
{"Node_id":18788,"weight":0.59117997},
{"Node_id":18789,"weight":0.24342},
{"Node_id":18790,"weight":0.34356},
{"Node_id":18794,"weight":0.16078}]