[{"Node_id":14400,"weight":1.9214},
{"Node_id":14404,"weight":2.184},
{"Node_id":14405,"weight":3.483},
{"Node_id":14406,"weight":2.2799},
{"Node_id":14409,"weight":2.5051},
{"Node_id":14411,"weight":2.3015},
{"Node_id":14412,"weight":2.2634},
{"Node_id":14419,"weight":1.4319},
{"Node_id":14427,"weight":1.6936},
{"Node_id":14452,"weight":1.5736},
{"Node_id":14479,"weight":2.4866},
{"Node_id":14486,"weight":1.744},
{"Node_id":14493,"weight":2.5852},
{"Node_id":14499,"weight":1.3976},
{"Node_id":14500,"weight":1.5513},
{"Node_id":14502,"weight":1.5492},
{"Node_id":14509,"weight":1.8421},
{"Node_id":14513,"weight":2.001},
{"Node_id":14514,"weight":1.6353},
{"Node_id":14547,"weight":2.1928},
{"Node_id":14557,"weight":1.5764},
{"Node_id":14565,"weight":4.2766},
{"Node_id":14569,"weight":5.2159},
{"Node_id":14573,"weight":1.5666},
{"Node_id":14576,"weight":1.866},
{"Node_id":14707,"weight":3.3227},
{"Node_id":15223,"weight":2.0887},
{"Node_id":15462,"weight":2.2196},
{"Node_id":15466,"weight":3.9549},
{"Node_id":15467,"weight":1.4474},
{"Node_id":15470,"weight":1.7433},
{"Node_id":15472,"weight":2.3866},
{"Node_id":15482,"weight":2.3433},
{"Node_id":15486,"weight":2.5519},
{"Node_id":15488,"weight":2.3648},
{"Node_id":15494,"weight":5.2933},
{"Node_id":15497,"weight":1.9305},
{"Node_id":15502,"weight":2.3271},
{"Node_id":15504,"weight":4.6469},
{"Node_id":15506,"weight":3.4523},
{"Node_id":15510,"weight":1.6142},
{"Node_id":15533,"weight":3.6677},
{"Node_id":15540,"weight":3.1173},
{"Node_id":15544,"weight":2.9786},
{"Node_id":15592,"weight":3.7852},
{"Node_id":15594,"weight":2.1218},
{"Node_id":15597,"weight":5.9496},
{"Node_id":15614,"weight":1.4261},
{"Node_id":15618,"weight":1.4815},
{"Node_id":15623,"weight":2.579},
{"Node_id":15643,"weight":2.2494},
{"Node_id":15644,"weight":2.5669},
{"Node_id":15647,"weight":2.3371},
{"Node_id":15666,"weight":1.4855},
{"Node_id":15671,"weight":1.6777},
{"Node_id":15908,"weight":5.4217},
{"Node_id":15972,"weight":5.045},
{"Node_id":15983,"weight":3.7401},
{"Node_id":15995,"weight":1.4881},
{"Node_id":15998,"weight":2.0575},
{"Node_id":15999,"weight":1.7922},
{"Node_id":16032,"weight":3.0978},
{"Node_id":16033,"weight":3.8132},
{"Node_id":16040,"weight":3.0644},
{"Node_id":16065,"weight":2.8381},
{"Node_id":16077,"weight":2.6337},
{"Node_id":16078,"weight":1.5485},
{"Node_id":16122,"weight":1.4782},
{"Node_id":16143,"weight":2.1928},
{"Node_id":16170,"weight":3.4356},
{"Node_id":16172,"weight":3.2507},
{"Node_id":16190,"weight":2.6466},
{"Node_id":16191,"weight":2.1796},
{"Node_id":16216,"weight":2.6321},
{"Node_id":16250,"weight":2.1514},
{"Node_id":16259,"weight":2.2084},
{"Node_id":16303,"weight":2.1239},
{"Node_id":16312,"weight":1.7089},
{"Node_id":16315,"weight":3.3871},
{"Node_id":16316,"weight":2.9277},
{"Node_id":16335,"weight":1.5109},
{"Node_id":16336,"weight":2.4519},
{"Node_id":16337,"weight":1.7105},
{"Node_id":16342,"weight":2.7586},
{"Node_id":16352,"weight":2.0565},
{"Node_id":16369,"weight":1.6754},
{"Node_id":16373,"weight":2.1155},
{"Node_id":16398,"weight":1.5999},
{"Node_id":16500,"weight":1.3907},
{"Node_id":16508,"weight":4.9548},
{"Node_id":16644,"weight":1.6523},
{"Node_id":16659,"weight":1.6627},
{"Node_id":16666,"weight":1.6982},
{"Node_id":16667,"weight":2.4505},
{"Node_id":16669,"weight":1.7825},
{"Node_id":16806,"weight":1.6186},
{"Node_id":17415,"weight":1.9746},
{"Node_id":17553,"weight":1.6612},
{"Node_id":17571,"weight":1.5892},
{"Node_id":17573,"weight":1.7377},
{"Node_id":17574,"weight":2.3321},
{"Node_id":17584,"weight":2.5609},
{"Node_id":17608,"weight":1.5022},
{"Node_id":17609,"weight":2.5066},
{"Node_id":17703,"weight":8.1114},
{"Node_id":17711,"weight":2.0959},
{"Node_id":17715,"weight":3.8372},
{"Node_id":17734,"weight":2.1031},
{"Node_id":17764,"weight":1.7151},
{"Node_id":17859,"weight":2.6482},
{"Node_id":17865,"weight":1.9468},
{"Node_id":17944,"weight":2.9808},
{"Node_id":17947,"weight":1.6792},
{"Node_id":17957,"weight":1.659},
{"Node_id":17967,"weight":1.5652},
{"Node_id":17968,"weight":2.6945},
{"Node_id":17970,"weight":1.5715},
{"Node_id":17971,"weight":1.4723},
{"Node_id":17972,"weight":3.0435},
{"Node_id":17978,"weight":1.4822},
{"Node_id":17980,"weight":2.0436},
{"Node_id":17995,"weight":1.6906},
{"Node_id":17996,"weight":1.7736},
{"Node_id":17998,"weight":2.7857},
{"Node_id":17999,"weight":2.3546},
{"Node_id":18001,"weight":4.0694},
{"Node_id":18012,"weight":2.3648},
{"Node_id":18013,"weight":3.596},
{"Node_id":18021,"weight":2.3395},
{"Node_id":18023,"weight":2.4588},
{"Node_id":18025,"weight":2.8652},
{"Node_id":18026,"weight":1.5062},
{"Node_id":18031,"weight":1.776},
{"Node_id":18034,"weight":1.6974},
{"Node_id":18041,"weight":2.6563},
{"Node_id":18042,"weight":1.6486},
{"Node_id":18043,"weight":1.9332},
{"Node_id":18044,"weight":1.8523},
{"Node_id":18045,"weight":2.8229},
{"Node_id":18046,"weight":2.5579},
{"Node_id":18047,"weight":2.6401},
{"Node_id":18068,"weight":2.0907},
{"Node_id":18069,"weight":6.0725},
{"Node_id":18070,"weight":2.8574},
{"Node_id":18071,"weight":1.4178},
{"Node_id":18072,"weight":1.5992},
{"Node_id":18073,"weight":2.1719},
{"Node_id":18074,"weight":1.5035},
{"Node_id":18075,"weight":1.3882},
{"Node_id":18076,"weight":2.2576},
{"Node_id":18077,"weight":3.3652},
{"Node_id":18078,"weight":2.5254},
{"Node_id":18079,"weight":1.7105},
{"Node_id":18080,"weight":4.8458},
{"Node_id":18081,"weight":2.2552},
{"Node_id":18082,"weight":1.3988},
{"Node_id":18083,"weight":1.4172},
{"Node_id":18084,"weight":1.6523},
{"Node_id":18085,"weight":1.7963},
{"Node_id":18086,"weight":4.1002},
{"Node_id":18087,"weight":2.5066},
{"Node_id":18088,"weight":2.5385},
{"Node_id":18089,"weight":2.877},
{"Node_id":18090,"weight":1.9523},
{"Node_id":18091,"weight":2.5714},
{"Node_id":18092,"weight":1.4565},
{"Node_id":18093,"weight":1.744},
{"Node_id":18094,"weight":1.6732},
{"Node_id":18095,"weight":1.798},
{"Node_id":18096,"weight":1.9305},
{"Node_id":18097,"weight":1.4229},
{"Node_id":18098,"weight":1.543},
{"Node_id":18099,"weight":4.1711},
{"Node_id":18100,"weight":2.6711},
{"Node_id":18101,"weight":2.205},
{"Node_id":18102,"weight":3.1347},
{"Node_id":18103,"weight":1.4815},
{"Node_id":18104,"weight":1.752},
{"Node_id":18105,"weight":3.0252},
{"Node_id":18106,"weight":1.6368},
{"Node_id":18107,"weight":2.9593},
{"Node_id":18108,"weight":3.1964},
{"Node_id":18109,"weight":2.0565},
{"Node_id":18110,"weight":1.9296},
{"Node_id":18111,"weight":1.8136},
{"Node_id":18112,"weight":2.2242},
{"Node_id":18113,"weight":2.3571},
{"Node_id":18114,"weight":3.8038},
{"Node_id":18115,"weight":2.0938},
{"Node_id":18116,"weight":2.0745},
{"Node_id":18117,"weight":2.5123},
{"Node_id":18118,"weight":1.5786},
{"Node_id":18119,"weight":1.726},
{"Node_id":18120,"weight":1.4663},
{"Node_id":18121,"weight":2.6563},
{"Node_id":18122,"weight":1.4147},
{"Node_id":18123,"weight":2.9011},
{"Node_id":18124,"weight":5.2347},
{"Node_id":18125,"weight":3.4095},
{"Node_id":18126,"weight":3.4225},
{"Node_id":18127,"weight":1.8557},
{"Node_id":18128,"weight":2.6498},
{"Node_id":18129,"weight":2.1134},
{"Node_id":18130,"weight":2.366},
{"Node_id":18131,"weight":1.9395},
{"Node_id":18132,"weight":3.1859},
{"Node_id":18133,"weight":2.2907},
{"Node_id":18134,"weight":1.8337},
{"Node_id":18135,"weight":1.5652},
{"Node_id":18136,"weight":2.543},
{"Node_id":18137,"weight":5.8061},
{"Node_id":18138,"weight":3.6969},
{"Node_id":18139,"weight":2.1774},
{"Node_id":18140,"weight":1.4795},
{"Node_id":18141,"weight":1.3944},
{"Node_id":18142,"weight":2.3222},
{"Node_id":18143,"weight":1.8012},
{"Node_id":18144,"weight":5.2933},
{"Node_id":18145,"weight":3.3079},
{"Node_id":18146,"weight":4.4278},
{"Node_id":18147,"weight":1.5652},
{"Node_id":18148,"weight":2.5944},
{"Node_id":18149,"weight":2.0856},
{"Node_id":18150,"weight":1.5029},
{"Node_id":18151,"weight":2.8751},
{"Node_id":18152,"weight":1.5361},
{"Node_id":18153,"weight":3.2342},
{"Node_id":18154,"weight":1.9432},
{"Node_id":18155,"weight":1.639},
{"Node_id":18156,"weight":2.0436},
{"Node_id":18159,"weight":5.7105},
{"Node_id":18196,"weight":1.8834},
{"Node_id":18197,"weight":1.6657},
{"Node_id":18198,"weight":2.0918},
{"Node_id":18199,"weight":4.8588},
{"Node_id":18200,"weight":2.9257},
{"Node_id":18201,"weight":3.4323},
{"Node_id":18211,"weight":1.8756},
{"Node_id":18267,"weight":4.1982},
{"Node_id":18268,"weight":3.6392},
{"Node_id":18269,"weight":1.9727},
{"Node_id":18270,"weight":5.7414},
{"Node_id":18271,"weight":3.0929},
{"Node_id":18272,"weight":2.3609},
{"Node_id":18273,"weight":1.7113},
{"Node_id":18274,"weight":1.4268},
{"Node_id":18277,"weight":2.9896},
{"Node_id":18278,"weight":2.0938},
{"Node_id":18279,"weight":3.6718},
{"Node_id":18280,"weight":2.1124},
{"Node_id":18281,"weight":2.5519},
{"Node_id":18282,"weight":2.3445},
{"Node_id":18283,"weight":1.5527},
{"Node_id":18284,"weight":1.752},
{"Node_id":18285,"weight":2.7658},
{"Node_id":18286,"weight":1.9241},
{"Node_id":18287,"weight":1.8506},
{"Node_id":18288,"weight":2.4951},
{"Node_id":18289,"weight":3.3168},
{"Node_id":18290,"weight":1.9368},
{"Node_id":18291,"weight":2.2599},
{"Node_id":18292,"weight":1.8532},
{"Node_id":18293,"weight":2.2379},
{"Node_id":18294,"weight":1.8379},
{"Node_id":18295,"weight":3.6718},
{"Node_id":18296,"weight":1.6317},
{"Node_id":18297,"weight":3.7624},
{"Node_id":18298,"weight":1.5617},
{"Node_id":18299,"weight":1.8566},
{"Node_id":18300,"weight":1.8575},
{"Node_id":18301,"weight":1.6013},
{"Node_id":18303,"weight":3.2648},
{"Node_id":18305,"weight":2.508},
{"Node_id":18306,"weight":1.4198},
{"Node_id":18307,"weight":2.4478},
{"Node_id":18308,"weight":1.4474},
{"Node_id":18309,"weight":3.0229},
{"Node_id":18310,"weight":2.0377},
{"Node_id":18311,"weight":1.5218},
{"Node_id":18544,"weight":4.833},
{"Node_id":18545,"weight":1.5485},
{"Node_id":18546,"weight":2.3063},
{"Node_id":18547,"weight":1.8957},
{"Node_id":18548,"weight":1.8045},
{"Node_id":18549,"weight":3.1422},
{"Node_id":18550,"weight":4.1914},
{"Node_id":18551,"weight":4.3534},
{"Node_id":18552,"weight":1.6302},
{"Node_id":18553,"weight":1.8738},
{"Node_id":18554,"weight":1.5245},
{"Node_id":18555,"weight":5.0294},
{"Node_id":18556,"weight":1.5807},
{"Node_id":18557,"weight":3.8716},
{"Node_id":18558,"weight":2.2907},
{"Node_id":18559,"weight":2.6612},
{"Node_id":18560,"weight":2.2061},
{"Node_id":18561,"weight":1.5218},
{"Node_id":18562,"weight":2.2017},
{"Node_id":18563,"weight":5.3771},
{"Node_id":18564,"weight":2.3918},
{"Node_id":18565,"weight":1.5327},
{"Node_id":18566,"weight":1.5527},
{"Node_id":18567,"weight":2.2448},
{"Node_id":18568,"weight":2.1752},
{"Node_id":18711,"weight":5.2347},
{"Node_id":18712,"weight":1.9606},
{"Node_id":18713,"weight":1.7719},
{"Node_id":18714,"weight":1.4474},
{"Node_id":18715,"weight":2.4768},
{"Node_id":18726,"weight":1.7417},
{"Node_id":18727,"weight":2.9808},
{"Node_id":18728,"weight":4.3534},
{"Node_id":18729,"weight":2.2529},
{"Node_id":18730,"weight":1.4128},
{"Node_id":18731,"weight":1.5992},
{"Node_id":18732,"weight":1.6762},
{"Node_id":18733,"weight":2.0212},
{"Node_id":18734,"weight":3.0389},
{"Node_id":18735,"weight":3.3377},
{"Node_id":18736,"weight":2.1578},
{"Node_id":18780,"weight":2.6337},
{"Node_id":18781,"weight":1.7448},
{"Node_id":18782,"weight":1.6331},
{"Node_id":18783,"weight":2.0397},
{"Node_id":18784,"weight":1.7464},
{"Node_id":18785,"weight":1.9802},
{"Node_id":18786,"weight":2.027},
{"Node_id":18787,"weight":1.5828},
{"Node_id":18788,"weight":3.0504},
{"Node_id":18789,"weight":1.4281},
{"Node_id":18790,"weight":2.1557},
{"Node_id":18791,"weight":1.7881},
{"Node_id":18801,"weight":1.575},
{"Node_id":18802,"weight":2.1884},
{"Node_id":18847,"weight":4.212},
{"Node_id":18848,"weight":3.5326},
{"Node_id":18849,"weight":3.248},
{"Node_id":18850,"weight":1.4526},
{"Node_id":18851,"weight":1.4565},
{"Node_id":18852,"weight":2.1093},
{"Node_id":18890,"weight":2.9917},
{"Node_id":18891,"weight":1.5779},
{"Node_id":18892,"weight":2.1503},
{"Node_id":18893,"weight":1.465},
{"Node_id":18894,"weight":1.9811},
{"Node_id":18895,"weight":1.4526},
{"Node_id":18896,"weight":1.5771},
{"Node_id":18897,"weight":1.8062},
{"Node_id":18898,"weight":2.0125},
{"Node_id":18899,"weight":5.7414},
{"Node_id":18900,"weight":4.1318},
{"Node_id":18901,"weight":2.5371},
{"Node_id":18902,"weight":2.1323},
{"Node_id":18903,"weight":1.4223},
{"Node_id":18904,"weight":4.3858},
{"Node_id":18905,"weight":4.4364},
{"Node_id":18906,"weight":1.4064},
{"Node_id":18907,"weight":1.4533},
{"Node_id":18908,"weight":1.513},
{"Node_id":18909,"weight":1.7036},
{"Node_id":18910,"weight":2.1218},
{"Node_id":18911,"weight":4.4451},
{"Node_id":18912,"weight":1.6538},
{"Node_id":18913,"weight":2.2185},
{"Node_id":18914,"weight":1.7535},
{"Node_id":18915,"weight":2.102},
{"Node_id":18916,"weight":1.397},
{"Node_id":18917,"weight":2.0685},
{"Node_id":18918,"weight":1.8851},
{"Node_id":18919,"weight":1.8379},
{"Node_id":18920,"weight":5.6515},
{"Node_id":18921,"weight":1.8992},
{"Node_id":18922,"weight":1.7939},
{"Node_id":18923,"weight":2.0125},
{"Node_id":18924,"weight":2.5594},
{"Node_id":18925,"weight":1.7244},
{"Node_id":18926,"weight":3.6969},
{"Node_id":18927,"weight":3.1703},
{"Node_id":18928,"weight":1.5184},
{"Node_id":18929,"weight":1.3869},
{"Node_id":18930,"weight":2.1829},
{"Node_id":18931,"weight":2.2196},
{"Node_id":18932,"weight":1.9597},
{"Node_id":18933,"weight":2.8477},
{"Node_id":18934,"weight":1.6694},
{"Node_id":18935,"weight":3.577},
{"Node_id":18936,"weight":2.889},
{"Node_id":18937,"weight":2.885},
{"Node_id":18938,"weight":1.5259},
{"Node_id":18939,"weight":3.8567},
{"Node_id":18940,"weight":3.3079},
{"Node_id":18941,"weight":1.8354},
{"Node_id":18942,"weight":1.7736},
{"Node_id":18943,"weight":3.714},
{"Node_id":18944,"weight":1.8371},
{"Node_id":18945,"weight":2.9808},
{"Node_id":18946,"weight":2.9614},
{"Node_id":18947,"weight":3.4934},
{"Node_id":18948,"weight":1.3882},
{"Node_id":18949,"weight":1.7623},
{"Node_id":18950,"weight":2.3711},
{"Node_id":18951,"weight":1.4313},
{"Node_id":18952,"weight":1.5527},
{"Node_id":18953,"weight":2.2599},
{"Node_id":18954,"weight":2.0029},
{"Node_id":18955,"weight":2.6596},
{"Node_id":18956,"weight":1.9359},
{"Node_id":18957,"weight":2.9381},
{"Node_id":18958,"weight":2.9174},
{"Node_id":18959,"weight":1.6171},
{"Node_id":18960,"weight":1.8103},
{"Node_id":18961,"weight":1.5334},
{"Node_id":18962,"weight":2.887},
{"Node_id":18963,"weight":1.8186},
{"Node_id":18964,"weight":1.9542},
{"Node_id":18975,"weight":1.6785},
{"Node_id":18976,"weight":3.0006},
{"Node_id":18977,"weight":2.1785},
{"Node_id":18978,"weight":3.0786},
{"Node_id":18979,"weight":3.8275},
{"Node_id":18980,"weight":1.7881},
{"Node_id":18981,"weight":3.055},
{"Node_id":18982,"weight":1.9662},
{"Node_id":18983,"weight":2.4671},
{"Node_id":18984,"weight":3.2905},
{"Node_id":18985,"weight":1.901},
{"Node_id":18986,"weight":1.9802},
{"Node_id":18987,"weight":1.9802},
{"Node_id":18988,"weight":7.8236},
{"Node_id":18990,"weight":1.8021},
{"Node_id":18992,"weight":1.6913},
{"Node_id":18993,"weight":2.645},
{"Node_id":18994,"weight":4.0163},
{"Node_id":18995,"weight":1.4915},
{"Node_id":18996,"weight":1.5347},
{"Node_id":18997,"weight":2.6531},
{"Node_id":18998,"weight":2.2611},
{"Node_id":19077,"weight":4.3454},
{"Node_id":19078,"weight":2.8248},
{"Node_id":19081,"weight":2.4994},
{"Node_id":19082,"weight":1.748},
{"Node_id":19083,"weight":1.4855},
{"Node_id":19084,"weight":2.764},
{"Node_id":19085,"weight":1.8721},
{"Node_id":19086,"weight":2.4492},
{"Node_id":19087,"weight":1.8904},
{"Node_id":19088,"weight":1.9783},
{"Node_id":19089,"weight":1.6508},
{"Node_id":19090,"weight":2.1302},
{"Node_id":19091,"weight":2.4356},
{"Node_id":19092,"weight":2.0897},
{"Node_id":19093,"weight":3.1322},
{"Node_id":19094,"weight":1.956},
{"Node_id":19095,"weight":4.5362},
{"Node_id":19096,"weight":2.8574},
{"Node_id":19097,"weight":1.925},
{"Node_id":19098,"weight":3.2314},
{"Node_id":19099,"weight":4.6053},
{"Node_id":19100,"weight":2.7839},
{"Node_id":19101,"weight":1.5177},
{"Node_id":19102,"weight":1.414},
{"Node_id":19103,"weight":1.7496},
{"Node_id":19104,"weight":2.0318},
{"Node_id":19105,"weight":3.2424},
{"Node_id":19106,"weight":1.8756},
{"Node_id":19170,"weight":2.5371},
{"Node_id":19171,"weight":1.414},
{"Node_id":19172,"weight":2.4643},
{"Node_id":19173,"weight":1.8278},
{"Node_id":19201,"weight":1.8128},
{"Node_id":19202,"weight":1.4461},
{"Node_id":19203,"weight":2.0446},
{"Node_id":19204,"weight":2.5821},
{"Node_id":19205,"weight":3.4761},
{"Node_id":19206,"weight":1.5062},
{"Node_id":19207,"weight":2.0989},
{"Node_id":19208,"weight":2.3788},
{"Node_id":19209,"weight":1.5485},
{"Node_id":19210,"weight":4.4108},
{"Node_id":19211,"weight":1.6951},
{"Node_id":19212,"weight":1.827},
{"Node_id":19213,"weight":1.4384},
{"Node_id":19214,"weight":2.7551},
{"Node_id":19215,"weight":1.7409},
{"Node_id":19216,"weight":2.1333},
{"Node_id":19217,"weight":1.9634},
{"Node_id":19218,"weight":1.8111},
{"Node_id":19219,"weight":2.7604},
{"Node_id":19220,"weight":1.5779},
{"Node_id":19221,"weight":4.1383},
{"Node_id":19222,"weight":1.4565},
{"Node_id":19223,"weight":3.6233},
{"Node_id":19224,"weight":1.7599},
{"Node_id":19225,"weight":2.5806},
{"Node_id":19226,"weight":1.4096},
{"Node_id":19227,"weight":3.9072},
{"Node_id":19228,"weight":1.8211},
{"Node_id":19229,"weight":2.5312},
{"Node_id":19230,"weight":1.8037},
{"Node_id":19231,"weight":2.9657},
{"Node_id":19232,"weight":2.6514},
{"Node_id":19233,"weight":1.4229},
{"Node_id":19234,"weight":2.7132},
{"Node_id":19235,"weight":1.8404},
{"Node_id":19236,"weight":1.9332},
{"Node_id":19237,"weight":2.5867},
{"Node_id":19238,"weight":1.6694},
{"Node_id":19239,"weight":4.119},
{"Node_id":19240,"weight":2.4937},
{"Node_id":19241,"weight":3.9992},
{"Node_id":19242,"weight":1.9268},
{"Node_id":19243,"weight":1.4351},
{"Node_id":19244,"weight":1.5361},
{"Node_id":19245,"weight":1.6501},
{"Node_id":19246,"weight":1.9001},
{"Node_id":19247,"weight":3.7401},
{"Node_id":19248,"weight":2.1961},
{"Node_id":19261,"weight":0.1294},
{"Node_id":19262,"weight":1.2721},
{"Node_id":19263,"weight":3.2676},
{"Node_id":19268,"weight":1.4204},
{"Node_id":19269,"weight":0.4561},
{"Node_id":19276,"weight":2.5166},
{"Node_id":19284,"weight":1.6822},
{"Node_id":19309,"weight":0.7598},
{"Node_id":19335,"weight":4.0878},
{"Node_id":19342,"weight":3.7011},
{"Node_id":19355,"weight":3.429},
{"Node_id":19358,"weight":0.3437},
{"Node_id":19365,"weight":0.3602},
{"Node_id":19369,"weight":4.8988},
{"Node_id":19370,"weight":1.7535},
{"Node_id":19404,"weight":2.5195},
{"Node_id":19414,"weight":0.5849},
{"Node_id":19422,"weight":0.2408},
{"Node_id":19426,"weight":0.2884},
{"Node_id":19430,"weight":0.9714},
{"Node_id":19433,"weight":0.2745},
{"Node_id":19563,"weight":1.8379},
{"Node_id":20347,"weight":1.39},
{"Node_id":20348,"weight":2.9896},
{"Node_id":20351,"weight":1.8878},
{"Node_id":20353,"weight":2.1333},
{"Node_id":20363,"weight":1.3081},
{"Node_id":20368,"weight":0.1378},
{"Node_id":20370,"weight":2.4356},
{"Node_id":20376,"weight":0.8217},
{"Node_id":20379,"weight":0.2152},
{"Node_id":20386,"weight":5.4927},
{"Node_id":20388,"weight":0.1463},
{"Node_id":20392,"weight":1.1521},
{"Node_id":20415,"weight":1.901},
{"Node_id":20422,"weight":0.3789},
{"Node_id":20474,"weight":0.4583},
{"Node_id":20476,"weight":0.6745},
{"Node_id":20479,"weight":1.1703},
{"Node_id":20496,"weight":0.795},
{"Node_id":20500,"weight":2.6162},
{"Node_id":20505,"weight":1.5008},
{"Node_id":20528,"weight":1.0299},
{"Node_id":20529,"weight":2.508},
{"Node_id":20532,"weight":1.014},
{"Node_id":20553,"weight":2.1676},
{"Node_id":20795,"weight":1.6114},
{"Node_id":20868,"weight":0.5941},
{"Node_id":20879,"weight":0.5117},
{"Node_id":20891,"weight":1.4064},
{"Node_id":20894,"weight":4.833},
{"Node_id":20895,"weight":0.7291},
{"Node_id":20928,"weight":2.2646},
{"Node_id":20929,"weight":0.6517},
{"Node_id":20936,"weight":0.3146},
{"Node_id":20961,"weight":3.0458},
{"Node_id":20973,"weight":2.1578},
{"Node_id":20974,"weight":1.5942},
{"Node_id":21039,"weight":2.7339},
{"Node_id":21066,"weight":1.789},
{"Node_id":21068,"weight":2.3309},
{"Node_id":21086,"weight":0.9464},
{"Node_id":21087,"weight":0.0748},
{"Node_id":21111,"weight":0.2088},
{"Node_id":21113,"weight":2.401},
{"Node_id":21146,"weight":0.9455},
{"Node_id":21155,"weight":1.2345},
{"Node_id":21208,"weight":0.1523},
{"Node_id":21211,"weight":0.7773},
{"Node_id":21212,"weight":0.5262},
{"Node_id":21230,"weight":2.0645},
{"Node_id":21231,"weight":0.0324},
{"Node_id":21232,"weight":2.6385},
{"Node_id":21237,"weight":0.3917},
{"Node_id":21247,"weight":0.5066},
{"Node_id":21264,"weight":1.2174},
{"Node_id":21268,"weight":3.2178},
{"Node_id":21293,"weight":0.2908},
{"Node_id":21542,"weight":3.5884},
{"Node_id":21557,"weight":4.7474},
{"Node_id":21564,"weight":0.4934},
{"Node_id":21565,"weight":0.4243},
{"Node_id":21567,"weight":3.3621},
{"Node_id":21708,"weight":6.6441},
{"Node_id":22345,"weight":2.0105},
{"Node_id":22507,"weight":2.0183},
{"Node_id":22525,"weight":0.6522},
{"Node_id":22527,"weight":0.405},
{"Node_id":22528,"weight":0.74},
{"Node_id":22538,"weight":1.2213},
{"Node_id":22562,"weight":1.9496},
{"Node_id":22563,"weight":4.0634},
{"Node_id":22662,"weight":1.597},
{"Node_id":22670,"weight":1.6063},
{"Node_id":22674,"weight":0.7295},
{"Node_id":22693,"weight":2.5008},
{"Node_id":22723,"weight":1.0981},
{"Node_id":22822,"weight":0.3265},
{"Node_id":22828,"weight":1.1407},
{"Node_id":22907,"weight":0.4968},
{"Node_id":22910,"weight":2.4049},
{"Node_id":22930,"weight":0.3269},
{"Node_id":22933,"weight":0.3031},
{"Node_id":22934,"weight":1.9188},
{"Node_id":22935,"weight":1.2339},
{"Node_id":22941,"weight":2.321},
{"Node_id":22958,"weight":0.2424},
{"Node_id":22959,"weight":3.7357},
{"Node_id":22961,"weight":4.0694},
{"Node_id":22962,"weight":1.0094},
{"Node_id":22964,"weight":1.5984},
{"Node_id":22975,"weight":0.8944},
{"Node_id":22984,"weight":0.6821},
{"Node_id":22986,"weight":1.167},
{"Node_id":22988,"weight":0.6946},
{"Node_id":22989,"weight":2.1939},
{"Node_id":22994,"weight":0.8978},
{"Node_id":23004,"weight":1.3075}]