[{"Inferred_node_ids":[7505],"Node_id":2814},
{"Inferred_node_ids":[7532],"Node_id":2815},
{"Inferred_node_ids":[7509],"Node_id":2816},
{"Inferred_node_ids":[7499],"Node_id":2817},
{"Inferred_node_ids":[7531],"Node_id":2818},
{"Inferred_node_ids":[7497],"Node_id":2819},
{"Inferred_node_ids":[7525],"Node_id":2820},
{"Inferred_node_ids":[7528],"Node_id":3665},
{"Inferred_node_ids":[7510],"Node_id":3666},
{"Inferred_node_ids":[7517],"Node_id":3667},
{"Inferred_node_ids":[7508],"Node_id":3668},
{"Inferred_node_ids":[7529],"Node_id":3669},
{"Inferred_node_ids":[7516],"Node_id":3670},
{"Inferred_node_ids":[7489],"Node_id":3840},
{"Inferred_node_ids":[7490],"Node_id":3841},
{"Inferred_node_ids":[7521],"Node_id":3842},
{"Inferred_node_ids":[7518],"Node_id":3843},
{"Inferred_node_ids":[7491],"Node_id":3844},
{"Inferred_node_ids":[7519],"Node_id":3845},
{"Inferred_node_ids":[7507],"Node_id":3846},
{"Inferred_node_ids":[7530],"Node_id":3847},
{"Inferred_node_ids":[7514],"Node_id":3848},
{"Inferred_node_ids":[7520],"Node_id":3849},
{"Inferred_node_ids":[7511],"Node_id":3850},
{"Inferred_node_ids":[7501],"Node_id":3851},
{"Inferred_node_ids":[7500],"Node_id":3852},
{"Inferred_node_ids":[7496],"Node_id":3853},
{"Inferred_node_ids":[7504],"Node_id":3855},
{"Inferred_node_ids":[7522],"Node_id":3856},
{"Inferred_node_ids":[7523],"Node_id":3857},
{"Inferred_node_ids":[7498],"Node_id":3858},
{"Inferred_node_ids":[7524],"Node_id":3859},
{"Inferred_node_ids":[7512],"Node_id":6290},
{"Inferred_node_ids":[7506],"Node_id":6291},
{"Inferred_node_ids":[7527],"Node_id":6292},
{"Inferred_node_ids":[7495],"Node_id":6293},
{"Inferred_node_ids":[7515],"Node_id":6294},
{"Inferred_node_ids":[7493],"Node_id":6295},
{"Inferred_node_ids":[7492],"Node_id":7385},
{"Inferred_node_ids":[7526],"Node_id":7386},
{"Inferred_node_ids":[7494],"Node_id":7387},
{"Inferred_node_ids":[7513],"Node_id":7388},
{"Inferred_node_ids":[7503],"Node_id":7389},
{"Inferred_node_ids":[7533],"Node_id":7390},
{"Inferred_node_ids":[7502],"Node_id":7391}]