[{"Node_id":647,"weight":1.9214},
{"Node_id":651,"weight":2.184},
{"Node_id":652,"weight":3.483},
{"Node_id":653,"weight":2.2799},
{"Node_id":656,"weight":2.5051},
{"Node_id":658,"weight":2.3015},
{"Node_id":659,"weight":2.2634},
{"Node_id":666,"weight":1.4319},
{"Node_id":674,"weight":1.6936},
{"Node_id":699,"weight":1.5736},
{"Node_id":726,"weight":2.4866},
{"Node_id":733,"weight":1.744},
{"Node_id":740,"weight":2.5852},
{"Node_id":746,"weight":1.3976},
{"Node_id":747,"weight":1.5513},
{"Node_id":749,"weight":1.5492},
{"Node_id":756,"weight":1.8421},
{"Node_id":760,"weight":2.001},
{"Node_id":761,"weight":1.6353},
{"Node_id":794,"weight":2.1928},
{"Node_id":804,"weight":1.5764},
{"Node_id":812,"weight":4.2766},
{"Node_id":816,"weight":5.2159},
{"Node_id":820,"weight":1.5666},
{"Node_id":823,"weight":1.866},
{"Node_id":954,"weight":3.3227},
{"Node_id":1470,"weight":2.0887},
{"Node_id":1709,"weight":2.2196},
{"Node_id":1713,"weight":3.9549},
{"Node_id":1714,"weight":1.4474},
{"Node_id":1717,"weight":1.7433},
{"Node_id":1719,"weight":2.3866},
{"Node_id":1729,"weight":2.3433},
{"Node_id":1733,"weight":2.5519},
{"Node_id":1735,"weight":2.3648},
{"Node_id":1741,"weight":5.2933},
{"Node_id":1744,"weight":1.9305},
{"Node_id":1749,"weight":2.3271},
{"Node_id":1751,"weight":4.6469},
{"Node_id":1753,"weight":3.4523},
{"Node_id":1757,"weight":1.6142},
{"Node_id":1780,"weight":3.6677},
{"Node_id":1787,"weight":3.1173},
{"Node_id":1791,"weight":2.9786},
{"Node_id":1839,"weight":3.7852},
{"Node_id":1841,"weight":2.1218},
{"Node_id":1844,"weight":5.9496},
{"Node_id":1861,"weight":1.4261},
{"Node_id":1865,"weight":1.4815},
{"Node_id":1870,"weight":2.579},
{"Node_id":1890,"weight":2.2494},
{"Node_id":1891,"weight":2.5669},
{"Node_id":1894,"weight":2.3371},
{"Node_id":1913,"weight":1.4855},
{"Node_id":1918,"weight":1.6777},
{"Node_id":2155,"weight":5.4217},
{"Node_id":2219,"weight":5.045},
{"Node_id":2230,"weight":3.7401},
{"Node_id":2242,"weight":1.4881},
{"Node_id":2245,"weight":2.0575},
{"Node_id":2246,"weight":1.7922},
{"Node_id":2279,"weight":3.0978},
{"Node_id":2280,"weight":3.8132},
{"Node_id":2287,"weight":3.0644},
{"Node_id":2312,"weight":2.8381},
{"Node_id":2324,"weight":2.6337},
{"Node_id":2325,"weight":1.5485},
{"Node_id":2369,"weight":1.4782},
{"Node_id":2390,"weight":2.1928},
{"Node_id":2417,"weight":3.4356},
{"Node_id":2419,"weight":3.2507},
{"Node_id":2437,"weight":2.6466},
{"Node_id":2438,"weight":2.1796},
{"Node_id":2463,"weight":2.6321},
{"Node_id":2497,"weight":2.1514},
{"Node_id":2506,"weight":2.2084},
{"Node_id":2550,"weight":2.1239},
{"Node_id":2559,"weight":1.7089},
{"Node_id":2562,"weight":3.3871},
{"Node_id":2563,"weight":2.9277},
{"Node_id":2582,"weight":1.5109},
{"Node_id":2583,"weight":2.4519},
{"Node_id":2584,"weight":1.7105},
{"Node_id":2589,"weight":2.7586},
{"Node_id":2599,"weight":2.0565},
{"Node_id":2616,"weight":1.6754},
{"Node_id":2620,"weight":2.1155},
{"Node_id":2645,"weight":1.5999},
{"Node_id":2747,"weight":1.3907},
{"Node_id":2755,"weight":4.9548},
{"Node_id":2891,"weight":1.6523},
{"Node_id":2906,"weight":1.6627},
{"Node_id":2913,"weight":1.6982},
{"Node_id":2914,"weight":2.4505},
{"Node_id":2916,"weight":1.7825},
{"Node_id":3053,"weight":1.6186},
{"Node_id":3662,"weight":1.9746},
{"Node_id":3800,"weight":1.6612},
{"Node_id":3818,"weight":1.5892},
{"Node_id":3820,"weight":1.7377},
{"Node_id":3821,"weight":2.3321},
{"Node_id":3831,"weight":2.5609},
{"Node_id":3855,"weight":1.5022},
{"Node_id":3856,"weight":2.5066},
{"Node_id":3950,"weight":8.1114},
{"Node_id":3958,"weight":2.0959},
{"Node_id":3962,"weight":3.8372},
{"Node_id":3981,"weight":2.1031},
{"Node_id":4011,"weight":1.7151},
{"Node_id":4106,"weight":2.6482},
{"Node_id":4112,"weight":1.9468},
{"Node_id":4191,"weight":2.9808},
{"Node_id":4194,"weight":1.6792},
{"Node_id":4204,"weight":1.659},
{"Node_id":4214,"weight":1.5652},
{"Node_id":4215,"weight":2.6945},
{"Node_id":4217,"weight":1.5715},
{"Node_id":4218,"weight":1.4723},
{"Node_id":4219,"weight":3.0435},
{"Node_id":4225,"weight":1.4822},
{"Node_id":4227,"weight":2.0436},
{"Node_id":4242,"weight":1.6906},
{"Node_id":4243,"weight":1.7736},
{"Node_id":4245,"weight":2.7857},
{"Node_id":4246,"weight":2.3546},
{"Node_id":4248,"weight":4.0694},
{"Node_id":4259,"weight":2.3648},
{"Node_id":4260,"weight":3.596},
{"Node_id":4268,"weight":2.3395},
{"Node_id":4270,"weight":2.4588},
{"Node_id":4272,"weight":2.8652},
{"Node_id":4273,"weight":1.5062},
{"Node_id":4278,"weight":1.776},
{"Node_id":4281,"weight":1.6974},
{"Node_id":4288,"weight":2.6563},
{"Node_id":4289,"weight":1.6486},
{"Node_id":4290,"weight":1.9332},
{"Node_id":4321,"weight":1.5035},
{"Node_id":4322,"weight":1.3882},
{"Node_id":4324,"weight":3.3652},
{"Node_id":4329,"weight":1.3988},
{"Node_id":4333,"weight":4.1002},
{"Node_id":4351,"weight":1.752},
{"Node_id":4352,"weight":3.0252},
{"Node_id":4359,"weight":2.2242},
{"Node_id":4363,"weight":2.0745},
{"Node_id":4371,"weight":5.2347},
{"Node_id":4379,"weight":3.1859},
{"Node_id":4400,"weight":3.2342},
{"Node_id":4445,"weight":2.0918},
{"Node_id":4446,"weight":4.8588},
{"Node_id":4533,"weight":1.9241},
{"Node_id":4539,"weight":1.8532},
{"Node_id":4554,"weight":2.4478},
{"Node_id":4555,"weight":1.4474},
{"Node_id":4556,"weight":3.0229},
{"Node_id":4558,"weight":1.5218},
{"Node_id":4794,"weight":1.8957},
{"Node_id":4797,"weight":4.1914},
{"Node_id":4802,"weight":5.0294},
{"Node_id":4808,"weight":1.5218},
{"Node_id":4979,"weight":1.6762},
{"Node_id":4981,"weight":3.0389},
{"Node_id":5028,"weight":1.7448},
{"Node_id":5034,"weight":1.5828},
{"Node_id":5137,"weight":2.9917},
{"Node_id":5141,"weight":1.9811},
{"Node_id":5143,"weight":1.5771},
{"Node_id":5144,"weight":1.8062},
{"Node_id":5145,"weight":2.0125},
{"Node_id":5161,"weight":1.7535},
{"Node_id":5166,"weight":1.8379},
{"Node_id":5176,"weight":1.3869},
{"Node_id":5195,"weight":1.3882},
{"Node_id":5204,"weight":2.9381},
{"Node_id":5231,"weight":3.2905},
{"Node_id":5232,"weight":1.901},
{"Node_id":5235,"weight":7.8236},
{"Node_id":5242,"weight":1.4915},
{"Node_id":5325,"weight":2.8248},
{"Node_id":5335,"weight":1.9783},
{"Node_id":5336,"weight":1.6508},
{"Node_id":5349,"weight":1.414},
{"Node_id":5351,"weight":2.0318},
{"Node_id":5417,"weight":2.5371},
{"Node_id":5418,"weight":1.414},
{"Node_id":5465,"weight":1.8111},
{"Node_id":5524,"weight":1.5143},
{"Node_id":5525,"weight":1.8203},
{"Node_id":5529,"weight":4.8588},
{"Node_id":5537,"weight":3.248},
{"Node_id":5542,"weight":1.5568},
{"Node_id":5543,"weight":1.6361},
{"Node_id":5547,"weight":7.1301},
{"Node_id":5584,"weight":3.5732},
{"Node_id":5586,"weight":2.9962},
{"Node_id":5587,"weight":2.3198},
{"Node_id":5626,"weight":4.2915},
{"Node_id":5630,"weight":2.1884},
{"Node_id":5632,"weight":3.4761},
{"Node_id":5716,"weight":2.9195},
{"Node_id":5717,"weight":1.7728},
{"Node_id":5719,"weight":1.7504},
{"Node_id":5732,"weight":3.5657},
{"Node_id":5753,"weight":4.3066},
{"Node_id":5757,"weight":1.8245},
{"Node_id":5917,"weight":1.8295},
{"Node_id":5918,"weight":2.4698},
{"Node_id":5919,"weight":1.9305},
{"Node_id":5923,"weight":1.6244},
{"Node_id":6664,"weight":1.7881},
{"Node_id":6673,"weight":4.6363},
{"Node_id":6685,"weight":1.4481},
{"Node_id":6692,"weight":1.9296},
{"Node_id":6697,"weight":1.5757},
{"Node_id":6709,"weight":2.1796},
{"Node_id":6807,"weight":4.5653},
{"Node_id":6962,"weight":1.699},
{"Node_id":6974,"weight":2.8496},
{"Node_id":6979,"weight":1.4513},
{"Node_id":6990,"weight":2.8535},
{"Node_id":6991,"weight":2.1972},
{"Node_id":6992,"weight":2.3609},
{"Node_id":6995,"weight":4.9264},
{"Node_id":6998,"weight":2.4909},
{"Node_id":7003,"weight":2.1493},
{"Node_id":7011,"weight":1.587},
{"Node_id":7017,"weight":1.7906},
{"Node_id":7022,"weight":1.5136},
{"Node_id":7023,"weight":3.7806},
{"Node_id":7028,"weight":1.9287},
{"Node_id":7031,"weight":1.9305},
{"Node_id":7033,"weight":2.2967},
{"Node_id":7154,"weight":3.9936},
{"Node_id":7157,"weight":1.9386},
{"Node_id":7169,"weight":2.2402},
{"Node_id":7249,"weight":2.0887},
{"Node_id":7271,"weight":1.6013},
{"Node_id":7272,"weight":2.2705},
{"Node_id":7282,"weight":2.3559},
{"Node_id":7403,"weight":4.6053},
{"Node_id":7429,"weight":1.5878},
{"Node_id":7435,"weight":2.0836},
{"Node_id":7440,"weight":2.4262},
{"Node_id":7443,"weight":2.4089},
{"Node_id":7444,"weight":3.1247},
{"Node_id":7479,"weight":1.6383},
{"Node_id":7480,"weight":1.4808},
{"Node_id":7482,"weight":4.9989},
{"Node_id":7483,"weight":1.6672},
{"Node_id":7484,"weight":2.7115},
{"Node_id":7488,"weight":1.6694},
{"Node_id":7490,"weight":1.86},
{"Node_id":7572,"weight":1.8103},
{"Node_id":7584,"weight":3.7991},
{"Node_id":7587,"weight":1.8913},
{"Node_id":7594,"weight":3.1807},
{"Node_id":7596,"weight":3.0095},
{"Node_id":7602,"weight":2.5745},
{"Node_id":7634,"weight":2.879},
{"Node_id":7638,"weight":1.5849},
{"Node_id":7656,"weight":1.8087},
{"Node_id":7660,"weight":3.1148},
{"Node_id":7770,"weight":5.6232},
{"Node_id":7787,"weight":2.0318},
{"Node_id":7789,"weight":2.0918},
{"Node_id":7851,"weight":2.8116},
{"Node_id":7855,"weight":2.5181},
{"Node_id":7890,"weight":1.5506},
{"Node_id":7892,"weight":2.5474},
{"Node_id":7895,"weight":3.9441},
{"Node_id":7980,"weight":2.8613},
{"Node_id":8124,"weight":1.7005},
{"Node_id":8181,"weight":3.005},
{"Node_id":8240,"weight":1.9551},
{"Node_id":8244,"weight":1.6936},
{"Node_id":8246,"weight":2.1376},
{"Node_id":8329,"weight":2.1983},
{"Node_id":8330,"weight":1.5666},
{"Node_id":8332,"weight":1.886},
{"Node_id":8339,"weight":2.6596},
{"Node_id":8342,"weight":1.5123},
{"Node_id":8345,"weight":2.1407},
{"Node_id":8380,"weight":3.449},
{"Node_id":8431,"weight":1.6434},
{"Node_id":8434,"weight":2.0067},
{"Node_id":8435,"weight":2.0019},
{"Node_id":8442,"weight":2.9465},
{"Node_id":8467,"weight":1.4736},
{"Node_id":8474,"weight":2.6037},
{"Node_id":8477,"weight":4.9989},
{"Node_id":8481,"weight":2.8633},
{"Node_id":8483,"weight":2.2196},
{"Node_id":8501,"weight":1.7575},
{"Node_id":8513,"weight":1.6523},
{"Node_id":8637,"weight":1.9395},
{"Node_id":8701,"weight":2.521},
{"Node_id":8765,"weight":1.9597},
{"Node_id":8895,"weight":2.7046},
{"Node_id":8901,"weight":2.5609},
{"Node_id":8902,"weight":2.4049},
{"Node_id":8919,"weight":3.0762},
{"Node_id":8921,"weight":1.683},
{"Node_id":8926,"weight":1.4709},
{"Node_id":9035,"weight":5.11},
{"Node_id":9043,"weight":1.6657},
{"Node_id":9053,"weight":3.3903},
{"Node_id":9237,"weight":2.9962},
{"Node_id":9475,"weight":2.6979},
{"Node_id":9524,"weight":2.3763},
{"Node_id":9526,"weight":3.3347},
{"Node_id":9534,"weight":2.5579},
{"Node_id":9536,"weight":1.4396},
{"Node_id":9542,"weight":1.7213},
{"Node_id":9587,"weight":1.9551},
{"Node_id":9594,"weight":1.3888},
{"Node_id":9614,"weight":2.0555},
{"Node_id":9657,"weight":1.568},
{"Node_id":9661,"weight":1.5589},
{"Node_id":9700,"weight":2.9529},
{"Node_id":9702,"weight":4.0221},
{"Node_id":9894,"weight":2.5283},
{"Node_id":9895,"weight":2.5459},
{"Node_id":9942,"weight":1.8421},
{"Node_id":9959,"weight":2.7115},
{"Node_id":10149,"weight":2.2764},
{"Node_id":10152,"weight":2.0525},
{"Node_id":10153,"weight":3.0481},
{"Node_id":10160,"weight":2.4505},
{"Node_id":10163,"weight":5.0141},
{"Node_id":10166,"weight":2.0565},
{"Node_id":10175,"weight":1.4565},
{"Node_id":10179,"weight":1.5548},
{"Node_id":10236,"weight":1.7097},
{"Node_id":10237,"weight":1.5701},
{"Node_id":10261,"weight":0.1294},
{"Node_id":10262,"weight":1.2721},
{"Node_id":10263,"weight":3.2676},
{"Node_id":10268,"weight":1.4204},
{"Node_id":10269,"weight":0.4561},
{"Node_id":10276,"weight":2.5166},
{"Node_id":10284,"weight":1.6822},
{"Node_id":10309,"weight":0.7598},
{"Node_id":10335,"weight":4.0878},
{"Node_id":10342,"weight":3.7011},
{"Node_id":10355,"weight":3.429},
{"Node_id":10358,"weight":0.3437},
{"Node_id":10365,"weight":0.3602},
{"Node_id":10369,"weight":4.8988},
{"Node_id":10370,"weight":1.7535},
{"Node_id":10404,"weight":2.5195},
{"Node_id":10414,"weight":0.5849},
{"Node_id":10422,"weight":0.2408},
{"Node_id":10426,"weight":0.2884},
{"Node_id":10430,"weight":0.9714},
{"Node_id":10433,"weight":0.2745},
{"Node_id":10563,"weight":1.8379},
{"Node_id":11347,"weight":1.39},
{"Node_id":11348,"weight":2.9896},
{"Node_id":11351,"weight":1.8878},
{"Node_id":11353,"weight":2.1333},
{"Node_id":11363,"weight":1.3081},
{"Node_id":11368,"weight":0.1378},
{"Node_id":11370,"weight":2.4356},
{"Node_id":11376,"weight":0.8217},
{"Node_id":11379,"weight":0.2152},
{"Node_id":11386,"weight":5.4927},
{"Node_id":11388,"weight":0.1463},
{"Node_id":11392,"weight":1.1521},
{"Node_id":11415,"weight":1.901},
{"Node_id":11422,"weight":0.3789},
{"Node_id":11474,"weight":0.4583},
{"Node_id":11476,"weight":0.6745},
{"Node_id":11479,"weight":1.1703},
{"Node_id":11496,"weight":0.795},
{"Node_id":11500,"weight":2.6162},
{"Node_id":11505,"weight":1.5008},
{"Node_id":11528,"weight":1.0299},
{"Node_id":11529,"weight":2.508},
{"Node_id":11532,"weight":1.014},
{"Node_id":11553,"weight":2.1676},
{"Node_id":11795,"weight":1.6114},
{"Node_id":11868,"weight":0.5941},
{"Node_id":11879,"weight":0.5117},
{"Node_id":11891,"weight":1.4064},
{"Node_id":11894,"weight":4.833},
{"Node_id":11895,"weight":0.7291},
{"Node_id":11928,"weight":2.2646},
{"Node_id":11929,"weight":0.6517},
{"Node_id":11936,"weight":0.3146},
{"Node_id":11961,"weight":3.0458},
{"Node_id":11973,"weight":2.1578},
{"Node_id":11974,"weight":1.5942},
{"Node_id":12039,"weight":2.7339},
{"Node_id":12066,"weight":1.789},
{"Node_id":12068,"weight":2.3309},
{"Node_id":12086,"weight":0.9464},
{"Node_id":12087,"weight":0.0748},
{"Node_id":12111,"weight":0.2088},
{"Node_id":12113,"weight":2.401},
{"Node_id":12146,"weight":0.9455},
{"Node_id":12155,"weight":1.2345},
{"Node_id":12208,"weight":0.1523},
{"Node_id":12211,"weight":0.7773},
{"Node_id":12212,"weight":0.5262},
{"Node_id":12230,"weight":2.0645},
{"Node_id":12231,"weight":0.0324},
{"Node_id":12232,"weight":2.6385},
{"Node_id":12237,"weight":0.3917},
{"Node_id":12247,"weight":0.5066},
{"Node_id":12264,"weight":1.2174},
{"Node_id":12268,"weight":3.2178},
{"Node_id":12293,"weight":0.2908},
{"Node_id":12542,"weight":3.5884},
{"Node_id":12557,"weight":4.7474},
{"Node_id":12564,"weight":0.4934},
{"Node_id":12565,"weight":0.4243},
{"Node_id":12567,"weight":3.3621},
{"Node_id":12708,"weight":6.6441},
{"Node_id":13345,"weight":2.0105},
{"Node_id":13507,"weight":2.0183},
{"Node_id":13525,"weight":0.6522},
{"Node_id":13527,"weight":0.405},
{"Node_id":13528,"weight":0.74},
{"Node_id":13538,"weight":1.2213},
{"Node_id":13562,"weight":1.9496},
{"Node_id":13563,"weight":4.0634},
{"Node_id":13662,"weight":1.597},
{"Node_id":13670,"weight":1.6063},
{"Node_id":13674,"weight":0.7295},
{"Node_id":13693,"weight":2.5008},
{"Node_id":13723,"weight":1.0981},
{"Node_id":13822,"weight":0.3265},
{"Node_id":13828,"weight":1.1407},
{"Node_id":13907,"weight":0.4968},
{"Node_id":13910,"weight":2.4049},
{"Node_id":13930,"weight":0.3269},
{"Node_id":13933,"weight":0.3031},
{"Node_id":13934,"weight":1.9188},
{"Node_id":13935,"weight":1.2339},
{"Node_id":13941,"weight":2.321},
{"Node_id":13958,"weight":0.2424},
{"Node_id":13959,"weight":3.7357},
{"Node_id":13961,"weight":4.0694},
{"Node_id":13962,"weight":1.0094},
{"Node_id":13964,"weight":1.5984},
{"Node_id":13975,"weight":0.8944},
{"Node_id":13984,"weight":0.6821},
{"Node_id":13986,"weight":1.167},
{"Node_id":13988,"weight":0.6946},
{"Node_id":13989,"weight":2.1939},
{"Node_id":13994,"weight":0.8978},
{"Node_id":14004,"weight":1.3075},
{"Node_id":14005,"weight":1.4941},
{"Node_id":14006,"weight":0.7639},
{"Node_id":14037,"weight":1.047},
{"Node_id":14038,"weight":1.3714},
{"Node_id":14040,"weight":3.3746},
{"Node_id":14045,"weight":1.2832},
{"Node_id":14049,"weight":0.3685},
{"Node_id":14067,"weight":0.2201},
{"Node_id":14068,"weight":1.1942},
{"Node_id":14075,"weight":2.2943},
{"Node_id":14079,"weight":0.4276},
{"Node_id":14087,"weight":2.7551},
{"Node_id":14095,"weight":0.5902},
{"Node_id":14116,"weight":1.1494},
{"Node_id":14161,"weight":0.0528},
{"Node_id":14250,"weight":0.0228},
{"Node_id":14256,"weight":1.3794},
{"Node_id":14271,"weight":0.3064},
{"Node_id":14272,"weight":2.4089},
{"Node_id":14273,"weight":0.2096},
{"Node_id":14274,"weight":0.3789},
{"Node_id":14275,"weight":1.5116},
{"Node_id":14277,"weight":2.895},
{"Node_id":14527,"weight":1.6121},
{"Node_id":14530,"weight":0.6151},
{"Node_id":14535,"weight":1.119},
{"Node_id":14541,"weight":0.4515},
{"Node_id":14715,"weight":1.9625},
{"Node_id":14717,"weight":0.612},
{"Node_id":14771,"weight":2.7357},
{"Node_id":14875,"weight":0.281},
{"Node_id":14879,"weight":0.5797},
{"Node_id":14881,"weight":1.4835},
{"Node_id":14882,"weight":2.6761},
{"Node_id":14883,"weight":0.4009},
{"Node_id":14899,"weight":1.3334},
{"Node_id":14904,"weight":1.4975},
{"Node_id":14914,"weight":1.9081},
{"Node_id":14933,"weight":1.5306},
{"Node_id":14942,"weight":0.1121},
{"Node_id":14969,"weight":0.8274},
{"Node_id":14973,"weight":2.1103},
{"Node_id":14980,"weight":0.3722},
{"Node_id":15063,"weight":3.5362},
{"Node_id":15073,"weight":1.4982},
{"Node_id":15087,"weight":0.7866},
{"Node_id":15089,"weight":0.056},
{"Node_id":15159,"weight":0.8071},
{"Node_id":15160,"weight":1.7623},
{"Node_id":15207,"weight":1.9259},
{"Node_id":15277,"weight":1.9811},
{"Node_id":15278,"weight":0.1761},
{"Node_id":15282,"weight":1.4064},
{"Node_id":15290,"weight":0.4276},
{"Node_id":15295,"weight":1.9625},
{"Node_id":15296,"weight":3.5807},
{"Node_id":15300,"weight":0.3917},
{"Node_id":15337,"weight":2.887},
{"Node_id":15339,"weight":0.9926},
{"Node_id":15340,"weight":2.0436},
{"Node_id":15379,"weight":0.3084},
{"Node_id":15383,"weight":1.469},
{"Node_id":15385,"weight":0.4406},
{"Node_id":15471,"weight":0.4959},
{"Node_id":15472,"weight":0.909},
{"Node_id":15474,"weight":0.306},
{"Node_id":15487,"weight":0.5767},
{"Node_id":15512,"weight":1.6664},
{"Node_id":15685,"weight":0.9544},
{"Node_id":15686,"weight":1.6135},
{"Node_id":15687,"weight":1.5575},
{"Node_id":15691,"weight":0.1362},
{"Node_id":16496,"weight":1.9915},
{"Node_id":16505,"weight":1.1282},
{"Node_id":16517,"weight":0.4566},
{"Node_id":16524,"weight":0.8891},
{"Node_id":16529,"weight":1.9953},
{"Node_id":16541,"weight":0.7676},
{"Node_id":16642,"weight":2.6321},
{"Node_id":16819,"weight":2.2299},
{"Node_id":16831,"weight":0.1342},
{"Node_id":16836,"weight":1.6405},
{"Node_id":16848,"weight":1.3926},
{"Node_id":16849,"weight":0.3512},
{"Node_id":16850,"weight":1.0928},
{"Node_id":16853,"weight":0.7295},
{"Node_id":16862,"weight":0.8463},
{"Node_id":16870,"weight":3.5582},
{"Node_id":16876,"weight":2.3161},
{"Node_id":16881,"weight":1.1072},
{"Node_id":16882,"weight":4.119},
{"Node_id":16887,"weight":0.8703},
{"Node_id":16890,"weight":1.3633},
{"Node_id":16892,"weight":0.8449},
{"Node_id":17015,"weight":1.0585},
{"Node_id":17018,"weight":0.3146},
{"Node_id":17031,"weight":3.3652},
{"Node_id":17114,"weight":2.9508},
{"Node_id":17143,"weight":0.0324},
{"Node_id":17144,"weight":0.5417},
{"Node_id":17303,"weight":2.7166},
{"Node_id":17331,"weight":1.5541},
{"Node_id":17337,"weight":0.0304},
{"Node_id":17342,"weight":0.6098},
{"Node_id":17343,"weight":0.1298},
{"Node_id":17344,"weight":0.5447},
{"Node_id":17345,"weight":3.0095},
{"Node_id":17346,"weight":1.5069},
{"Node_id":17347,"weight":0.5511},
{"Node_id":17348,"weight":0.8799},
{"Node_id":17349,"weight":1.21},
{"Node_id":17351,"weight":4.1318},
{"Node_id":17384,"weight":0.9164},
{"Node_id":17387,"weight":0.4701},
{"Node_id":17388,"weight":0.7875},
{"Node_id":17389,"weight":0.1688},
{"Node_id":17395,"weight":0.6186},
{"Node_id":17477,"weight":0.67},
{"Node_id":17489,"weight":0.3942},
{"Node_id":17492,"weight":0.0816},
{"Node_id":17499,"weight":0.8886},
{"Node_id":17501,"weight":2.4369},
{"Node_id":17543,"weight":1.5589},
{"Node_id":17561,"weight":0.2643},
{"Node_id":17675,"weight":0.9759},
{"Node_id":17692,"weight":2.0029},
{"Node_id":17694,"weight":1.1881},
{"Node_id":17762,"weight":0.8478},
{"Node_id":17766,"weight":0.0128},
{"Node_id":17801,"weight":1.9296},
{"Node_id":17803,"weight":0.9095},
{"Node_id":17806,"weight":0.2359},
{"Node_id":17891,"weight":0.1696},
{"Node_id":18044,"weight":2.8286},
{"Node_id":18161,"weight":0.6673},
{"Node_id":18165,"weight":0.403},
{"Node_id":18258,"weight":0.2112},
{"Node_id":18259,"weight":0.4912},
{"Node_id":18261,"weight":0.1914},
{"Node_id":18268,"weight":0.359},
{"Node_id":18274,"weight":0.8511},
{"Node_id":18309,"weight":0.465},
{"Node_id":18360,"weight":0.4201},
{"Node_id":18363,"weight":2.1611},
{"Node_id":18364,"weight":1.2517},
{"Node_id":18371,"weight":1.5022},
{"Node_id":18404,"weight":1.4975},
{"Node_id":18411,"weight":0.2562},
{"Node_id":18413,"weight":1.3141},
{"Node_id":18431,"weight":5.077},
{"Node_id":18443,"weight":0.3673},
{"Node_id":18570,"weight":0.1254},
{"Node_id":18634,"weight":0.6278},
{"Node_id":18835,"weight":0.0384},
{"Node_id":18836,"weight":1.2465},
{"Node_id":18853,"weight":0.8397},
{"Node_id":18855,"weight":0.9351},
{"Node_id":18860,"weight":0.5706},
{"Node_id":18969,"weight":0.6897},
{"Node_id":18977,"weight":0.9296},
{"Node_id":18987,"weight":3.2397},
{"Node_id":19215,"weight":2.8172},
{"Node_id":19453,"weight":1.7623},
{"Node_id":19504,"weight":0.9455},
{"Node_id":19514,"weight":2.5898},
{"Node_id":19520,"weight":0.8378},
{"Node_id":19565,"weight":0.4561},
{"Node_id":19572,"weight":2.2955},
{"Node_id":19592,"weight":1.4598},
{"Node_id":19635,"weight":0.1515},
{"Node_id":19639,"weight":6.2126},
{"Node_id":19681,"weight":5.5689},
{"Node_id":19878,"weight":2.0695},
{"Node_id":19879,"weight":2.7931},
{"Node_id":19927,"weight":0.3252},
{"Node_id":19944,"weight":1.6464},
{"Node_id":20147,"weight":0.0937},
{"Node_id":20148,"weight":0.8001},
{"Node_id":20155,"weight":0.2896},
{"Node_id":20161,"weight":0.1487},
{"Node_id":20170,"weight":0.9639},
{"Node_id":20174,"weight":0.3084},
{"Node_id":20231,"weight":0.1688},
{"Node_id":20232,"weight":1.2633}]