[{"Node_id":28,"weight":2.2646},
{"Node_id":29,"weight":0.6517},
{"Node_id":36,"weight":0.3146},
{"Node_id":61,"weight":3.0458},
{"Node_id":73,"weight":2.1578},
{"Node_id":74,"weight":1.5942},
{"Node_id":139,"weight":2.7339},
{"Node_id":166,"weight":1.789},
{"Node_id":168,"weight":2.3309},
{"Node_id":186,"weight":0.9464},
{"Node_id":187,"weight":0.0748},
{"Node_id":211,"weight":0.2088},
{"Node_id":213,"weight":2.401},
{"Node_id":246,"weight":0.9455},
{"Node_id":255,"weight":1.2345},
{"Node_id":308,"weight":0.1523},
{"Node_id":311,"weight":0.7773},
{"Node_id":312,"weight":0.5262},
{"Node_id":330,"weight":2.0645},
{"Node_id":331,"weight":0.0324},
{"Node_id":332,"weight":2.6385},
{"Node_id":337,"weight":0.3917},
{"Node_id":347,"weight":0.5066},
{"Node_id":364,"weight":1.2174},
{"Node_id":368,"weight":3.2178},
{"Node_id":393,"weight":0.2908},
{"Node_id":642,"weight":3.5884},
{"Node_id":657,"weight":4.7474},
{"Node_id":664,"weight":0.4934},
{"Node_id":665,"weight":0.4243},
{"Node_id":667,"weight":3.3621},
{"Node_id":808,"weight":6.6441},
{"Node_id":1445,"weight":2.0105},
{"Node_id":1607,"weight":2.0183},
{"Node_id":1625,"weight":0.6522},
{"Node_id":1627,"weight":0.405},
{"Node_id":1628,"weight":0.74},
{"Node_id":1638,"weight":1.2213},
{"Node_id":1662,"weight":1.9496},
{"Node_id":1663,"weight":4.0634},
{"Node_id":1762,"weight":1.597},
{"Node_id":1770,"weight":1.6063},
{"Node_id":1774,"weight":0.7295},
{"Node_id":1793,"weight":2.5008},
{"Node_id":1823,"weight":1.0981},
{"Node_id":1922,"weight":0.3265},
{"Node_id":1928,"weight":1.1407},
{"Node_id":2007,"weight":0.4968},
{"Node_id":2010,"weight":2.4049},
{"Node_id":2030,"weight":0.3269},
{"Node_id":2033,"weight":0.3031},
{"Node_id":2034,"weight":1.9188},
{"Node_id":2035,"weight":1.2339},
{"Node_id":2041,"weight":2.321},
{"Node_id":2058,"weight":0.2424},
{"Node_id":2059,"weight":3.7357},
{"Node_id":2061,"weight":4.0694},
{"Node_id":2062,"weight":1.0094},
{"Node_id":2064,"weight":1.5984},
{"Node_id":2075,"weight":0.8944},
{"Node_id":2084,"weight":0.6821},
{"Node_id":2086,"weight":1.167},
{"Node_id":2088,"weight":0.6946},
{"Node_id":2089,"weight":2.1939},
{"Node_id":2094,"weight":0.8978},
{"Node_id":2104,"weight":1.3075},
{"Node_id":2105,"weight":1.4941},
{"Node_id":2106,"weight":0.7639},
{"Node_id":2137,"weight":1.047},
{"Node_id":2138,"weight":1.3714},
{"Node_id":2140,"weight":3.3746},
{"Node_id":2145,"weight":1.2832},
{"Node_id":2149,"weight":0.3685},
{"Node_id":2167,"weight":0.2201},
{"Node_id":2168,"weight":1.1942},
{"Node_id":2175,"weight":2.2943},
{"Node_id":2179,"weight":0.4276},
{"Node_id":2187,"weight":2.7551},
{"Node_id":2195,"weight":0.5902},
{"Node_id":2216,"weight":1.1494},
{"Node_id":2261,"weight":0.0528},
{"Node_id":2350,"weight":0.0228},
{"Node_id":2356,"weight":1.3794},
{"Node_id":2371,"weight":0.3064},
{"Node_id":2372,"weight":2.4089},
{"Node_id":2373,"weight":0.2096},
{"Node_id":2374,"weight":0.3789},
{"Node_id":2375,"weight":1.5116},
{"Node_id":2377,"weight":2.895},
{"Node_id":2627,"weight":1.6121},
{"Node_id":2630,"weight":0.6151},
{"Node_id":2635,"weight":1.119},
{"Node_id":2641,"weight":0.4515},
{"Node_id":2815,"weight":1.9625},
{"Node_id":2817,"weight":0.612},
{"Node_id":2871,"weight":2.7357},
{"Node_id":2975,"weight":0.281},
{"Node_id":2979,"weight":0.5797},
{"Node_id":2981,"weight":1.4835},
{"Node_id":2982,"weight":2.6761},
{"Node_id":2983,"weight":0.4009},
{"Node_id":2999,"weight":1.3334},
{"Node_id":3004,"weight":1.4975},
{"Node_id":3014,"weight":1.9081},
{"Node_id":3033,"weight":1.5306},
{"Node_id":3042,"weight":0.1121},
{"Node_id":3069,"weight":0.8274},
{"Node_id":3073,"weight":2.1103},
{"Node_id":3080,"weight":0.3722},
{"Node_id":3163,"weight":3.5362},
{"Node_id":3173,"weight":1.4982},
{"Node_id":3187,"weight":0.7866},
{"Node_id":3189,"weight":0.056},
{"Node_id":3259,"weight":0.8071},
{"Node_id":3260,"weight":1.7623},
{"Node_id":3307,"weight":1.9259},
{"Node_id":30744,"weight":1.9214},
{"Node_id":30748,"weight":2.184},
{"Node_id":30749,"weight":3.483},
{"Node_id":30750,"weight":2.2799},
{"Node_id":30753,"weight":2.5051},
{"Node_id":30755,"weight":2.3015},
{"Node_id":30756,"weight":2.2634},
{"Node_id":30763,"weight":1.4319},
{"Node_id":30771,"weight":1.6936},
{"Node_id":30796,"weight":1.5736},
{"Node_id":30823,"weight":2.4866},
{"Node_id":30830,"weight":1.744},
{"Node_id":30837,"weight":2.5852},
{"Node_id":30843,"weight":1.3976},
{"Node_id":30844,"weight":1.5513},
{"Node_id":30846,"weight":1.5492},
{"Node_id":30853,"weight":1.8421},
{"Node_id":30857,"weight":2.001},
{"Node_id":30858,"weight":1.6353},
{"Node_id":30891,"weight":2.1928},
{"Node_id":30901,"weight":1.5764},
{"Node_id":30909,"weight":4.2766},
{"Node_id":30913,"weight":5.2159},
{"Node_id":30917,"weight":1.5666},
{"Node_id":30920,"weight":1.866},
{"Node_id":31051,"weight":3.3227},
{"Node_id":31567,"weight":2.0887},
{"Node_id":31806,"weight":2.2196},
{"Node_id":31810,"weight":3.9549},
{"Node_id":31811,"weight":1.4474},
{"Node_id":31814,"weight":1.7433},
{"Node_id":31816,"weight":2.3866},
{"Node_id":31826,"weight":2.3433},
{"Node_id":31830,"weight":2.5519},
{"Node_id":31832,"weight":2.3648},
{"Node_id":31838,"weight":5.2933},
{"Node_id":31841,"weight":1.9305},
{"Node_id":31846,"weight":2.3271},
{"Node_id":31848,"weight":4.6469},
{"Node_id":31850,"weight":3.4523},
{"Node_id":31854,"weight":1.6142},
{"Node_id":31877,"weight":3.6677},
{"Node_id":31884,"weight":3.1173},
{"Node_id":31888,"weight":2.9786},
{"Node_id":31936,"weight":3.7852},
{"Node_id":31938,"weight":2.1218},
{"Node_id":31941,"weight":5.9496},
{"Node_id":31958,"weight":1.4261},
{"Node_id":31962,"weight":1.4815},
{"Node_id":31967,"weight":2.579},
{"Node_id":31987,"weight":2.2494},
{"Node_id":31988,"weight":2.5669},
{"Node_id":31991,"weight":2.3371},
{"Node_id":32010,"weight":1.4855},
{"Node_id":32015,"weight":1.6777},
{"Node_id":32252,"weight":5.4217},
{"Node_id":32316,"weight":5.045},
{"Node_id":32327,"weight":3.7401},
{"Node_id":32339,"weight":1.4881},
{"Node_id":32342,"weight":2.0575},
{"Node_id":32343,"weight":1.7922},
{"Node_id":32376,"weight":3.0978},
{"Node_id":32377,"weight":3.8132},
{"Node_id":32384,"weight":3.0644},
{"Node_id":32409,"weight":2.8381},
{"Node_id":32421,"weight":2.6337},
{"Node_id":32422,"weight":1.5485},
{"Node_id":32466,"weight":1.4782},
{"Node_id":32487,"weight":2.1928},
{"Node_id":32514,"weight":3.4356},
{"Node_id":32516,"weight":3.2507},
{"Node_id":32534,"weight":2.6466},
{"Node_id":32535,"weight":2.1796},
{"Node_id":32560,"weight":2.6321},
{"Node_id":32594,"weight":2.1514},
{"Node_id":32603,"weight":2.2084},
{"Node_id":32647,"weight":2.1239},
{"Node_id":32656,"weight":1.7089},
{"Node_id":32659,"weight":3.3871},
{"Node_id":32660,"weight":2.9277},
{"Node_id":32679,"weight":1.5109},
{"Node_id":32680,"weight":2.4519},
{"Node_id":32681,"weight":1.7105},
{"Node_id":32686,"weight":2.7586},
{"Node_id":32696,"weight":2.0565},
{"Node_id":32713,"weight":1.6754},
{"Node_id":32717,"weight":2.1155},
{"Node_id":32742,"weight":1.5999},
{"Node_id":32844,"weight":1.3907},
{"Node_id":32852,"weight":4.9548},
{"Node_id":32988,"weight":1.6523},
{"Node_id":33003,"weight":1.6627},
{"Node_id":33010,"weight":1.6982},
{"Node_id":33011,"weight":2.4505},
{"Node_id":33013,"weight":1.7825},
{"Node_id":33150,"weight":1.6186},
{"Node_id":33759,"weight":1.9746},
{"Node_id":33897,"weight":1.6612},
{"Node_id":33915,"weight":1.5892},
{"Node_id":33917,"weight":1.7377},
{"Node_id":33918,"weight":2.3321},
{"Node_id":33928,"weight":2.5609},
{"Node_id":33952,"weight":1.5022},
{"Node_id":33953,"weight":2.5066},
{"Node_id":34047,"weight":8.1114},
{"Node_id":34055,"weight":2.0959},
{"Node_id":34059,"weight":3.8372},
{"Node_id":34078,"weight":2.1031},
{"Node_id":34108,"weight":1.7151},
{"Node_id":34203,"weight":2.6482},
{"Node_id":34209,"weight":1.9468},
{"Node_id":34288,"weight":2.9808},
{"Node_id":34291,"weight":1.6792},
{"Node_id":34301,"weight":1.659},
{"Node_id":34311,"weight":1.5652},
{"Node_id":34312,"weight":2.6945},
{"Node_id":34314,"weight":1.5715},
{"Node_id":34315,"weight":1.4723},
{"Node_id":34316,"weight":3.0435},
{"Node_id":34322,"weight":1.4822},
{"Node_id":34324,"weight":2.0436},
{"Node_id":34339,"weight":1.6906},
{"Node_id":34340,"weight":1.7736},
{"Node_id":34342,"weight":2.7857},
{"Node_id":34343,"weight":2.3546},
{"Node_id":34345,"weight":4.0694},
{"Node_id":34356,"weight":2.3648},
{"Node_id":34357,"weight":3.596},
{"Node_id":34365,"weight":2.3395},
{"Node_id":34367,"weight":2.4588},
{"Node_id":34369,"weight":2.8652},
{"Node_id":34370,"weight":1.5062},
{"Node_id":34375,"weight":1.776},
{"Node_id":34378,"weight":1.6974},
{"Node_id":34385,"weight":2.6563},
{"Node_id":34386,"weight":1.6486},
{"Node_id":34387,"weight":1.9332},
{"Node_id":34418,"weight":1.5035},
{"Node_id":34419,"weight":1.3882},
{"Node_id":34421,"weight":3.3652},
{"Node_id":34426,"weight":1.3988},
{"Node_id":34430,"weight":4.1002},
{"Node_id":34448,"weight":1.752},
{"Node_id":34449,"weight":3.0252},
{"Node_id":34456,"weight":2.2242},
{"Node_id":34460,"weight":2.0745},
{"Node_id":34468,"weight":5.2347},
{"Node_id":34476,"weight":3.1859},
{"Node_id":34497,"weight":3.2342},
{"Node_id":34542,"weight":2.0918},
{"Node_id":34543,"weight":4.8588},
{"Node_id":34630,"weight":1.9241},
{"Node_id":34636,"weight":1.8532},
{"Node_id":34651,"weight":2.4478},
{"Node_id":34652,"weight":1.4474},
{"Node_id":34653,"weight":3.0229},
{"Node_id":34655,"weight":1.5218},
{"Node_id":34891,"weight":1.8957},
{"Node_id":34894,"weight":4.1914},
{"Node_id":34899,"weight":5.0294},
{"Node_id":34905,"weight":1.5218},
{"Node_id":35076,"weight":1.6762},
{"Node_id":35078,"weight":3.0389},
{"Node_id":35125,"weight":1.7448},
{"Node_id":35131,"weight":1.5828},
{"Node_id":35234,"weight":2.9917},
{"Node_id":35238,"weight":1.9811},
{"Node_id":35240,"weight":1.5771},
{"Node_id":35241,"weight":1.8062},
{"Node_id":35242,"weight":2.0125},
{"Node_id":35258,"weight":1.7535},
{"Node_id":35263,"weight":1.8379},
{"Node_id":35273,"weight":1.3869},
{"Node_id":35292,"weight":1.3882},
{"Node_id":35301,"weight":2.9381},
{"Node_id":35328,"weight":3.2905},
{"Node_id":35329,"weight":1.901},
{"Node_id":35332,"weight":7.8236},
{"Node_id":35339,"weight":1.4915},
{"Node_id":35422,"weight":2.8248},
{"Node_id":35432,"weight":1.9783},
{"Node_id":35433,"weight":1.6508},
{"Node_id":35446,"weight":1.414},
{"Node_id":35448,"weight":2.0318},
{"Node_id":35514,"weight":2.5371},
{"Node_id":35515,"weight":1.414},
{"Node_id":35562,"weight":1.8111},
{"Node_id":35617,"weight":1.4409},
{"Node_id":35618,"weight":6.0299},
{"Node_id":35619,"weight":1.8037},
{"Node_id":35620,"weight":2.1939},
{"Node_id":35621,"weight":1.5143},
{"Node_id":35622,"weight":1.8203},
{"Node_id":35623,"weight":1.5055},
{"Node_id":35624,"weight":1.8575},
{"Node_id":35625,"weight":2.2402},
{"Node_id":35626,"weight":4.8588},
{"Node_id":35627,"weight":1.4274},
{"Node_id":35628,"weight":2.0948},
{"Node_id":35629,"weight":2.1503},
{"Node_id":35630,"weight":2.1051},
{"Node_id":35631,"weight":1.726},
{"Node_id":35632,"weight":1.9395},
{"Node_id":35633,"weight":1.3982},
{"Node_id":35634,"weight":3.248},
{"Node_id":35635,"weight":1.5687},
{"Node_id":35636,"weight":2.3395},
{"Node_id":35637,"weight":1.6128},
{"Node_id":35638,"weight":1.3919},
{"Node_id":35639,"weight":1.5568},
{"Node_id":35640,"weight":1.6361},
{"Node_id":35641,"weight":2.6928},
{"Node_id":35642,"weight":2.891},
{"Node_id":35643,"weight":2.6844},
{"Node_id":35644,"weight":7.1301},
{"Node_id":35645,"weight":1.9597},
{"Node_id":35651,"weight":1.893},
{"Node_id":35652,"weight":3.9176},
{"Node_id":35653,"weight":2.3198},
{"Node_id":35654,"weight":2.6678},
{"Node_id":35655,"weight":2.0948},
{"Node_id":35656,"weight":1.8592},
{"Node_id":35657,"weight":4.7357},
{"Node_id":35658,"weight":2.3309},
{"Node_id":35659,"weight":1.4185},
{"Node_id":35660,"weight":1.7615},
{"Node_id":35661,"weight":1.4644},
{"Node_id":35662,"weight":3.1729},
{"Node_id":35663,"weight":2.6794},
{"Node_id":35664,"weight":2.97},
{"Node_id":35665,"weight":1.4611},
{"Node_id":35672,"weight":2.6777},
{"Node_id":35673,"weight":1.7043},
{"Node_id":35674,"weight":2.0877},
{"Node_id":35675,"weight":1.822},
{"Node_id":35676,"weight":3.1755},
{"Node_id":35677,"weight":1.6244},
{"Node_id":35678,"weight":1.5389},
{"Node_id":35679,"weight":2.0907},
{"Node_id":35680,"weight":1.843},
{"Node_id":35681,"weight":3.5732},
{"Node_id":35682,"weight":1.7971},
{"Node_id":35683,"weight":2.9962},
{"Node_id":35684,"weight":2.3198},
{"Node_id":35685,"weight":2.4275},
{"Node_id":35686,"weight":1.4835},
{"Node_id":35687,"weight":1.6501},
{"Node_id":35688,"weight":1.832},
{"Node_id":35689,"weight":1.39},
{"Node_id":35690,"weight":2.3358},
{"Node_id":35691,"weight":1.9662},
{"Node_id":35692,"weight":1.6815},
{"Node_id":35693,"weight":1.9802},
{"Node_id":35694,"weight":3.5253},
{"Node_id":35695,"weight":2.7986},
{"Node_id":35696,"weight":2.6744},
{"Node_id":35697,"weight":2.5224},
{"Node_id":35698,"weight":3.7624},
{"Node_id":35699,"weight":3.0786},
{"Node_id":35700,"weight":2.0565},
{"Node_id":35702,"weight":2.5327},
{"Node_id":35705,"weight":2.7912},
{"Node_id":35707,"weight":3.8372},
{"Node_id":35708,"weight":2.5975},
{"Node_id":35709,"weight":2.3546},
{"Node_id":35710,"weight":1.9459},
{"Node_id":35713,"weight":2.2529},
{"Node_id":35714,"weight":4.2546},
{"Node_id":35715,"weight":3.3777},
{"Node_id":35716,"weight":2.6289},
{"Node_id":35717,"weight":1.7719},
{"Node_id":35718,"weight":2.8324},
{"Node_id":35719,"weight":1.8843},
{"Node_id":35720,"weight":2.0877},
{"Node_id":35721,"weight":2.5929},
{"Node_id":35722,"weight":1.6777},
{"Node_id":35723,"weight":4.2915},
{"Node_id":35724,"weight":1.4409},
{"Node_id":35725,"weight":1.4644},
{"Node_id":35726,"weight":3.3591},
{"Node_id":35727,"weight":2.1884},
{"Node_id":35728,"weight":2.9298},
{"Node_id":35729,"weight":3.4761},
{"Node_id":35730,"weight":4.4988},
{"Node_id":35731,"weight":3.7669},
{"Node_id":35732,"weight":2.1525},
{"Node_id":35808,"weight":2.7676},
{"Node_id":35809,"weight":1.8878},
{"Node_id":35810,"weight":3.7313},
{"Node_id":35811,"weight":2.2599},
{"Node_id":35812,"weight":4.0514},
{"Node_id":35813,"weight":2.9195},
{"Node_id":35814,"weight":1.7728},
{"Node_id":35815,"weight":1.3976},
{"Node_id":35816,"weight":1.7504},
{"Node_id":35817,"weight":1.6853},
{"Node_id":35818,"weight":1.9868},
{"Node_id":35819,"weight":2.1589},
{"Node_id":35820,"weight":2.3149},
{"Node_id":35821,"weight":2.3879},
{"Node_id":35822,"weight":4.8458},
{"Node_id":35823,"weight":1.4915},
{"Node_id":35824,"weight":2.239},
{"Node_id":35825,"weight":2.1643},
{"Node_id":35826,"weight":2.5489},
{"Node_id":35827,"weight":1.6649},
{"Node_id":35828,"weight":1.6702},
{"Node_id":35829,"weight":3.5657},
{"Node_id":35830,"weight":1.9783},
{"Node_id":35831,"weight":1.7939},
{"Node_id":35832,"weight":5.3771},
{"Node_id":35833,"weight":2.0456},
{"Node_id":35834,"weight":3.4969},
{"Node_id":35835,"weight":2.0456},
{"Node_id":35837,"weight":2.6827},
{"Node_id":35839,"weight":2.4288},
{"Node_id":35846,"weight":3.4727},
{"Node_id":35847,"weight":2.0948},
{"Node_id":35848,"weight":2.0525},
{"Node_id":35849,"weight":5.0609},
{"Node_id":35850,"weight":4.3066},
{"Node_id":35851,"weight":3.1099},
{"Node_id":35852,"weight":2.6131},
{"Node_id":35853,"weight":1.8245},
{"Node_id":35854,"weight":1.8245},
{"Node_id":35855,"weight":1.4455},
{"Node_id":35882,"weight":2.145},
{"Node_id":35883,"weight":3.055},
{"Node_id":35884,"weight":3.8518},
{"Node_id":35954,"weight":1.5252},
{"Node_id":35955,"weight":1.9487},
{"Node_id":35956,"weight":1.513},
{"Node_id":35957,"weight":1.6597},
{"Node_id":35958,"weight":2.2402},
{"Node_id":35959,"weight":3.2342},
{"Node_id":35960,"weight":2.2787},
{"Node_id":35961,"weight":2.173},
{"Node_id":35962,"weight":4.3297},
{"Node_id":35963,"weight":2.7586},
{"Node_id":35964,"weight":1.8295},
{"Node_id":35965,"weight":2.6596},
{"Node_id":35966,"weight":2.3508},
{"Node_id":35967,"weight":5.2734},
{"Node_id":35968,"weight":3.9072},
{"Node_id":35969,"weight":5.7732},
{"Node_id":35970,"weight":1.3951},
{"Node_id":35996,"weight":3.2205},
{"Node_id":35997,"weight":1.5779},
{"Node_id":35998,"weight":3.9495},
{"Node_id":35999,"weight":2.0918},
{"Node_id":36000,"weight":1.7833},
{"Node_id":36001,"weight":1.4795},
{"Node_id":36002,"weight":1.3907},
{"Node_id":36003,"weight":1.5694},
{"Node_id":36004,"weight":1.6762},
{"Node_id":36005,"weight":2.8267},
{"Node_id":36006,"weight":2.1785},
{"Node_id":36007,"weight":1.6171},
{"Node_id":36008,"weight":1.3882},
{"Node_id":36009,"weight":4.7242},
{"Node_id":36010,"weight":2.5415},
{"Node_id":36011,"weight":2.0397},
{"Node_id":36012,"weight":1.58},
{"Node_id":36013,"weight":1.5437},
{"Node_id":36014,"weight":1.8295},
{"Node_id":36015,"weight":2.4698},
{"Node_id":36016,"weight":1.9305},
{"Node_id":36017,"weight":3.8132},
{"Node_id":36018,"weight":1.9036},
{"Node_id":36019,"weight":1.8054},
{"Node_id":36020,"weight":1.6244},
{"Node_id":36021,"weight":1.5506},
{"Node_id":36022,"weight":1.8851},
{"Node_id":36023,"weight":1.6471},
{"Node_id":36024,"weight":3.1912},
{"Node_id":36025,"weight":1.5687},
{"Node_id":36026,"weight":1.4598},
{"Node_id":36027,"weight":2.2344},
{"Node_id":36028,"weight":2.0048},
{"Node_id":36029,"weight":2.5094},
{"Node_id":36030,"weight":2.1796},
{"Node_id":36031,"weight":2.2425},
{"Node_id":36032,"weight":5.5957},
{"Node_id":36033,"weight":3.1912},
{"Node_id":36048,"weight":1.7623},
{"Node_id":36049,"weight":1.4481},
{"Node_id":36050,"weight":1.5096},
{"Node_id":36051,"weight":1.4422},
{"Node_id":36052,"weight":4.7592},
{"Node_id":36053,"weight":2.2129},
{"Node_id":36137,"weight":3.1651},
{"Node_id":36138,"weight":2.3284},
{"Node_id":36139,"weight":2.0067},
{"Node_id":36140,"weight":1.5793},
{"Node_id":36141,"weight":2.3358},
{"Node_id":36176,"weight":1.4172},
{"Node_id":36204,"weight":3.7313},
{"Node_id":36205,"weight":1.7206},
{"Node_id":36206,"weight":2.9529},
{"Node_id":36241,"weight":1.3932},
{"Node_id":36244,"weight":4.5751},
{"Node_id":36246,"weight":3.0929},
{"Node_id":36251,"weight":2.9786},
{"Node_id":36295,"weight":1.822},
{"Node_id":36296,"weight":1.7464},
{"Node_id":36299,"weight":1.4487},
{"Node_id":36323,"weight":1.3913},
{"Node_id":36324,"weight":1.3963},
{"Node_id":36325,"weight":2.3918},
{"Node_id":36345,"weight":1.5779},
{"Node_id":36410,"weight":2.8458},
{"Node_id":36536,"weight":1.4591},
{"Node_id":36537,"weight":4.0049},
{"Node_id":36538,"weight":1.793},
{"Node_id":36563,"weight":1.6936},
{"Node_id":36564,"weight":2.0212},
{"Node_id":36565,"weight":4.5653},
{"Node_id":36567,"weight":2.0077},
{"Node_id":36674,"weight":1.8379},
{"Node_id":36675,"weight":1.9802},
{"Node_id":36677,"weight":3.6352},
{"Node_id":36678,"weight":2.1323},
{"Node_id":36679,"weight":4.1982},
{"Node_id":36702,"weight":1.9746},
{"Node_id":36703,"weight":3.1651},
{"Node_id":36704,"weight":2.5023},
{"Node_id":36714,"weight":1.8834},
{"Node_id":36715,"weight":1.4121},
{"Node_id":36749,"weight":2.5268},
{"Node_id":36750,"weight":1.469},
{"Node_id":36751,"weight":2.8229},
{"Node_id":36752,"weight":3.3197},
{"Node_id":36753,"weight":3.5289},
{"Node_id":36754,"weight":1.6013},
{"Node_id":36755,"weight":1.5204},
{"Node_id":36756,"weight":3.5807},
{"Node_id":36757,"weight":2.0605},
{"Node_id":36758,"weight":1.7036},
{"Node_id":36759,"weight":1.7206},
{"Node_id":36760,"weight":2.1302},
{"Node_id":36761,"weight":1.7881},
{"Node_id":36762,"weight":1.7159},
{"Node_id":36763,"weight":4.3297},
{"Node_id":36764,"weight":1.6493},
{"Node_id":36765,"weight":1.7206},
{"Node_id":36768,"weight":1.5624},
{"Node_id":36769,"weight":1.6013},
{"Node_id":36770,"weight":4.6363},
{"Node_id":36771,"weight":1.631},
{"Node_id":36772,"weight":2.764},
{"Node_id":36773,"weight":1.9877},
{"Node_id":36774,"weight":2.5852},
{"Node_id":36775,"weight":1.793},
{"Node_id":36776,"weight":3.0621},
{"Node_id":36777,"weight":2.7029},
{"Node_id":36778,"weight":3.504},
{"Node_id":36779,"weight":1.6553},
{"Node_id":36780,"weight":1.5715},
{"Node_id":36781,"weight":1.9423},
{"Node_id":36782,"weight":1.4481},
{"Node_id":36783,"weight":1.4494},
{"Node_id":36784,"weight":1.5575},
{"Node_id":36785,"weight":5.045},
{"Node_id":36786,"weight":2.1687},
{"Node_id":36787,"weight":1.9915},
{"Node_id":36788,"weight":2.7132},
{"Node_id":36789,"weight":1.9296},
{"Node_id":36790,"weight":2.1072},
{"Node_id":36791,"weight":3.842},
{"Node_id":36792,"weight":1.9259},
{"Node_id":36793,"weight":2.2344},
{"Node_id":36794,"weight":1.5757},
{"Node_id":36795,"weight":2.9852},
{"Node_id":36796,"weight":2.102},
{"Node_id":36797,"weight":1.9423},
{"Node_id":36798,"weight":1.8557},
{"Node_id":36799,"weight":2.2517},
{"Node_id":36800,"weight":2.6911},
{"Node_id":36801,"weight":4.1513},
{"Node_id":36802,"weight":2.9786},
{"Node_id":36803,"weight":5.5957},
{"Node_id":36804,"weight":1.8362},
{"Node_id":36805,"weight":2.7201},
{"Node_id":36806,"weight":2.1796},
{"Node_id":36807,"weight":1.8904},
{"Node_id":36808,"weight":3.2992},
{"Node_id":36809,"weight":1.9764},
{"Node_id":36810,"weight":1.7963},
{"Node_id":36811,"weight":2.1},
{"Node_id":36812,"weight":2.3321},
{"Node_id":36813,"weight":2.3584},
{"Node_id":36814,"weight":3.0574},
{"Node_id":36815,"weight":2.3866},
{"Node_id":36816,"weight":1.5245},
{"Node_id":36817,"weight":1.8387},
{"Node_id":36818,"weight":3.4095},
{"Node_id":36819,"weight":1.9943},
{"Node_id":36820,"weight":1.5722},
{"Node_id":36898,"weight":2.0416},
{"Node_id":36899,"weight":2.127},
{"Node_id":36900,"weight":2.6811},
{"Node_id":36901,"weight":1.8695},
{"Node_id":36902,"weight":2.0309},
{"Node_id":36903,"weight":2.1124},
{"Node_id":36904,"weight":4.5653},
{"Node_id":36905,"weight":2.3996},
{"Node_id":36906,"weight":1.4881},
{"Node_id":36907,"weight":2.7287},
{"Node_id":36908,"weight":3.0905},
{"Node_id":36909,"weight":2.0887},
{"Node_id":36910,"weight":1.4513},
{"Node_id":36915,"weight":4.3534},
{"Node_id":36916,"weight":1.4416},
{"Node_id":36926,"weight":1.9423},
{"Node_id":36927,"weight":2.0745},
{"Node_id":36928,"weight":2.5852},
{"Node_id":36930,"weight":2.7046},
{"Node_id":36931,"weight":1.7703},
{"Node_id":36932,"weight":1.4875},
{"Node_id":36933,"weight":1.6288},
{"Node_id":36941,"weight":1.7639},
{"Node_id":36943,"weight":2.3408},
{"Node_id":36946,"weight":3.4624},
{"Node_id":36947,"weight":1.4147},
{"Node_id":36948,"weight":1.552},
{"Node_id":36949,"weight":3.0139},
{"Node_id":36950,"weight":4.1064},
{"Node_id":36951,"weight":3.6595},
{"Node_id":36952,"weight":1.7276},
{"Node_id":36953,"weight":3.3347},
{"Node_id":36983,"weight":2.4533},
{"Node_id":36984,"weight":2.4221},
{"Node_id":36985,"weight":2.9011},
{"Node_id":36986,"weight":2.274},
{"Node_id":36987,"weight":2.8691},
{"Node_id":36988,"weight":1.397},
{"Node_id":36989,"weight":1.8992},
{"Node_id":36990,"weight":1.5157},
{"Node_id":36991,"weight":2.8496},
{"Node_id":36992,"weight":1.8295},
{"Node_id":36993,"weight":1.6273},
{"Node_id":37059,"weight":1.699},
{"Node_id":37060,"weight":2.1176},
{"Node_id":37064,"weight":2.126},
{"Node_id":37065,"weight":1.6567},
{"Node_id":37067,"weight":2.7462},
{"Node_id":37068,"weight":2.1796},
{"Node_id":37069,"weight":2.1218},
{"Node_id":37070,"weight":1.532},
{"Node_id":37071,"weight":2.8496},
{"Node_id":37072,"weight":3.8038},
{"Node_id":37073,"weight":1.9241},
{"Node_id":37074,"weight":3.5004},
{"Node_id":37075,"weight":2.3635},
{"Node_id":37076,"weight":1.4513},
{"Node_id":37077,"weight":1.5218},
{"Node_id":37078,"weight":1.6951},
{"Node_id":37079,"weight":1.9089},
{"Node_id":37083,"weight":3.0857},
{"Node_id":37084,"weight":2.5852},
{"Node_id":37085,"weight":4.7242},
{"Node_id":37086,"weight":1.956},
{"Node_id":37087,"weight":2.8535},
{"Node_id":37088,"weight":2.1972},
{"Node_id":37089,"weight":2.3609},
{"Node_id":37090,"weight":3.1347},
{"Node_id":37091,"weight":1.9981},
{"Node_id":37092,"weight":4.9264},
{"Node_id":37093,"weight":2.2979},
{"Node_id":37094,"weight":3.5217},
{"Node_id":37095,"weight":2.4909},
{"Node_id":37096,"weight":1.5191},
{"Node_id":37097,"weight":2.1302},
{"Node_id":37098,"weight":1.6967},
{"Node_id":37099,"weight":2.61},
{"Node_id":37100,"weight":2.1493},
{"Node_id":37101,"weight":2.2895},
{"Node_id":37102,"weight":3.1075},
{"Node_id":37103,"weight":1.5444},
{"Node_id":37104,"weight":1.5177},
{"Node_id":37105,"weight":1.4683},
{"Node_id":37106,"weight":2.001},
{"Node_id":37107,"weight":1.4888},
{"Node_id":37108,"weight":1.587},
{"Node_id":37109,"weight":2.5714},
{"Node_id":37110,"weight":1.5527},
{"Node_id":37111,"weight":2.7894},
{"Node_id":37112,"weight":1.4147},
{"Node_id":37113,"weight":1.6739},
{"Node_id":37114,"weight":1.7906},
{"Node_id":37115,"weight":6.264},
{"Node_id":37116,"weight":2.4075},
{"Node_id":37119,"weight":1.5136},
{"Node_id":37120,"weight":3.7806},
{"Node_id":37121,"weight":6.2126},
{"Node_id":37122,"weight":3.0072},
{"Node_id":37123,"weight":3.8275},
{"Node_id":37124,"weight":3.5362},
{"Node_id":37125,"weight":1.9287},
{"Node_id":37126,"weight":2.5836},
{"Node_id":37127,"weight":2.0202},
{"Node_id":37128,"weight":1.9305},
{"Node_id":37129,"weight":1.4749},
{"Node_id":37130,"weight":2.2967},
{"Node_id":37131,"weight":2.9195},
{"Node_id":37223,"weight":2.3271},
{"Node_id":37224,"weight":1.7535},
{"Node_id":37226,"weight":1.9395},
{"Node_id":37227,"weight":1.4134},
{"Node_id":37240,"weight":1.8678},
{"Node_id":37241,"weight":2.2084},
{"Node_id":37242,"weight":1.8095},
{"Node_id":37243,"weight":2.9215},
{"Node_id":37244,"weight":2.7218},
{"Node_id":37245,"weight":1.8404},
{"Node_id":37246,"weight":1.3944},
{"Node_id":37247,"weight":2.2587},
{"Node_id":37248,"weight":1.7074},
{"Node_id":37249,"weight":3.776},
{"Node_id":37250,"weight":4.6363},
{"Node_id":37251,"weight":3.9936},
{"Node_id":37252,"weight":2.231},
{"Node_id":37253,"weight":1.7028},
{"Node_id":37254,"weight":1.9386},
{"Node_id":37255,"weight":1.7144},
{"Node_id":37256,"weight":1.6442},
{"Node_id":37261,"weight":1.4191},
{"Node_id":37262,"weight":1.6229},
{"Node_id":37263,"weight":1.7417},
{"Node_id":37264,"weight":3.6636},
{"Node_id":37265,"weight":1.6853},
{"Node_id":37266,"weight":2.2402},
{"Node_id":37267,"weight":5.4217},
{"Node_id":37268,"weight":1.4217},
{"Node_id":37269,"weight":2.0928},
{"Node_id":37289,"weight":2.3234},
{"Node_id":37308,"weight":5.3555},
{"Node_id":37309,"weight":2.441},
{"Node_id":37310,"weight":1.5506},
{"Node_id":37311,"weight":2.9874},
{"Node_id":37322,"weight":1.6442},
{"Node_id":37323,"weight":1.3869},
{"Node_id":37324,"weight":1.7036},
{"Node_id":37325,"weight":1.789},
{"Node_id":37326,"weight":1.5687},
{"Node_id":37327,"weight":2.2253},
{"Node_id":37328,"weight":3.2619},
{"Node_id":37329,"weight":3.0252},
{"Node_id":37332,"weight":1.6777},
{"Node_id":37334,"weight":4.4451},
{"Node_id":37337,"weight":1.9542},
{"Node_id":37345,"weight":1.886},
{"Node_id":37346,"weight":2.0887},
{"Node_id":37349,"weight":3.5398},
{"Node_id":37350,"weight":2.3699},
{"Node_id":37353,"weight":1.6545},
{"Node_id":37354,"weight":1.9905},
{"Node_id":37355,"weight":2.1312},
{"Node_id":37356,"weight":1.9386},
{"Node_id":37368,"weight":1.6013},
{"Node_id":37369,"weight":2.2705},
{"Node_id":37370,"weight":2.3259},
{"Node_id":37371,"weight":1.5015},
{"Node_id":37372,"weight":1.6339},
{"Node_id":37373,"weight":4.4716},
{"Node_id":37374,"weight":2.0897},
{"Node_id":37375,"weight":2.1665},
{"Node_id":37376,"weight":2.5836},
{"Node_id":37377,"weight":1.9578},
{"Node_id":37378,"weight":3.7991},
{"Node_id":37379,"weight":2.3559},
{"Node_id":37380,"weight":2.3996},
{"Node_id":37381,"weight":1.4982},
{"Node_id":37382,"weight":1.6605},
{"Node_id":37383,"weight":1.9802},
{"Node_id":37384,"weight":2.2129},
{"Node_id":37385,"weight":2.9215},
{"Node_id":37386,"weight":2.5944},
{"Node_id":37390,"weight":2.1072},
{"Node_id":37391,"weight":2.8477},
{"Node_id":37392,"weight":1.4526},
{"Node_id":37393,"weight":1.7711},
{"Node_id":37394,"weight":1.8021},
{"Node_id":37458,"weight":2.9133},
{"Node_id":37459,"weight":1.5076},
{"Node_id":37460,"weight":2.3622},
{"Node_id":37461,"weight":2.9423},
{"Node_id":37462,"weight":2.9874},
{"Node_id":37463,"weight":2.0826},
{"Node_id":37464,"weight":1.726},
{"Node_id":37465,"weight":1.7433},
{"Node_id":37466,"weight":2.223},
{"Node_id":37467,"weight":2.7081},
{"Node_id":37468,"weight":2.936},
{"Node_id":37470,"weight":2.7132},
{"Node_id":37472,"weight":1.9905},
{"Node_id":37473,"weight":1.9018},
{"Node_id":37474,"weight":4.1711},
{"Node_id":37475,"weight":1.4683},
{"Node_id":37476,"weight":2.0695},
{"Node_id":37477,"weight":1.3907},
{"Node_id":37478,"weight":4.7015},
{"Node_id":37480,"weight":1.5863},
{"Node_id":37483,"weight":2.5297},
{"Node_id":37498,"weight":3.8085},
{"Node_id":37499,"weight":1.3894},
{"Node_id":37500,"weight":4.6053},
{"Node_id":37501,"weight":4.4896},
{"Node_id":37502,"weight":3.4591},
{"Node_id":37503,"weight":2.2859},
{"Node_id":37504,"weight":1.5076},
{"Node_id":37505,"weight":1.6085},
{"Node_id":37506,"weight":1.4134},
{"Node_id":37507,"weight":2.0555},
{"Node_id":37509,"weight":1.7252},
{"Node_id":37511,"weight":1.9615},
{"Node_id":37512,"weight":2.1397},
{"Node_id":37513,"weight":2.885},
{"Node_id":37514,"weight":2.3673},
{"Node_id":37515,"weight":1.9359},
{"Node_id":37518,"weight":1.812},
{"Node_id":37519,"weight":2.3471},
{"Node_id":37520,"weight":2.1525},
{"Node_id":37521,"weight":2.2979},
{"Node_id":37522,"weight":4.9264},
{"Node_id":37523,"weight":3.4591},
{"Node_id":37524,"weight":3.4865},
{"Node_id":37525,"weight":2.2716},
{"Node_id":37526,"weight":1.5878},
{"Node_id":37527,"weight":4.9126},
{"Node_id":37528,"weight":1.3951},
{"Node_id":37529,"weight":2.2599},
{"Node_id":37530,"weight":2.1983},
{"Node_id":37531,"weight":1.6694},
{"Node_id":37532,"weight":2.0836},
{"Node_id":37533,"weight":1.8532},
{"Node_id":37534,"weight":2.5564},
{"Node_id":37535,"weight":2.4089},
{"Node_id":37536,"weight":2.1514},
{"Node_id":37537,"weight":2.4262},
{"Node_id":37540,"weight":2.4089},
{"Node_id":37541,"weight":3.1247},
{"Node_id":37544,"weight":1.7639},
{"Node_id":37545,"weight":2.6962},
{"Node_id":37556,"weight":1.5471},
{"Node_id":37557,"weight":1.6898},
{"Node_id":37558,"weight":1.3951},
{"Node_id":37559,"weight":1.6449},
{"Node_id":37560,"weight":2.0705},
{"Node_id":37561,"weight":1.8575},
{"Node_id":37562,"weight":3.2178},
{"Node_id":37563,"weight":2.6337},
{"Node_id":37564,"weight":2.5489},
{"Node_id":37565,"weight":2.0635},
{"Node_id":37566,"weight":2.6194},
{"Node_id":37567,"weight":1.656},
{"Node_id":37568,"weight":2.1939},
{"Node_id":37569,"weight":1.5694},
{"Node_id":37570,"weight":1.7631},
{"Node_id":37571,"weight":1.4255},
{"Node_id":37572,"weight":3.9441},
{"Node_id":37573,"weight":1.4268},
{"Node_id":37574,"weight":1.4403},
{"Node_id":37575,"weight":2.7081},
{"Node_id":37576,"weight":1.6383},
{"Node_id":37577,"weight":1.4808},
{"Node_id":37578,"weight":1.7496},
{"Node_id":37579,"weight":4.9989},
{"Node_id":37580,"weight":1.6672},
{"Node_id":37581,"weight":2.7115},
{"Node_id":37582,"weight":1.4875},
{"Node_id":37583,"weight":1.6412},
{"Node_id":37584,"weight":2.0655},
{"Node_id":37585,"weight":1.6694},
{"Node_id":37586,"weight":1.5771},
{"Node_id":37587,"weight":1.86},
{"Node_id":37588,"weight":5.7732},
{"Node_id":37589,"weight":4.2402},
{"Node_id":37590,"weight":2.5594},
{"Node_id":37591,"weight":6.1171},
{"Node_id":37627,"weight":2.2196},
{"Node_id":37628,"weight":2.6178},
{"Node_id":37629,"weight":4.5951},
{"Node_id":37630,"weight":3.7898},
{"Node_id":37631,"weight":2.9678},
{"Node_id":37668,"weight":1.7315},
{"Node_id":37669,"weight":1.8103},
{"Node_id":37670,"weight":2.6695},
{"Node_id":37671,"weight":1.5673},
{"Node_id":37672,"weight":3.5732},
{"Node_id":37673,"weight":2.0338},
{"Node_id":37674,"weight":2.8652},
{"Node_id":37675,"weight":2.3395},
{"Node_id":37676,"weight":2.4574},
{"Node_id":37677,"weight":3.1099},
{"Node_id":37678,"weight":2.5944},
{"Node_id":37679,"weight":2.1557},
{"Node_id":37680,"weight":3.449},
{"Node_id":37681,"weight":3.7991},
{"Node_id":37682,"weight":1.8712},
{"Node_id":37683,"weight":5.3992},
{"Node_id":37684,"weight":1.8913},
{"Node_id":37688,"weight":1.9359},
{"Node_id":37689,"weight":1.4306},
{"Node_id":37690,"weight":3.3438},
{"Node_id":37691,"weight":3.1807},
{"Node_id":37692,"weight":1.467},
{"Node_id":37693,"weight":3.0095},
{"Node_id":37694,"weight":3.226},
{"Node_id":37695,"weight":2.6084},
{"Node_id":37696,"weight":2.5224},
{"Node_id":37697,"weight":2.0645},
{"Node_id":37698,"weight":1.5513},
{"Node_id":37699,"weight":2.5745},
{"Node_id":37700,"weight":1.4756},
{"Node_id":37729,"weight":2.4451},
{"Node_id":37730,"weight":2.239},
{"Node_id":37731,"weight":2.879},
{"Node_id":37732,"weight":1.879},
{"Node_id":37733,"weight":3.8469},
{"Node_id":37734,"weight":1.9662},
{"Node_id":37735,"weight":1.5849},
{"Node_id":37736,"weight":1.8387},
{"Node_id":37737,"weight":1.4326},
{"Node_id":37738,"weight":2.401},
{"Node_id":37749,"weight":1.5062},
{"Node_id":37750,"weight":2.3609},
{"Node_id":37751,"weight":1.7752},
{"Node_id":37752,"weight":2.0115},
{"Node_id":37753,"weight":1.8087},
{"Node_id":37754,"weight":1.4396},
{"Node_id":37755,"weight":2.1862},
{"Node_id":37756,"weight":2.0846},
{"Node_id":37757,"weight":3.1148},
{"Node_id":37758,"weight":1.5252},
{"Node_id":37759,"weight":4.2546},
{"Node_id":37760,"weight":4.0514},
{"Node_id":37761,"weight":2.6482},
{"Node_id":37762,"weight":1.983},
{"Node_id":37763,"weight":1.712},
{"Node_id":37764,"weight":6.6441},
{"Node_id":37765,"weight":2.7166},
{"Node_id":37843,"weight":3.7898},
{"Node_id":37844,"weight":1.9736},
{"Node_id":37847,"weight":1.4941},
{"Node_id":37848,"weight":3.504},
{"Node_id":37849,"weight":1.5715},
{"Node_id":37850,"weight":3.3652},
{"Node_id":37851,"weight":2.6645},
{"Node_id":37852,"weight":4.0634},
{"Node_id":37853,"weight":3.2178},
{"Node_id":37854,"weight":2.3003},
{"Node_id":37855,"weight":2.6695},
{"Node_id":37856,"weight":4.3614},
{"Node_id":37857,"weight":6.1171},
{"Node_id":37858,"weight":2.3699},
{"Node_id":37859,"weight":3.7806},
{"Node_id":37860,"weight":2.2219},
{"Node_id":37861,"weight":3.6352},
{"Node_id":37862,"weight":1.6171},
{"Node_id":37863,"weight":3.9713},
{"Node_id":37864,"weight":1.983},
{"Node_id":37865,"weight":2.4866},
{"Node_id":37866,"weight":1.5603},
{"Node_id":37867,"weight":5.6232},
{"Node_id":37868,"weight":3.5075},
{"Node_id":37872,"weight":1.4435},
{"Node_id":37873,"weight":1.9708},
{"Node_id":37874,"weight":1.7385},
{"Node_id":37875,"weight":2.1546},
{"Node_id":37882,"weight":2.0545},
{"Node_id":37883,"weight":3.3591},
{"Node_id":37884,"weight":2.0318},
{"Node_id":37885,"weight":3.7624},
{"Node_id":37886,"weight":2.0918},
{"Node_id":37887,"weight":3.4624},
{"Node_id":37888,"weight":2.6353},
{"Node_id":37889,"weight":2.0755},
{"Node_id":37890,"weight":2.6353},
{"Node_id":37891,"weight":1.4795},
{"Node_id":37892,"weight":1.7599},
{"Node_id":37893,"weight":1.4306},
{"Node_id":37894,"weight":1.78},
{"Node_id":37895,"weight":2.0221},
{"Node_id":37896,"weight":1.4332},
{"Node_id":37897,"weight":2.8248},
{"Node_id":37898,"weight":3.2452},
{"Node_id":37901,"weight":4.0049},
{"Node_id":37902,"weight":2.0595},
{"Node_id":37903,"weight":3.1912},
{"Node_id":37907,"weight":1.5743},
{"Node_id":37908,"weight":3.9713},
{"Node_id":37909,"weight":1.6929},
{"Node_id":37939,"weight":1.5828},
{"Node_id":37940,"weight":2.0309},
{"Node_id":37941,"weight":1.4663},
{"Node_id":37942,"weight":1.7082},
{"Node_id":37943,"weight":1.4928},
{"Node_id":37947,"weight":1.5231},
{"Node_id":37948,"weight":2.8116},
{"Node_id":37949,"weight":1.5062},
{"Node_id":37950,"weight":2.7166},
{"Node_id":37951,"weight":2.3458},
{"Node_id":37952,"weight":2.5181},
{"Node_id":37953,"weight":2.7857},
{"Node_id":37954,"weight":1.6739},
{"Node_id":37955,"weight":2.2646},
{"Node_id":37956,"weight":4.9548},
{"Node_id":37957,"weight":3.4456},
{"Node_id":37958,"weight":1.7028},
{"Node_id":37959,"weight":2.0348},
{"Node_id":37960,"weight":2.5066},
{"Node_id":37961,"weight":1.68},
{"Node_id":37962,"weight":1.9802},
{"Node_id":37963,"weight":4.2331},
{"Node_id":37964,"weight":2.2106},
{"Node_id":37965,"weight":2.3699},
{"Node_id":37966,"weight":4.2619},
{"Node_id":37967,"weight":2.2017},
{"Node_id":37968,"weight":2.441},
{"Node_id":37969,"weight":1.602},
{"Node_id":37970,"weight":2.1939},
{"Node_id":37973,"weight":2.4342},
{"Node_id":37974,"weight":1.9161},
{"Node_id":37977,"weight":2.0625},
{"Node_id":37978,"weight":2.4712},
{"Node_id":37979,"weight":2.4698},
{"Node_id":37980,"weight":2.645},
{"Node_id":37981,"weight":2.0348},
{"Node_id":37982,"weight":2.3173},
{"Node_id":37983,"weight":3.6595},
{"Node_id":37984,"weight":1.5143},
{"Node_id":37985,"weight":1.6739},
{"Node_id":37986,"weight":2.0735},
{"Node_id":37987,"weight":1.5506},
{"Node_id":37988,"weight":3.0343},
{"Node_id":37989,"weight":2.5474},
{"Node_id":37990,"weight":1.5701},
{"Node_id":37991,"weight":2.0358},
{"Node_id":37992,"weight":3.9441},
{"Node_id":37993,"weight":2.5385},
{"Node_id":37994,"weight":1.866},
{"Node_id":37995,"weight":1.8506},
{"Node_id":37996,"weight":2.877},
{"Node_id":37997,"weight":1.5204},
{"Node_id":38076,"weight":1.7776},
{"Node_id":38077,"weight":2.8613},
{"Node_id":38078,"weight":1.5934},
{"Node_id":38103,"weight":2.6563},
{"Node_id":38104,"weight":1.8261},
{"Node_id":38105,"weight":3.5435},
{"Node_id":38106,"weight":1.5464},
{"Node_id":38107,"weight":1.6006},
{"Node_id":38183,"weight":1.8286},
{"Node_id":38184,"weight":2.1407},
{"Node_id":38185,"weight":2.4115},
{"Node_id":38186,"weight":2.5297},
{"Node_id":38187,"weight":1.7639},
{"Node_id":38219,"weight":1.3982},
{"Node_id":38220,"weight":2.5699},
{"Node_id":38221,"weight":1.7005},
{"Node_id":38278,"weight":3.005},
{"Node_id":38279,"weight":1.5035},
{"Node_id":38324,"weight":6.3182},
{"Node_id":38325,"weight":1.7512},
{"Node_id":38326,"weight":5.5957},
{"Node_id":38327,"weight":1.4749},
{"Node_id":38328,"weight":4.1846},
{"Node_id":38329,"weight":2.9571},
{"Node_id":38330,"weight":1.4507},
{"Node_id":38331,"weight":4.4988},
{"Node_id":38332,"weight":2.0715},
{"Node_id":38333,"weight":1.7528},
{"Node_id":38334,"weight":1.6747},
{"Node_id":38335,"weight":1.6295},
{"Node_id":38336,"weight":3.3871},
{"Node_id":38337,"weight":1.9551},
{"Node_id":38338,"weight":2.6006},
{"Node_id":38341,"weight":1.6936},
{"Node_id":38342,"weight":2.1103},
{"Node_id":38343,"weight":2.1376},
{"Node_id":38344,"weight":1.6405},
{"Node_id":38345,"weight":2.4671},
{"Node_id":38346,"weight":1.5423},
{"Node_id":38347,"weight":1.4624},
{"Node_id":38348,"weight":6.3182},
{"Node_id":38349,"weight":1.8695},
{"Node_id":38350,"weight":2.0289},
{"Node_id":38352,"weight":4.1318},
{"Node_id":38374,"weight":2.2529},
{"Node_id":38377,"weight":1.6361},
{"Node_id":38379,"weight":5.7105},
{"Node_id":38399,"weight":3.6352},
{"Node_id":38400,"weight":3.356},
{"Node_id":38401,"weight":2.61},
{"Node_id":38402,"weight":1.8992},
{"Node_id":38404,"weight":3.9124},
{"Node_id":38407,"weight":1.5109},
{"Node_id":38410,"weight":2.1535},
{"Node_id":38411,"weight":3.2818},
{"Node_id":38412,"weight":3.9713},
{"Node_id":38413,"weight":1.7623},
{"Node_id":38414,"weight":4.3297},
{"Node_id":38415,"weight":2.0585},
{"Node_id":38416,"weight":2.5474},
{"Node_id":38417,"weight":2.184},
{"Node_id":38418,"weight":2.1643},
{"Node_id":38419,"weight":3.6115},
{"Node_id":38420,"weight":1.854},
{"Node_id":38421,"weight":2.7515},
{"Node_id":38422,"weight":1.8738},
{"Node_id":38423,"weight":2.0846},
{"Node_id":38426,"weight":2.1983},
{"Node_id":38427,"weight":1.5666},
{"Node_id":38428,"weight":3.9658},
{"Node_id":38429,"weight":1.886},
{"Node_id":38430,"weight":1.7955},
{"Node_id":38431,"weight":2.3173},
{"Node_id":38432,"weight":1.9441},
{"Node_id":38433,"weight":1.5279},
{"Node_id":38434,"weight":2.2017},
{"Node_id":38435,"weight":1.5204},
{"Node_id":38436,"weight":2.6596},
{"Node_id":38437,"weight":2.9939},
{"Node_id":38438,"weight":1.5764},
{"Node_id":38439,"weight":1.5123},
{"Node_id":38440,"weight":2.5729},
{"Node_id":38441,"weight":2.1578},
{"Node_id":38442,"weight":2.1407},
{"Node_id":38443,"weight":1.6353},
{"Node_id":38444,"weight":2.3892},
{"Node_id":38445,"weight":2.3039},
{"Node_id":38446,"weight":2.7046},
{"Node_id":38447,"weight":1.6164},
{"Node_id":38448,"weight":1.8295},
{"Node_id":38449,"weight":3.6273},
{"Node_id":38450,"weight":2.9195},
{"Node_id":38455,"weight":1.8566},
{"Node_id":38456,"weight":2.2483},
{"Node_id":38457,"weight":2.2174},
{"Node_id":38458,"weight":2.3533},
{"Node_id":38459,"weight":3.0028},
{"Node_id":38460,"weight":1.5471},
{"Node_id":38461,"weight":3.2017},
{"Node_id":38462,"weight":2.366},
{"Node_id":38463,"weight":2.9195},
{"Node_id":38464,"weight":2.6466},
{"Node_id":38465,"weight":3.416},
{"Node_id":38466,"weight":1.4236},
{"Node_id":38467,"weight":4.0455},
{"Node_id":38468,"weight":2.1687},
{"Node_id":38469,"weight":1.8635},
{"Node_id":38470,"weight":2.7201},
{"Node_id":38471,"weight":1.4968},
{"Node_id":38472,"weight":1.5631},
{"Node_id":38473,"weight":2.6482},
{"Node_id":38474,"weight":2.2811},
{"Node_id":38475,"weight":3.5884},
{"Node_id":38476,"weight":1.9746},
{"Node_id":38477,"weight":3.449},
{"Node_id":38478,"weight":1.9332},
{"Node_id":38479,"weight":2.223},
{"Node_id":38480,"weight":2.7931},
{"Node_id":38487,"weight":1.4928},
{"Node_id":38490,"weight":2.1051},
{"Node_id":38491,"weight":3.1124},
{"Node_id":38492,"weight":3.1002},
{"Node_id":38493,"weight":2.2028},
{"Node_id":38494,"weight":3.9124},
{"Node_id":38495,"weight":3.8372},
{"Node_id":38496,"weight":2.7694},
{"Node_id":38497,"weight":4.0574},
{"Node_id":38498,"weight":7.418},
{"Node_id":38501,"weight":2.4288},
{"Node_id":38502,"weight":4.0514},
{"Node_id":38503,"weight":1.5293},
{"Node_id":38504,"weight":1.5396},
{"Node_id":38508,"weight":2.4329},
{"Node_id":38524,"weight":2.4155},
{"Node_id":38527,"weight":8.1114},
{"Node_id":38528,"weight":1.6434},
{"Node_id":38531,"weight":2.0067},
{"Node_id":38532,"weight":2.0019},
{"Node_id":38533,"weight":3.6432},
{"Node_id":38534,"weight":2.1884},
{"Node_id":38535,"weight":2.2174},
{"Node_id":38536,"weight":2.0836},
{"Node_id":38537,"weight":2.0289},
{"Node_id":38538,"weight":2.6777},
{"Node_id":38539,"weight":2.9465},
{"Node_id":38540,"weight":1.5927},
{"Node_id":38561,"weight":1.7013},
{"Node_id":38562,"weight":2.4356},
{"Node_id":38563,"weight":1.6747},
{"Node_id":38564,"weight":1.4736},
{"Node_id":38565,"weight":2.1145},
{"Node_id":38566,"weight":1.5029},
{"Node_id":38567,"weight":1.5409},
{"Node_id":38568,"weight":1.8669},
{"Node_id":38569,"weight":3.8227},
{"Node_id":38570,"weight":1.7409},
{"Node_id":38571,"weight":2.6037},
{"Node_id":38572,"weight":2.7912},
{"Node_id":38573,"weight":1.9468},
{"Node_id":38574,"weight":4.9989},
{"Node_id":38575,"weight":1.4855},
{"Node_id":38576,"weight":1.843},
{"Node_id":38577,"weight":1.8773},
{"Node_id":38578,"weight":2.8633},
{"Node_id":38579,"weight":6.3182},
{"Node_id":38580,"weight":2.2196},
{"Node_id":38581,"weight":3.1002},
{"Node_id":38582,"weight":1.5306},
{"Node_id":38583,"weight":3.3591},
{"Node_id":38584,"weight":1.5347},
{"Node_id":38585,"weight":1.4468},
{"Node_id":38586,"weight":1.6649},
{"Node_id":38587,"weight":1.7599},
{"Node_id":38588,"weight":2.2425},
{"Node_id":38589,"weight":2.0615},
{"Node_id":38590,"weight":1.3875},
{"Node_id":38591,"weight":2.321},
{"Node_id":38592,"weight":4.4538},
{"Node_id":38593,"weight":1.4789},
{"Node_id":38594,"weight":1.4572},
{"Node_id":38595,"weight":2.6678},
{"Node_id":38596,"weight":6.5008},
{"Node_id":38597,"weight":5.4685},
{"Node_id":38598,"weight":1.7575},
{"Node_id":38599,"weight":1.9662},
{"Node_id":38600,"weight":1.532},
{"Node_id":38601,"weight":1.5002},
{"Node_id":38602,"weight":1.4578},
{"Node_id":38603,"weight":4.3858},
{"Node_id":38606,"weight":3.2876},
{"Node_id":38607,"weight":3.6885},
{"Node_id":38608,"weight":2.0058},
{"Node_id":38609,"weight":2.0397},
{"Node_id":38610,"weight":1.6523},
{"Node_id":38611,"weight":6.4362},
{"Node_id":38612,"weight":1.86},
{"Node_id":38613,"weight":1.6959},
{"Node_id":38614,"weight":2.1643},
{"Node_id":38615,"weight":1.5736},
{"Node_id":38733,"weight":1.6822},
{"Node_id":38734,"weight":1.9395},
{"Node_id":38735,"weight":1.5245},
{"Node_id":38736,"weight":3.6554},
{"Node_id":38737,"weight":3.3714},
{"Node_id":38740,"weight":1.4585},
{"Node_id":38741,"weight":2.0705},
{"Node_id":38795,"weight":1.6982},
{"Node_id":38796,"weight":2.1093},
{"Node_id":38797,"weight":2.2669},
{"Node_id":38798,"weight":2.521},
{"Node_id":38799,"weight":1.9839},
{"Node_id":38800,"weight":2.4248},
{"Node_id":38801,"weight":1.752},
{"Node_id":38802,"weight":2.576},
{"Node_id":38858,"weight":2.4383},
{"Node_id":38859,"weight":1.9934},
{"Node_id":38860,"weight":1.8913},
{"Node_id":38861,"weight":4.4108},
{"Node_id":38862,"weight":1.9597},
{"Node_id":38863,"weight":1.659},
{"Node_id":38870,"weight":1.9223},
{"Node_id":38871,"weight":2.0173},
{"Node_id":38872,"weight":3.9604},
{"Node_id":38981,"weight":2.579},
{"Node_id":38982,"weight":2.205},
{"Node_id":38983,"weight":3.504},
{"Node_id":38984,"weight":1.4624},
{"Node_id":38991,"weight":5.8753},
{"Node_id":38992,"weight":2.7046},
{"Node_id":38993,"weight":1.4422},
{"Node_id":38994,"weight":3.4899},
{"Node_id":38995,"weight":2.6995},
{"Node_id":38996,"weight":3.0833},
{"Node_id":38997,"weight":1.6501},
{"Node_id":38998,"weight":2.5609},
{"Node_id":38999,"weight":2.4049},
{"Node_id":39000,"weight":2.2276},
{"Node_id":39001,"weight":3.248},
{"Node_id":39002,"weight":2.1376},
{"Node_id":39003,"weight":1.5694},
{"Node_id":39004,"weight":1.901},
{"Node_id":39005,"weight":1.9792},
{"Node_id":39006,"weight":1.9487},
{"Node_id":39007,"weight":3.1026},
{"Node_id":39008,"weight":1.4172},
{"Node_id":39015,"weight":3.1807},
{"Node_id":39016,"weight":3.0762},
{"Node_id":39017,"weight":4.1383},
{"Node_id":39018,"weight":1.683},
{"Node_id":39019,"weight":2.4615},
{"Node_id":39020,"weight":1.719},
{"Node_id":39021,"weight":2.214},
{"Node_id":39022,"weight":1.7639},
{"Node_id":39023,"weight":1.4709},
{"Node_id":39024,"weight":2.0725},
{"Node_id":39025,"weight":1.517},
{"Node_id":39026,"weight":1.6747},
{"Node_id":39030,"weight":3.4356},
{"Node_id":39031,"weight":3.3871},
{"Node_id":39032,"weight":2.027},
{"Node_id":39033,"weight":3.714},
{"Node_id":39034,"weight":2.3112},
{"Node_id":39035,"weight":1.6605},
{"Node_id":39036,"weight":1.9886},
{"Node_id":39037,"weight":4.7832},
{"Node_id":39038,"weight":1.9377},
{"Node_id":39039,"weight":1.8128},
{"Node_id":39050,"weight":3.1938},
{"Node_id":39051,"weight":2.5415},
{"Node_id":39052,"weight":1.5548},
{"Node_id":39053,"weight":1.5807},
{"Node_id":39054,"weight":2.2356},
{"Node_id":39055,"weight":2.3136},
{"Node_id":39056,"weight":1.7607},
{"Node_id":39057,"weight":3.4356},
{"Node_id":39058,"weight":2.6728},
{"Node_id":39059,"weight":1.628},
{"Node_id":39060,"weight":1.5225},
{"Node_id":39063,"weight":3.7054},
{"Node_id":39082,"weight":3.4865},
{"Node_id":39083,"weight":4.226},
{"Node_id":39084,"weight":2.7857},
{"Node_id":39120,"weight":1.6875},
{"Node_id":39121,"weight":4.6793},
{"Node_id":39122,"weight":1.6792},
{"Node_id":39123,"weight":2.0775},
{"Node_id":39124,"weight":2.6777},
{"Node_id":39125,"weight":3.2619},
{"Node_id":39126,"weight":1.6288},
{"Node_id":39127,"weight":4.8458},
{"Node_id":39128,"weight":1.822},
{"Node_id":39129,"weight":2.6482},
{"Node_id":39130,"weight":4.9264},
{"Node_id":39131,"weight":1.4115},
{"Node_id":39132,"weight":5.11},
{"Node_id":39133,"weight":3.3777},
{"Node_id":39134,"weight":2.2413},
{"Node_id":39135,"weight":2.5195},
{"Node_id":39136,"weight":3.3347},
{"Node_id":39137,"weight":2.1557},
{"Node_id":39138,"weight":1.4921},
{"Node_id":39139,"weight":3.1447},
{"Node_id":39140,"weight":1.6657},
{"Node_id":39141,"weight":3.9604},
{"Node_id":39142,"weight":2.5254},
{"Node_id":39143,"weight":5.2159},
{"Node_id":39144,"weight":2.1546},
{"Node_id":39145,"weight":2.3124},
{"Node_id":39146,"weight":1.5143},
{"Node_id":39147,"weight":3.6718},
{"Node_id":39148,"weight":2.576},
{"Node_id":39149,"weight":2.3879},
{"Node_id":39150,"weight":3.3903},
{"Node_id":39151,"weight":5.1975},
{"Node_id":39152,"weight":2.9402},
{"Node_id":39153,"weight":2.2752},
{"Node_id":39154,"weight":2.342},
{"Node_id":39155,"weight":3.3529},
{"Node_id":39156,"weight":1.5423},
{"Node_id":39157,"weight":2.9593},
{"Node_id":39158,"weight":1.6754},
{"Node_id":39159,"weight":3.3621},
{"Node_id":39160,"weight":1.8396},
{"Node_id":39161,"weight":2.2634},
{"Node_id":39215,"weight":2.2775},
{"Node_id":39216,"weight":2.2859},
{"Node_id":39217,"weight":2.4574},
{"Node_id":39218,"weight":3.0006},
{"Node_id":39219,"weight":2.3149},
{"Node_id":39220,"weight":2.5181},
{"Node_id":39221,"weight":1.5327},
{"Node_id":39222,"weight":1.5143},
{"Node_id":39223,"weight":2.5729},
{"Node_id":39334,"weight":2.9962},
{"Node_id":39343,"weight":1.4306},
{"Node_id":39345,"weight":2.173},
{"Node_id":39346,"weight":2.9786},
{"Node_id":39347,"weight":2.7322},
{"Node_id":39348,"weight":1.4185},
{"Node_id":39349,"weight":3.1124},
{"Node_id":39352,"weight":2.1386},
{"Node_id":39353,"weight":2.1665},
{"Node_id":39563,"weight":3.105},
{"Node_id":39564,"weight":2.3699},
{"Node_id":39565,"weight":3.3317},
{"Node_id":39566,"weight":1.5109},
{"Node_id":39569,"weight":3.4258},
{"Node_id":39570,"weight":1.6777},
{"Node_id":39571,"weight":1.5029},
{"Node_id":39572,"weight":2.6979},
{"Node_id":39573,"weight":3.3347},
{"Node_id":39574,"weight":2.1482},
{"Node_id":39575,"weight":2.397},
{"Node_id":39576,"weight":2.9765},
{"Node_id":39577,"weight":1.9588},
{"Node_id":39621,"weight":2.3763},
{"Node_id":39622,"weight":1.4229},
{"Node_id":39623,"weight":3.3347},
{"Node_id":39624,"weight":2.5867},
{"Node_id":39625,"weight":1.9404},
{"Node_id":39626,"weight":1.8904},
{"Node_id":39627,"weight":2.4089},
{"Node_id":39628,"weight":2.2494},
{"Node_id":39629,"weight":2.0318},
{"Node_id":39630,"weight":3.8132},
{"Node_id":39631,"weight":2.5579},
{"Node_id":39632,"weight":1.9107},
{"Node_id":39633,"weight":1.4396},
{"Node_id":39634,"weight":2.1632},
{"Node_id":39635,"weight":2.481},
{"Node_id":39636,"weight":3.0667},
{"Node_id":39637,"weight":2.3711},
{"Node_id":39638,"weight":2.1654},
{"Node_id":39639,"weight":1.7213},
{"Node_id":39640,"weight":2.274},
{"Node_id":39641,"weight":1.8387},
{"Node_id":39642,"weight":2.2657},
{"Node_id":39643,"weight":2.3259},
{"Node_id":39644,"weight":2.9215},
{"Node_id":39645,"weight":1.4975},
{"Node_id":39682,"weight":1.532},
{"Node_id":39683,"weight":3.5845},
{"Node_id":39684,"weight":1.9551},
{"Node_id":39685,"weight":2.1752},
{"Node_id":39686,"weight":1.8816},
{"Node_id":39687,"weight":2.7374},
{"Node_id":39688,"weight":1.4026},
{"Node_id":39689,"weight":2.9571},
{"Node_id":39690,"weight":5.4217},
{"Node_id":39691,"weight":1.3888},
{"Node_id":39692,"weight":4.5951},
{"Node_id":39693,"weight":1.9551},
{"Node_id":39694,"weight":3.8918},
{"Node_id":39695,"weight":1.4611},
{"Node_id":39696,"weight":1.7151},
{"Node_id":39697,"weight":1.4166},
{"Node_id":39698,"weight":3.9992},
{"Node_id":39705,"weight":2.5519},
{"Node_id":39709,"weight":4.226},
{"Node_id":39710,"weight":1.5527},
{"Node_id":39711,"weight":2.0555},
{"Node_id":39748,"weight":3.416},
{"Node_id":39749,"weight":2.8516},
{"Node_id":39750,"weight":2.0856},
{"Node_id":39751,"weight":2.0745},
{"Node_id":39752,"weight":2.0959},
{"Node_id":39753,"weight":2.1482},
{"Node_id":39754,"weight":1.568},
{"Node_id":39755,"weight":3.0435},
{"Node_id":39756,"weight":1.5701},
{"Node_id":39757,"weight":2.0755},
{"Node_id":39758,"weight":1.5589},
{"Node_id":39759,"weight":1.4261},
{"Node_id":39760,"weight":2.9444},
{"Node_id":39761,"weight":2.474},
{"Node_id":39762,"weight":2.4615},
{"Node_id":39763,"weight":1.615},
{"Node_id":39765,"weight":3.4795},
{"Node_id":39766,"weight":3.0905},
{"Node_id":39769,"weight":2.5564},
{"Node_id":39770,"weight":1.3982},
{"Node_id":39771,"weight":2.1249},
{"Node_id":39772,"weight":2.61},
{"Node_id":39773,"weight":4.9126},
{"Node_id":39774,"weight":2.599},
{"Node_id":39775,"weight":1.532},
{"Node_id":39776,"weight":1.7268},
{"Node_id":39777,"weight":1.465},
{"Node_id":39778,"weight":2.5239},
{"Node_id":39779,"weight":1.9179},
{"Node_id":39795,"weight":3.1885},
{"Node_id":39796,"weight":2.7115},
{"Node_id":39797,"weight":2.9529},
{"Node_id":39798,"weight":3.6115},
{"Node_id":39799,"weight":4.0221},
{"Node_id":39800,"weight":2.7166},
{"Node_id":39801,"weight":1.421},
{"Node_id":39802,"weight":2.8023},
{"Node_id":39803,"weight":2.0407},
{"Node_id":39804,"weight":3.0905},
{"Node_id":39805,"weight":3.3999},
{"Node_id":39806,"weight":2.2775},
{"Node_id":39807,"weight":2.4657},
{"Node_id":39811,"weight":1.8878},
{"Node_id":39812,"weight":2.8613},
{"Node_id":39813,"weight":2.0397},
{"Node_id":39814,"weight":2.145},
{"Node_id":39850,"weight":1.6997},
{"Node_id":39851,"weight":1.8965},
{"Node_id":39852,"weight":3.1807},
{"Node_id":39880,"weight":2.6257},
{"Node_id":39881,"weight":3.9441},
{"Node_id":39882,"weight":1.3988},
{"Node_id":39883,"weight":2.6645},
{"Node_id":39884,"weight":1.6493},
{"Node_id":39885,"weight":4.8203},
{"Node_id":39886,"weight":2.0856},
{"Node_id":39964,"weight":1.8379},
{"Node_id":39965,"weight":4.0279},
{"Node_id":39966,"weight":2.6563},
{"Node_id":39967,"weight":1.4604},
{"Node_id":39968,"weight":1.7583},
{"Node_id":39969,"weight":3.7313},
{"Node_id":39985,"weight":1.6442},
{"Node_id":39986,"weight":2.3983},
{"Node_id":39988,"weight":1.4249},
{"Node_id":39990,"weight":2.3571},
{"Node_id":39991,"weight":2.5283},
{"Node_id":39992,"weight":2.5459},
{"Node_id":39993,"weight":1.656},
{"Node_id":39994,"weight":3.0667},
{"Node_id":39995,"weight":3.1472},
{"Node_id":40010,"weight":1.7583},
{"Node_id":40011,"weight":3.1755},
{"Node_id":40028,"weight":1.7881},
{"Node_id":40029,"weight":4.4538},
{"Node_id":40030,"weight":1.8128},
{"Node_id":40031,"weight":5.4927},
{"Node_id":40032,"weight":1.8278},
{"Node_id":40033,"weight":1.7841},
{"Node_id":40034,"weight":2.3371},
{"Node_id":40035,"weight":1.9953},
{"Node_id":40036,"weight":3.7226},
{"Node_id":40037,"weight":4.4192},
{"Node_id":40038,"weight":1.8825},
{"Node_id":40039,"weight":1.8421},
{"Node_id":40050,"weight":1.469},
{"Node_id":40051,"weight":2.9657},
{"Node_id":40052,"weight":2.6894},
{"Node_id":40053,"weight":2.7339},
{"Node_id":40054,"weight":3.5472},
{"Node_id":40055,"weight":3.2507},
{"Node_id":40056,"weight":2.7115},
{"Node_id":40057,"weight":3.7535},
{"Node_id":40058,"weight":2.4102},
{"Node_id":40059,"weight":1.8337},
{"Node_id":40060,"weight":6.8113},
{"Node_id":40061,"weight":1.6732},
{"Node_id":40076,"weight":2.4181},
{"Node_id":40077,"weight":3.2178},
{"Node_id":40078,"weight":1.4166},
{"Node_id":40079,"weight":2.3483},
{"Node_id":40083,"weight":3.4624},
{"Node_id":40084,"weight":2.0959},
{"Node_id":40085,"weight":1.9606},
{"Node_id":40086,"weight":1.6515},
{"Node_id":40087,"weight":1.5002},
{"Node_id":40088,"weight":1.5534},
{"Node_id":40089,"weight":2.5254},
{"Node_id":40090,"weight":2.6353},
{"Node_id":40091,"weight":2.4262},
{"Node_id":40092,"weight":2.4248},
{"Node_id":40093,"weight":2.5519},
{"Node_id":40206,"weight":2.2943},
{"Node_id":40207,"weight":5.7105},
{"Node_id":40208,"weight":2.5609},
{"Node_id":40209,"weight":2.1983},
{"Node_id":40210,"weight":1.7417},
{"Node_id":40211,"weight":2.1113},
{"Node_id":40245,"weight":5.077},
{"Node_id":40246,"weight":2.2764},
{"Node_id":40247,"weight":6.4362},
{"Node_id":40248,"weight":1.3944},
{"Node_id":40249,"weight":2.0525},
{"Node_id":40250,"weight":3.0481},
{"Node_id":40251,"weight":4.5951},
{"Node_id":40252,"weight":2.9444},
{"Node_id":40253,"weight":1.4242},
{"Node_id":40254,"weight":3.0072},
{"Node_id":40255,"weight":2.7287},
{"Node_id":40256,"weight":1.726},
{"Node_id":40257,"weight":2.4505},
{"Node_id":40258,"weight":2.3408},
{"Node_id":40259,"weight":3.449},
{"Node_id":40260,"weight":5.0141},
{"Node_id":40261,"weight":3.2704},
{"Node_id":40262,"weight":1.7151},
{"Node_id":40263,"weight":2.0565},
{"Node_id":40264,"weight":5.8753},
{"Node_id":40265,"weight":1.4995},
{"Node_id":40266,"weight":2.599},
{"Node_id":40267,"weight":1.793},
{"Node_id":40268,"weight":3.3683},
{"Node_id":40269,"weight":1.9699},
{"Node_id":40270,"weight":2.5975},
{"Node_id":40271,"weight":2.1461},
{"Node_id":40272,"weight":1.4565},
{"Node_id":40273,"weight":2.4464},
{"Node_id":40274,"weight":2.4288},
{"Node_id":40275,"weight":1.4198},
{"Node_id":40276,"weight":1.5548},
{"Node_id":40277,"weight":2.5821},
{"Node_id":40278,"weight":1.5002},
{"Node_id":40279,"weight":3.4934},
{"Node_id":40280,"weight":3.1075},
{"Node_id":40281,"weight":1.9089},
{"Node_id":40282,"weight":2.4881},
{"Node_id":40283,"weight":1.4941},
{"Node_id":40284,"weight":1.8145},
{"Node_id":40285,"weight":1.7776},
{"Node_id":40286,"weight":7.418},
{"Node_id":40287,"weight":2.145},
{"Node_id":40288,"weight":3.3871},
{"Node_id":40289,"weight":2.881},
{"Node_id":40292,"weight":1.6419},
{"Node_id":40294,"weight":3.1912},
{"Node_id":40295,"weight":3.3438},
{"Node_id":40296,"weight":4.3143},
{"Node_id":40297,"weight":1.6368},
{"Node_id":40299,"weight":2.205},
{"Node_id":40300,"weight":1.7825},
{"Node_id":40302,"weight":3.2287},
{"Node_id":40319,"weight":2.1386},
{"Node_id":40320,"weight":1.4915},
{"Node_id":40321,"weight":3.248},
{"Node_id":40322,"weight":2.173},
{"Node_id":40323,"weight":2.7569},
{"Node_id":40324,"weight":1.6085},
{"Node_id":40325,"weight":3.1885},
{"Node_id":40326,"weight":1.6099},
{"Node_id":40327,"weight":4.0514},
{"Node_id":40328,"weight":2.16},
{"Node_id":40329,"weight":2.0765},
{"Node_id":40330,"weight":2.4796},
{"Node_id":40333,"weight":1.7097},
{"Node_id":40334,"weight":1.5701},
{"Node_id":40335,"weight":1.7393},
{"Node_id":40336,"weight":3.9936},
{"Node_id":40337,"weight":1.5225},
{"Node_id":40338,"weight":2.0775},
{"Node_id":40339,"weight":1.8228},
{"Node_id":40340,"weight":2.2811},
{"Node_id":40341,"weight":1.8869},
{"Node_id":40342,"weight":1.5942},
{"Node_id":40343,"weight":1.6099},
{"Node_id":40344,"weight":1.5177},
{"Node_id":40345,"weight":1.6027},
{"Node_id":40346,"weight":1.5204},
{"Node_id":40347,"weight":2.2471},
{"Node_id":40348,"weight":1.6523},
{"Node_id":40349,"weight":5.0141},
{"Node_id":40350,"weight":2.7766},
{"Node_id":40351,"weight":4.833},
{"Node_id":40352,"weight":2.2084},
{"Node_id":40353,"weight":3.6392},
{"Node_id":40354,"weight":2.7876},
{"Node_id":40355,"weight":4.7474},
{"Node_id":40358,"weight":0.1294},
{"Node_id":40359,"weight":1.2721},
{"Node_id":40360,"weight":3.2676},
{"Node_id":40365,"weight":1.4204},
{"Node_id":40366,"weight":0.4561},
{"Node_id":40373,"weight":2.5166},
{"Node_id":40381,"weight":1.6822},
{"Node_id":40406,"weight":0.7598},
{"Node_id":40432,"weight":4.0878},
{"Node_id":40439,"weight":3.7011},
{"Node_id":40452,"weight":3.429},
{"Node_id":40455,"weight":0.3437},
{"Node_id":40462,"weight":0.3602},
{"Node_id":40466,"weight":4.8988},
{"Node_id":40467,"weight":1.7535},
{"Node_id":40501,"weight":2.5195},
{"Node_id":40511,"weight":0.5849},
{"Node_id":40519,"weight":0.2408},
{"Node_id":40523,"weight":0.2884},
{"Node_id":40527,"weight":0.9714},
{"Node_id":40530,"weight":0.2745},
{"Node_id":40660,"weight":1.8379},
{"Node_id":41444,"weight":1.39},
{"Node_id":41445,"weight":2.9896},
{"Node_id":41448,"weight":1.8878},
{"Node_id":41450,"weight":2.1333},
{"Node_id":41460,"weight":1.3081},
{"Node_id":41465,"weight":0.1378},
{"Node_id":41467,"weight":2.4356},
{"Node_id":41473,"weight":0.8217},
{"Node_id":41476,"weight":0.2152},
{"Node_id":41483,"weight":5.4927},
{"Node_id":41485,"weight":0.1463},
{"Node_id":41489,"weight":1.1521},
{"Node_id":41512,"weight":1.901},
{"Node_id":41519,"weight":0.3789},
{"Node_id":41571,"weight":0.4583},
{"Node_id":41573,"weight":0.6745},
{"Node_id":41576,"weight":1.1703},
{"Node_id":41593,"weight":0.795},
{"Node_id":41597,"weight":2.6162},
{"Node_id":41602,"weight":1.5008},
{"Node_id":41625,"weight":1.0299},
{"Node_id":41626,"weight":2.508},
{"Node_id":41629,"weight":1.014},
{"Node_id":41650,"weight":2.1676},
{"Node_id":41892,"weight":1.6114},
{"Node_id":41965,"weight":0.5941},
{"Node_id":41976,"weight":0.5117},
{"Node_id":41988,"weight":1.4064},
{"Node_id":41991,"weight":4.833},
{"Node_id":41992,"weight":0.7291}]