[{"p":"P54","wikiID":NULL,"s":"Q31377","Node_id":0,"weight":0.27322,"o":"Q3873511","polarity":FALSE},
{"p":"P54","wikiID":NULL,"s":"Q31377","Node_id":1,"weight":0.29215,"o":"Q3873511","polarity":FALSE},
{"p":"P54","wikiID":NULL,"s":"Q5024","Node_id":2,"weight":0.33078998,"o":"Q3873511","polarity":FALSE},
{"p":"P54","wikiID":NULL,"s":"Q5024","Node_id":3,"weight":0.38968998,"o":"Q3873511","polarity":FALSE},
{"p":"P54","wikiID":NULL,"s":"Q5024","Node_id":4,"weight":0.23710999,"o":"Q3873511","polarity":FALSE},
{"p":"P54","wikiID":NULL,"s":"Q31377","Node_id":5,"weight":0.16186,"o":"Q3873511","polarity":FALSE},
{"p":"P54","wikiID":NULL,"s":"Q5024","Node_id":6,"weight":0.15444,"o":"Q3873511","polarity":FALSE},
{"p":"P54","wikiID":NULL,"s":"Q5024","Node_id":7,"weight":0.48203,"o":"Q3873511","polarity":FALSE},
{"p":"P54","wikiID":NULL,"s":"Q31377","Node_id":8,"weight":0.14881,"o":"Q3873511","polarity":FALSE},
{"p":"P54","wikiID":NULL,"s":"Q5024","Node_id":9,"weight":0.35472,"o":"Q3873511","polarity":FALSE},
{"p":"P54","wikiID":NULL,"s":"Q31377","Node_id":10,"weight":0.20019,"o":"Q3873511","polarity":FALSE},
{"p":"P54","wikiID":NULL,"s":"Q5024","Node_id":11,"weight":0.35922,"o":"Q3873511","polarity":FALSE},
{"p":"P54","wikiID":NULL,"s":"Q31377","Node_id":12,"weight":0.30389,"o":"Q3873511","polarity":FALSE},
{"p":"P54","wikiID":NULL,"s":"Q5024","Node_id":13,"weight":0.3483,"o":"Q3873511","polarity":FALSE},
{"p":"P54","wikiID":NULL,"s":"Q31377","Node_id":14,"weight":0.20585,"o":"Q3873511","polarity":FALSE},
{"p":"P54","wikiID":NULL,"s":"Q5024","Node_id":15,"weight":0.32479998,"o":"Q3873511","polarity":FALSE},
{"p":"P54","wikiID":NULL,"s":"Q39209","Node_id":16,"weight":0.27586,"o":"Q3873511","polarity":FALSE},
{"p":"P54","wikiID":NULL,"s":"Q18765","Node_id":17,"weight":0.1656,"o":"Q3873511","polarity":FALSE},
{"p":"P54","wikiID":NULL,"s":"Q31377","Node_id":18,"weight":0.15368,"o":"Q3873511","polarity":FALSE},
{"p":"P54","wikiID":NULL,"s":"Q1918","Node_id":19,"weight":0.24519,"o":"Q3873511","polarity":FALSE},
{"p":"P54","wikiID":NULL,"s":"Q18765","Node_id":20,"weight":0.26744002,"o":"Q3873511","polarity":FALSE},
{"p":"P54","wikiID":NULL,"s":"Q1918","Node_id":21,"weight":0.46576,"o":"Q3873511","polarity":FALSE},
{"p":"P54","wikiID":NULL,"s":"Q5024","Node_id":22,"weight":0.63754,"o":"Q3873511","polarity":FALSE},
{"p":"P54","wikiID":NULL,"s":"Q1918","Node_id":23,"weight":0.21343999,"o":"Q3873511","polarity":FALSE},
{"p":"P54","wikiID":NULL,"s":"Q1918","Node_id":24,"weight":0.56515,"o":"Q3873511","polarity":FALSE},
{"p":"P54","wikiID":NULL,"s":"Q39209","Node_id":25,"weight":0.22774999,"o":"Q3873511","polarity":FALSE},
{"p":"P54","wikiID":NULL,"s":"Q5024","Node_id":26,"weight":0.29072002,"o":"Q3873511","polarity":FALSE},
{"p":"P54","wikiID":NULL,"s":"Q5024","Node_id":27,"weight":0.27551,"o":"Q3873511","polarity":FALSE},
{"p":"P54","wikiID":NULL,"s":"Q39209","Node_id":28,"weight":0.24275,"o":"Q3873511","polarity":FALSE},
{"p":"P54","wikiID":NULL,"s":"Q5024","Node_id":29,"weight":0.16237,"o":"Q3873511","polarity":FALSE},
{"p":"P54","wikiID":NULL,"s":"Q1918","Node_id":30,"weight":0.28750998,"o":"Q3873511","polarity":FALSE},
{"p":"P54","wikiID":NULL,"s":"Q5024","Node_id":31,"weight":0.26844,"o":"Q3873511","polarity":FALSE},
{"p":"P54","wikiID":NULL,"s":"Q31377","Node_id":32,"weight":0.19268,"o":"Q3873511","polarity":FALSE},
{"p":"P54","wikiID":NULL,"s":"Q31377","Node_id":33,"weight":0.20515001,"o":"Q3873511","polarity":FALSE},
{"p":"P54","wikiID":NULL,"s":"Q5024","Node_id":34,"weight":0.17206,"o":"Q3873511","polarity":FALSE},
{"p":"P54","wikiID":NULL,"s":"Q5024","Node_id":35,"weight":0.23075,"o":"Q3873511","polarity":FALSE},
{"p":"P54","wikiID":NULL,"s":"Q18765","Node_id":36,"weight":0.26273,"o":"Q3873511","polarity":FALSE},
{"p":"P54","wikiID":NULL,"s":"Q1918","Node_id":37,"weight":0.15197,"o":"Q3873511","polarity":FALSE},
{"p":"P54","wikiID":NULL,"s":"Q5024","Node_id":38,"weight":0.20048001,"o":"Q3873511","polarity":FALSE},
{"p":"P54","wikiID":NULL,"s":"Q18765","Node_id":39,"weight":0.17136,"o":"Q3873511","polarity":FALSE},
{"p":"P54","wikiID":NULL,"s":"Q5024","Node_id":40,"weight":0.14995,"o":"Q3873511","polarity":FALSE},
{"p":"P54","wikiID":NULL,"s":"Q31377","Node_id":41,"weight":0.25445002,"o":"Q3873511","polarity":FALSE},
{"p":"P54","wikiID":NULL,"s":"Q5024","Node_id":42,"weight":0.16754,"o":"Q3873511","polarity":FALSE},
{"p":"P54","wikiID":NULL,"s":"Q31377","Node_id":43,"weight":0.16433999,"o":"Q3873511","polarity":FALSE},
{"p":"P54","wikiID":NULL,"s":"Q5024","Node_id":44,"weight":0.20348,"o":"Q3873511","polarity":FALSE},
{"p":"P54","wikiID":NULL,"s":"Q18765","Node_id":45,"weight":0.27322,"o":"Q3873511","polarity":FALSE},
{"p":"P54","wikiID":NULL,"s":"Q5024","Node_id":46,"weight":0.37669,"o":"Q3873511","polarity":FALSE},
{"p":"P54","wikiID":NULL,"s":"Q18765","Node_id":47,"weight":0.21503,"o":"Q3873511","polarity":FALSE},
{"p":"P54","wikiID":NULL,"s":"Q5024","Node_id":48,"weight":0.18913,"o":"Q3873511","polarity":FALSE},
{"p":"P54","wikiID":NULL,"s":"Q31377","Node_id":49,"weight":0.51269,"o":"Q3873511","polarity":FALSE},
{"p":"P54","wikiID":NULL,"s":"Q31377","Node_id":50,"weight":0.17662999,"o":"Q3873511","polarity":FALSE},
{"p":"P54","wikiID":NULL,"s":"Q1918","Node_id":51,"weight":0.297,"o":"Q3873511","polarity":FALSE},
{"p":"P54","wikiID":NULL,"s":"Q31377","Node_id":52,"weight":0.30297,"o":"Q3873511","polarity":FALSE},
{"p":"P54","wikiID":NULL,"s":"Q31377","Node_id":53,"weight":0.26305002,"o":"Q3873511","polarity":FALSE}]