[{"Inferred_node_ids":[4162],"Node_id":31677},
{"Inferred_node_ids":[6],"Node_id":31678},
{"Inferred_node_ids":[3],"Node_id":31679},
{"Inferred_node_ids":[13],"Node_id":31680},
{"Inferred_node_ids":[15],"Node_id":31681},
{"Inferred_node_ids":[2],"Node_id":31682},
{"Inferred_node_ids":[1],"Node_id":31683},
{"Inferred_node_ids":[39],"Node_id":32528},
{"Inferred_node_ids":[9],"Node_id":32529},
{"Inferred_node_ids":[30],"Node_id":32530},
{"Inferred_node_ids":[45],"Node_id":32531},
{"Inferred_node_ids":[47],"Node_id":32532},
{"Inferred_node_ids":[26],"Node_id":32533},
{"Inferred_node_ids":[50],"Node_id":32703},
{"Inferred_node_ids":[28],"Node_id":32704},
{"Inferred_node_ids":[52],"Node_id":32705},
{"Inferred_node_ids":[36],"Node_id":32706},
{"Inferred_node_ids":[22],"Node_id":32707},
{"Inferred_node_ids":[14],"Node_id":32708},
{"Inferred_node_ids":[18],"Node_id":32709},
{"Inferred_node_ids":[27],"Node_id":32710},
{"Inferred_node_ids":[40],"Node_id":32711},
{"Inferred_node_ids":[33],"Node_id":32712},
{"Inferred_node_ids":[21],"Node_id":32713},
{"Inferred_node_ids":[32],"Node_id":32714},
{"Inferred_node_ids":[43],"Node_id":32715},
{"Inferred_node_ids":[17],"Node_id":32716},
{"Inferred_node_ids":[4163],"Node_id":32717},
{"Inferred_node_ids":[19],"Node_id":32718},
{"Inferred_node_ids":[4],"Node_id":32719},
{"Inferred_node_ids":[7],"Node_id":32720},
{"Inferred_node_ids":[31],"Node_id":32721},
{"Inferred_node_ids":[5],"Node_id":32722},
{"Inferred_node_ids":[29],"Node_id":35153},
{"Inferred_node_ids":[11],"Node_id":35154},
{"Inferred_node_ids":[44],"Node_id":35156},
{"Inferred_node_ids":[10],"Node_id":35157},
{"Inferred_node_ids":[42],"Node_id":35158},
{"Inferred_node_ids":[41],"Node_id":37628},
{"Inferred_node_ids":[20],"Node_id":37629},
{"Inferred_node_ids":[51],"Node_id":37630},
{"Inferred_node_ids":[38],"Node_id":37631},
{"Inferred_node_ids":[37],"Node_id":37632},
{"Inferred_node_ids":[34],"Node_id":37634},
{"Inferred_node_ids":[4164],"Node_id":37635},
{"Inferred_node_ids":[4160],"Node_id":37666},
{"Inferred_node_ids":[46],"Node_id":37667},
{"Inferred_node_ids":[35],"Node_id":37669},
{"Inferred_node_ids":[8],"Node_id":37670},
{"Inferred_node_ids":[48],"Node_id":37671},
{"Inferred_node_ids":[4161],"Node_id":37672},
{"Inferred_node_ids":[23],"Node_id":37673},
{"Inferred_node_ids":[0],"Node_id":37674},
{"Inferred_node_ids":[16],"Node_id":37675},
{"Inferred_node_ids":[24],"Node_id":37676},
{"Inferred_node_ids":[53],"Node_id":37677},
{"Inferred_node_ids":[12],"Node_id":38671},
{"Inferred_node_ids":[49],"Node_id":38672},
{"Inferred_node_ids":[25],"Node_id":38673}]