[{"Node_id":28018,"weight":1.9214},
{"Node_id":28020,"weight":1.5992},
{"Node_id":28022,"weight":2.184},
{"Node_id":28023,"weight":3.483},
{"Node_id":28024,"weight":2.2799},
{"Node_id":28025,"weight":2.0505},
{"Node_id":28026,"weight":1.9802},
{"Node_id":28027,"weight":2.5051},
{"Node_id":28028,"weight":2.7115},
{"Node_id":28029,"weight":2.3015},
{"Node_id":28030,"weight":2.2634},
{"Node_id":28031,"weight":2.4994},
{"Node_id":28032,"weight":2.7218},
{"Node_id":28033,"weight":3.6636},
{"Node_id":28034,"weight":1.6493},
{"Node_id":28035,"weight":4.0396},
{"Node_id":28036,"weight":2.0367},
{"Node_id":28037,"weight":1.4319},
{"Node_id":28038,"weight":3.8918},
{"Node_id":28039,"weight":2.3699},
{"Node_id":28040,"weight":1.8825},
{"Node_id":28041,"weight":1.9924},
{"Node_id":28042,"weight":2.5459},
{"Node_id":28043,"weight":2.6645},
{"Node_id":28044,"weight":2.321},
{"Node_id":28045,"weight":1.6936},
{"Node_id":28046,"weight":4.1254},
{"Node_id":28049,"weight":2.1397},
{"Node_id":28050,"weight":2.4195},
{"Node_id":28051,"weight":1.4064},
{"Node_id":28052,"weight":1.8203},
{"Node_id":28053,"weight":4.1846},
{"Node_id":28054,"weight":2.184},
{"Node_id":28055,"weight":1.7036},
{"Node_id":28059,"weight":3.0006},
{"Node_id":28060,"weight":2.7912},
{"Node_id":28063,"weight":2.5959},
{"Node_id":28064,"weight":1.6702},
{"Node_id":28065,"weight":2.9298},
{"Node_id":28066,"weight":3.7945},
{"Node_id":28070,"weight":1.5736},
{"Node_id":28071,"weight":1.9597},
{"Node_id":28072,"weight":1.9569},
{"Node_id":28073,"weight":1.4474},
{"Node_id":28074,"weight":1.9468},
{"Node_id":28075,"weight":2.0241},
{"Node_id":28078,"weight":1.686},
{"Node_id":28080,"weight":2.6629},
{"Node_id":28081,"weight":3.1026},
{"Node_id":28082,"weight":1.8128},
{"Node_id":28083,"weight":1.4663},
{"Node_id":28084,"weight":2.9465},
{"Node_id":28085,"weight":3.3967},
{"Node_id":28086,"weight":1.5478},
{"Node_id":28087,"weight":1.5743},
{"Node_id":28088,"weight":1.9615},
{"Node_id":28089,"weight":3.5657},
{"Node_id":28096,"weight":1.4371},
{"Node_id":28097,"weight":2.4866},
{"Node_id":28098,"weight":1.7922},
{"Node_id":28099,"weight":1.5259},
{"Node_id":28100,"weight":3.2124},
{"Node_id":28101,"weight":2.5123},
{"Node_id":28102,"weight":1.832},
{"Node_id":28103,"weight":4.7357},
{"Node_id":28104,"weight":1.744},
{"Node_id":28105,"weight":1.748},
{"Node_id":28106,"weight":2.0192},
{"Node_id":28107,"weight":2.0241},
{"Node_id":28108,"weight":1.8643},
{"Node_id":28109,"weight":3.4127},
{"Node_id":28110,"weight":1.7036},
{"Node_id":28111,"weight":2.5852},
{"Node_id":28112,"weight":1.9001},
{"Node_id":28113,"weight":2.0846},
{"Node_id":28114,"weight":3.9713},
{"Node_id":28115,"weight":3.2963},
{"Node_id":28116,"weight":2.0212},
{"Node_id":28117,"weight":1.3976},
{"Node_id":28118,"weight":1.5513},
{"Node_id":28119,"weight":1.8203},
{"Node_id":28120,"weight":1.5492},
{"Node_id":28121,"weight":2.0456},
{"Node_id":28122,"weight":1.7036},
{"Node_id":28123,"weight":2.0595},
{"Node_id":28124,"weight":4.7954},
{"Node_id":28125,"weight":1.4217},
{"Node_id":28126,"weight":1.8421},
{"Node_id":28127,"weight":1.8421},
{"Node_id":28128,"weight":1.4624},
{"Node_id":28129,"weight":3.429},
{"Node_id":28130,"weight":2.764},
{"Node_id":28131,"weight":2.001},
{"Node_id":28132,"weight":1.6353},
{"Node_id":28133,"weight":1.4539},
{"Node_id":28134,"weight":4.219},
{"Node_id":28135,"weight":3.0667},
{"Node_id":28136,"weight":4.226},
{"Node_id":28137,"weight":1.5361},
{"Node_id":28138,"weight":4.226},
{"Node_id":28139,"weight":1.3944},
{"Node_id":28140,"weight":3.562},
{"Node_id":28141,"weight":1.86},
{"Node_id":28142,"weight":1.5458},
{"Node_id":28143,"weight":1.6898},
{"Node_id":28144,"weight":2.9031},
{"Node_id":28145,"weight":2.456},
{"Node_id":28146,"weight":1.5949},
{"Node_id":28150,"weight":1.5638},
{"Node_id":28151,"weight":1.4875},
{"Node_id":28152,"weight":2.7839},
{"Node_id":28153,"weight":1.7583},
{"Node_id":28154,"weight":2.4102},
{"Node_id":28159,"weight":7.6004},
{"Node_id":28160,"weight":1.6034},
{"Node_id":28161,"weight":1.9197},
{"Node_id":28162,"weight":1.5259},
{"Node_id":28163,"weight":1.8421},
{"Node_id":28164,"weight":1.9532},
{"Node_id":28165,"weight":2.1928},
{"Node_id":28166,"weight":1.6493},
{"Node_id":28167,"weight":1.9395},
{"Node_id":28168,"weight":2.3983},
{"Node_id":28169,"weight":2.2634},
{"Node_id":28170,"weight":2.2253},
{"Node_id":28171,"weight":3.9176},
{"Node_id":28172,"weight":2.4369},
{"Node_id":28173,"weight":2.3271},
{"Node_id":28174,"weight":3.1026},
{"Node_id":28175,"weight":1.5764},
{"Node_id":28176,"weight":1.7097},
{"Node_id":28177,"weight":2.7115},
{"Node_id":28182,"weight":1.4261},
{"Node_id":28183,"weight":4.2766},
{"Node_id":28184,"weight":6.0725},
{"Node_id":28185,"weight":3.2397},
{"Node_id":28186,"weight":2.3763},
{"Node_id":28187,"weight":5.2159},
{"Node_id":28188,"weight":2.6006},
{"Node_id":28189,"weight":2.7857},
{"Node_id":28190,"weight":3.3714},
{"Node_id":28191,"weight":1.5666},
{"Node_id":28192,"weight":2.6612},
{"Node_id":28193,"weight":1.886},
{"Node_id":28194,"weight":1.866},
{"Node_id":28195,"weight":1.5327},
{"Node_id":28196,"weight":2.1218},
{"Node_id":28197,"weight":1.5123},
{"Node_id":28198,"weight":3.596},
{"Node_id":28199,"weight":1.7013},
{"Node_id":28200,"weight":2.0348},
{"Node_id":28201,"weight":2.887},
{"Node_id":28202,"weight":2.2287},
{"Node_id":28209,"weight":5.8753},
{"Node_id":28212,"weight":1.6405},
{"Node_id":28323,"weight":1.7136},
{"Node_id":28324,"weight":1.6875},
{"Node_id":28325,"weight":3.3227},
{"Node_id":28326,"weight":3.2733},
{"Node_id":28349,"weight":1.854},
{"Node_id":28378,"weight":1.7833},
{"Node_id":28379,"weight":2.5882},
{"Node_id":28380,"weight":1.3919},
{"Node_id":28381,"weight":1.4358},
{"Node_id":28383,"weight":2.983},
{"Node_id":28423,"weight":1.9287},
{"Node_id":28424,"weight":6.0725},
{"Node_id":28429,"weight":3.8766},
{"Node_id":28613,"weight":2.3371},
{"Node_id":28618,"weight":1.4631},
{"Node_id":28649,"weight":2.8172},
{"Node_id":28823,"weight":3.2424},
{"Node_id":28824,"weight":4.0049},
{"Node_id":28826,"weight":4.508},
{"Node_id":28828,"weight":4.3776},
{"Node_id":28831,"weight":1.7167},
{"Node_id":28840,"weight":1.4281},
{"Node_id":28841,"weight":2.0887},
{"Node_id":29074,"weight":2.806},
{"Node_id":29075,"weight":5.077},
{"Node_id":29076,"weight":1.4178},
{"Node_id":29077,"weight":4.1064},
{"Node_id":29078,"weight":2.0695},
{"Node_id":29079,"weight":1.6085},
{"Node_id":29080,"weight":2.2196},
{"Node_id":29081,"weight":1.6027},
{"Node_id":29082,"weight":2.0907},
{"Node_id":29083,"weight":2.9635},
{"Node_id":29084,"weight":3.9549},
{"Node_id":29085,"weight":1.4474},
{"Node_id":29086,"weight":1.7051},
{"Node_id":29087,"weight":2.3996},
{"Node_id":29088,"weight":1.7433},
{"Node_id":29089,"weight":2.1807},
{"Node_id":29090,"weight":2.3866},
{"Node_id":29091,"weight":1.3919},
{"Node_id":29092,"weight":2.0928},
{"Node_id":29096,"weight":1.8481},
{"Node_id":29097,"weight":2.0938},
{"Node_id":29098,"weight":1.9615},
{"Node_id":29099,"weight":2.0299},
{"Node_id":29100,"weight":2.3433},
{"Node_id":29101,"weight":1.7159},
{"Node_id":29102,"weight":2.5504},
{"Node_id":29103,"weight":2.9765},
{"Node_id":29104,"weight":2.5519},
{"Node_id":29105,"weight":1.8523},
{"Node_id":29106,"weight":2.3648},
{"Node_id":29107,"weight":3.2876},
{"Node_id":29110,"weight":1.4481},
{"Node_id":29111,"weight":1.4384},
{"Node_id":29112,"weight":5.2933},
{"Node_id":29113,"weight":1.4313},
{"Node_id":29114,"weight":3.3287},
{"Node_id":29115,"weight":1.9305},
{"Node_id":29116,"weight":4.8078},
{"Node_id":29117,"weight":2.5195},
{"Node_id":29118,"weight":1.3882},
{"Node_id":29119,"weight":3.2151},
{"Node_id":29120,"weight":2.3271},
{"Node_id":29121,"weight":1.6208},
{"Node_id":29122,"weight":4.6469},
{"Node_id":29123,"weight":2.2943},
{"Node_id":29124,"weight":3.4523},
{"Node_id":29125,"weight":1.4617},
{"Node_id":29126,"weight":1.4313},
{"Node_id":29127,"weight":3.0978},
{"Node_id":29128,"weight":1.6142},
{"Node_id":29129,"weight":1.3869},
{"Node_id":29130,"weight":3.0006},
{"Node_id":29131,"weight":2.8691},
{"Node_id":29132,"weight":1.7276},
{"Node_id":29133,"weight":1.3982},
{"Node_id":29134,"weight":1.8869},
{"Node_id":29135,"weight":2.0918},
{"Node_id":29140,"weight":2.7604},
{"Node_id":29141,"weight":1.7647},
{"Node_id":29142,"weight":3.4225},
{"Node_id":29143,"weight":3.1651},
{"Node_id":29144,"weight":2.6482},
{"Node_id":29145,"weight":1.6434},
{"Node_id":29146,"weight":2.6662},
{"Node_id":29147,"weight":1.5204},
{"Node_id":29148,"weight":1.8704},
{"Node_id":29149,"weight":1.4455},
{"Node_id":29150,"weight":1.452},
{"Node_id":29151,"weight":3.6677},
{"Node_id":29152,"weight":2.9722},
{"Node_id":29153,"weight":1.6405},
{"Node_id":29156,"weight":3.511},
{"Node_id":29157,"weight":1.6627},
{"Node_id":29158,"weight":3.1173},
{"Node_id":29159,"weight":2.2752},
{"Node_id":29160,"weight":1.6049},
{"Node_id":29161,"weight":1.6612},
{"Node_id":29162,"weight":2.9786},
{"Node_id":29163,"weight":1.9496},
{"Node_id":29164,"weight":1.7151},
{"Node_id":29167,"weight":1.8037},
{"Node_id":29168,"weight":1.7448},
{"Node_id":29169,"weight":1.9197},
{"Node_id":29170,"weight":2.6369},
{"Node_id":29207,"weight":4.4024},
{"Node_id":29208,"weight":2.1397},
{"Node_id":29209,"weight":1.4822},
{"Node_id":29210,"weight":3.7852},
{"Node_id":29211,"weight":1.9487},
{"Node_id":29212,"weight":2.1218},
{"Node_id":29213,"weight":2.2242},
{"Node_id":29214,"weight":1.9972},
{"Node_id":29215,"weight":5.9496},
{"Node_id":29216,"weight":2.1961},
{"Node_id":29217,"weight":1.86},
{"Node_id":29218,"weight":2.9298},
{"Node_id":29221,"weight":4.1711},
{"Node_id":29222,"weight":2.4142},
{"Node_id":29223,"weight":2.4838},
{"Node_id":29224,"weight":2.4629},
{"Node_id":29225,"weight":3.2676},
{"Node_id":29226,"weight":4.6259},
{"Node_id":29227,"weight":4.5555},
{"Node_id":29228,"weight":1.7865},
{"Node_id":29229,"weight":1.4862},
{"Node_id":29230,"weight":1.8921},
{"Node_id":29231,"weight":1.5055},
{"Node_id":29232,"weight":1.4261},
{"Node_id":29233,"weight":1.7551},
{"Node_id":29234,"weight":1.8652},
{"Node_id":29235,"weight":5.2539},
{"Node_id":29236,"weight":1.4815},
{"Node_id":29237,"weight":1.4287},
{"Node_id":29238,"weight":1.5451},
{"Node_id":29239,"weight":1.6229},
{"Node_id":29240,"weight":4.2051},
{"Node_id":29241,"weight":2.579},
{"Node_id":29242,"weight":1.5885},
{"Node_id":29243,"weight":2.883},
{"Node_id":29244,"weight":1.5361},
{"Node_id":29245,"weight":1.8371},
{"Node_id":29246,"weight":3.4591},
{"Node_id":29247,"weight":2.5654},
{"Node_id":29260,"weight":1.5225},
{"Node_id":29261,"weight":2.2494},
{"Node_id":29262,"weight":2.5669},
{"Node_id":29263,"weight":3.2452},
{"Node_id":29264,"weight":2.8439},
{"Node_id":29265,"weight":2.3371},
{"Node_id":29266,"weight":1.3913},
{"Node_id":29267,"weight":4.3066},
{"Node_id":29268,"weight":2.7712},
{"Node_id":29269,"weight":5.077},
{"Node_id":29270,"weight":1.9386},
{"Node_id":29271,"weight":3.3903},
{"Node_id":29272,"weight":2.7115},
{"Node_id":29273,"weight":1.5764},
{"Node_id":29274,"weight":2.2425},
{"Node_id":29275,"weight":2.0144},
{"Node_id":29276,"weight":1.4955},
{"Node_id":29277,"weight":1.4364},
{"Node_id":29278,"weight":1.7639},
{"Node_id":29279,"weight":4.872},
{"Node_id":29281,"weight":1.4338},
{"Node_id":29283,"weight":2.2967},
{"Node_id":29284,"weight":1.4855},
{"Node_id":29285,"weight":3.0297},
{"Node_id":29286,"weight":1.421},
{"Node_id":29287,"weight":1.9487},
{"Node_id":29288,"weight":2.6434},
{"Node_id":29289,"weight":1.6777},
{"Node_id":29290,"weight":1.5008},
{"Node_id":29291,"weight":2.9765},
{"Node_id":29292,"weight":1.7082},
{"Node_id":29293,"weight":2.4168},
{"Node_id":29294,"weight":6.0725},
{"Node_id":29526,"weight":5.4217},
{"Node_id":29527,"weight":5.5429},
{"Node_id":29528,"weight":2.5534},
{"Node_id":29529,"weight":1.4223},
{"Node_id":29530,"weight":2.2728},
{"Node_id":29531,"weight":3.3377},
{"Node_id":29590,"weight":5.045},
{"Node_id":29591,"weight":3.8766},
{"Node_id":29592,"weight":1.719},
{"Node_id":29593,"weight":1.7354},
{"Node_id":29594,"weight":2.4768},
{"Node_id":29595,"weight":1.7198},
{"Node_id":29596,"weight":2.0416},
{"Node_id":29597,"weight":1.6982},
{"Node_id":29598,"weight":3.6076},
{"Node_id":29599,"weight":3.4523},
{"Node_id":29600,"weight":3.6273},
{"Node_id":29601,"weight":3.7401},
{"Node_id":29602,"weight":2.0338},
{"Node_id":29603,"weight":1.6906},
{"Node_id":29604,"weight":3.6718},
{"Node_id":29605,"weight":2.1418},
{"Node_id":29606,"weight":1.6419},
{"Node_id":29607,"weight":1.8549},
{"Node_id":29608,"weight":2.0212},
{"Node_id":29609,"weight":3.3808},
{"Node_id":29610,"weight":3.8469},
{"Node_id":29611,"weight":3.305},
{"Node_id":29612,"weight":1.4742},
{"Node_id":29613,"weight":1.4881},
{"Node_id":29614,"weight":1.9523},
{"Node_id":29615,"weight":1.5464},
{"Node_id":29616,"weight":2.0575},
{"Node_id":29617,"weight":1.7922},
{"Node_id":29621,"weight":1.615},
{"Node_id":29622,"weight":5.4927},
{"Node_id":29625,"weight":3.7446},
{"Node_id":29628,"weight":3.5075},
{"Node_id":29629,"weight":1.7472},
{"Node_id":29630,"weight":1.4001},
{"Node_id":29631,"weight":3.6885},
{"Node_id":29632,"weight":2.5519},
{"Node_id":29633,"weight":1.8145},
{"Node_id":29634,"weight":3.8372},
{"Node_id":29635,"weight":2.0615},
{"Node_id":29636,"weight":2.0785},
{"Node_id":29637,"weight":2.1654},
{"Node_id":29638,"weight":1.6114},
{"Node_id":29639,"weight":1.812},
{"Node_id":29640,"weight":1.9143},
{"Node_id":29641,"weight":1.7567},
{"Node_id":29642,"weight":2.1862},
{"Node_id":29643,"weight":2.1906},
{"Node_id":29644,"weight":2.7357},
{"Node_id":29645,"weight":2.9465},
{"Node_id":29646,"weight":2.1249},
{"Node_id":29647,"weight":3.6432},
{"Node_id":29648,"weight":5.1441},
{"Node_id":29649,"weight":5.2734},
{"Node_id":29650,"weight":3.0978},
{"Node_id":29651,"weight":3.8132},
{"Node_id":29652,"weight":5.045},
{"Node_id":29653,"weight":2.401},
{"Node_id":29654,"weight":2.101},
{"Node_id":29655,"weight":1.515},
{"Node_id":29656,"weight":2.9072},
{"Node_id":29657,"weight":1.8575},
{"Node_id":29658,"weight":3.0644},
{"Node_id":29659,"weight":3.0366},
{"Node_id":29660,"weight":2.3039},
{"Node_id":29661,"weight":1.7849},
{"Node_id":29662,"weight":3.0184},
{"Node_id":29663,"weight":1.886},
{"Node_id":29664,"weight":2.0038},
{"Node_id":29665,"weight":2.025},
{"Node_id":29676,"weight":2.4329},
{"Node_id":29677,"weight":3.9658},
{"Node_id":29678,"weight":2.5579},
{"Node_id":29679,"weight":2.0192},
{"Node_id":29682,"weight":2.8135},
{"Node_id":29683,"weight":2.8381},
{"Node_id":29684,"weight":2.889},
{"Node_id":29685,"weight":2.0338},
{"Node_id":29686,"weight":3.0667},
{"Node_id":29687,"weight":1.9323},
{"Node_id":29688,"weight":1.7237},
{"Node_id":29689,"weight":1.7599},
{"Node_id":29690,"weight":2.3015},
{"Node_id":29691,"weight":1.4881},
{"Node_id":29692,"weight":1.3988},
{"Node_id":29693,"weight":2.9786},
{"Node_id":29694,"weight":3.3652},
{"Node_id":29695,"weight":2.6337},
{"Node_id":29696,"weight":1.5485},
{"Node_id":29697,"weight":2.5297},
{"Node_id":29698,"weight":1.5327},
{"Node_id":29699,"weight":1.7663},
{"Node_id":29700,"weight":1.9423},
{"Node_id":29701,"weight":1.4422},
{"Node_id":29702,"weight":1.5885},
{"Node_id":29703,"weight":1.5729},
{"Node_id":29704,"weight":1.5306},
{"Node_id":29705,"weight":2.7409},
{"Node_id":29706,"weight":1.8012},
{"Node_id":29707,"weight":4.8588},
{"Node_id":29708,"weight":2.7218},
{"Node_id":29734,"weight":1.6657},
{"Node_id":29735,"weight":1.4052},
{"Node_id":29736,"weight":1.6324},
{"Node_id":29737,"weight":2.8711},
{"Node_id":29738,"weight":5.0933},
{"Node_id":29739,"weight":1.5659},
{"Node_id":29740,"weight":1.4782},
{"Node_id":29741,"weight":2.6761},
{"Node_id":29742,"weight":2.4796},
{"Node_id":29743,"weight":2.6337},
{"Node_id":29744,"weight":5.4927},
{"Node_id":29747,"weight":2.0928},
{"Node_id":29756,"weight":1.4862},
{"Node_id":29757,"weight":1.4435},
{"Node_id":29758,"weight":4.8458},
{"Node_id":29759,"weight":2.1622},
{"Node_id":29760,"weight":1.8253},
{"Node_id":29761,"weight":2.1928},
{"Node_id":29762,"weight":1.587},
{"Node_id":29763,"weight":1.656},
{"Node_id":29764,"weight":2.4684},
{"Node_id":29765,"weight":3.511},
{"Node_id":29766,"weight":1.5368},
{"Node_id":29767,"weight":1.6027},
{"Node_id":29768,"weight":1.733},
{"Node_id":29769,"weight":1.8609},
{"Node_id":29773,"weight":2.3699},
{"Node_id":29774,"weight":2.6928},
{"Node_id":29775,"weight":3.3903},
{"Node_id":29776,"weight":2.2943},
{"Node_id":29780,"weight":2.1376},
{"Node_id":29781,"weight":2.6147},
{"Node_id":29782,"weight":2.0485},
{"Node_id":29783,"weight":1.8438},
{"Node_id":29784,"weight":2.97},
{"Node_id":29785,"weight":4.1513},
{"Node_id":29786,"weight":2.9031},
{"Node_id":29787,"weight":1.5197},
{"Node_id":29788,"weight":3.4356},
{"Node_id":29789,"weight":4.4538},
{"Node_id":29790,"weight":3.2507},
{"Node_id":29791,"weight":1.4775},
{"Node_id":29792,"weight":3.6595},
{"Node_id":29793,"weight":1.4769},
{"Node_id":29794,"weight":4.7832},
{"Node_id":29795,"weight":1.8354},
{"Node_id":29796,"weight":2.7857},
{"Node_id":29797,"weight":3.3468},
{"Node_id":29798,"weight":4.284},
{"Node_id":29799,"weight":1.8643},
{"Node_id":29800,"weight":2.1354},
{"Node_id":29801,"weight":1.8153},
{"Node_id":29805,"weight":2.1774},
{"Node_id":29806,"weight":4.0049},
{"Node_id":29807,"weight":2.9444},
{"Node_id":29808,"weight":2.6466},
{"Node_id":29809,"weight":2.1796},
{"Node_id":29810,"weight":3.3079},
{"Node_id":29811,"weight":3.562},
{"Node_id":29812,"weight":1.6164},
{"Node_id":29813,"weight":1.9915},
{"Node_id":29814,"weight":2.4994},
{"Node_id":29815,"weight":2.6022},
{"Node_id":29816,"weight":1.5603},
{"Node_id":29817,"weight":2.2716},
{"Node_id":29818,"weight":3.3287},
{"Node_id":29819,"weight":1.7543},
{"Node_id":29820,"weight":3.3468},
{"Node_id":29821,"weight":1.9098},
{"Node_id":29822,"weight":1.8078},
{"Node_id":29823,"weight":2.4519},
{"Node_id":29824,"weight":3.3138},
{"Node_id":29825,"weight":2.6434},
{"Node_id":29826,"weight":2.9939},
{"Node_id":29827,"weight":1.8379},
{"Node_id":29828,"weight":1.7711},
{"Node_id":29829,"weight":3.0072},
{"Node_id":29830,"weight":1.5485},
{"Node_id":29831,"weight":1.4585},
{"Node_id":29832,"weight":3.1222},
{"Node_id":29834,"weight":2.6321},
{"Node_id":29836,"weight":3.5694},
{"Node_id":29837,"weight":3.1026},
{"Node_id":29838,"weight":2.4315},
{"Node_id":29839,"weight":1.4868},
{"Node_id":29840,"weight":1.6785},
{"Node_id":29841,"weight":2.2576},
{"Node_id":29842,"weight":3.1625},
{"Node_id":29843,"weight":1.827},
{"Node_id":29844,"weight":2.3814},
{"Node_id":29845,"weight":2.6761},
{"Node_id":29846,"weight":1.7988},
{"Node_id":29847,"weight":5.9118},
{"Node_id":29848,"weight":2.4342},
{"Node_id":29849,"weight":1.4461},
{"Node_id":29850,"weight":3.4356},
{"Node_id":29866,"weight":1.4982},
{"Node_id":29867,"weight":2.3827},
{"Node_id":29868,"weight":2.1514},
{"Node_id":29869,"weight":1.421},
{"Node_id":29870,"weight":4.2546},
{"Node_id":29871,"weight":2.889},
{"Node_id":29872,"weight":2.6162},
{"Node_id":29873,"weight":1.5899},
{"Node_id":29874,"weight":1.4941},
{"Node_id":29875,"weight":4.508},
{"Node_id":29876,"weight":2.9984},
{"Node_id":29877,"weight":2.2084},
{"Node_id":29878,"weight":2.6401},
{"Node_id":29879,"weight":3.105},
{"Node_id":29880,"weight":2.1145},
{"Node_id":29881,"weight":2.1197},
{"Node_id":29882,"weight":1.9161},
{"Node_id":29919,"weight":2.1145},
{"Node_id":29920,"weight":1.7105},
{"Node_id":29921,"weight":2.1239},
{"Node_id":29922,"weight":1.8834},
{"Node_id":29923,"weight":2.7115},
{"Node_id":29924,"weight":2.3597},
{"Node_id":29925,"weight":1.6383},
{"Node_id":29926,"weight":1.4624},
{"Node_id":29927,"weight":3.6392},
{"Node_id":29928,"weight":1.7338},
{"Node_id":29929,"weight":4.3776},
{"Node_id":29930,"weight":1.7089},
{"Node_id":29931,"weight":1.4789},
{"Node_id":29932,"weight":3.2591},
{"Node_id":29933,"weight":3.3871},
{"Node_id":29934,"weight":2.9277},
{"Node_id":29935,"weight":4.5653},
{"Node_id":29936,"weight":3.2178},
{"Node_id":29937,"weight":2.321},
{"Node_id":29938,"weight":2.2073},
{"Node_id":29939,"weight":1.5779},
{"Node_id":29940,"weight":3.8085},
{"Node_id":29941,"weight":1.6186},
{"Node_id":29942,"weight":6.8113},
{"Node_id":29943,"weight":1.6179},
{"Node_id":29944,"weight":1.7377},
{"Node_id":29945,"weight":2.4588},
{"Node_id":29946,"weight":1.6478},
{"Node_id":29947,"weight":1.5231},
{"Node_id":29948,"weight":2.342},
{"Node_id":29949,"weight":1.4644},
{"Node_id":29950,"weight":2.0595},
{"Node_id":29951,"weight":2.2681},
{"Node_id":29953,"weight":1.5109},
{"Node_id":29954,"weight":2.4519},
{"Node_id":29955,"weight":1.7105},
{"Node_id":29958,"weight":3.3871},
{"Node_id":29959,"weight":1.5807},
{"Node_id":29960,"weight":2.7586},
{"Node_id":29961,"weight":2.885},
{"Node_id":29962,"weight":4.5653},
{"Node_id":29963,"weight":3.3683},
{"Node_id":29964,"weight":2.7374},
{"Node_id":29967,"weight":2.0485},
{"Node_id":29968,"weight":1.8261},
{"Node_id":29969,"weight":2.9593},
{"Node_id":29970,"weight":2.0565},
{"Node_id":29971,"weight":2.5123},
{"Node_id":29972,"weight":1.4121},
{"Node_id":29973,"weight":2.2061},
{"Node_id":29974,"weight":1.7136},
{"Node_id":29975,"weight":2.2799},
{"Node_id":29976,"weight":1.7182},
{"Node_id":29977,"weight":1.6486},
{"Node_id":29978,"weight":3.5435},
{"Node_id":29979,"weight":2.0605},
{"Node_id":29980,"weight":3.6233},
{"Node_id":29983,"weight":2.6242},
{"Node_id":29984,"weight":1.5771},
{"Node_id":29985,"weight":1.5402},
{"Node_id":29986,"weight":3.2591},
{"Node_id":29987,"weight":1.6754},
{"Node_id":29988,"weight":1.5238},
{"Node_id":29989,"weight":2.0096},
{"Node_id":29990,"weight":2.8381},
{"Node_id":29991,"weight":2.1155},
{"Node_id":29992,"weight":1.5687},
{"Node_id":29993,"weight":1.4014},
{"Node_id":29994,"weight":1.7417},
{"Node_id":29995,"weight":2.3699},
{"Node_id":29996,"weight":2.0029},
{"Node_id":29997,"weight":1.4962},
{"Node_id":29998,"weight":1.6078},
{"Node_id":29999,"weight":1.7857},
{"Node_id":30000,"weight":3.562},
{"Node_id":30001,"weight":2.8633},
{"Node_id":30005,"weight":1.9259},
{"Node_id":30006,"weight":2.6662},
{"Node_id":30007,"weight":3.5326},
{"Node_id":30008,"weight":4.0163},
{"Node_id":30009,"weight":3.226},
{"Node_id":30010,"weight":1.7051},
{"Node_id":30011,"weight":2.9113},
{"Node_id":30012,"weight":1.8913},
{"Node_id":30015,"weight":1.6085},
{"Node_id":30016,"weight":1.5999},
{"Node_id":30017,"weight":3.0738},
{"Node_id":30018,"weight":1.5878},
{"Node_id":30110,"weight":3.0117},
{"Node_id":30111,"weight":2.2907},
{"Node_id":30112,"weight":1.4868},
{"Node_id":30113,"weight":1.4396},
{"Node_id":30114,"weight":2.4437},
{"Node_id":30115,"weight":2.0038},
{"Node_id":30116,"weight":3.5398},
{"Node_id":30117,"weight":1.8379},
{"Node_id":30118,"weight":1.3907},
{"Node_id":30119,"weight":3.0786},
{"Node_id":30120,"weight":4.0049},
{"Node_id":30121,"weight":3.4969},
{"Node_id":30122,"weight":1.7841},
{"Node_id":30123,"weight":2.4966},
{"Node_id":30124,"weight":4.9126},
{"Node_id":30125,"weight":3.562},
{"Node_id":30126,"weight":4.9548},
{"Node_id":30127,"weight":4.7592},
{"Node_id":30128,"weight":2.1873},
{"Node_id":30129,"weight":2.2219},
{"Node_id":30130,"weight":1.789},
{"Node_id":30131,"weight":2.0367},
{"Node_id":30139,"weight":1.4572},
{"Node_id":30243,"weight":2.4994},
{"Node_id":30244,"weight":5.4448},
{"Node_id":30245,"weight":1.7988},
{"Node_id":30246,"weight":1.6412},
{"Node_id":30247,"weight":1.4802},
{"Node_id":30248,"weight":1.4683},
{"Node_id":30249,"weight":4.0634},
{"Node_id":30250,"weight":2.895},
{"Node_id":30251,"weight":3.3347},
{"Node_id":30252,"weight":1.6508},
{"Node_id":30253,"weight":3.3777},
{"Node_id":30254,"weight":2.9072},
{"Node_id":30255,"weight":1.4178},
{"Node_id":30256,"weight":2.4881},
{"Node_id":30257,"weight":2.3788},
{"Node_id":30258,"weight":2.9614},
{"Node_id":30259,"weight":1.6664},
{"Node_id":30260,"weight":1.7963},
{"Node_id":30261,"weight":1.9143},
{"Node_id":30262,"weight":1.6523},
{"Node_id":30263,"weight":1.6538},
{"Node_id":30264,"weight":1.9036},
{"Node_id":30265,"weight":1.7776},
{"Node_id":30266,"weight":3.3999},
{"Node_id":30267,"weight":2.3584},
{"Node_id":30268,"weight":2.1785},
{"Node_id":30269,"weight":2.5224},
{"Node_id":30270,"weight":2.4601},
{"Node_id":30271,"weight":1.7074},
{"Node_id":30272,"weight":1.8834},
{"Node_id":30273,"weight":1.8921},
{"Node_id":30274,"weight":1.39},
{"Node_id":30275,"weight":2.2106},
{"Node_id":30276,"weight":1.9241},
{"Node_id":30277,"weight":1.6627},
{"Node_id":30278,"weight":3.0667},
{"Node_id":30279,"weight":2.0605},
{"Node_id":30280,"weight":2.2895},
{"Node_id":30281,"weight":1.43},
{"Node_id":30282,"weight":2.4698},
{"Node_id":30283,"weight":2.7694},
{"Node_id":30284,"weight":1.6982},
{"Node_id":30285,"weight":2.4505},
{"Node_id":30286,"weight":2.8305},
{"Node_id":30287,"weight":1.7825},
{"Node_id":30340,"weight":1.702},
{"Node_id":30341,"weight":1.9152},
{"Node_id":30346,"weight":2.5137},
{"Node_id":30407,"weight":2.9133},
{"Node_id":30408,"weight":1.4185},
{"Node_id":30423,"weight":1.4546},
{"Node_id":30424,"weight":1.6186},
{"Node_id":30425,"weight":2.4754},
{"Node_id":30426,"weight":1.8756},
{"Node_id":30452,"weight":1.4217},
{"Node_id":30453,"weight":1.7647},
{"Node_id":30489,"weight":1.5701},
{"Node_id":30490,"weight":1.8404},
{"Node_id":30607,"weight":1.9532},
{"Node_id":30699,"weight":2.3063},
{"Node_id":30700,"weight":1.6868},
{"Node_id":30702,"weight":1.7825},
{"Node_id":30733,"weight":3.2071},
{"Node_id":30734,"weight":1.7988},
{"Node_id":30736,"weight":1.7043},
{"Node_id":30737,"weight":5.11},
{"Node_id":30829,"weight":3.3529},
{"Node_id":30872,"weight":2.658},
{"Node_id":30873,"weight":2.2657},
{"Node_id":30874,"weight":1.6921},
{"Node_id":30875,"weight":4.1778},
{"Node_id":30876,"weight":1.7711},
{"Node_id":30879,"weight":3.2098},
{"Node_id":30888,"weight":5.9496},
{"Node_id":30889,"weight":2.0407},
{"Node_id":30890,"weight":1.7448},
{"Node_id":30915,"weight":1.5589},
{"Node_id":30916,"weight":2.7098},
{"Node_id":31032,"weight":1.7543},
{"Node_id":31033,"weight":1.9746},
{"Node_id":31106,"weight":1.4729},
{"Node_id":31107,"weight":1.7575},
{"Node_id":31108,"weight":2.936},
{"Node_id":31110,"weight":1.4749},
{"Node_id":31128,"weight":2.4754},
{"Node_id":31129,"weight":2.4302},
{"Node_id":31169,"weight":1.7898},
{"Node_id":31170,"weight":1.7043},
{"Node_id":31171,"weight":1.6612},
{"Node_id":31172,"weight":1.8669},
{"Node_id":31173,"weight":1.6762},
{"Node_id":31174,"weight":2.2208},
{"Node_id":31175,"weight":3.0297},
{"Node_id":31176,"weight":2.4262},
{"Node_id":31177,"weight":2.4155},
{"Node_id":31178,"weight":3.2017},
{"Node_id":31179,"weight":2.4866},
{"Node_id":31180,"weight":2.9939},
{"Node_id":31181,"weight":4.4538},
{"Node_id":31182,"weight":2.1796},
{"Node_id":31183,"weight":1.8523},
{"Node_id":31184,"weight":2.0038},
{"Node_id":31185,"weight":1.9934},
{"Node_id":31186,"weight":1.5652},
{"Node_id":31187,"weight":1.6792},
{"Node_id":31188,"weight":1.561},
{"Node_id":31189,"weight":1.5892},
{"Node_id":31190,"weight":1.6006},
{"Node_id":31191,"weight":1.7377},
{"Node_id":31192,"weight":2.3321},
{"Node_id":31193,"weight":2.0202},
{"Node_id":31194,"weight":4.284},
{"Node_id":31195,"weight":3.4969},
{"Node_id":31196,"weight":1.5736},
{"Node_id":31197,"weight":1.7857},
{"Node_id":31198,"weight":2.3271},
{"Node_id":31199,"weight":1.873},
{"Node_id":31200,"weight":2.0685},
{"Node_id":31201,"weight":1.8506},
{"Node_id":31202,"weight":2.5609},
{"Node_id":31203,"weight":1.6034},
{"Node_id":31205,"weight":3.3808},
{"Node_id":31206,"weight":2.2599},
{"Node_id":31207,"weight":3.6801},
{"Node_id":31208,"weight":5.1441},
{"Node_id":31209,"weight":4.0396},
{"Node_id":31210,"weight":2.1611},
{"Node_id":31211,"weight":4.7832},
{"Node_id":31212,"weight":3.4258},
{"Node_id":31213,"weight":2.6662},
{"Node_id":31214,"weight":2.4208},
{"Node_id":31215,"weight":1.5687},
{"Node_id":31216,"weight":2.8191},
{"Node_id":31217,"weight":1.4935},
{"Node_id":31218,"weight":1.7362},
{"Node_id":31219,"weight":1.7808},
{"Node_id":31220,"weight":2.1503},
{"Node_id":31221,"weight":6.1637},
{"Node_id":31222,"weight":1.9359},
{"Node_id":31223,"weight":3.3287},
{"Node_id":31224,"weight":3.0458},
{"Node_id":31225,"weight":2.1165},
{"Node_id":31226,"weight":1.5022},
{"Node_id":31227,"weight":2.5066},
{"Node_id":31231,"weight":2.4089},
{"Node_id":31232,"weight":1.7615},
{"Node_id":31233,"weight":1.4995},
{"Node_id":31234,"weight":1.9597},
{"Node_id":31235,"weight":2.955},
{"Node_id":31239,"weight":1.6634},
{"Node_id":31285,"weight":1.6883},
{"Node_id":31288,"weight":4.2331},
{"Node_id":31310,"weight":2.1062},
{"Node_id":31311,"weight":1.5949},
{"Node_id":31312,"weight":2.0705},
{"Node_id":31313,"weight":5.1441},
{"Node_id":31314,"weight":1.9018},
{"Node_id":31315,"weight":1.5582},
{"Node_id":31316,"weight":1.9477},
{"Node_id":31317,"weight":3.4095},
{"Node_id":31318,"weight":1.798},
{"Node_id":31319,"weight":3.8132},
{"Node_id":31320,"weight":5.1794},
{"Node_id":31321,"weight":8.1114},
{"Node_id":31322,"weight":3.5732},
{"Node_id":31323,"weight":6.5699},
{"Node_id":31324,"weight":1.8506},
{"Node_id":31325,"weight":3.2098},
{"Node_id":31326,"weight":2.1665},
{"Node_id":31327,"weight":1.6056},
{"Node_id":31328,"weight":4.5653},
{"Node_id":31329,"weight":2.0959},
{"Node_id":31330,"weight":3.1099},
{"Node_id":31331,"weight":2.2907},
{"Node_id":31332,"weight":5.2734},
{"Node_id":31333,"weight":3.8372},
{"Node_id":31334,"weight":1.6649},
{"Node_id":31335,"weight":2.5775},
{"Node_id":31336,"weight":3.0929},
{"Node_id":31337,"weight":1.7036},
{"Node_id":31338,"weight":2.5297},
{"Node_id":31339,"weight":1.917},
{"Node_id":31340,"weight":1.5416},
{"Node_id":31341,"weight":2.5913},
{"Node_id":31342,"weight":2.2006},
{"Node_id":31343,"weight":2.2073},
{"Node_id":31344,"weight":1.7346},
{"Node_id":31345,"weight":1.7252},
{"Node_id":31346,"weight":2.2871},
{"Node_id":31347,"weight":2.375},
{"Node_id":31348,"weight":1.9487},
{"Node_id":31349,"weight":2.5684},
{"Node_id":31350,"weight":2.4221},
{"Node_id":31351,"weight":1.6523},
{"Node_id":31352,"weight":2.1031},
{"Node_id":31353,"weight":1.7607},
{"Node_id":31354,"weight":1.4045},
{"Node_id":31355,"weight":2.3321},
{"Node_id":31356,"weight":3.5146},
{"Node_id":31357,"weight":3.7991},
{"Node_id":31358,"weight":2.5534},
{"Node_id":31359,"weight":2.2028},
{"Node_id":31360,"weight":1.9896},
{"Node_id":31361,"weight":1.8843},
{"Node_id":31362,"weight":2.8381},
{"Node_id":31363,"weight":1.5076},
{"Node_id":31364,"weight":2.184},
{"Node_id":31365,"weight":2.0416},
{"Node_id":31366,"weight":3.7579},
{"Node_id":31367,"weight":1.9296},
{"Node_id":31368,"weight":2.1093},
{"Node_id":31369,"weight":2.7876},
{"Node_id":31370,"weight":2.2657},
{"Node_id":31371,"weight":3.1651},
{"Node_id":31372,"weight":4.0163},
{"Node_id":31373,"weight":2.0192},
{"Node_id":31374,"weight":2.6678},
{"Node_id":31375,"weight":2.4768},
{"Node_id":31376,"weight":1.5245},
{"Node_id":31377,"weight":4.7954},
{"Node_id":31378,"weight":1.9896},
{"Node_id":31379,"weight":2.3075},
{"Node_id":31380,"weight":2.5023},
{"Node_id":31381,"weight":1.421},
{"Node_id":31382,"weight":1.7151},
{"Node_id":31383,"weight":1.5575},
{"Node_id":31384,"weight":1.9634},
{"Node_id":31385,"weight":1.4178},
{"Node_id":31386,"weight":4.6469},
{"Node_id":31387,"weight":1.9232},
{"Node_id":31427,"weight":3.1651},
{"Node_id":31443,"weight":2.0231},
{"Node_id":31444,"weight":1.5779},
{"Node_id":31447,"weight":1.597},
{"Node_id":31448,"weight":1.7881},
{"Node_id":31449,"weight":2.474},
{"Node_id":31450,"weight":5.077},
{"Node_id":31451,"weight":2.0887},
{"Node_id":31452,"weight":2.7766},
{"Node_id":31453,"weight":2.5929},
{"Node_id":31459,"weight":3.6843},
{"Node_id":31460,"weight":2.6037},
{"Node_id":31466,"weight":4.7832},
{"Node_id":31475,"weight":3.6233},
{"Node_id":31476,"weight":2.5341},
{"Node_id":31477,"weight":2.6482},
{"Node_id":31478,"weight":2.2095},
{"Node_id":31479,"weight":2.2634},
{"Node_id":31480,"weight":1.653},
{"Node_id":31481,"weight":1.397},
{"Node_id":31482,"weight":2.5166},
{"Node_id":31483,"weight":1.9468},
{"Node_id":31484,"weight":2.0338},
{"Node_id":31485,"weight":1.7528},
{"Node_id":31486,"weight":1.53},
{"Node_id":31561,"weight":1.8128},
{"Node_id":31562,"weight":2.9808},
{"Node_id":31563,"weight":4.2402},
{"Node_id":31564,"weight":1.935},
{"Node_id":31565,"weight":1.6792},
{"Node_id":31566,"weight":3.2591},
{"Node_id":31567,"weight":1.6538},
{"Node_id":31568,"weight":2.1568},
{"Node_id":31569,"weight":3.1781},
{"Node_id":31570,"weight":2.881},
{"Node_id":31571,"weight":1.4848},
{"Node_id":31572,"weight":1.5793},
{"Node_id":31573,"weight":3.1833},
{"Node_id":31574,"weight":2.7857},
{"Node_id":31575,"weight":1.659},
{"Node_id":31576,"weight":1.6754},
{"Node_id":31577,"weight":1.7575},
{"Node_id":31578,"weight":2.2955},
{"Node_id":31579,"weight":2.0202},
{"Node_id":31580,"weight":2.7235},
{"Node_id":31581,"weight":2.1796},
{"Node_id":31582,"weight":2.7339},
{"Node_id":31583,"weight":3.3967},
{"Node_id":31584,"weight":2.4208},
{"Node_id":31585,"weight":1.5652},
{"Node_id":31586,"weight":2.6945},
{"Node_id":31587,"weight":4.1064},
{"Node_id":31588,"weight":1.5715},
{"Node_id":31589,"weight":1.4723},
{"Node_id":31590,"weight":3.0435},
{"Node_id":31591,"weight":1.5259},
{"Node_id":31592,"weight":2.1312},
{"Node_id":31593,"weight":1.5002},
{"Node_id":31594,"weight":6.3182},
{"Node_id":31595,"weight":2.0745},
{"Node_id":31596,"weight":1.4822},
{"Node_id":31597,"weight":1.4848},
{"Node_id":31598,"weight":2.0436},
{"Node_id":31599,"weight":1.9905},
{"Node_id":31600,"weight":2.4852},
{"Node_id":31601,"weight":1.8643},
{"Node_id":31602,"weight":3.1651},
{"Node_id":31603,"weight":3.7357},
{"Node_id":31604,"weight":1.3932},
{"Node_id":31605,"weight":1.4975},
{"Node_id":31606,"weight":1.8037},
{"Node_id":31607,"weight":1.5963},
{"Node_id":31608,"weight":2.5224},
{"Node_id":31609,"weight":3.842},
{"Node_id":31610,"weight":2.1622},
{"Node_id":31611,"weight":1.8515},
{"Node_id":31612,"weight":5.8401},
{"Node_id":31613,"weight":1.6906},
{"Node_id":31614,"weight":1.7736},
{"Node_id":31615,"weight":1.9296},
{"Node_id":31616,"weight":2.7857},
{"Node_id":31617,"weight":2.3546},
{"Node_id":31618,"weight":3.776},
{"Node_id":31619,"weight":4.0694},
{"Node_id":31620,"weight":2.4671},
{"Node_id":31621,"weight":2.173},
{"Node_id":31622,"weight":1.752},
{"Node_id":31623,"weight":2.0038},
{"Node_id":31624,"weight":1.4371},
{"Node_id":31625,"weight":2.7081},
{"Node_id":31626,"weight":1.4835},
{"Node_id":31627,"weight":1.9962},
{"Node_id":31628,"weight":2.727},
{"Node_id":31629,"weight":2.2517},
{"Node_id":31630,"weight":2.3648},
{"Node_id":31631,"weight":3.596},
{"Node_id":31632,"weight":2.6257},
{"Node_id":31633,"weight":2.4275},
{"Node_id":31634,"weight":1.9277},
{"Node_id":31635,"weight":2.3866},
{"Node_id":31636,"weight":5.3992},
{"Node_id":31637,"weight":1.4624},
{"Node_id":31638,"weight":1.5485},
{"Node_id":31639,"weight":2.3395},
{"Node_id":31640,"weight":1.8895},
{"Node_id":31641,"weight":2.4588},
{"Node_id":31642,"weight":2.2799},
{"Node_id":31643,"weight":2.8652},
{"Node_id":31644,"weight":1.5062},
{"Node_id":31645,"weight":1.4881},
{"Node_id":31646,"weight":1.5842},
{"Node_id":31647,"weight":1.4921},
{"Node_id":31648,"weight":1.8078},
{"Node_id":31649,"weight":1.776},
{"Node_id":31650,"weight":3.305},
{"Node_id":31651,"weight":2.5959},
{"Node_id":31652,"weight":1.6974},
{"Node_id":31653,"weight":2.2196},
{"Node_id":31654,"weight":1.4848},
{"Node_id":31655,"weight":2.881},
{"Node_id":31656,"weight":1.7401},
{"Node_id":31657,"weight":2.3234},
{"Node_id":31658,"weight":1.6208},
{"Node_id":31659,"weight":2.6563},
{"Node_id":31660,"weight":1.6486},
{"Node_id":31661,"weight":1.9332},
{"Node_id":31662,"weight":1.8523},
{"Node_id":31663,"weight":2.8229},
{"Node_id":31664,"weight":2.5579},
{"Node_id":31665,"weight":2.6401},
{"Node_id":31686,"weight":2.0907},
{"Node_id":31687,"weight":6.0725},
{"Node_id":31688,"weight":2.8574},
{"Node_id":31689,"weight":1.4178},
{"Node_id":31690,"weight":1.5992},
{"Node_id":31691,"weight":2.1719},
{"Node_id":31692,"weight":1.5035},
{"Node_id":31693,"weight":1.3882},
{"Node_id":31694,"weight":2.2576},
{"Node_id":31695,"weight":3.3652},
{"Node_id":31696,"weight":2.5254},
{"Node_id":31697,"weight":1.7105},
{"Node_id":31698,"weight":4.8458},
{"Node_id":31699,"weight":2.2552},
{"Node_id":31700,"weight":1.3988},
{"Node_id":31701,"weight":1.4172},
{"Node_id":31702,"weight":1.6523},
{"Node_id":31703,"weight":1.7963},
{"Node_id":31704,"weight":4.1002},
{"Node_id":31705,"weight":2.5066},
{"Node_id":31706,"weight":2.5385},
{"Node_id":31707,"weight":2.877},
{"Node_id":31708,"weight":1.9523},
{"Node_id":31709,"weight":2.5714},
{"Node_id":31710,"weight":1.4565},
{"Node_id":31711,"weight":1.744},
{"Node_id":31712,"weight":1.6732},
{"Node_id":31713,"weight":1.798},
{"Node_id":31714,"weight":1.9305},
{"Node_id":31715,"weight":1.4229},
{"Node_id":31716,"weight":1.543},
{"Node_id":31717,"weight":4.1711},
{"Node_id":31718,"weight":2.6711},
{"Node_id":31719,"weight":2.205},
{"Node_id":31720,"weight":3.1347},
{"Node_id":31721,"weight":1.4815},
{"Node_id":31722,"weight":1.752},
{"Node_id":31723,"weight":3.0252},
{"Node_id":31724,"weight":1.6368},
{"Node_id":31725,"weight":2.9593},
{"Node_id":31726,"weight":3.1964},
{"Node_id":31727,"weight":2.0565},
{"Node_id":31728,"weight":1.9296},
{"Node_id":31729,"weight":1.8136},
{"Node_id":31730,"weight":2.2242},
{"Node_id":31731,"weight":2.3571},
{"Node_id":31732,"weight":3.8038},
{"Node_id":31733,"weight":2.0938},
{"Node_id":31734,"weight":2.0745},
{"Node_id":31735,"weight":2.5123},
{"Node_id":31736,"weight":1.5786},
{"Node_id":31737,"weight":1.726},
{"Node_id":31738,"weight":1.4663},
{"Node_id":31739,"weight":2.6563},
{"Node_id":31740,"weight":1.4147},
{"Node_id":31741,"weight":2.9011},
{"Node_id":31742,"weight":5.2347},
{"Node_id":31743,"weight":3.4095},
{"Node_id":31744,"weight":3.4225},
{"Node_id":31745,"weight":1.8557},
{"Node_id":31746,"weight":2.6498},
{"Node_id":31747,"weight":2.1134},
{"Node_id":31748,"weight":2.366},
{"Node_id":31749,"weight":1.9395},
{"Node_id":31750,"weight":3.1859},
{"Node_id":31751,"weight":2.2907},
{"Node_id":31752,"weight":1.8337},
{"Node_id":31753,"weight":1.5652},
{"Node_id":31754,"weight":2.543},
{"Node_id":31755,"weight":5.8061},
{"Node_id":31756,"weight":3.6969},
{"Node_id":31757,"weight":2.1774},
{"Node_id":31758,"weight":1.4795},
{"Node_id":31759,"weight":1.3944},
{"Node_id":31760,"weight":2.3222},
{"Node_id":31761,"weight":1.8012},
{"Node_id":31762,"weight":5.2933},
{"Node_id":31763,"weight":3.3079},
{"Node_id":31764,"weight":4.4278},
{"Node_id":31765,"weight":1.5652},
{"Node_id":31766,"weight":2.5944},
{"Node_id":31767,"weight":2.0856},
{"Node_id":31768,"weight":1.5029},
{"Node_id":31769,"weight":2.8751},
{"Node_id":31770,"weight":1.5361},
{"Node_id":31771,"weight":3.2342},
{"Node_id":31772,"weight":1.9432},
{"Node_id":31773,"weight":1.639},
{"Node_id":31774,"weight":2.0436},
{"Node_id":31777,"weight":5.7105},
{"Node_id":31814,"weight":1.8834},
{"Node_id":31815,"weight":1.6657},
{"Node_id":31816,"weight":2.0918},
{"Node_id":31817,"weight":4.8588},
{"Node_id":31818,"weight":2.9257},
{"Node_id":31819,"weight":3.4323},
{"Node_id":31829,"weight":1.8756},
{"Node_id":31885,"weight":4.1982},
{"Node_id":31886,"weight":3.6392},
{"Node_id":31887,"weight":1.9727},
{"Node_id":31888,"weight":5.7414},
{"Node_id":31889,"weight":3.0929},
{"Node_id":31890,"weight":2.3609},
{"Node_id":31891,"weight":1.7113},
{"Node_id":31892,"weight":1.4268},
{"Node_id":31895,"weight":2.9896},
{"Node_id":31896,"weight":2.0938},
{"Node_id":31897,"weight":3.6718},
{"Node_id":31898,"weight":2.1124},
{"Node_id":31899,"weight":2.5519},
{"Node_id":31900,"weight":2.3445},
{"Node_id":31901,"weight":1.5527},
{"Node_id":31902,"weight":1.752},
{"Node_id":31903,"weight":2.7658},
{"Node_id":31904,"weight":1.9241},
{"Node_id":31905,"weight":1.8506},
{"Node_id":31906,"weight":2.4951},
{"Node_id":31907,"weight":3.3168},
{"Node_id":31908,"weight":1.9368},
{"Node_id":31909,"weight":2.2599},
{"Node_id":31910,"weight":1.8532},
{"Node_id":31911,"weight":2.2379},
{"Node_id":31912,"weight":1.8379},
{"Node_id":31913,"weight":3.6718},
{"Node_id":31914,"weight":1.6317},
{"Node_id":31915,"weight":3.7624},
{"Node_id":31916,"weight":1.5617},
{"Node_id":31917,"weight":1.8566},
{"Node_id":31918,"weight":1.8575},
{"Node_id":31919,"weight":1.6013},
{"Node_id":31921,"weight":3.2648},
{"Node_id":31923,"weight":2.508},
{"Node_id":31924,"weight":1.4198},
{"Node_id":31925,"weight":2.4478},
{"Node_id":31926,"weight":1.4474},
{"Node_id":31927,"weight":3.0229},
{"Node_id":31928,"weight":2.0377},
{"Node_id":31929,"weight":1.5218},
{"Node_id":32162,"weight":4.833},
{"Node_id":32163,"weight":1.5485},
{"Node_id":32164,"weight":2.3063},
{"Node_id":32165,"weight":1.8957},
{"Node_id":32166,"weight":1.8045},
{"Node_id":32167,"weight":3.1422},
{"Node_id":32168,"weight":4.1914},
{"Node_id":32169,"weight":4.3534},
{"Node_id":32170,"weight":1.6302},
{"Node_id":32171,"weight":1.8738},
{"Node_id":32172,"weight":1.5245},
{"Node_id":32173,"weight":5.0294},
{"Node_id":32174,"weight":1.5807},
{"Node_id":32175,"weight":3.8716},
{"Node_id":32176,"weight":2.2907},
{"Node_id":32177,"weight":2.6612},
{"Node_id":32178,"weight":2.2061},
{"Node_id":32179,"weight":1.5218},
{"Node_id":32180,"weight":2.2017},
{"Node_id":32181,"weight":5.3771},
{"Node_id":32182,"weight":2.3918},
{"Node_id":32183,"weight":1.5327},
{"Node_id":32184,"weight":1.5527},
{"Node_id":32185,"weight":2.2448},
{"Node_id":32186,"weight":2.1752},
{"Node_id":32329,"weight":5.2347},
{"Node_id":32330,"weight":1.9606},
{"Node_id":32331,"weight":1.7719},
{"Node_id":32332,"weight":1.4474},
{"Node_id":32333,"weight":2.4768},
{"Node_id":32344,"weight":1.7417},
{"Node_id":32345,"weight":2.9808},
{"Node_id":32346,"weight":4.3534},
{"Node_id":32347,"weight":2.2529},
{"Node_id":32348,"weight":1.4128},
{"Node_id":32349,"weight":1.5992},
{"Node_id":32350,"weight":1.6762},
{"Node_id":32351,"weight":2.0212},
{"Node_id":32352,"weight":3.0389},
{"Node_id":32353,"weight":3.3377},
{"Node_id":32354,"weight":2.1578},
{"Node_id":32398,"weight":2.6337},
{"Node_id":32399,"weight":1.7448},
{"Node_id":32400,"weight":1.6331},
{"Node_id":32401,"weight":2.0397},
{"Node_id":32402,"weight":1.7464},
{"Node_id":32403,"weight":1.9802},
{"Node_id":32404,"weight":2.027},
{"Node_id":32405,"weight":1.5828},
{"Node_id":32406,"weight":3.0504},
{"Node_id":32407,"weight":1.4281},
{"Node_id":32408,"weight":2.1557},
{"Node_id":32409,"weight":1.7881},
{"Node_id":32419,"weight":1.575},
{"Node_id":32420,"weight":2.1884},
{"Node_id":32465,"weight":4.212},
{"Node_id":32466,"weight":3.5326},
{"Node_id":32467,"weight":3.248},
{"Node_id":32468,"weight":1.4526},
{"Node_id":32469,"weight":1.4565},
{"Node_id":32470,"weight":2.1093},
{"Node_id":32508,"weight":2.9917},
{"Node_id":32509,"weight":1.5779},
{"Node_id":32510,"weight":2.1503},
{"Node_id":32511,"weight":1.465},
{"Node_id":32512,"weight":1.9811},
{"Node_id":32513,"weight":1.4526},
{"Node_id":32514,"weight":1.5771},
{"Node_id":32515,"weight":1.8062},
{"Node_id":32516,"weight":2.0125},
{"Node_id":32517,"weight":5.7414},
{"Node_id":32518,"weight":4.1318},
{"Node_id":32519,"weight":2.5371},
{"Node_id":32520,"weight":2.1323},
{"Node_id":32521,"weight":1.4223},
{"Node_id":32522,"weight":4.3858},
{"Node_id":32523,"weight":4.4364},
{"Node_id":32524,"weight":1.4064},
{"Node_id":32525,"weight":1.4533},
{"Node_id":32526,"weight":1.513},
{"Node_id":32527,"weight":1.7036},
{"Node_id":32528,"weight":2.1218},
{"Node_id":32529,"weight":4.4451},
{"Node_id":32530,"weight":1.6538},
{"Node_id":32531,"weight":2.2185},
{"Node_id":32532,"weight":1.7535},
{"Node_id":32533,"weight":2.102},
{"Node_id":32534,"weight":1.397},
{"Node_id":32535,"weight":2.0685},
{"Node_id":32536,"weight":1.8851},
{"Node_id":32537,"weight":1.8379},
{"Node_id":32538,"weight":5.6515},
{"Node_id":32539,"weight":1.8992},
{"Node_id":32540,"weight":1.7939},
{"Node_id":32541,"weight":2.0125},
{"Node_id":32542,"weight":2.5594},
{"Node_id":32543,"weight":1.7244},
{"Node_id":32544,"weight":3.6969},
{"Node_id":32545,"weight":3.1703},
{"Node_id":32546,"weight":1.5184},
{"Node_id":32547,"weight":1.3869},
{"Node_id":32548,"weight":2.1829},
{"Node_id":32549,"weight":2.2196},
{"Node_id":32550,"weight":1.9597},
{"Node_id":32551,"weight":2.8477},
{"Node_id":32552,"weight":1.6694},
{"Node_id":32553,"weight":3.577},
{"Node_id":32554,"weight":2.889},
{"Node_id":32555,"weight":2.885},
{"Node_id":32556,"weight":1.5259},
{"Node_id":32557,"weight":3.8567},
{"Node_id":32558,"weight":3.3079},
{"Node_id":32559,"weight":1.8354},
{"Node_id":32560,"weight":1.7736},
{"Node_id":32561,"weight":3.714},
{"Node_id":32562,"weight":1.8371},
{"Node_id":32563,"weight":2.9808},
{"Node_id":32564,"weight":2.9614},
{"Node_id":32565,"weight":3.4934},
{"Node_id":32566,"weight":1.3882},
{"Node_id":32567,"weight":1.7623},
{"Node_id":32568,"weight":2.3711},
{"Node_id":32569,"weight":1.4313},
{"Node_id":32570,"weight":1.5527},
{"Node_id":32571,"weight":2.2599},
{"Node_id":32572,"weight":2.0029},
{"Node_id":32573,"weight":2.6596},
{"Node_id":32574,"weight":1.9359},
{"Node_id":32575,"weight":2.9381},
{"Node_id":32576,"weight":2.9174},
{"Node_id":32577,"weight":1.6171},
{"Node_id":32578,"weight":1.8103},
{"Node_id":32579,"weight":1.5334},
{"Node_id":32580,"weight":2.887},
{"Node_id":32581,"weight":1.8186},
{"Node_id":32582,"weight":1.9542},
{"Node_id":32593,"weight":1.6785},
{"Node_id":32594,"weight":3.0006},
{"Node_id":32595,"weight":2.1785},
{"Node_id":32596,"weight":3.0786},
{"Node_id":32597,"weight":3.8275},
{"Node_id":32598,"weight":1.7881},
{"Node_id":32599,"weight":3.055},
{"Node_id":32600,"weight":1.9662},
{"Node_id":32601,"weight":2.4671},
{"Node_id":32602,"weight":3.2905},
{"Node_id":32603,"weight":1.901},
{"Node_id":32604,"weight":1.9802},
{"Node_id":32605,"weight":1.9802},
{"Node_id":32606,"weight":7.8236},
{"Node_id":32608,"weight":1.8021},
{"Node_id":32610,"weight":1.6913},
{"Node_id":32611,"weight":2.645},
{"Node_id":32612,"weight":4.0163},
{"Node_id":32613,"weight":1.4915},
{"Node_id":32614,"weight":1.5347},
{"Node_id":32615,"weight":2.6531},
{"Node_id":32616,"weight":2.2611},
{"Node_id":32695,"weight":4.3454},
{"Node_id":32696,"weight":2.8248},
{"Node_id":32699,"weight":2.4994},
{"Node_id":32700,"weight":1.748},
{"Node_id":32701,"weight":1.4855},
{"Node_id":32702,"weight":2.764},
{"Node_id":32703,"weight":1.8721},
{"Node_id":32704,"weight":2.4492},
{"Node_id":32705,"weight":1.8904},
{"Node_id":32706,"weight":1.9783},
{"Node_id":32707,"weight":1.6508},
{"Node_id":32708,"weight":2.1302},
{"Node_id":32709,"weight":2.4356},
{"Node_id":32710,"weight":2.0897},
{"Node_id":32711,"weight":3.1322},
{"Node_id":32712,"weight":1.956},
{"Node_id":32713,"weight":4.5362},
{"Node_id":32714,"weight":2.8574},
{"Node_id":32715,"weight":1.925},
{"Node_id":32716,"weight":3.2314},
{"Node_id":32717,"weight":4.6053},
{"Node_id":32718,"weight":2.7839},
{"Node_id":32719,"weight":1.5177},
{"Node_id":32720,"weight":1.414},
{"Node_id":32721,"weight":1.7496},
{"Node_id":32722,"weight":2.0318},
{"Node_id":32723,"weight":3.2424},
{"Node_id":32724,"weight":1.8756},
{"Node_id":32788,"weight":2.5371},
{"Node_id":32789,"weight":1.414},
{"Node_id":32790,"weight":2.4643},
{"Node_id":32791,"weight":1.8278},
{"Node_id":32819,"weight":1.8128},
{"Node_id":32820,"weight":1.4461},
{"Node_id":32821,"weight":2.0446},
{"Node_id":32822,"weight":2.5821},
{"Node_id":32823,"weight":3.4761},
{"Node_id":32824,"weight":1.5062},
{"Node_id":32825,"weight":2.0989},
{"Node_id":32826,"weight":2.3788},
{"Node_id":32827,"weight":1.5485},
{"Node_id":32828,"weight":4.4108},
{"Node_id":32829,"weight":1.6951},
{"Node_id":32830,"weight":1.827},
{"Node_id":32831,"weight":1.4384},
{"Node_id":32832,"weight":2.7551},
{"Node_id":32833,"weight":1.7409},
{"Node_id":32834,"weight":2.1333},
{"Node_id":32835,"weight":1.9634},
{"Node_id":32836,"weight":1.8111},
{"Node_id":32837,"weight":2.7604},
{"Node_id":32838,"weight":1.5779},
{"Node_id":32839,"weight":4.1383},
{"Node_id":32840,"weight":1.4565},
{"Node_id":32841,"weight":3.6233},
{"Node_id":32842,"weight":1.7599},
{"Node_id":32843,"weight":2.5806},
{"Node_id":32844,"weight":1.4096},
{"Node_id":32845,"weight":3.9072},
{"Node_id":32846,"weight":1.8211},
{"Node_id":32847,"weight":2.5312},
{"Node_id":32848,"weight":1.8037},
{"Node_id":32849,"weight":2.9657},
{"Node_id":32850,"weight":2.6514},
{"Node_id":32851,"weight":1.4229},
{"Node_id":32852,"weight":2.7132},
{"Node_id":32853,"weight":1.8404},
{"Node_id":32854,"weight":1.9332},
{"Node_id":32855,"weight":2.5867},
{"Node_id":32856,"weight":1.6694},
{"Node_id":32857,"weight":4.119},
{"Node_id":32858,"weight":2.4937},
{"Node_id":32859,"weight":3.9992},
{"Node_id":32860,"weight":1.9268},
{"Node_id":32861,"weight":1.4351},
{"Node_id":32862,"weight":1.5361},
{"Node_id":32863,"weight":1.6501},
{"Node_id":32864,"weight":1.9001},
{"Node_id":32865,"weight":3.7401},
{"Node_id":32866,"weight":2.1961},
{"Node_id":32890,"weight":1.5396},
{"Node_id":32891,"weight":1.4409},
{"Node_id":32892,"weight":6.0299},
{"Node_id":32893,"weight":1.8037},
{"Node_id":32894,"weight":2.1939},
{"Node_id":32895,"weight":1.5143},
{"Node_id":32896,"weight":1.8203},
{"Node_id":32897,"weight":1.5055},
{"Node_id":32898,"weight":1.8575},
{"Node_id":32899,"weight":2.2402},
{"Node_id":32900,"weight":4.8588},
{"Node_id":32901,"weight":1.4274},
{"Node_id":32902,"weight":2.0948},
{"Node_id":32903,"weight":2.1503},
{"Node_id":32904,"weight":2.1051},
{"Node_id":32905,"weight":1.726},
{"Node_id":32906,"weight":1.9395},
{"Node_id":32907,"weight":1.3982},
{"Node_id":32908,"weight":3.248},
{"Node_id":32909,"weight":1.5687},
{"Node_id":32910,"weight":2.3395},
{"Node_id":32911,"weight":1.6128},
{"Node_id":32912,"weight":1.3919},
{"Node_id":32913,"weight":1.5568},
{"Node_id":32914,"weight":1.6361},
{"Node_id":32915,"weight":2.6928},
{"Node_id":32916,"weight":2.891},
{"Node_id":32917,"weight":2.6844},
{"Node_id":32918,"weight":7.1301},
{"Node_id":32919,"weight":1.9597},
{"Node_id":32925,"weight":1.893},
{"Node_id":32926,"weight":3.9176},
{"Node_id":32927,"weight":2.3198},
{"Node_id":32928,"weight":2.6678},
{"Node_id":32929,"weight":2.0948},
{"Node_id":32930,"weight":1.8592},
{"Node_id":32931,"weight":4.7357},
{"Node_id":32932,"weight":2.3309},
{"Node_id":32933,"weight":1.4185},
{"Node_id":32934,"weight":1.7615},
{"Node_id":32935,"weight":1.4644},
{"Node_id":32936,"weight":3.1729},
{"Node_id":32937,"weight":2.6794},
{"Node_id":32938,"weight":2.97},
{"Node_id":32939,"weight":1.4611},
{"Node_id":32946,"weight":2.6777},
{"Node_id":32947,"weight":1.7043},
{"Node_id":32948,"weight":2.0877},
{"Node_id":32949,"weight":1.822},
{"Node_id":32950,"weight":3.1755},
{"Node_id":32951,"weight":1.6244},
{"Node_id":32952,"weight":1.5389},
{"Node_id":32953,"weight":2.0907},
{"Node_id":32954,"weight":1.843},
{"Node_id":32955,"weight":3.5732},
{"Node_id":32956,"weight":1.7971},
{"Node_id":32957,"weight":2.9962},
{"Node_id":32958,"weight":2.3198},
{"Node_id":32959,"weight":2.4275},
{"Node_id":32960,"weight":1.4835},
{"Node_id":32961,"weight":1.6501},
{"Node_id":32962,"weight":1.832},
{"Node_id":32963,"weight":1.39},
{"Node_id":32964,"weight":2.3358},
{"Node_id":32965,"weight":1.9662},
{"Node_id":32966,"weight":1.6815},
{"Node_id":32967,"weight":1.9802},
{"Node_id":32968,"weight":3.5253},
{"Node_id":32969,"weight":2.7986},
{"Node_id":32970,"weight":2.6744},
{"Node_id":32971,"weight":2.5224},
{"Node_id":32972,"weight":3.7624},
{"Node_id":32973,"weight":3.0786},
{"Node_id":32974,"weight":2.0565},
{"Node_id":32976,"weight":2.5327},
{"Node_id":32979,"weight":2.7912},
{"Node_id":32981,"weight":3.8372},
{"Node_id":32982,"weight":2.5975},
{"Node_id":32983,"weight":2.3546},
{"Node_id":32984,"weight":1.9459},
{"Node_id":32987,"weight":2.2529},
{"Node_id":32988,"weight":4.2546},
{"Node_id":32989,"weight":3.3777},
{"Node_id":32990,"weight":2.6289},
{"Node_id":32991,"weight":1.7719},
{"Node_id":32992,"weight":2.8324},
{"Node_id":32993,"weight":1.8843},
{"Node_id":32994,"weight":2.0877},
{"Node_id":32995,"weight":2.5929},
{"Node_id":32996,"weight":1.6777},
{"Node_id":32997,"weight":4.2915},
{"Node_id":32998,"weight":1.4409},
{"Node_id":32999,"weight":1.4644},
{"Node_id":33000,"weight":3.3591},
{"Node_id":33001,"weight":2.1884},
{"Node_id":33002,"weight":2.9298},
{"Node_id":33003,"weight":3.4761},
{"Node_id":33004,"weight":4.4988},
{"Node_id":33005,"weight":3.7669},
{"Node_id":33006,"weight":2.1525},
{"Node_id":33082,"weight":2.7676},
{"Node_id":33083,"weight":1.8878},
{"Node_id":33084,"weight":3.7313},
{"Node_id":33085,"weight":2.2599},
{"Node_id":33086,"weight":4.0514},
{"Node_id":33087,"weight":2.9195},
{"Node_id":33088,"weight":1.7728},
{"Node_id":33089,"weight":1.3976},
{"Node_id":33090,"weight":1.7504},
{"Node_id":33091,"weight":1.6853},
{"Node_id":33092,"weight":1.9868},
{"Node_id":33093,"weight":2.1589},
{"Node_id":33094,"weight":2.3149},
{"Node_id":33095,"weight":2.3879},
{"Node_id":33096,"weight":4.8458},
{"Node_id":33097,"weight":1.4915},
{"Node_id":33098,"weight":2.239},
{"Node_id":33099,"weight":2.1643},
{"Node_id":33100,"weight":2.5489},
{"Node_id":33101,"weight":1.6649},
{"Node_id":33102,"weight":1.6702},
{"Node_id":33103,"weight":3.5657},
{"Node_id":33104,"weight":1.9783},
{"Node_id":33105,"weight":1.7939},
{"Node_id":33106,"weight":5.3771},
{"Node_id":33107,"weight":2.0456},
{"Node_id":33108,"weight":3.4969},
{"Node_id":33109,"weight":2.0456},
{"Node_id":33111,"weight":2.6827},
{"Node_id":33113,"weight":2.4288},
{"Node_id":33120,"weight":3.4727},
{"Node_id":33121,"weight":2.0948},
{"Node_id":33122,"weight":2.0525},
{"Node_id":33123,"weight":5.0609},
{"Node_id":33124,"weight":4.3066},
{"Node_id":33125,"weight":3.1099},
{"Node_id":33126,"weight":2.6131},
{"Node_id":33127,"weight":1.8245},
{"Node_id":33128,"weight":1.8245},
{"Node_id":33129,"weight":1.4455},
{"Node_id":33156,"weight":2.145},
{"Node_id":33157,"weight":3.055},
{"Node_id":33158,"weight":3.8518},
{"Node_id":33228,"weight":1.5252},
{"Node_id":33229,"weight":1.9487},
{"Node_id":33230,"weight":1.513},
{"Node_id":33231,"weight":1.6597},
{"Node_id":33232,"weight":2.2402},
{"Node_id":33233,"weight":3.2342},
{"Node_id":33234,"weight":2.2787},
{"Node_id":33235,"weight":2.173},
{"Node_id":33236,"weight":4.3297},
{"Node_id":33237,"weight":2.7586},
{"Node_id":33238,"weight":1.8295},
{"Node_id":33239,"weight":2.6596},
{"Node_id":33240,"weight":2.3508},
{"Node_id":33241,"weight":5.2734},
{"Node_id":33242,"weight":3.9072},
{"Node_id":33243,"weight":5.7732},
{"Node_id":33244,"weight":1.3951},
{"Node_id":33270,"weight":3.2205},
{"Node_id":33271,"weight":1.5779},
{"Node_id":33272,"weight":3.9495},
{"Node_id":33273,"weight":2.0918},
{"Node_id":33274,"weight":1.7833},
{"Node_id":33275,"weight":1.4795},
{"Node_id":33276,"weight":1.3907},
{"Node_id":33277,"weight":1.5694},
{"Node_id":33278,"weight":1.6762},
{"Node_id":33279,"weight":2.8267},
{"Node_id":33280,"weight":2.1785},
{"Node_id":33281,"weight":1.6171},
{"Node_id":33282,"weight":1.3882},
{"Node_id":33283,"weight":4.7242},
{"Node_id":33284,"weight":2.5415},
{"Node_id":33285,"weight":2.0397},
{"Node_id":33286,"weight":1.58},
{"Node_id":33287,"weight":1.5437},
{"Node_id":33288,"weight":1.8295},
{"Node_id":33289,"weight":2.4698},
{"Node_id":33290,"weight":1.9305},
{"Node_id":33291,"weight":3.8132},
{"Node_id":33292,"weight":1.9036},
{"Node_id":33293,"weight":1.8054},
{"Node_id":33294,"weight":1.6244},
{"Node_id":33295,"weight":1.5506},
{"Node_id":33296,"weight":1.8851},
{"Node_id":33297,"weight":1.6471},
{"Node_id":33298,"weight":3.1912},
{"Node_id":33299,"weight":1.5687},
{"Node_id":33300,"weight":1.4598},
{"Node_id":33301,"weight":2.2344},
{"Node_id":33302,"weight":2.0048},
{"Node_id":33303,"weight":2.5094},
{"Node_id":33304,"weight":2.1796},
{"Node_id":33305,"weight":2.2425},
{"Node_id":33306,"weight":5.5957},
{"Node_id":33307,"weight":3.1912},
{"Node_id":33322,"weight":1.7623},
{"Node_id":33323,"weight":1.4481},
{"Node_id":33324,"weight":1.5096},
{"Node_id":33325,"weight":1.4422},
{"Node_id":33326,"weight":4.7592},
{"Node_id":33327,"weight":2.2129},
{"Node_id":33411,"weight":3.1651},
{"Node_id":33412,"weight":2.3284},
{"Node_id":33413,"weight":2.0067},
{"Node_id":33414,"weight":1.5793},
{"Node_id":33415,"weight":2.3358},
{"Node_id":33450,"weight":1.4172},
{"Node_id":33478,"weight":3.7313},
{"Node_id":33479,"weight":1.7206},
{"Node_id":33480,"weight":2.9529},
{"Node_id":33515,"weight":1.3932},
{"Node_id":33518,"weight":4.5751},
{"Node_id":33520,"weight":3.0929},
{"Node_id":33525,"weight":2.9786},
{"Node_id":33569,"weight":1.822},
{"Node_id":33570,"weight":1.7464},
{"Node_id":33573,"weight":1.4487},
{"Node_id":33597,"weight":1.3913},
{"Node_id":33598,"weight":1.3963},
{"Node_id":33599,"weight":2.3918},
{"Node_id":33619,"weight":1.5779},
{"Node_id":33684,"weight":2.8458},
{"Node_id":33810,"weight":1.4591},
{"Node_id":33811,"weight":4.0049},
{"Node_id":33812,"weight":1.793},
{"Node_id":33837,"weight":1.6936},
{"Node_id":33838,"weight":2.0212},
{"Node_id":33839,"weight":4.5653},
{"Node_id":33841,"weight":2.0077},
{"Node_id":33948,"weight":1.8379},
{"Node_id":33949,"weight":1.9802},
{"Node_id":33951,"weight":3.6352},
{"Node_id":33952,"weight":2.1323},
{"Node_id":33953,"weight":4.1982},
{"Node_id":33976,"weight":1.9746},
{"Node_id":33977,"weight":3.1651},
{"Node_id":33978,"weight":2.5023},
{"Node_id":33988,"weight":1.8834},
{"Node_id":33989,"weight":1.4121},
{"Node_id":34023,"weight":2.5268},
{"Node_id":34024,"weight":1.469},
{"Node_id":34025,"weight":2.8229},
{"Node_id":34026,"weight":3.3197},
{"Node_id":34027,"weight":3.5289},
{"Node_id":34028,"weight":1.6013},
{"Node_id":34029,"weight":1.5204},
{"Node_id":34030,"weight":3.5807},
{"Node_id":34031,"weight":2.0605},
{"Node_id":34032,"weight":1.7036},
{"Node_id":34033,"weight":1.7206},
{"Node_id":34034,"weight":2.1302},
{"Node_id":34035,"weight":1.7881},
{"Node_id":34036,"weight":1.7159},
{"Node_id":34037,"weight":4.3297},
{"Node_id":34038,"weight":1.6493},
{"Node_id":34039,"weight":1.7206},
{"Node_id":34042,"weight":1.5624},
{"Node_id":34043,"weight":1.6013},
{"Node_id":34044,"weight":4.6363},
{"Node_id":34045,"weight":1.631},
{"Node_id":34046,"weight":2.764},
{"Node_id":34047,"weight":1.9877},
{"Node_id":34048,"weight":2.5852},
{"Node_id":34049,"weight":1.793},
{"Node_id":34050,"weight":3.0621},
{"Node_id":34051,"weight":2.7029},
{"Node_id":34052,"weight":3.504},
{"Node_id":34053,"weight":1.6553},
{"Node_id":34054,"weight":1.5715},
{"Node_id":34055,"weight":1.9423},
{"Node_id":34056,"weight":1.4481},
{"Node_id":34057,"weight":1.4494},
{"Node_id":34058,"weight":1.5575},
{"Node_id":34059,"weight":5.045},
{"Node_id":34060,"weight":2.1687},
{"Node_id":34061,"weight":1.9915},
{"Node_id":34062,"weight":2.7132},
{"Node_id":34063,"weight":1.9296},
{"Node_id":34064,"weight":2.1072},
{"Node_id":34065,"weight":3.842},
{"Node_id":34066,"weight":1.9259},
{"Node_id":34067,"weight":2.2344},
{"Node_id":34068,"weight":1.5757},
{"Node_id":34069,"weight":2.9852},
{"Node_id":34070,"weight":2.102},
{"Node_id":34071,"weight":1.9423},
{"Node_id":34072,"weight":1.8557},
{"Node_id":34073,"weight":2.2517},
{"Node_id":34074,"weight":2.6911},
{"Node_id":34075,"weight":4.1513},
{"Node_id":34076,"weight":2.9786},
{"Node_id":34077,"weight":5.5957},
{"Node_id":34078,"weight":1.8362},
{"Node_id":34079,"weight":2.7201},
{"Node_id":34080,"weight":2.1796},
{"Node_id":34081,"weight":1.8904},
{"Node_id":34082,"weight":3.2992},
{"Node_id":34083,"weight":1.9764},
{"Node_id":34084,"weight":1.7963},
{"Node_id":34085,"weight":2.1},
{"Node_id":34086,"weight":2.3321},
{"Node_id":34087,"weight":2.3584},
{"Node_id":34088,"weight":3.0574},
{"Node_id":34089,"weight":2.3866},
{"Node_id":34090,"weight":1.5245},
{"Node_id":34091,"weight":1.8387},
{"Node_id":34092,"weight":3.4095},
{"Node_id":34093,"weight":1.9943},
{"Node_id":34094,"weight":1.5722},
{"Node_id":34172,"weight":2.0416},
{"Node_id":34173,"weight":2.127},
{"Node_id":34174,"weight":2.6811},
{"Node_id":34175,"weight":1.8695},
{"Node_id":34176,"weight":2.0309},
{"Node_id":34177,"weight":2.1124},
{"Node_id":34178,"weight":4.5653},
{"Node_id":34179,"weight":2.3996},
{"Node_id":34180,"weight":1.4881},
{"Node_id":34181,"weight":2.7287},
{"Node_id":34182,"weight":3.0905},
{"Node_id":34183,"weight":2.0887},
{"Node_id":34184,"weight":1.4513},
{"Node_id":34189,"weight":4.3534},
{"Node_id":34190,"weight":1.4416},
{"Node_id":34200,"weight":1.9423},
{"Node_id":34201,"weight":2.0745},
{"Node_id":34202,"weight":2.5852},
{"Node_id":34204,"weight":2.7046},
{"Node_id":34205,"weight":1.7703},
{"Node_id":34206,"weight":1.4875},
{"Node_id":34207,"weight":1.6288},
{"Node_id":34215,"weight":1.7639},
{"Node_id":34217,"weight":2.3408},
{"Node_id":34220,"weight":3.4624},
{"Node_id":34221,"weight":1.4147},
{"Node_id":34222,"weight":1.552},
{"Node_id":34223,"weight":3.0139},
{"Node_id":34224,"weight":4.1064},
{"Node_id":34225,"weight":3.6595},
{"Node_id":34226,"weight":1.7276},
{"Node_id":34227,"weight":3.3347},
{"Node_id":34257,"weight":2.4533},
{"Node_id":34258,"weight":2.4221},
{"Node_id":34259,"weight":2.9011},
{"Node_id":34260,"weight":2.274},
{"Node_id":34261,"weight":2.8691},
{"Node_id":34262,"weight":1.397},
{"Node_id":34263,"weight":1.8992},
{"Node_id":34264,"weight":1.5157},
{"Node_id":34265,"weight":2.8496},
{"Node_id":34266,"weight":1.8295},
{"Node_id":34267,"weight":1.6273},
{"Node_id":34333,"weight":1.699},
{"Node_id":34334,"weight":2.1176},
{"Node_id":34338,"weight":2.126},
{"Node_id":34339,"weight":1.6567},
{"Node_id":34341,"weight":2.7462},
{"Node_id":34342,"weight":2.1796},
{"Node_id":34343,"weight":2.1218},
{"Node_id":34344,"weight":1.532},
{"Node_id":34345,"weight":2.8496},
{"Node_id":34346,"weight":3.8038},
{"Node_id":34347,"weight":1.9241},
{"Node_id":34348,"weight":3.5004},
{"Node_id":34349,"weight":2.3635},
{"Node_id":34350,"weight":1.4513},
{"Node_id":34351,"weight":1.5218},
{"Node_id":34352,"weight":1.6951},
{"Node_id":34353,"weight":1.9089},
{"Node_id":34357,"weight":3.0857},
{"Node_id":34358,"weight":2.5852},
{"Node_id":34359,"weight":4.7242},
{"Node_id":34360,"weight":1.956},
{"Node_id":34361,"weight":2.8535},
{"Node_id":34362,"weight":2.1972},
{"Node_id":34363,"weight":2.3609},
{"Node_id":34364,"weight":3.1347},
{"Node_id":34365,"weight":1.9981},
{"Node_id":34366,"weight":4.9264},
{"Node_id":34367,"weight":2.2979},
{"Node_id":34368,"weight":3.5217},
{"Node_id":34369,"weight":2.4909},
{"Node_id":34370,"weight":1.5191},
{"Node_id":34371,"weight":2.1302},
{"Node_id":34372,"weight":1.6967},
{"Node_id":34373,"weight":2.61},
{"Node_id":34374,"weight":2.1493},
{"Node_id":34375,"weight":2.2895},
{"Node_id":34376,"weight":3.1075},
{"Node_id":34377,"weight":1.5444},
{"Node_id":34378,"weight":1.5177},
{"Node_id":34379,"weight":1.4683},
{"Node_id":34380,"weight":2.001},
{"Node_id":34381,"weight":1.4888},
{"Node_id":34382,"weight":1.587},
{"Node_id":34383,"weight":2.5714},
{"Node_id":34384,"weight":1.5527},
{"Node_id":34385,"weight":2.7894},
{"Node_id":34386,"weight":1.4147},
{"Node_id":34387,"weight":1.6739},
{"Node_id":34388,"weight":1.7906},
{"Node_id":34389,"weight":6.264},
{"Node_id":34390,"weight":2.4075},
{"Node_id":34393,"weight":1.5136},
{"Node_id":34394,"weight":3.7806},
{"Node_id":34395,"weight":6.2126},
{"Node_id":34396,"weight":3.0072},
{"Node_id":34397,"weight":3.8275},
{"Node_id":34398,"weight":3.5362},
{"Node_id":34399,"weight":1.9287},
{"Node_id":34400,"weight":2.5836},
{"Node_id":34401,"weight":2.0202},
{"Node_id":34402,"weight":1.9305},
{"Node_id":34403,"weight":1.4749},
{"Node_id":34404,"weight":2.2967},
{"Node_id":34405,"weight":2.9195},
{"Node_id":34497,"weight":2.3271},
{"Node_id":34498,"weight":1.7535},
{"Node_id":34500,"weight":1.9395},
{"Node_id":34501,"weight":1.4134},
{"Node_id":34514,"weight":1.8678},
{"Node_id":34515,"weight":2.2084},
{"Node_id":34516,"weight":1.8095},
{"Node_id":34517,"weight":2.9215},
{"Node_id":34518,"weight":2.7218},
{"Node_id":34519,"weight":1.8404},
{"Node_id":34520,"weight":1.3944},
{"Node_id":34521,"weight":2.2587},
{"Node_id":34522,"weight":1.7074},
{"Node_id":34523,"weight":3.776},
{"Node_id":34524,"weight":4.6363},
{"Node_id":34525,"weight":3.9936},
{"Node_id":34526,"weight":2.231},
{"Node_id":34527,"weight":1.7028},
{"Node_id":34528,"weight":1.9386},
{"Node_id":34529,"weight":1.7144},
{"Node_id":34530,"weight":1.6442},
{"Node_id":34535,"weight":1.4191},
{"Node_id":34536,"weight":1.6229},
{"Node_id":34537,"weight":1.7417},
{"Node_id":34538,"weight":3.6636},
{"Node_id":34539,"weight":1.6853},
{"Node_id":34540,"weight":2.2402},
{"Node_id":34541,"weight":5.4217},
{"Node_id":34542,"weight":1.4217},
{"Node_id":34543,"weight":2.0928},
{"Node_id":34563,"weight":2.3234},
{"Node_id":34582,"weight":5.3555},
{"Node_id":34583,"weight":2.441},
{"Node_id":34584,"weight":1.5506},
{"Node_id":34585,"weight":2.9874},
{"Node_id":34596,"weight":1.6442},
{"Node_id":34597,"weight":1.3869},
{"Node_id":34598,"weight":1.7036},
{"Node_id":34599,"weight":1.789},
{"Node_id":34600,"weight":1.5687},
{"Node_id":34601,"weight":2.2253},
{"Node_id":34602,"weight":3.2619},
{"Node_id":34603,"weight":3.0252},
{"Node_id":34606,"weight":1.6777},
{"Node_id":34608,"weight":4.4451},
{"Node_id":34611,"weight":1.9542},
{"Node_id":34619,"weight":1.886},
{"Node_id":34620,"weight":2.0887},
{"Node_id":34623,"weight":3.5398},
{"Node_id":34624,"weight":2.3699},
{"Node_id":34627,"weight":1.6545},
{"Node_id":34628,"weight":1.9905},
{"Node_id":34629,"weight":2.1312},
{"Node_id":34630,"weight":1.9386},
{"Node_id":34642,"weight":1.6013},
{"Node_id":34643,"weight":2.2705},
{"Node_id":34644,"weight":2.3259},
{"Node_id":34645,"weight":1.5015},
{"Node_id":34646,"weight":1.6339},
{"Node_id":34647,"weight":4.4716},
{"Node_id":34648,"weight":2.0897},
{"Node_id":34649,"weight":2.1665},
{"Node_id":34650,"weight":2.5836},
{"Node_id":34651,"weight":1.9578},
{"Node_id":34652,"weight":3.7991},
{"Node_id":34653,"weight":2.3559},
{"Node_id":34654,"weight":2.3996},
{"Node_id":34655,"weight":1.4982},
{"Node_id":34656,"weight":1.6605},
{"Node_id":34657,"weight":1.9802},
{"Node_id":34658,"weight":2.2129},
{"Node_id":34659,"weight":2.9215},
{"Node_id":34660,"weight":2.5944},
{"Node_id":34664,"weight":2.1072},
{"Node_id":34665,"weight":2.8477},
{"Node_id":34666,"weight":1.4526},
{"Node_id":34667,"weight":1.7711},
{"Node_id":34668,"weight":1.8021},
{"Node_id":34732,"weight":2.9133},
{"Node_id":34733,"weight":1.5076},
{"Node_id":34734,"weight":2.3622},
{"Node_id":34735,"weight":2.9423},
{"Node_id":34736,"weight":2.9874},
{"Node_id":34737,"weight":2.0826},
{"Node_id":34738,"weight":1.726},
{"Node_id":34739,"weight":1.7433},
{"Node_id":34740,"weight":2.223},
{"Node_id":34741,"weight":2.7081},
{"Node_id":34742,"weight":2.936},
{"Node_id":34744,"weight":2.7132},
{"Node_id":34746,"weight":1.9905},
{"Node_id":34747,"weight":1.9018},
{"Node_id":34748,"weight":4.1711},
{"Node_id":34749,"weight":1.4683},
{"Node_id":34750,"weight":2.0695},
{"Node_id":34751,"weight":1.3907},
{"Node_id":34752,"weight":4.7015},
{"Node_id":34754,"weight":1.5863},
{"Node_id":34757,"weight":2.5297},
{"Node_id":34772,"weight":3.8085},
{"Node_id":34773,"weight":1.3894},
{"Node_id":34774,"weight":4.6053},
{"Node_id":34775,"weight":4.4896},
{"Node_id":34776,"weight":3.4591},
{"Node_id":34777,"weight":2.2859},
{"Node_id":34778,"weight":1.5076},
{"Node_id":34779,"weight":1.6085},
{"Node_id":34780,"weight":1.4134},
{"Node_id":34781,"weight":2.0555},
{"Node_id":34783,"weight":1.7252},
{"Node_id":34785,"weight":1.9615},
{"Node_id":34786,"weight":2.1397},
{"Node_id":34787,"weight":2.885},
{"Node_id":34788,"weight":2.3673},
{"Node_id":34789,"weight":1.9359},
{"Node_id":34792,"weight":1.812},
{"Node_id":34793,"weight":2.3471},
{"Node_id":34794,"weight":2.1525},
{"Node_id":34795,"weight":2.2979},
{"Node_id":34796,"weight":4.9264},
{"Node_id":34797,"weight":3.4591},
{"Node_id":34798,"weight":3.4865},
{"Node_id":34799,"weight":2.2716},
{"Node_id":34800,"weight":1.5878},
{"Node_id":34801,"weight":4.9126},
{"Node_id":34802,"weight":1.3951},
{"Node_id":34803,"weight":2.2599},
{"Node_id":34804,"weight":2.1983},
{"Node_id":34805,"weight":1.6694},
{"Node_id":34806,"weight":2.0836},
{"Node_id":34807,"weight":1.8532},
{"Node_id":34808,"weight":2.5564},
{"Node_id":34809,"weight":2.4089},
{"Node_id":34810,"weight":2.1514},
{"Node_id":34811,"weight":2.4262},
{"Node_id":34814,"weight":2.4089},
{"Node_id":34815,"weight":3.1247},
{"Node_id":34818,"weight":1.7639},
{"Node_id":34819,"weight":2.6962},
{"Node_id":34830,"weight":1.5471},
{"Node_id":34831,"weight":1.6898},
{"Node_id":34832,"weight":1.3951},
{"Node_id":34833,"weight":1.6449},
{"Node_id":34834,"weight":2.0705},
{"Node_id":34835,"weight":1.8575},
{"Node_id":34836,"weight":3.2178},
{"Node_id":34837,"weight":2.6337},
{"Node_id":34838,"weight":2.5489},
{"Node_id":34839,"weight":2.0635},
{"Node_id":34840,"weight":2.6194},
{"Node_id":34841,"weight":1.656},
{"Node_id":34842,"weight":2.1939},
{"Node_id":34843,"weight":1.5694},
{"Node_id":34844,"weight":1.7631},
{"Node_id":34845,"weight":1.4255},
{"Node_id":34846,"weight":3.9441},
{"Node_id":34847,"weight":1.4268},
{"Node_id":34848,"weight":1.4403},
{"Node_id":34849,"weight":2.7081},
{"Node_id":34850,"weight":1.6383},
{"Node_id":34851,"weight":1.4808},
{"Node_id":34852,"weight":1.7496},
{"Node_id":34853,"weight":4.9989},
{"Node_id":34854,"weight":1.6672},
{"Node_id":34855,"weight":2.7115},
{"Node_id":34856,"weight":1.4875},
{"Node_id":34857,"weight":1.6412},
{"Node_id":34858,"weight":2.0655},
{"Node_id":34859,"weight":1.6694},
{"Node_id":34860,"weight":1.5771},
{"Node_id":34861,"weight":1.86},
{"Node_id":34862,"weight":5.7732},
{"Node_id":34863,"weight":4.2402},
{"Node_id":34864,"weight":2.5594},
{"Node_id":34865,"weight":6.1171},
{"Node_id":34901,"weight":2.2196},
{"Node_id":34902,"weight":2.6178},
{"Node_id":34903,"weight":4.5951},
{"Node_id":34904,"weight":3.7898},
{"Node_id":34905,"weight":2.9678},
{"Node_id":34942,"weight":1.7315},
{"Node_id":34943,"weight":1.8103},
{"Node_id":34944,"weight":2.6695},
{"Node_id":34945,"weight":1.5673},
{"Node_id":34946,"weight":3.5732},
{"Node_id":34947,"weight":2.0338},
{"Node_id":34948,"weight":2.8652},
{"Node_id":34949,"weight":2.3395},
{"Node_id":34950,"weight":2.4574},
{"Node_id":34951,"weight":3.1099},
{"Node_id":34952,"weight":2.5944},
{"Node_id":34953,"weight":2.1557},
{"Node_id":34954,"weight":3.449},
{"Node_id":34955,"weight":3.7991},
{"Node_id":34956,"weight":1.8712},
{"Node_id":34957,"weight":5.3992},
{"Node_id":34958,"weight":1.8913},
{"Node_id":34962,"weight":1.9359},
{"Node_id":34963,"weight":1.4306},
{"Node_id":34964,"weight":3.3438},
{"Node_id":34965,"weight":3.1807},
{"Node_id":34966,"weight":1.467},
{"Node_id":34967,"weight":3.0095},
{"Node_id":34968,"weight":3.226},
{"Node_id":34969,"weight":2.6084},
{"Node_id":34970,"weight":2.5224},
{"Node_id":34971,"weight":2.0645},
{"Node_id":34972,"weight":1.5513},
{"Node_id":34973,"weight":2.5745},
{"Node_id":34974,"weight":1.4756},
{"Node_id":35003,"weight":2.4451},
{"Node_id":35004,"weight":2.239},
{"Node_id":35005,"weight":2.879},
{"Node_id":35006,"weight":1.879},
{"Node_id":35007,"weight":3.8469},
{"Node_id":35008,"weight":1.9662},
{"Node_id":35009,"weight":1.5849},
{"Node_id":35010,"weight":1.8387},
{"Node_id":35011,"weight":1.4326},
{"Node_id":35012,"weight":2.401},
{"Node_id":35023,"weight":1.5062},
{"Node_id":35024,"weight":2.3609},
{"Node_id":35025,"weight":1.7752},
{"Node_id":35026,"weight":2.0115},
{"Node_id":35027,"weight":1.8087},
{"Node_id":35028,"weight":1.4396},
{"Node_id":35029,"weight":2.1862},
{"Node_id":35030,"weight":2.0846},
{"Node_id":35031,"weight":3.1148},
{"Node_id":35032,"weight":1.5252},
{"Node_id":35033,"weight":4.2546},
{"Node_id":35034,"weight":4.0514},
{"Node_id":35035,"weight":2.6482},
{"Node_id":35036,"weight":1.983},
{"Node_id":35037,"weight":1.712},
{"Node_id":35038,"weight":6.6441},
{"Node_id":35039,"weight":2.7166},
{"Node_id":35117,"weight":3.7898},
{"Node_id":35118,"weight":1.9736},
{"Node_id":35121,"weight":1.4941},
{"Node_id":35122,"weight":3.504},
{"Node_id":35123,"weight":1.5715},
{"Node_id":35124,"weight":3.3652},
{"Node_id":35125,"weight":2.6645},
{"Node_id":35126,"weight":4.0634},
{"Node_id":35127,"weight":3.2178},
{"Node_id":35128,"weight":2.3003},
{"Node_id":35129,"weight":2.6695},
{"Node_id":35130,"weight":4.3614},
{"Node_id":35131,"weight":6.1171},
{"Node_id":35132,"weight":2.3699},
{"Node_id":35133,"weight":3.7806},
{"Node_id":35134,"weight":2.2219},
{"Node_id":35135,"weight":3.6352},
{"Node_id":35136,"weight":1.6171},
{"Node_id":35137,"weight":3.9713},
{"Node_id":35138,"weight":1.983},
{"Node_id":35139,"weight":2.4866},
{"Node_id":35140,"weight":1.5603},
{"Node_id":35141,"weight":5.6232},
{"Node_id":35142,"weight":3.5075},
{"Node_id":35146,"weight":1.4435},
{"Node_id":35147,"weight":1.9708},
{"Node_id":35148,"weight":1.7385},
{"Node_id":35149,"weight":2.1546},
{"Node_id":35156,"weight":2.0545},
{"Node_id":35157,"weight":3.3591},
{"Node_id":35158,"weight":2.0318},
{"Node_id":35159,"weight":3.7624},
{"Node_id":35160,"weight":2.0918},
{"Node_id":35161,"weight":3.4624},
{"Node_id":35162,"weight":2.6353},
{"Node_id":35163,"weight":2.0755},
{"Node_id":35164,"weight":2.6353},
{"Node_id":35165,"weight":1.4795},
{"Node_id":35166,"weight":1.7599},
{"Node_id":35167,"weight":1.4306},
{"Node_id":35168,"weight":1.78},
{"Node_id":35169,"weight":2.0221},
{"Node_id":35170,"weight":1.4332},
{"Node_id":35171,"weight":2.8248},
{"Node_id":35172,"weight":3.2452},
{"Node_id":35175,"weight":4.0049},
{"Node_id":35176,"weight":2.0595},
{"Node_id":35177,"weight":3.1912},
{"Node_id":35181,"weight":1.5743},
{"Node_id":35182,"weight":3.9713},
{"Node_id":35183,"weight":1.6929},
{"Node_id":35213,"weight":1.5828},
{"Node_id":35214,"weight":2.0309},
{"Node_id":35215,"weight":1.4663},
{"Node_id":35216,"weight":1.7082},
{"Node_id":35217,"weight":1.4928},
{"Node_id":35221,"weight":1.5231},
{"Node_id":35222,"weight":2.8116},
{"Node_id":35223,"weight":1.5062},
{"Node_id":35224,"weight":2.7166},
{"Node_id":35225,"weight":2.3458},
{"Node_id":35226,"weight":2.5181},
{"Node_id":35227,"weight":2.7857},
{"Node_id":35228,"weight":1.6739},
{"Node_id":35229,"weight":2.2646},
{"Node_id":35230,"weight":4.9548},
{"Node_id":35231,"weight":3.4456},
{"Node_id":35232,"weight":1.7028},
{"Node_id":35233,"weight":2.0348},
{"Node_id":35234,"weight":2.5066},
{"Node_id":35235,"weight":1.68},
{"Node_id":35236,"weight":1.9802},
{"Node_id":35237,"weight":4.2331},
{"Node_id":35238,"weight":2.2106},
{"Node_id":35239,"weight":2.3699},
{"Node_id":35240,"weight":4.2619},
{"Node_id":35241,"weight":2.2017},
{"Node_id":35242,"weight":2.441},
{"Node_id":35243,"weight":1.602},
{"Node_id":35244,"weight":2.1939},
{"Node_id":35247,"weight":2.4342},
{"Node_id":35248,"weight":1.9161},
{"Node_id":35251,"weight":2.0625},
{"Node_id":35252,"weight":2.4712},
{"Node_id":35253,"weight":2.4698},
{"Node_id":35254,"weight":2.645},
{"Node_id":35255,"weight":2.0348},
{"Node_id":35256,"weight":2.3173},
{"Node_id":35257,"weight":3.6595},
{"Node_id":35258,"weight":1.5143},
{"Node_id":35259,"weight":1.6739},
{"Node_id":35260,"weight":2.0735},
{"Node_id":35261,"weight":1.5506},
{"Node_id":35262,"weight":3.0343},
{"Node_id":35263,"weight":2.5474},
{"Node_id":35264,"weight":1.5701},
{"Node_id":35265,"weight":2.0358},
{"Node_id":35266,"weight":3.9441},
{"Node_id":35267,"weight":2.5385},
{"Node_id":35268,"weight":1.866},
{"Node_id":35269,"weight":1.8506},
{"Node_id":35270,"weight":2.877},
{"Node_id":35271,"weight":1.5204},
{"Node_id":35350,"weight":1.7776},
{"Node_id":35351,"weight":2.8613},
{"Node_id":35352,"weight":1.5934},
{"Node_id":35377,"weight":2.6563},
{"Node_id":35378,"weight":1.8261},
{"Node_id":35379,"weight":3.5435},
{"Node_id":35380,"weight":1.5464},
{"Node_id":35381,"weight":1.6006},
{"Node_id":35457,"weight":1.8286},
{"Node_id":35458,"weight":2.1407},
{"Node_id":35459,"weight":2.4115},
{"Node_id":35460,"weight":2.5297},
{"Node_id":35461,"weight":1.7639},
{"Node_id":35493,"weight":1.3982},
{"Node_id":35494,"weight":2.5699},
{"Node_id":35495,"weight":1.7005},
{"Node_id":35552,"weight":3.005},
{"Node_id":35553,"weight":1.5035},
{"Node_id":35598,"weight":6.3182},
{"Node_id":35599,"weight":1.7512},
{"Node_id":35600,"weight":5.5957},
{"Node_id":35601,"weight":1.4749},
{"Node_id":35602,"weight":4.1846},
{"Node_id":35603,"weight":2.9571},
{"Node_id":35604,"weight":1.4507},
{"Node_id":35605,"weight":4.4988},
{"Node_id":35606,"weight":2.0715},
{"Node_id":35607,"weight":1.7528},
{"Node_id":35608,"weight":1.6747},
{"Node_id":35609,"weight":1.6295},
{"Node_id":35610,"weight":3.3871},
{"Node_id":35611,"weight":1.9551},
{"Node_id":35612,"weight":2.6006},
{"Node_id":35615,"weight":1.6936},
{"Node_id":35616,"weight":2.1103},
{"Node_id":35617,"weight":2.1376},
{"Node_id":35618,"weight":1.6405},
{"Node_id":35619,"weight":2.4671},
{"Node_id":35620,"weight":1.5423},
{"Node_id":35621,"weight":1.4624},
{"Node_id":35622,"weight":6.3182},
{"Node_id":35623,"weight":1.8695},
{"Node_id":35624,"weight":2.0289},
{"Node_id":35626,"weight":4.1318},
{"Node_id":35648,"weight":2.2529},
{"Node_id":35651,"weight":1.6361},
{"Node_id":35653,"weight":5.7105},
{"Node_id":35673,"weight":3.6352},
{"Node_id":35674,"weight":3.356},
{"Node_id":35675,"weight":2.61},
{"Node_id":35676,"weight":1.8992},
{"Node_id":35678,"weight":3.9124},
{"Node_id":35681,"weight":1.5109},
{"Node_id":35684,"weight":2.1535},
{"Node_id":35685,"weight":3.2818},
{"Node_id":35686,"weight":3.9713},
{"Node_id":35687,"weight":1.7623},
{"Node_id":35688,"weight":4.3297},
{"Node_id":35689,"weight":2.0585},
{"Node_id":35690,"weight":2.5474},
{"Node_id":35691,"weight":2.184},
{"Node_id":35692,"weight":2.1643},
{"Node_id":35693,"weight":3.6115},
{"Node_id":35694,"weight":1.854},
{"Node_id":35695,"weight":2.7515},
{"Node_id":35696,"weight":1.8738},
{"Node_id":35697,"weight":2.0846},
{"Node_id":35700,"weight":2.1983},
{"Node_id":35701,"weight":1.5666},
{"Node_id":35702,"weight":3.9658},
{"Node_id":35703,"weight":1.886},
{"Node_id":35704,"weight":1.7955},
{"Node_id":35705,"weight":2.3173},
{"Node_id":35706,"weight":1.9441},
{"Node_id":35707,"weight":1.5279},
{"Node_id":35708,"weight":2.2017},
{"Node_id":35709,"weight":1.5204},
{"Node_id":35710,"weight":2.6596},
{"Node_id":35711,"weight":2.9939},
{"Node_id":35712,"weight":1.5764},
{"Node_id":35713,"weight":1.5123},
{"Node_id":35714,"weight":2.5729},
{"Node_id":35715,"weight":2.1578},
{"Node_id":35716,"weight":2.1407},
{"Node_id":35717,"weight":1.6353},
{"Node_id":35718,"weight":2.3892},
{"Node_id":35719,"weight":2.3039},
{"Node_id":35720,"weight":2.7046},
{"Node_id":35721,"weight":1.6164},
{"Node_id":35722,"weight":1.8295},
{"Node_id":35723,"weight":3.6273},
{"Node_id":35724,"weight":2.9195},
{"Node_id":35729,"weight":1.8566},
{"Node_id":35730,"weight":2.2483},
{"Node_id":35731,"weight":2.2174},
{"Node_id":35732,"weight":2.3533},
{"Node_id":35733,"weight":3.0028},
{"Node_id":35734,"weight":1.5471},
{"Node_id":35735,"weight":3.2017},
{"Node_id":35736,"weight":2.366},
{"Node_id":35737,"weight":2.9195},
{"Node_id":35738,"weight":2.6466},
{"Node_id":35739,"weight":3.416},
{"Node_id":35740,"weight":1.4236},
{"Node_id":35741,"weight":4.0455},
{"Node_id":35742,"weight":2.1687},
{"Node_id":35743,"weight":1.8635},
{"Node_id":35744,"weight":2.7201},
{"Node_id":35745,"weight":1.4968},
{"Node_id":35746,"weight":1.5631},
{"Node_id":35747,"weight":2.6482},
{"Node_id":35748,"weight":2.2811},
{"Node_id":35749,"weight":3.5884},
{"Node_id":35750,"weight":1.9746},
{"Node_id":35751,"weight":3.449},
{"Node_id":35752,"weight":1.9332},
{"Node_id":35753,"weight":2.223},
{"Node_id":35754,"weight":2.7931},
{"Node_id":35761,"weight":1.4928},
{"Node_id":35764,"weight":2.1051},
{"Node_id":35765,"weight":3.1124},
{"Node_id":35766,"weight":3.1002},
{"Node_id":35767,"weight":2.2028},
{"Node_id":35768,"weight":3.9124},
{"Node_id":35769,"weight":3.8372},
{"Node_id":35770,"weight":2.7694},
{"Node_id":35771,"weight":4.0574},
{"Node_id":35772,"weight":7.418},
{"Node_id":35775,"weight":2.4288},
{"Node_id":35776,"weight":4.0514},
{"Node_id":35777,"weight":1.5293},
{"Node_id":35778,"weight":1.5396},
{"Node_id":35782,"weight":2.4329},
{"Node_id":35798,"weight":2.4155},
{"Node_id":35801,"weight":8.1114},
{"Node_id":35802,"weight":1.6434},
{"Node_id":35805,"weight":2.0067},
{"Node_id":35806,"weight":2.0019},
{"Node_id":35807,"weight":3.6432},
{"Node_id":35808,"weight":2.1884},
{"Node_id":35809,"weight":2.2174},
{"Node_id":35810,"weight":2.0836},
{"Node_id":35811,"weight":2.0289},
{"Node_id":35812,"weight":2.6777},
{"Node_id":35813,"weight":2.9465},
{"Node_id":35814,"weight":1.5927},
{"Node_id":35835,"weight":1.7013},
{"Node_id":35836,"weight":2.4356},
{"Node_id":35837,"weight":1.6747},
{"Node_id":35838,"weight":1.4736},
{"Node_id":35839,"weight":2.1145},
{"Node_id":35840,"weight":1.5029},
{"Node_id":35841,"weight":1.5409},
{"Node_id":35842,"weight":1.8669},
{"Node_id":35843,"weight":3.8227},
{"Node_id":35844,"weight":1.7409},
{"Node_id":35845,"weight":2.6037},
{"Node_id":35846,"weight":2.7912},
{"Node_id":35847,"weight":1.9468},
{"Node_id":35848,"weight":4.9989},
{"Node_id":35849,"weight":1.4855},
{"Node_id":35850,"weight":1.843},
{"Node_id":35851,"weight":1.8773},
{"Node_id":35852,"weight":2.8633},
{"Node_id":35853,"weight":6.3182},
{"Node_id":35854,"weight":2.2196},
{"Node_id":35855,"weight":3.1002},
{"Node_id":35856,"weight":1.5306},
{"Node_id":35857,"weight":3.3591},
{"Node_id":35858,"weight":1.5347},
{"Node_id":35859,"weight":1.4468},
{"Node_id":35860,"weight":1.6649},
{"Node_id":35861,"weight":1.7599},
{"Node_id":35862,"weight":2.2425},
{"Node_id":35863,"weight":2.0615},
{"Node_id":35864,"weight":1.3875},
{"Node_id":35865,"weight":2.321},
{"Node_id":35866,"weight":4.4538},
{"Node_id":35867,"weight":1.4789},
{"Node_id":35868,"weight":1.4572},
{"Node_id":35869,"weight":2.6678},
{"Node_id":35870,"weight":6.5008},
{"Node_id":35871,"weight":5.4685},
{"Node_id":35872,"weight":1.7575},
{"Node_id":35873,"weight":1.9662},
{"Node_id":35874,"weight":1.532},
{"Node_id":35875,"weight":1.5002},
{"Node_id":35876,"weight":1.4578},
{"Node_id":35877,"weight":4.3858},
{"Node_id":35880,"weight":3.2876},
{"Node_id":35881,"weight":3.6885},
{"Node_id":35882,"weight":2.0058},
{"Node_id":35883,"weight":2.0397},
{"Node_id":35884,"weight":1.6523},
{"Node_id":35885,"weight":6.4362},
{"Node_id":35886,"weight":1.86},
{"Node_id":35887,"weight":1.6959},
{"Node_id":35888,"weight":2.1643},
{"Node_id":35889,"weight":1.5736},
{"Node_id":36007,"weight":1.6822},
{"Node_id":36008,"weight":1.9395},
{"Node_id":36009,"weight":1.5245},
{"Node_id":36010,"weight":3.6554},
{"Node_id":36011,"weight":3.3714},
{"Node_id":36014,"weight":1.4585},
{"Node_id":36015,"weight":2.0705},
{"Node_id":36069,"weight":1.6982},
{"Node_id":36070,"weight":2.1093},
{"Node_id":36071,"weight":2.2669},
{"Node_id":36072,"weight":2.521},
{"Node_id":36073,"weight":1.9839},
{"Node_id":36074,"weight":2.4248},
{"Node_id":36075,"weight":1.752},
{"Node_id":36076,"weight":2.576},
{"Node_id":36132,"weight":2.4383},
{"Node_id":36133,"weight":1.9934},
{"Node_id":36134,"weight":1.8913},
{"Node_id":36135,"weight":4.4108},
{"Node_id":36136,"weight":1.9597},
{"Node_id":36137,"weight":1.659},
{"Node_id":36144,"weight":1.9223},
{"Node_id":36145,"weight":2.0173},
{"Node_id":36146,"weight":3.9604},
{"Node_id":36255,"weight":2.579},
{"Node_id":36256,"weight":2.205},
{"Node_id":36257,"weight":3.504},
{"Node_id":36258,"weight":1.4624},
{"Node_id":36265,"weight":5.8753},
{"Node_id":36266,"weight":2.7046},
{"Node_id":36267,"weight":1.4422},
{"Node_id":36268,"weight":3.4899},
{"Node_id":36269,"weight":2.6995},
{"Node_id":36270,"weight":3.0833},
{"Node_id":36271,"weight":1.6501},
{"Node_id":36272,"weight":2.5609},
{"Node_id":36273,"weight":2.4049},
{"Node_id":36274,"weight":2.2276},
{"Node_id":36275,"weight":3.248},
{"Node_id":36276,"weight":2.1376},
{"Node_id":36277,"weight":1.5694},
{"Node_id":36278,"weight":1.901},
{"Node_id":36279,"weight":1.9792},
{"Node_id":36280,"weight":1.9487},
{"Node_id":36281,"weight":3.1026},
{"Node_id":36282,"weight":1.4172},
{"Node_id":36289,"weight":3.1807},
{"Node_id":36290,"weight":3.0762},
{"Node_id":36291,"weight":4.1383},
{"Node_id":36292,"weight":1.683},
{"Node_id":36293,"weight":2.4615},
{"Node_id":36294,"weight":1.719},
{"Node_id":36295,"weight":2.214},
{"Node_id":36296,"weight":1.7639},
{"Node_id":36297,"weight":1.4709},
{"Node_id":36298,"weight":2.0725},
{"Node_id":36299,"weight":1.517},
{"Node_id":36300,"weight":1.6747},
{"Node_id":36304,"weight":3.4356},
{"Node_id":36305,"weight":3.3871},
{"Node_id":36306,"weight":2.027},
{"Node_id":36307,"weight":3.714},
{"Node_id":36308,"weight":2.3112},
{"Node_id":36309,"weight":1.6605},
{"Node_id":36310,"weight":1.9886},
{"Node_id":36311,"weight":4.7832},
{"Node_id":36312,"weight":1.9377},
{"Node_id":36313,"weight":1.8128},
{"Node_id":36324,"weight":3.1938},
{"Node_id":36325,"weight":2.5415},
{"Node_id":36326,"weight":1.5548},
{"Node_id":36327,"weight":1.5807},
{"Node_id":36328,"weight":2.2356},
{"Node_id":36329,"weight":2.3136},
{"Node_id":36330,"weight":1.7607},
{"Node_id":36331,"weight":3.4356},
{"Node_id":36332,"weight":2.6728},
{"Node_id":36333,"weight":1.628},
{"Node_id":36334,"weight":1.5225},
{"Node_id":36337,"weight":3.7054},
{"Node_id":36356,"weight":3.4865},
{"Node_id":36357,"weight":4.226},
{"Node_id":36358,"weight":2.7857},
{"Node_id":36394,"weight":1.6875},
{"Node_id":36395,"weight":4.6793},
{"Node_id":36396,"weight":1.6792},
{"Node_id":36397,"weight":2.0775},
{"Node_id":36398,"weight":2.6777},
{"Node_id":36399,"weight":3.2619},
{"Node_id":36400,"weight":1.6288},
{"Node_id":36401,"weight":4.8458},
{"Node_id":36402,"weight":1.822},
{"Node_id":36403,"weight":2.6482},
{"Node_id":36404,"weight":4.9264},
{"Node_id":36405,"weight":1.4115},
{"Node_id":36406,"weight":5.11},
{"Node_id":36407,"weight":3.3777},
{"Node_id":36408,"weight":2.2413},
{"Node_id":36409,"weight":2.5195},
{"Node_id":36410,"weight":3.3347},
{"Node_id":36411,"weight":2.1557},
{"Node_id":36412,"weight":1.4921},
{"Node_id":36413,"weight":3.1447},
{"Node_id":36414,"weight":1.6657},
{"Node_id":36415,"weight":3.9604},
{"Node_id":36416,"weight":2.5254},
{"Node_id":36417,"weight":5.2159},
{"Node_id":36418,"weight":2.1546},
{"Node_id":36419,"weight":2.3124},
{"Node_id":36420,"weight":1.5143},
{"Node_id":36421,"weight":3.6718},
{"Node_id":36422,"weight":2.576},
{"Node_id":36423,"weight":2.3879},
{"Node_id":36424,"weight":3.3903},
{"Node_id":36425,"weight":5.1975},
{"Node_id":36426,"weight":2.9402},
{"Node_id":36427,"weight":2.2752},
{"Node_id":36428,"weight":2.342},
{"Node_id":36429,"weight":3.3529},
{"Node_id":36430,"weight":1.5423},
{"Node_id":36431,"weight":2.9593},
{"Node_id":36432,"weight":1.6754},
{"Node_id":36433,"weight":3.3621},
{"Node_id":36434,"weight":1.8396},
{"Node_id":36435,"weight":2.2634},
{"Node_id":36489,"weight":2.2775},
{"Node_id":36490,"weight":2.2859},
{"Node_id":36491,"weight":2.4574},
{"Node_id":36492,"weight":3.0006},
{"Node_id":36493,"weight":2.3149},
{"Node_id":36494,"weight":2.5181},
{"Node_id":36495,"weight":1.5327},
{"Node_id":36496,"weight":1.5143},
{"Node_id":36497,"weight":2.5729},
{"Node_id":36608,"weight":2.9962},
{"Node_id":36617,"weight":1.4306},
{"Node_id":36619,"weight":2.173},
{"Node_id":36620,"weight":2.9786},
{"Node_id":36621,"weight":2.7322},
{"Node_id":36622,"weight":1.4185},
{"Node_id":36623,"weight":3.1124},
{"Node_id":36626,"weight":2.1386},
{"Node_id":36627,"weight":2.1665},
{"Node_id":36837,"weight":3.105},
{"Node_id":36838,"weight":2.3699},
{"Node_id":36839,"weight":3.3317},
{"Node_id":36840,"weight":1.5109},
{"Node_id":36843,"weight":3.4258},
{"Node_id":36844,"weight":1.6777},
{"Node_id":36845,"weight":1.5029},
{"Node_id":36846,"weight":2.6979},
{"Node_id":36847,"weight":3.3347},
{"Node_id":36848,"weight":2.1482},
{"Node_id":36849,"weight":2.397},
{"Node_id":36850,"weight":2.9765},
{"Node_id":36851,"weight":1.9588},
{"Node_id":36895,"weight":2.3763},
{"Node_id":36896,"weight":1.4229},
{"Node_id":36897,"weight":3.3347},
{"Node_id":36898,"weight":2.5867},
{"Node_id":36899,"weight":1.9404},
{"Node_id":36900,"weight":1.8904},
{"Node_id":36901,"weight":2.4089},
{"Node_id":36902,"weight":2.2494},
{"Node_id":36903,"weight":2.0318},
{"Node_id":36904,"weight":3.8132},
{"Node_id":36905,"weight":2.5579},
{"Node_id":36906,"weight":1.9107},
{"Node_id":36907,"weight":1.4396},
{"Node_id":36908,"weight":2.1632},
{"Node_id":36909,"weight":2.481},
{"Node_id":36910,"weight":3.0667},
{"Node_id":36911,"weight":2.3711},
{"Node_id":36912,"weight":2.1654},
{"Node_id":36913,"weight":1.7213},
{"Node_id":36914,"weight":2.274},
{"Node_id":36915,"weight":1.8387},
{"Node_id":36916,"weight":2.2657},
{"Node_id":36917,"weight":2.3259},
{"Node_id":36918,"weight":2.9215},
{"Node_id":36919,"weight":1.4975},
{"Node_id":36956,"weight":1.532},
{"Node_id":36957,"weight":3.5845},
{"Node_id":36958,"weight":1.9551},
{"Node_id":36959,"weight":2.1752},
{"Node_id":36960,"weight":1.8816},
{"Node_id":36961,"weight":2.7374},
{"Node_id":36962,"weight":1.4026},
{"Node_id":36963,"weight":2.9571},
{"Node_id":36964,"weight":5.4217},
{"Node_id":36965,"weight":1.3888},
{"Node_id":36966,"weight":4.5951},
{"Node_id":36967,"weight":1.9551},
{"Node_id":36968,"weight":3.8918},
{"Node_id":36969,"weight":1.4611},
{"Node_id":36970,"weight":1.7151},
{"Node_id":36971,"weight":1.4166},
{"Node_id":36972,"weight":3.9992},
{"Node_id":36979,"weight":2.5519},
{"Node_id":36983,"weight":4.226},
{"Node_id":36984,"weight":1.5527},
{"Node_id":36985,"weight":2.0555},
{"Node_id":37022,"weight":3.416},
{"Node_id":37023,"weight":2.8516},
{"Node_id":37024,"weight":2.0856},
{"Node_id":37025,"weight":2.0745},
{"Node_id":37026,"weight":2.0959},
{"Node_id":37027,"weight":2.1482},
{"Node_id":37028,"weight":1.568},
{"Node_id":37029,"weight":3.0435},
{"Node_id":37030,"weight":1.5701},
{"Node_id":37031,"weight":2.0755},
{"Node_id":37032,"weight":1.5589},
{"Node_id":37033,"weight":1.4261},
{"Node_id":37034,"weight":2.9444},
{"Node_id":37035,"weight":2.474},
{"Node_id":37036,"weight":2.4615},
{"Node_id":37037,"weight":1.615},
{"Node_id":37039,"weight":3.4795},
{"Node_id":37040,"weight":3.0905},
{"Node_id":37043,"weight":2.5564},
{"Node_id":37044,"weight":1.3982},
{"Node_id":37045,"weight":2.1249},
{"Node_id":37046,"weight":2.61},
{"Node_id":37047,"weight":4.9126},
{"Node_id":37048,"weight":2.599},
{"Node_id":37049,"weight":1.532},
{"Node_id":37050,"weight":1.7268},
{"Node_id":37051,"weight":1.465},
{"Node_id":37052,"weight":2.5239},
{"Node_id":37053,"weight":1.9179},
{"Node_id":37069,"weight":3.1885},
{"Node_id":37070,"weight":2.7115},
{"Node_id":37071,"weight":2.9529},
{"Node_id":37072,"weight":3.6115},
{"Node_id":37073,"weight":4.0221},
{"Node_id":37074,"weight":2.7166},
{"Node_id":37075,"weight":1.421},
{"Node_id":37076,"weight":2.8023},
{"Node_id":37077,"weight":2.0407},
{"Node_id":37078,"weight":3.0905},
{"Node_id":37079,"weight":3.3999},
{"Node_id":37080,"weight":2.2775},
{"Node_id":37081,"weight":2.4657},
{"Node_id":37085,"weight":1.8878},
{"Node_id":37086,"weight":2.8613},
{"Node_id":37087,"weight":2.0397},
{"Node_id":37088,"weight":2.145},
{"Node_id":37124,"weight":1.6997},
{"Node_id":37125,"weight":1.8965},
{"Node_id":37126,"weight":3.1807},
{"Node_id":37154,"weight":2.6257},
{"Node_id":37155,"weight":3.9441},
{"Node_id":37156,"weight":1.3988},
{"Node_id":37157,"weight":2.6645},
{"Node_id":37158,"weight":1.6493},
{"Node_id":37159,"weight":4.8203},
{"Node_id":37160,"weight":2.0856},
{"Node_id":37238,"weight":1.8379},
{"Node_id":37239,"weight":4.0279},
{"Node_id":37240,"weight":2.6563},
{"Node_id":37241,"weight":1.4604},
{"Node_id":37242,"weight":1.7583},
{"Node_id":37243,"weight":3.7313},
{"Node_id":37259,"weight":1.6442},
{"Node_id":37260,"weight":2.3983},
{"Node_id":37262,"weight":1.4249},
{"Node_id":37264,"weight":2.3571},
{"Node_id":37265,"weight":2.5283},
{"Node_id":37266,"weight":2.5459},
{"Node_id":37267,"weight":1.656},
{"Node_id":37268,"weight":3.0667},
{"Node_id":37269,"weight":3.1472},
{"Node_id":37284,"weight":1.7583},
{"Node_id":37285,"weight":3.1755},
{"Node_id":37302,"weight":1.7881},
{"Node_id":37303,"weight":4.4538},
{"Node_id":37304,"weight":1.8128},
{"Node_id":37305,"weight":5.4927},
{"Node_id":37306,"weight":1.8278},
{"Node_id":37307,"weight":1.7841},
{"Node_id":37308,"weight":2.3371},
{"Node_id":37309,"weight":1.9953},
{"Node_id":37310,"weight":3.7226},
{"Node_id":37311,"weight":4.4192},
{"Node_id":37312,"weight":1.8825},
{"Node_id":37313,"weight":1.8421},
{"Node_id":37324,"weight":1.469},
{"Node_id":37325,"weight":2.9657},
{"Node_id":37326,"weight":2.6894},
{"Node_id":37327,"weight":2.7339},
{"Node_id":37328,"weight":3.5472},
{"Node_id":37329,"weight":3.2507},
{"Node_id":37330,"weight":2.7115},
{"Node_id":37331,"weight":3.7535},
{"Node_id":37332,"weight":2.4102},
{"Node_id":37333,"weight":1.8337},
{"Node_id":37334,"weight":6.8113},
{"Node_id":37335,"weight":1.6732},
{"Node_id":37350,"weight":2.4181},
{"Node_id":37351,"weight":3.2178},
{"Node_id":37352,"weight":1.4166},
{"Node_id":37353,"weight":2.3483},
{"Node_id":37357,"weight":3.4624},
{"Node_id":37358,"weight":2.0959},
{"Node_id":37359,"weight":1.9606},
{"Node_id":37360,"weight":1.6515},
{"Node_id":37361,"weight":1.5002},
{"Node_id":37362,"weight":1.5534},
{"Node_id":37363,"weight":2.5254},
{"Node_id":37364,"weight":2.6353},
{"Node_id":37365,"weight":2.4262},
{"Node_id":37366,"weight":2.4248},
{"Node_id":37367,"weight":2.5519},
{"Node_id":37480,"weight":2.2943},
{"Node_id":37481,"weight":5.7105},
{"Node_id":37482,"weight":2.5609},
{"Node_id":37483,"weight":2.1983},
{"Node_id":37484,"weight":1.7417},
{"Node_id":37485,"weight":2.1113},
{"Node_id":37519,"weight":5.077},
{"Node_id":37520,"weight":2.2764},
{"Node_id":37521,"weight":6.4362},
{"Node_id":37522,"weight":1.3944},
{"Node_id":37523,"weight":2.0525},
{"Node_id":37524,"weight":3.0481},
{"Node_id":37525,"weight":4.5951},
{"Node_id":37526,"weight":2.9444},
{"Node_id":37527,"weight":1.4242},
{"Node_id":37528,"weight":3.0072},
{"Node_id":37529,"weight":2.7287},
{"Node_id":37530,"weight":1.726},
{"Node_id":37531,"weight":2.4505},
{"Node_id":37532,"weight":2.3408},
{"Node_id":37533,"weight":3.449},
{"Node_id":37534,"weight":5.0141},
{"Node_id":37535,"weight":3.2704},
{"Node_id":37536,"weight":1.7151},
{"Node_id":37537,"weight":2.0565},
{"Node_id":37538,"weight":5.8753},
{"Node_id":37539,"weight":1.4995},
{"Node_id":37540,"weight":2.599},
{"Node_id":37541,"weight":1.793},
{"Node_id":37542,"weight":3.3683},
{"Node_id":37543,"weight":1.9699},
{"Node_id":37544,"weight":2.5975},
{"Node_id":37545,"weight":2.1461},
{"Node_id":37546,"weight":1.4565},
{"Node_id":37547,"weight":2.4464},
{"Node_id":37548,"weight":2.4288},
{"Node_id":37549,"weight":1.4198},
{"Node_id":37550,"weight":1.5548},
{"Node_id":37551,"weight":2.5821},
{"Node_id":37552,"weight":1.5002},
{"Node_id":37553,"weight":3.4934},
{"Node_id":37554,"weight":3.1075},
{"Node_id":37555,"weight":1.9089},
{"Node_id":37556,"weight":2.4881},
{"Node_id":37557,"weight":1.4941},
{"Node_id":37558,"weight":1.8145},
{"Node_id":37559,"weight":1.7776},
{"Node_id":37560,"weight":7.418},
{"Node_id":37561,"weight":2.145},
{"Node_id":37562,"weight":3.3871},
{"Node_id":37563,"weight":2.881},
{"Node_id":37566,"weight":1.6419},
{"Node_id":37568,"weight":3.1912},
{"Node_id":37569,"weight":3.3438},
{"Node_id":37570,"weight":4.3143},
{"Node_id":37571,"weight":1.6368},
{"Node_id":37573,"weight":2.205},
{"Node_id":37574,"weight":1.7825},
{"Node_id":37576,"weight":3.2287},
{"Node_id":37593,"weight":2.1386},
{"Node_id":37594,"weight":1.4915},
{"Node_id":37595,"weight":3.248},
{"Node_id":37596,"weight":2.173},
{"Node_id":37597,"weight":2.7569},
{"Node_id":37598,"weight":1.6085},
{"Node_id":37599,"weight":3.1885},
{"Node_id":37600,"weight":1.6099},
{"Node_id":37601,"weight":4.0514},
{"Node_id":37602,"weight":2.16},
{"Node_id":37603,"weight":2.0765},
{"Node_id":37604,"weight":2.4796},
{"Node_id":37607,"weight":1.7097},
{"Node_id":37608,"weight":1.5701},
{"Node_id":37609,"weight":1.7393},
{"Node_id":37610,"weight":3.9936},
{"Node_id":37611,"weight":1.5225},
{"Node_id":37612,"weight":2.0775},
{"Node_id":37613,"weight":1.8228},
{"Node_id":37614,"weight":2.2811},
{"Node_id":37615,"weight":1.8869},
{"Node_id":37616,"weight":1.5942},
{"Node_id":37617,"weight":1.6099},
{"Node_id":37618,"weight":1.5177},
{"Node_id":37619,"weight":1.6027},
{"Node_id":37620,"weight":1.5204},
{"Node_id":37621,"weight":2.2471},
{"Node_id":37622,"weight":1.6523},
{"Node_id":37623,"weight":5.0141},
{"Node_id":37624,"weight":2.7766},
{"Node_id":37625,"weight":4.833},
{"Node_id":37626,"weight":2.2084},
{"Node_id":37627,"weight":3.6392},
{"Node_id":37628,"weight":2.7876},
{"Node_id":37629,"weight":4.7474}]