[{"Inferred_node_ids":[4058],"Node_id":2095},
{"Inferred_node_ids":[4075],"Node_id":2096},
{"Inferred_node_ids":[4072],"Node_id":2097},
{"Inferred_node_ids":[4083],"Node_id":2098},
{"Inferred_node_ids":[4046],"Node_id":2099},
{"Inferred_node_ids":[4068],"Node_id":2100},
{"Inferred_node_ids":[4080],"Node_id":3262},
{"Inferred_node_ids":[4084],"Node_id":3263},
{"Inferred_node_ids":[4073],"Node_id":3264},
{"Inferred_node_ids":[4053],"Node_id":3265},
{"Inferred_node_ids":[4076],"Node_id":3266},
{"Inferred_node_ids":[4065],"Node_id":3267},
{"Inferred_node_ids":[4056],"Node_id":3268},
{"Inferred_node_ids":[4059],"Node_id":17414},
{"Inferred_node_ids":[4081],"Node_id":17415},
{"Inferred_node_ids":[4047],"Node_id":17416},
{"Inferred_node_ids":[4045],"Node_id":17417},
{"Inferred_node_ids":[4052],"Node_id":17418},
{"Inferred_node_ids":[4055],"Node_id":17419},
{"Inferred_node_ids":[4071],"Node_id":17420},
{"Inferred_node_ids":[4089],"Node_id":18265},
{"Inferred_node_ids":[4049],"Node_id":18266},
{"Inferred_node_ids":[4086],"Node_id":18267},
{"Inferred_node_ids":[4063],"Node_id":18268},
{"Inferred_node_ids":[4060],"Node_id":18269},
{"Inferred_node_ids":[4057],"Node_id":18270},
{"Inferred_node_ids":[4078],"Node_id":18440},
{"Inferred_node_ids":[4051],"Node_id":18441},
{"Inferred_node_ids":[4074],"Node_id":18442},
{"Inferred_node_ids":[4069],"Node_id":18443},
{"Inferred_node_ids":[4050],"Node_id":18444},
{"Inferred_node_ids":[4048],"Node_id":18445},
{"Inferred_node_ids":[4079],"Node_id":18446},
{"Inferred_node_ids":[4085],"Node_id":18447},
{"Inferred_node_ids":[4064],"Node_id":18448},
{"Inferred_node_ids":[4087],"Node_id":18449},
{"Inferred_node_ids":[4077],"Node_id":18450},
{"Inferred_node_ids":[4082],"Node_id":18451},
{"Inferred_node_ids":[4044],"Node_id":18452},
{"Inferred_node_ids":[4061],"Node_id":18453},
{"Inferred_node_ids":[4054],"Node_id":18454},
{"Inferred_node_ids":[4070],"Node_id":18455},
{"Inferred_node_ids":[4067],"Node_id":18456},
{"Inferred_node_ids":[4066],"Node_id":18457},
{"Inferred_node_ids":[4062],"Node_id":18458},
{"Inferred_node_ids":[4088],"Node_id":18459}]