[{"Inferred_node_ids":[53483],"Node_id":27581},
{"Inferred_node_ids":[53529],"Node_id":27582},
{"Inferred_node_ids":[53479],"Node_id":27583},
{"Inferred_node_ids":[53481],"Node_id":27584},
{"Inferred_node_ids":[53489],"Node_id":27585},
{"Inferred_node_ids":[53513],"Node_id":27586},
{"Inferred_node_ids":[53540],"Node_id":27587},
{"Inferred_node_ids":[53494],"Node_id":28432},
{"Inferred_node_ids":[53477],"Node_id":28434},
{"Inferred_node_ids":[53552],"Node_id":28435},
{"Inferred_node_ids":[53487],"Node_id":28436},
{"Inferred_node_ids":[53496],"Node_id":28437},
{"Inferred_node_ids":[53518],"Node_id":28607},
{"Inferred_node_ids":[53551],"Node_id":28608},
{"Inferred_node_ids":[53548],"Node_id":28609},
{"Inferred_node_ids":[53474],"Node_id":28610},
{"Inferred_node_ids":[53523],"Node_id":28611},
{"Inferred_node_ids":[53478],"Node_id":28612},
{"Inferred_node_ids":[53512],"Node_id":28613},
{"Inferred_node_ids":[53498],"Node_id":28614},
{"Inferred_node_ids":[53491],"Node_id":28615},
{"Inferred_node_ids":[53555],"Node_id":28616},
{"Inferred_node_ids":[53533],"Node_id":28617},
{"Inferred_node_ids":[53510],"Node_id":28618},
{"Inferred_node_ids":[53528],"Node_id":28620},
{"Inferred_node_ids":[53507],"Node_id":28621},
{"Inferred_node_ids":[53482],"Node_id":28622},
{"Inferred_node_ids":[53508],"Node_id":28624},
{"Inferred_node_ids":[53485],"Node_id":28625},
{"Inferred_node_ids":[53501],"Node_id":28626},
{"Inferred_node_ids":[53484],"Node_id":31057},
{"Inferred_node_ids":[53549],"Node_id":31058},
{"Inferred_node_ids":[53473],"Node_id":31059},
{"Inferred_node_ids":[53524],"Node_id":31060},
{"Inferred_node_ids":[53504],"Node_id":31061},
{"Inferred_node_ids":[53545],"Node_id":31062},
{"Inferred_node_ids":[53511],"Node_id":33532},
{"Inferred_node_ids":[53531],"Node_id":33533},
{"Inferred_node_ids":[53522],"Node_id":33535},
{"Inferred_node_ids":[53534],"Node_id":33536},
{"Inferred_node_ids":[53502],"Node_id":33537},
{"Inferred_node_ids":[53526],"Node_id":33538},
{"Inferred_node_ids":[53515],"Node_id":33539},
{"Inferred_node_ids":[53546],"Node_id":33570},
{"Inferred_node_ids":[53536],"Node_id":33571},
{"Inferred_node_ids":[53488],"Node_id":33572},
{"Inferred_node_ids":[53520],"Node_id":33573},
{"Inferred_node_ids":[53556],"Node_id":33574},
{"Inferred_node_ids":[53544],"Node_id":33575},
{"Inferred_node_ids":[53495],"Node_id":33576},
{"Inferred_node_ids":[53475],"Node_id":33577},
{"Inferred_node_ids":[53492],"Node_id":33578},
{"Inferred_node_ids":[53490],"Node_id":33579},
{"Inferred_node_ids":[53505],"Node_id":33580},
{"Inferred_node_ids":[53541],"Node_id":33581},
{"Inferred_node_ids":[53535],"Node_id":34575},
{"Inferred_node_ids":[53486],"Node_id":34576},
{"Inferred_node_ids":[53538],"Node_id":51604},
{"Inferred_node_ids":[53557],"Node_id":51605},
{"Inferred_node_ids":[53532],"Node_id":51606},
{"Inferred_node_ids":[53514],"Node_id":51608},
{"Inferred_node_ids":[53509],"Node_id":51609},
{"Inferred_node_ids":[53519],"Node_id":51610},
{"Inferred_node_ids":[53525],"Node_id":52456},
{"Inferred_node_ids":[53521],"Node_id":52457},
{"Inferred_node_ids":[53537],"Node_id":52459},
{"Inferred_node_ids":[53516],"Node_id":52460},
{"Inferred_node_ids":[53527],"Node_id":52631},
{"Inferred_node_ids":[53553],"Node_id":52632},
{"Inferred_node_ids":[53503],"Node_id":52633},
{"Inferred_node_ids":[53476],"Node_id":52634},
{"Inferred_node_ids":[53547],"Node_id":52635},
{"Inferred_node_ids":[53506],"Node_id":52636},
{"Inferred_node_ids":[53530],"Node_id":52637},
{"Inferred_node_ids":[53499],"Node_id":52638},
{"Inferred_node_ids":[53497],"Node_id":52639},
{"Inferred_node_ids":[53500],"Node_id":52640},
{"Inferred_node_ids":[53550],"Node_id":52641},
{"Inferred_node_ids":[53543],"Node_id":52642},
{"Inferred_node_ids":[53554],"Node_id":52644},
{"Inferred_node_ids":[53539],"Node_id":52645},
{"Inferred_node_ids":[53480],"Node_id":52646},
{"Inferred_node_ids":[53493],"Node_id":52647},
{"Inferred_node_ids":[53517],"Node_id":52648},
{"Inferred_node_ids":[53542],"Node_id":52649}]