[{"p":"P54","wikiID":NULL,"s":"Q5024","Node_id":4090,"weight":0.07028,"o":"Q3873511","polarity":FALSE},
{"p":"P54","wikiID":NULL,"s":"Q5024","Node_id":4091,"weight":0.63754,"o":"Q3873511","polarity":FALSE},
{"p":"P54","wikiID":NULL,"s":"Q5024","Node_id":4092,"weight":0.12339,"o":"Q3873511","polarity":FALSE},
{"p":"P54","wikiID":NULL,"s":"Q5024","Node_id":4093,"weight":0.14507,"o":"Q3873511","polarity":FALSE},
{"p":"P54","wikiID":NULL,"s":"Q1918","Node_id":4094,"weight":0.12027,"o":"Q3873511","polarity":FALSE},
{"p":"P54","wikiID":NULL,"s":"Q5024","Node_id":4095,"weight":0.0039999997,"o":"Q3873511","polarity":FALSE},
{"p":"P54","wikiID":NULL,"s":"Q1918","Node_id":4096,"weight":0.45173997,"o":"Q3873511","polarity":FALSE},
{"p":"P54","wikiID":NULL,"s":"Q5024","Node_id":4097,"weight":0.007999999,"o":"Q3873511","polarity":FALSE},
{"p":"P54","wikiID":NULL,"s":"Q5024","Node_id":4098,"weight":0.21343999,"o":"Q3873511","polarity":FALSE},
{"p":"P54","wikiID":NULL,"s":"Q5024","Node_id":4099,"weight":0.29072002,"o":"Q3873511","polarity":FALSE},
{"p":"P54","wikiID":NULL,"s":"Q1918","Node_id":4100,"weight":0.24519,"o":"Q3873511","polarity":FALSE},
{"p":"P54","wikiID":NULL,"s":"Q5024","Node_id":4101,"weight":0.20048001,"o":"Q3873511","polarity":FALSE},
{"p":"P54","wikiID":NULL,"s":"Q5024","Node_id":4102,"weight":0.15444,"o":"Q3873511","polarity":FALSE},
{"p":"P54","wikiID":NULL,"s":"Q5024","Node_id":4103,"weight":0.16515,"o":"Q3873511","polarity":FALSE},
{"p":"P54","wikiID":NULL,"s":"Q5024","Node_id":4104,"weight":0.03248,"o":"Q3873511","polarity":FALSE},
{"p":"P54","wikiID":NULL,"s":"Q5024","Node_id":4105,"weight":0.23075,"o":"Q3873511","polarity":FALSE},
{"p":"P54","wikiID":NULL,"s":"Q18765","Node_id":4106,"weight":0.27322,"o":"Q3873511","polarity":FALSE},
{"p":"P54","wikiID":NULL,"s":"Q5024","Node_id":4107,"weight":0.63754,"o":"Q3873511","polarity":FALSE},
{"p":"P54","wikiID":NULL,"s":"Q5024","Node_id":4108,"weight":0.17864999,"o":"Q3873511","polarity":FALSE},
{"p":"P54","wikiID":NULL,"s":"Q1918","Node_id":4109,"weight":0.25821,"o":"Q3873511","polarity":FALSE},
{"p":"P54","wikiID":NULL,"s":"Q5024","Node_id":4110,"weight":0.37669,"o":"Q3873511","polarity":FALSE},
{"p":"P54","wikiID":NULL,"s":"Q18765","Node_id":4111,"weight":0.26273,"o":"Q3873511","polarity":FALSE},
{"p":"P54","wikiID":NULL,"s":"Q1918","Node_id":4112,"weight":0.28750998,"o":"Q3873511","polarity":FALSE},
{"p":"P54","wikiID":NULL,"s":"Q5024","Node_id":4113,"weight":0.01418,"o":"Q3873511","polarity":FALSE},
{"p":"P54","wikiID":NULL,"s":"Q5024","Node_id":4114,"weight":0.30481,"o":"Q3873511","polarity":FALSE},
{"p":"P54","wikiID":NULL,"s":"Q5024","Node_id":4115,"weight":0.23710999,"o":"Q3873511","polarity":FALSE},
{"p":"P54","wikiID":NULL,"s":"Q5024","Node_id":4116,"weight":0.14552,"o":"Q3873511","polarity":FALSE},
{"p":"P54","wikiID":NULL,"s":"Q1918","Node_id":4117,"weight":0.05083,"o":"Q3873511","polarity":FALSE},
{"p":"P54","wikiID":NULL,"s":"Q1918","Node_id":4118,"weight":0.33745998,"o":"Q3873511","polarity":FALSE},
{"p":"P54","wikiID":NULL,"s":"Q5024","Node_id":4119,"weight":0.27551,"o":"Q3873511","polarity":FALSE},
{"p":"P54","wikiID":NULL,"s":"Q5024","Node_id":4120,"weight":0.16754,"o":"Q3873511","polarity":FALSE},
{"p":"P54","wikiID":NULL,"s":"Q5024","Node_id":4121,"weight":0.17059,"o":"Q3873511","polarity":FALSE},
{"p":"P54","wikiID":NULL,"s":"Q5024","Node_id":4122,"weight":0.35922,"o":"Q3873511","polarity":FALSE},
{"p":"P54","wikiID":NULL,"s":"Q1918","Node_id":4123,"weight":0.297,"o":"Q3873511","polarity":FALSE},
{"p":"P54","wikiID":NULL,"s":"Q5024","Node_id":4124,"weight":0.23051,"o":"Q3873511","polarity":FALSE},
{"p":"P54","wikiID":NULL,"s":"Q5024","Node_id":4125,"weight":0.18913,"o":"Q3873511","polarity":FALSE},
{"p":"P54","wikiID":NULL,"s":"Q5024","Node_id":4126,"weight":0.0333,"o":"Q3873511","polarity":FALSE},
{"p":"P54","wikiID":NULL,"s":"Q5024","Node_id":4127,"weight":0.00144,"o":"Q3873511","polarity":FALSE},
{"p":"P54","wikiID":NULL,"s":"Q5024","Node_id":4128,"weight":0.23918,"o":"Q3873511","polarity":FALSE},
{"p":"P54","wikiID":NULL,"s":"Q5024","Node_id":4129,"weight":0.3483,"o":"Q3873511","polarity":FALSE},
{"p":"P54","wikiID":NULL,"s":"Q18765","Node_id":4130,"weight":0.26744002,"o":"Q3873511","polarity":FALSE},
{"p":"P54","wikiID":NULL,"s":"Q5024","Node_id":4131,"weight":0.16582,"o":"Q3873511","polarity":FALSE},
{"p":"P54","wikiID":NULL,"s":"Q5024","Node_id":4132,"weight":0.26844,"o":"Q3873511","polarity":FALSE},
{"p":"P54","wikiID":NULL,"s":"Q5024","Node_id":4133,"weight":0.48203,"o":"Q3873511","polarity":FALSE},
{"p":"P54","wikiID":NULL,"s":"Q5024","Node_id":4134,"weight":0.38968998,"o":"Q3873511","polarity":FALSE},
{"p":"P54","wikiID":NULL,"s":"Q5024","Node_id":4135,"weight":0.26305002,"o":"Q3873511","polarity":FALSE},
{"p":"P54","wikiID":NULL,"s":"Q5024","Node_id":4136,"weight":0.24368998,"o":"Q3873511","polarity":FALSE},
{"p":"P54","wikiID":NULL,"s":"Q5024","Node_id":4137,"weight":0.00516,"o":"Q3873511","polarity":FALSE},
{"p":"P54","wikiID":NULL,"s":"Q5024","Node_id":4138,"weight":0.06482,"o":"Q3873511","polarity":FALSE},
{"p":"P54","wikiID":NULL,"s":"Q18765","Node_id":4139,"weight":0.17136,"o":"Q3873511","polarity":FALSE},
{"p":"P54","wikiID":NULL,"s":"Q5024","Node_id":4140,"weight":0.05503,"o":"Q3873511","polarity":FALSE},
{"p":"P54","wikiID":NULL,"s":"Q1918","Node_id":4141,"weight":0.15197,"o":"Q3873511","polarity":FALSE},
{"p":"P54","wikiID":NULL,"s":"Q5024","Node_id":4142,"weight":0.20348,"o":"Q3873511","polarity":FALSE},
{"p":"P54","wikiID":NULL,"s":"Q1918","Node_id":4143,"weight":0.21343999,"o":"Q3873511","polarity":FALSE},
{"p":"P54","wikiID":NULL,"s":"Q5024","Node_id":4144,"weight":0.14995,"o":"Q3873511","polarity":FALSE},
{"p":"P54","wikiID":NULL,"s":"Q18765","Node_id":4145,"weight":0.1656,"o":"Q3873511","polarity":FALSE},
{"p":"P54","wikiID":NULL,"s":"Q5024","Node_id":4146,"weight":0.096990004,"o":"Q3873511","polarity":FALSE},
{"p":"P54","wikiID":NULL,"s":"Q5024","Node_id":4147,"weight":0.04339,"o":"Q3873511","polarity":FALSE},
{"p":"P54","wikiID":NULL,"s":"Q5024","Node_id":4148,"weight":0.35472,"o":"Q3873511","polarity":FALSE},
{"p":"P54","wikiID":NULL,"s":"Q1918","Node_id":4149,"weight":0.02949,"o":"Q3873511","polarity":FALSE},
{"p":"P54","wikiID":NULL,"s":"Q1918","Node_id":4150,"weight":0.46576,"o":"Q3873511","polarity":FALSE},
{"p":"P54","wikiID":NULL,"s":"Q5024","Node_id":4151,"weight":0.16237,"o":"Q3873511","polarity":FALSE},
{"p":"P54","wikiID":NULL,"s":"Q5024","Node_id":4152,"weight":0.03421,"o":"Q3873511","polarity":FALSE},
{"p":"P54","wikiID":NULL,"s":"Q5024","Node_id":4153,"weight":0.07602,"o":"Q3873511","polarity":FALSE},
{"p":"P54","wikiID":NULL,"s":"Q5024","Node_id":4154,"weight":0.33078998,"o":"Q3873511","polarity":FALSE},
{"p":"P54","wikiID":NULL,"s":"Q5024","Node_id":4155,"weight":0.32479998,"o":"Q3873511","polarity":FALSE},
{"p":"P54","wikiID":NULL,"s":"Q18765","Node_id":4156,"weight":0.21503,"o":"Q3873511","polarity":FALSE},
{"p":"P54","wikiID":NULL,"s":"Q1918","Node_id":4157,"weight":0.28305,"o":"Q3873511","polarity":FALSE},
{"p":"P54","wikiID":NULL,"s":"Q1918","Node_id":4158,"weight":0.56515,"o":"Q3873511","polarity":FALSE},
{"p":"P54","wikiID":NULL,"s":"Q5024","Node_id":4159,"weight":0.17206,"o":"Q3873511","polarity":FALSE}]