[{"p":"P54","wikiID":NULL,"s":"Q5024","Node_id":4044,"weight":0.16237,"o":"Q3873511","polarity":FALSE},
{"p":"P54","wikiID":NULL,"s":"Q1918","Node_id":4045,"weight":0.297,"o":"Q3873511","polarity":FALSE},
{"p":"P54","wikiID":NULL,"s":"Q18765","Node_id":4046,"weight":0.17136,"o":"Q3873511","polarity":FALSE},
{"p":"P54","wikiID":NULL,"s":"Q1918","Node_id":4047,"weight":0.21343999,"o":"Q3873511","polarity":FALSE},
{"p":"P54","wikiID":NULL,"s":"Q5024","Node_id":4048,"weight":0.14995,"o":"Q3873511","polarity":FALSE},
{"p":"P54","wikiID":NULL,"s":"Q5024","Node_id":4049,"weight":0.17059,"o":"Q3873511","polarity":FALSE},
{"p":"P54","wikiID":NULL,"s":"Q5024","Node_id":4050,"weight":0.21343999,"o":"Q3873511","polarity":FALSE},
{"p":"P54","wikiID":NULL,"s":"Q5024","Node_id":4051,"weight":0.35472,"o":"Q3873511","polarity":FALSE},
{"p":"P54","wikiID":NULL,"s":"Q1918","Node_id":4052,"weight":0.24519,"o":"Q3873511","polarity":FALSE},
{"p":"P54","wikiID":NULL,"s":"Q1918","Node_id":4053,"weight":0.12027,"o":"Q3873511","polarity":FALSE},
{"p":"P54","wikiID":NULL,"s":"Q5024","Node_id":4054,"weight":0.23075,"o":"Q3873511","polarity":FALSE},
{"p":"P54","wikiID":NULL,"s":"Q1918","Node_id":4055,"weight":0.56515,"o":"Q3873511","polarity":FALSE},
{"p":"P54","wikiID":NULL,"s":"Q1918","Node_id":4056,"weight":0.02949,"o":"Q3873511","polarity":FALSE},
{"p":"P54","wikiID":NULL,"s":"Q5024","Node_id":4057,"weight":0.38968998,"o":"Q3873511","polarity":FALSE},
{"p":"P54","wikiID":NULL,"s":"Q18765","Node_id":4058,"weight":0.27322,"o":"Q3873511","polarity":FALSE},
{"p":"P54","wikiID":NULL,"s":"Q1918","Node_id":4059,"weight":0.28750998,"o":"Q3873511","polarity":FALSE},
{"p":"P54","wikiID":NULL,"s":"Q5024","Node_id":4060,"weight":0.33078998,"o":"Q3873511","polarity":FALSE},
{"p":"P54","wikiID":NULL,"s":"Q5024","Node_id":4061,"weight":0.20348,"o":"Q3873511","polarity":FALSE},
{"p":"P54","wikiID":NULL,"s":"Q5024","Node_id":4062,"weight":0.15444,"o":"Q3873511","polarity":FALSE},
{"p":"P54","wikiID":NULL,"s":"Q5024","Node_id":4063,"weight":0.23918,"o":"Q3873511","polarity":FALSE},
{"p":"P54","wikiID":NULL,"s":"Q5024","Node_id":4064,"weight":0.48203,"o":"Q3873511","polarity":FALSE},
{"p":"P54","wikiID":NULL,"s":"Q1918","Node_id":4065,"weight":0.28305,"o":"Q3873511","polarity":FALSE},
{"p":"P54","wikiID":NULL,"s":"Q5024","Node_id":4066,"weight":0.37669,"o":"Q3873511","polarity":FALSE},
{"p":"P54","wikiID":NULL,"s":"Q5024","Node_id":4067,"weight":0.14552,"o":"Q3873511","polarity":FALSE},
{"p":"P54","wikiID":NULL,"s":"Q18765","Node_id":4068,"weight":0.21503,"o":"Q3873511","polarity":FALSE},
{"p":"P54","wikiID":NULL,"s":"Q5024","Node_id":4069,"weight":0.3483,"o":"Q3873511","polarity":FALSE},
{"p":"P54","wikiID":NULL,"s":"Q5024","Node_id":4070,"weight":0.16754,"o":"Q3873511","polarity":FALSE},
{"p":"P54","wikiID":NULL,"s":"Q1918","Node_id":4071,"weight":0.46576,"o":"Q3873511","polarity":FALSE},
{"p":"P54","wikiID":NULL,"s":"Q18765","Node_id":4072,"weight":0.1656,"o":"Q3873511","polarity":FALSE},
{"p":"P54","wikiID":NULL,"s":"Q1918","Node_id":4073,"weight":0.45173997,"o":"Q3873511","polarity":FALSE},
{"p":"P54","wikiID":NULL,"s":"Q5024","Node_id":4074,"weight":0.17206,"o":"Q3873511","polarity":FALSE},
{"p":"P54","wikiID":NULL,"s":"Q18765","Node_id":4075,"weight":0.26273,"o":"Q3873511","polarity":FALSE},
{"p":"P54","wikiID":NULL,"s":"Q1918","Node_id":4076,"weight":0.05083,"o":"Q3873511","polarity":FALSE},
{"p":"P54","wikiID":NULL,"s":"Q5024","Node_id":4077,"weight":0.26844,"o":"Q3873511","polarity":FALSE},
{"p":"P54","wikiID":NULL,"s":"Q5024","Node_id":4078,"weight":0.35922,"o":"Q3873511","polarity":FALSE},
{"p":"P54","wikiID":NULL,"s":"Q5024","Node_id":4079,"weight":0.32479998,"o":"Q3873511","polarity":FALSE},
{"p":"P54","wikiID":NULL,"s":"Q1918","Node_id":4080,"weight":0.25821,"o":"Q3873511","polarity":FALSE},
{"p":"P54","wikiID":NULL,"s":"Q1918","Node_id":4081,"weight":0.15197,"o":"Q3873511","polarity":FALSE},
{"p":"P54","wikiID":NULL,"s":"Q5024","Node_id":4082,"weight":0.29072002,"o":"Q3873511","polarity":FALSE},
{"p":"P54","wikiID":NULL,"s":"Q18765","Node_id":4083,"weight":0.26744002,"o":"Q3873511","polarity":FALSE},
{"p":"P54","wikiID":NULL,"s":"Q1918","Node_id":4084,"weight":0.33745998,"o":"Q3873511","polarity":FALSE},
{"p":"P54","wikiID":NULL,"s":"Q5024","Node_id":4085,"weight":0.23710999,"o":"Q3873511","polarity":FALSE},
{"p":"P54","wikiID":NULL,"s":"Q5024","Node_id":4086,"weight":0.20048001,"o":"Q3873511","polarity":FALSE},
{"p":"P54","wikiID":NULL,"s":"Q5024","Node_id":4087,"weight":0.27551,"o":"Q3873511","polarity":FALSE},
{"p":"P54","wikiID":NULL,"s":"Q5024","Node_id":4088,"weight":0.18913,"o":"Q3873511","polarity":FALSE},
{"p":"P54","wikiID":NULL,"s":"Q5024","Node_id":4089,"weight":0.63754,"o":"Q3873511","polarity":FALSE}]