[{"Inferred_node_ids":[63744],"Node_id":966},
{"Inferred_node_ids":[63791],"Node_id":967},
{"Inferred_node_ids":[63809],"Node_id":968},
{"Inferred_node_ids":[63710],"Node_id":969},
{"Inferred_node_ids":[63762],"Node_id":971},
{"Inferred_node_ids":[63787],"Node_id":3441},
{"Inferred_node_ids":[63810],"Node_id":3442},
{"Inferred_node_ids":[63708],"Node_id":3444},
{"Inferred_node_ids":[63836],"Node_id":3445},
{"Inferred_node_ids":[63816],"Node_id":3446},
{"Inferred_node_ids":[63773],"Node_id":3447},
{"Inferred_node_ids":[63727],"Node_id":3448},
{"Inferred_node_ids":[63719],"Node_id":3479},
{"Inferred_node_ids":[63718],"Node_id":3480},
{"Inferred_node_ids":[63788],"Node_id":3481},
{"Inferred_node_ids":[63796],"Node_id":3482},
{"Inferred_node_ids":[63835],"Node_id":3483},
{"Inferred_node_ids":[63771],"Node_id":3484},
{"Inferred_node_ids":[63712],"Node_id":3485},
{"Inferred_node_ids":[63742],"Node_id":3486},
{"Inferred_node_ids":[63795],"Node_id":3487},
{"Inferred_node_ids":[63717],"Node_id":3488},
{"Inferred_node_ids":[63750],"Node_id":3489},
{"Inferred_node_ids":[63711],"Node_id":3490},
{"Inferred_node_ids":[63838],"Node_id":4484},
{"Inferred_node_ids":[63780],"Node_id":4485},
{"Inferred_node_ids":[63756],"Node_id":4486},
{"Inferred_node_ids":[63820],"Node_id":34513},
{"Inferred_node_ids":[63757],"Node_id":34515},
{"Inferred_node_ids":[63766],"Node_id":34516},
{"Inferred_node_ids":[63824],"Node_id":34517},
{"Inferred_node_ids":[63768],"Node_id":34518},
{"Inferred_node_ids":[63731],"Node_id":34519},
{"Inferred_node_ids":[63789],"Node_id":34520},
{"Inferred_node_ids":[63758],"Node_id":34521},
{"Inferred_node_ids":[63772],"Node_id":34522},
{"Inferred_node_ids":[63829],"Node_id":34523},
{"Inferred_node_ids":[63800],"Node_id":34524},
{"Inferred_node_ids":[63720],"Node_id":34734},
{"Inferred_node_ids":[63839],"Node_id":34735},
{"Inferred_node_ids":[63729],"Node_id":34737},
{"Inferred_node_ids":[63845],"Node_id":34738},
{"Inferred_node_ids":[63775],"Node_id":34739},
{"Inferred_node_ids":[63822],"Node_id":34740},
{"Inferred_node_ids":[63752],"Node_id":34741},
{"Inferred_node_ids":[63764],"Node_id":34742},
{"Inferred_node_ids":[63722],"Node_id":34744},
{"Inferred_node_ids":[63842],"Node_id":34745},
{"Inferred_node_ids":[63755],"Node_id":34746},
{"Inferred_node_ids":[63815],"Node_id":34747},
{"Inferred_node_ids":[63840],"Node_id":34748},
{"Inferred_node_ids":[63805],"Node_id":34749},
{"Inferred_node_ids":[63769],"Node_id":34750},
{"Inferred_node_ids":[63734],"Node_id":34751},
{"Inferred_node_ids":[63803],"Node_id":34752},
{"Inferred_node_ids":[63828],"Node_id":46096},
{"Inferred_node_ids":[63774],"Node_id":46097},
{"Inferred_node_ids":[63814],"Node_id":46098},
{"Inferred_node_ids":[63844],"Node_id":46099},
{"Inferred_node_ids":[63738],"Node_id":46101},
{"Inferred_node_ids":[63818],"Node_id":46102},
{"Inferred_node_ids":[63806],"Node_id":46948},
{"Inferred_node_ids":[63813],"Node_id":46949},
{"Inferred_node_ids":[63801],"Node_id":46950},
{"Inferred_node_ids":[63825],"Node_id":46951},
{"Inferred_node_ids":[63811],"Node_id":46952},
{"Inferred_node_ids":[63833],"Node_id":47122},
{"Inferred_node_ids":[63726],"Node_id":47123},
{"Inferred_node_ids":[63761],"Node_id":47124},
{"Inferred_node_ids":[63749],"Node_id":47125},
{"Inferred_node_ids":[63819],"Node_id":47126},
{"Inferred_node_ids":[63778],"Node_id":47127},
{"Inferred_node_ids":[63777],"Node_id":47128},
{"Inferred_node_ids":[63748],"Node_id":47129},
{"Inferred_node_ids":[63808],"Node_id":47130},
{"Inferred_node_ids":[63716],"Node_id":47131},
{"Inferred_node_ids":[63763],"Node_id":47132},
{"Inferred_node_ids":[63827],"Node_id":47135},
{"Inferred_node_ids":[63724],"Node_id":47136},
{"Inferred_node_ids":[63770],"Node_id":47138},
{"Inferred_node_ids":[63740],"Node_id":47139},
{"Inferred_node_ids":[63776],"Node_id":47140},
{"Inferred_node_ids":[63733],"Node_id":47141},
{"Inferred_node_ids":[63784],"Node_id":49571},
{"Inferred_node_ids":[63781],"Node_id":49572},
{"Inferred_node_ids":[63715],"Node_id":49573},
{"Inferred_node_ids":[63798],"Node_id":49574},
{"Inferred_node_ids":[63735],"Node_id":49575},
{"Inferred_node_ids":[63846],"Node_id":49576},
{"Inferred_node_ids":[63765],"Node_id":52046},
{"Inferred_node_ids":[63843],"Node_id":52047},
{"Inferred_node_ids":[63807],"Node_id":52048},
{"Inferred_node_ids":[63760],"Node_id":52049},
{"Inferred_node_ids":[63792],"Node_id":52050},
{"Inferred_node_ids":[63804],"Node_id":52051},
{"Inferred_node_ids":[63732],"Node_id":52052},
{"Inferred_node_ids":[63713],"Node_id":52084},
{"Inferred_node_ids":[63725],"Node_id":52085},
{"Inferred_node_ids":[63785],"Node_id":52086},
{"Inferred_node_ids":[63728],"Node_id":52087},
{"Inferred_node_ids":[63751],"Node_id":52088},
{"Inferred_node_ids":[63821],"Node_id":52089},
{"Inferred_node_ids":[63790],"Node_id":52090},
{"Inferred_node_ids":[63743],"Node_id":52091},
{"Inferred_node_ids":[63745],"Node_id":52093},
{"Inferred_node_ids":[63793],"Node_id":52094},
{"Inferred_node_ids":[63737],"Node_id":52095},
{"Inferred_node_ids":[63721],"Node_id":53089},
{"Inferred_node_ids":[63812],"Node_id":53090},
{"Inferred_node_ids":[63783],"Node_id":53091},
{"Inferred_node_ids":[63736],"Node_id":159308},
{"Inferred_node_ids":[63754],"Node_id":159309},
{"Inferred_node_ids":[63841],"Node_id":159310},
{"Inferred_node_ids":[63830],"Node_id":159311},
{"Inferred_node_ids":[63837],"Node_id":159312},
{"Inferred_node_ids":[63753],"Node_id":159313},
{"Inferred_node_ids":[63794],"Node_id":159314},
{"Inferred_node_ids":[63747],"Node_id":160159},
{"Inferred_node_ids":[63709],"Node_id":160161},
{"Inferred_node_ids":[63826],"Node_id":160162},
{"Inferred_node_ids":[63834],"Node_id":160163},
{"Inferred_node_ids":[63782],"Node_id":160164},
{"Inferred_node_ids":[63741],"Node_id":160334},
{"Inferred_node_ids":[63797],"Node_id":160335},
{"Inferred_node_ids":[63847],"Node_id":160336},
{"Inferred_node_ids":[63759],"Node_id":160337},
{"Inferred_node_ids":[63786],"Node_id":160338},
{"Inferred_node_ids":[63746],"Node_id":160339},
{"Inferred_node_ids":[63832],"Node_id":160340},
{"Inferred_node_ids":[63823],"Node_id":160342},
{"Inferred_node_ids":[63779],"Node_id":160343},
{"Inferred_node_ids":[63730],"Node_id":160344},
{"Inferred_node_ids":[63802],"Node_id":160345},
{"Inferred_node_ids":[63799],"Node_id":160346},
{"Inferred_node_ids":[63817],"Node_id":160347},
{"Inferred_node_ids":[63767],"Node_id":160348},
{"Inferred_node_ids":[63739],"Node_id":160349},
{"Inferred_node_ids":[63831],"Node_id":160350},
{"Inferred_node_ids":[63723],"Node_id":160351},
{"Inferred_node_ids":[63714],"Node_id":160352},
{"Inferred_node_ids":[63848],"Node_id":160353}]