[{"p":"P54","wikiID":NULL,"s":"Q5024","Node_id":14636,"weight":0.27551,"o":"Q3873511","polarity":FALSE},
{"p":"P54","wikiID":NULL,"s":"Q1918","Node_id":14637,"weight":0.56515,"o":"Q3873511","polarity":FALSE},
{"p":"P54","wikiID":NULL,"s":"Q5024","Node_id":14638,"weight":0.14552,"o":"Q3873511","polarity":FALSE},
{"p":"P54","wikiID":NULL,"s":"Q18765","Node_id":14639,"weight":0.27322,"o":"Q3873511","polarity":FALSE},
{"p":"P54","wikiID":NULL,"s":"Q1918","Node_id":14640,"weight":0.46576,"o":"Q3873511","polarity":FALSE},
{"p":"P54","wikiID":NULL,"s":"Q1918","Node_id":14641,"weight":0.297,"o":"Q3873511","polarity":FALSE},
{"p":"P54","wikiID":NULL,"s":"Q5024","Node_id":14642,"weight":0.23075,"o":"Q3873511","polarity":FALSE},
{"p":"P54","wikiID":NULL,"s":"Q1918","Node_id":14643,"weight":0.21343999,"o":"Q3873511","polarity":FALSE},
{"p":"P54","wikiID":NULL,"s":"Q1918","Node_id":14644,"weight":0.15197,"o":"Q3873511","polarity":FALSE},
{"p":"P54","wikiID":NULL,"s":"Q1918","Node_id":14645,"weight":0.28750998,"o":"Q3873511","polarity":FALSE},
{"p":"P54","wikiID":NULL,"s":"Q5024","Node_id":14646,"weight":0.16754,"o":"Q3873511","polarity":FALSE},
{"p":"P54","wikiID":NULL,"s":"Q5024","Node_id":14647,"weight":0.23918,"o":"Q3873511","polarity":FALSE},
{"p":"P54","wikiID":NULL,"s":"Q5024","Node_id":14648,"weight":0.3483,"o":"Q3873511","polarity":FALSE},
{"p":"P54","wikiID":NULL,"s":"Q18765","Node_id":14649,"weight":0.26744002,"o":"Q3873511","polarity":FALSE},
{"p":"P54","wikiID":NULL,"s":"Q5024","Node_id":14650,"weight":0.20048001,"o":"Q3873511","polarity":FALSE},
{"p":"P54","wikiID":NULL,"s":"Q5024","Node_id":14651,"weight":0.33078998,"o":"Q3873511","polarity":FALSE},
{"p":"P54","wikiID":NULL,"s":"Q5024","Node_id":14652,"weight":0.14995,"o":"Q3873511","polarity":FALSE},
{"p":"P54","wikiID":NULL,"s":"Q5024","Node_id":14653,"weight":0.37669,"o":"Q3873511","polarity":FALSE},
{"p":"P54","wikiID":NULL,"s":"Q5024","Node_id":14654,"weight":0.20348,"o":"Q3873511","polarity":FALSE},
{"p":"P54","wikiID":NULL,"s":"Q1918","Node_id":14655,"weight":0.24519,"o":"Q3873511","polarity":FALSE},
{"p":"P54","wikiID":NULL,"s":"Q5024","Node_id":14656,"weight":0.48203,"o":"Q3873511","polarity":FALSE},
{"p":"P54","wikiID":NULL,"s":"Q5024","Node_id":14657,"weight":0.17206,"o":"Q3873511","polarity":FALSE},
{"p":"P54","wikiID":NULL,"s":"Q5024","Node_id":14658,"weight":0.35922,"o":"Q3873511","polarity":FALSE},
{"p":"P54","wikiID":NULL,"s":"Q18765","Node_id":14659,"weight":0.21503,"o":"Q3873511","polarity":FALSE},
{"p":"P54","wikiID":NULL,"s":"Q18765","Node_id":14660,"weight":0.26273,"o":"Q3873511","polarity":FALSE},
{"p":"P54","wikiID":NULL,"s":"Q5024","Node_id":14661,"weight":0.63754,"o":"Q3873511","polarity":FALSE},
{"p":"P54","wikiID":NULL,"s":"Q5024","Node_id":14662,"weight":0.15444,"o":"Q3873511","polarity":FALSE},
{"p":"P54","wikiID":NULL,"s":"Q5024","Node_id":14663,"weight":0.32479998,"o":"Q3873511","polarity":FALSE},
{"p":"P54","wikiID":NULL,"s":"Q18765","Node_id":14664,"weight":0.1656,"o":"Q3873511","polarity":FALSE},
{"p":"P54","wikiID":NULL,"s":"Q5024","Node_id":14665,"weight":0.35472,"o":"Q3873511","polarity":FALSE},
{"p":"P54","wikiID":NULL,"s":"Q5024","Node_id":14666,"weight":0.26844,"o":"Q3873511","polarity":FALSE},
{"p":"P54","wikiID":NULL,"s":"Q5024","Node_id":14667,"weight":0.38968998,"o":"Q3873511","polarity":FALSE},
{"p":"P54","wikiID":NULL,"s":"Q5024","Node_id":14668,"weight":0.17059,"o":"Q3873511","polarity":FALSE},
{"p":"P54","wikiID":NULL,"s":"Q5024","Node_id":14669,"weight":0.16237,"o":"Q3873511","polarity":FALSE},
{"p":"P54","wikiID":NULL,"s":"Q5024","Node_id":14670,"weight":0.23710999,"o":"Q3873511","polarity":FALSE},
{"p":"P54","wikiID":NULL,"s":"Q5024","Node_id":14671,"weight":0.29072002,"o":"Q3873511","polarity":FALSE}]