[{"Inferred_node_ids":[23444],"Node_id":5537},
{"Inferred_node_ids":[23462],"Node_id":5538},
{"Inferred_node_ids":[23492],"Node_id":5539},
{"Inferred_node_ids":[23391],"Node_id":5540},
{"Inferred_node_ids":[23366],"Node_id":5542},
{"Inferred_node_ids":[23482],"Node_id":5543},
{"Inferred_node_ids":[23450],"Node_id":5544},
{"Inferred_node_ids":[23369],"Node_id":5545},
{"Inferred_node_ids":[23466],"Node_id":5546},
{"Inferred_node_ids":[23447],"Node_id":5547},
{"Inferred_node_ids":[23381],"Node_id":5548},
{"Inferred_node_ids":[23478],"Node_id":5758},
{"Inferred_node_ids":[23428],"Node_id":5759},
{"Inferred_node_ids":[23416],"Node_id":5761},
{"Inferred_node_ids":[23452],"Node_id":5762},
{"Inferred_node_ids":[23375],"Node_id":5763},
{"Inferred_node_ids":[23489],"Node_id":5764},
{"Inferred_node_ids":[23475],"Node_id":5765},
{"Inferred_node_ids":[23440],"Node_id":5766},
{"Inferred_node_ids":[23479],"Node_id":5767},
{"Inferred_node_ids":[23469],"Node_id":5768},
{"Inferred_node_ids":[23419],"Node_id":5770},
{"Inferred_node_ids":[23422],"Node_id":5771},
{"Inferred_node_ids":[23406],"Node_id":5772},
{"Inferred_node_ids":[23457],"Node_id":5773},
{"Inferred_node_ids":[23371],"Node_id":5774},
{"Inferred_node_ids":[23468],"Node_id":5775},
{"Inferred_node_ids":[23500],"Node_id":5776},
{"Inferred_node_ids":[23368],"Node_id":17120},
{"Inferred_node_ids":[23410],"Node_id":17121},
{"Inferred_node_ids":[23453],"Node_id":17122},
{"Inferred_node_ids":[23401],"Node_id":17123},
{"Inferred_node_ids":[23376],"Node_id":17124},
{"Inferred_node_ids":[23484],"Node_id":17125},
{"Inferred_node_ids":[23399],"Node_id":17126},
{"Inferred_node_ids":[23392],"Node_id":17971},
{"Inferred_node_ids":[23451],"Node_id":17972},
{"Inferred_node_ids":[23364],"Node_id":17973},
{"Inferred_node_ids":[23367],"Node_id":17975},
{"Inferred_node_ids":[23471],"Node_id":17976},
{"Inferred_node_ids":[23413],"Node_id":18146},
{"Inferred_node_ids":[23438],"Node_id":18147},
{"Inferred_node_ids":[23409],"Node_id":18148},
{"Inferred_node_ids":[23385],"Node_id":18149},
{"Inferred_node_ids":[23458],"Node_id":18150},
{"Inferred_node_ids":[23480],"Node_id":18151},
{"Inferred_node_ids":[23370],"Node_id":18152},
{"Inferred_node_ids":[23437],"Node_id":18153},
{"Inferred_node_ids":[23460],"Node_id":18154},
{"Inferred_node_ids":[23470],"Node_id":18155},
{"Inferred_node_ids":[23405],"Node_id":18156},
{"Inferred_node_ids":[23472],"Node_id":18157},
{"Inferred_node_ids":[23425],"Node_id":18158},
{"Inferred_node_ids":[23395],"Node_id":18159},
{"Inferred_node_ids":[23488],"Node_id":18161},
{"Inferred_node_ids":[23415],"Node_id":18162},
{"Inferred_node_ids":[23456],"Node_id":18163},
{"Inferred_node_ids":[23379],"Node_id":18164},
{"Inferred_node_ids":[23424],"Node_id":18165},
{"Inferred_node_ids":[23389],"Node_id":20595},
{"Inferred_node_ids":[23407],"Node_id":20596},
{"Inferred_node_ids":[23382],"Node_id":20597},
{"Inferred_node_ids":[23427],"Node_id":20598},
{"Inferred_node_ids":[23486],"Node_id":20599},
{"Inferred_node_ids":[23384],"Node_id":20600},
{"Inferred_node_ids":[23496],"Node_id":23070},
{"Inferred_node_ids":[23481],"Node_id":23071},
{"Inferred_node_ids":[23387],"Node_id":23072},
{"Inferred_node_ids":[23373],"Node_id":23073},
{"Inferred_node_ids":[23426],"Node_id":23074},
{"Inferred_node_ids":[23465],"Node_id":23075},
{"Inferred_node_ids":[23417],"Node_id":23076},
{"Inferred_node_ids":[23461],"Node_id":23077},
{"Inferred_node_ids":[23386],"Node_id":23108},
{"Inferred_node_ids":[23464],"Node_id":23109},
{"Inferred_node_ids":[23429],"Node_id":23110},
{"Inferred_node_ids":[23393],"Node_id":23111},
{"Inferred_node_ids":[23374],"Node_id":23112},
{"Inferred_node_ids":[23477],"Node_id":23113},
{"Inferred_node_ids":[23433],"Node_id":23114},
{"Inferred_node_ids":[23420],"Node_id":23115},
{"Inferred_node_ids":[23378],"Node_id":23116},
{"Inferred_node_ids":[23476],"Node_id":23118},
{"Inferred_node_ids":[23390],"Node_id":23119},
{"Inferred_node_ids":[23400],"Node_id":106924},
{"Inferred_node_ids":[23446],"Node_id":106925},
{"Inferred_node_ids":[23467],"Node_id":106926},
{"Inferred_node_ids":[23441],"Node_id":106927},
{"Inferred_node_ids":[23408],"Node_id":106928},
{"Inferred_node_ids":[23498],"Node_id":106929},
{"Inferred_node_ids":[23490],"Node_id":106930},
{"Inferred_node_ids":[23445],"Node_id":107775},
{"Inferred_node_ids":[23497],"Node_id":107776},
{"Inferred_node_ids":[23443],"Node_id":107777},
{"Inferred_node_ids":[23435],"Node_id":107778},
{"Inferred_node_ids":[23431],"Node_id":107779},
{"Inferred_node_ids":[23499],"Node_id":107780},
{"Inferred_node_ids":[23501],"Node_id":107950},
{"Inferred_node_ids":[23494],"Node_id":107951},
{"Inferred_node_ids":[23459],"Node_id":107952},
{"Inferred_node_ids":[23485],"Node_id":107953},
{"Inferred_node_ids":[23455],"Node_id":107954},
{"Inferred_node_ids":[23402],"Node_id":107955},
{"Inferred_node_ids":[23397],"Node_id":107956},
{"Inferred_node_ids":[23493],"Node_id":107957},
{"Inferred_node_ids":[23388],"Node_id":107958},
{"Inferred_node_ids":[23434],"Node_id":107959},
{"Inferred_node_ids":[23362],"Node_id":107960},
{"Inferred_node_ids":[23380],"Node_id":107961},
{"Inferred_node_ids":[23411],"Node_id":107962},
{"Inferred_node_ids":[23412],"Node_id":107963},
{"Inferred_node_ids":[23463],"Node_id":107964},
{"Inferred_node_ids":[23495],"Node_id":107965},
{"Inferred_node_ids":[23363],"Node_id":107966},
{"Inferred_node_ids":[23414],"Node_id":107967},
{"Inferred_node_ids":[23361],"Node_id":107968},
{"Inferred_node_ids":[23404],"Node_id":107969},
{"Inferred_node_ids":[23483],"Node_id":110400},
{"Inferred_node_ids":[23360],"Node_id":110401},
{"Inferred_node_ids":[23448],"Node_id":110402},
{"Inferred_node_ids":[23372],"Node_id":110403},
{"Inferred_node_ids":[23430],"Node_id":110404},
{"Inferred_node_ids":[23432],"Node_id":110405},
{"Inferred_node_ids":[23487],"Node_id":112875},
{"Inferred_node_ids":[23473],"Node_id":112876},
{"Inferred_node_ids":[23442],"Node_id":112877},
{"Inferred_node_ids":[23423],"Node_id":112878},
{"Inferred_node_ids":[23421],"Node_id":112879},
{"Inferred_node_ids":[23383],"Node_id":112881},
{"Inferred_node_ids":[23436],"Node_id":112882},
{"Inferred_node_ids":[23439],"Node_id":112913},
{"Inferred_node_ids":[23396],"Node_id":112914},
{"Inferred_node_ids":[23394],"Node_id":112915},
{"Inferred_node_ids":[23449],"Node_id":112916},
{"Inferred_node_ids":[23365],"Node_id":112917},
{"Inferred_node_ids":[23502],"Node_id":112919},
{"Inferred_node_ids":[23491],"Node_id":112921},
{"Inferred_node_ids":[23377],"Node_id":112922},
{"Inferred_node_ids":[23418],"Node_id":112923},
{"Inferred_node_ids":[23454],"Node_id":113919},
{"Inferred_node_ids":[23474],"Node_id":113920},
{"Inferred_node_ids":[23398],"Node_id":139163},
{"Inferred_node_ids":[23403],"Node_id":139164}]