[{"Node_id":9506,"weight":0.19214},
{"Node_id":9511,"weight":0.3483},
{"Node_id":9512,"weight":0.22799},
{"Node_id":9513,"weight":0.20504999},
{"Node_id":9514,"weight":0.19802001},
{"Node_id":9515,"weight":0.25051},
{"Node_id":9517,"weight":0.23015001},
{"Node_id":9518,"weight":0.22634001},
{"Node_id":9519,"weight":0.24994},
{"Node_id":9522,"weight":0.16493},
{"Node_id":9524,"weight":0.20367},
{"Node_id":9525,"weight":0.14319},
{"Node_id":9526,"weight":0.38918},
{"Node_id":9527,"weight":0.23699},
{"Node_id":9528,"weight":0.18825},
{"Node_id":9532,"weight":0.23210001},
{"Node_id":9533,"weight":0.16936001},
{"Node_id":9535,"weight":0.21396999},
{"Node_id":9536,"weight":0.24195},
{"Node_id":9538,"weight":0.18202999},
{"Node_id":9540,"weight":0.2184},
{"Node_id":9541,"weight":0.17036},
{"Node_id":9546,"weight":0.27912},
{"Node_id":9550,"weight":0.37945002},
{"Node_id":9552,"weight":0.15736},
{"Node_id":9553,"weight":0.19597},
{"Node_id":9555,"weight":0.14474},
{"Node_id":9557,"weight":0.20241001},
{"Node_id":9560,"weight":0.1686},
{"Node_id":9561,"weight":0.14371},
{"Node_id":9562,"weight":0.24866},
{"Node_id":9564,"weight":0.15259},
{"Node_id":9565,"weight":0.32124},
{"Node_id":9566,"weight":0.25123},
{"Node_id":9569,"weight":0.1744},
{"Node_id":9573,"weight":0.18643},
{"Node_id":9575,"weight":0.17036},
{"Node_id":9576,"weight":0.25852},
{"Node_id":9579,"weight":0.39712998},
{"Node_id":9581,"weight":0.20211999},
{"Node_id":9582,"weight":0.13976},
{"Node_id":9583,"weight":0.18202999},
{"Node_id":9585,"weight":0.20456},
{"Node_id":9587,"weight":0.20594999},
{"Node_id":9590,"weight":0.18421},
{"Node_id":9592,"weight":0.34289998},
{"Node_id":9594,"weight":0.20009999},
{"Node_id":9595,"weight":0.16353},
{"Node_id":9596,"weight":0.14539},
{"Node_id":9597,"weight":0.42189997},
{"Node_id":9601,"weight":0.15361},
{"Node_id":9615,"weight":0.15638},
{"Node_id":9619,"weight":0.24102001},
{"Node_id":9620,"weight":0.28574},
{"Node_id":9622,"weight":0.16034},
{"Node_id":9626,"weight":0.19532},
{"Node_id":9627,"weight":0.21928},
{"Node_id":9628,"weight":0.16493},
{"Node_id":9629,"weight":0.19395},
{"Node_id":9630,"weight":0.23982999},
{"Node_id":9635,"weight":0.23271},
{"Node_id":9637,"weight":0.15764001},
{"Node_id":9639,"weight":0.27115},
{"Node_id":9641,"weight":0.42766},
{"Node_id":9643,"weight":0.32397002},
{"Node_id":9645,"weight":0.52159},
{"Node_id":9646,"weight":0.26006},
{"Node_id":9649,"weight":0.15665999},
{"Node_id":9652,"weight":0.1866},
{"Node_id":9653,"weight":0.15326999},
{"Node_id":9654,"weight":0.21217999},
{"Node_id":9656,"weight":0.3596},
{"Node_id":9659,"weight":0.2887},
{"Node_id":9686,"weight":0.14261},
{"Node_id":9691,"weight":0.20318},
{"Node_id":9698,"weight":0.1407},
{"Node_id":9699,"weight":0.16317001},
{"Node_id":9729,"weight":0.22528999},
{"Node_id":9749,"weight":0.19718},
{"Node_id":9757,"weight":0.18957},
{"Node_id":9763,"weight":0.33227},
{"Node_id":9773,"weight":0.18947999},
{"Node_id":9778,"weight":0.18413},
{"Node_id":9794,"weight":0.18362},
{"Node_id":9834,"weight":0.14695999},
{"Node_id":9854,"weight":0.19522999},
{"Node_id":9857,"weight":0.22599001},
{"Node_id":9871,"weight":0.20525},
{"Node_id":9879,"weight":0.16471},
{"Node_id":9881,"weight":0.24089},
{"Node_id":9899,"weight":0.21164998},
{"Node_id":9905,"weight":0.1639},
{"Node_id":9959,"weight":0.18294999},
{"Node_id":9960,"weight":0.16582},
{"Node_id":9973,"weight":0.2397},
{"Node_id":9979,"weight":0.19432},
{"Node_id":10008,"weight":0.23571},
{"Node_id":10019,"weight":0.23173001},
{"Node_id":10029,"weight":0.19368},
{"Node_id":10045,"weight":0.15211001},
{"Node_id":10065,"weight":0.23087999},
{"Node_id":10066,"weight":0.21103},
{"Node_id":10068,"weight":0.23087999},
{"Node_id":10090,"weight":0.21589},
{"Node_id":10100,"weight":0.24600999},
{"Node_id":10111,"weight":0.17144},
{"Node_id":10136,"weight":0.14703},
{"Node_id":10161,"weight":0.19981},
{"Node_id":10206,"weight":0.18686},
{"Node_id":10226,"weight":0.14663},
{"Node_id":10240,"weight":0.22506002},
{"Node_id":10241,"weight":0.16085},
{"Node_id":10244,"weight":0.16928999},
{"Node_id":10251,"weight":0.20289},
{"Node_id":10272,"weight":0.23408},
{"Node_id":10287,"weight":0.20887001},
{"Node_id":10296,"weight":0.18145},
{"Node_id":10299,"weight":0.18721},
{"Node_id":10327,"weight":0.18549},
{"Node_id":10330,"weight":0.16049},
{"Node_id":10332,"weight":0.18455},
{"Node_id":10335,"weight":0.1656},
{"Node_id":10343,"weight":0.15008},
{"Node_id":10355,"weight":0.16339001},
{"Node_id":10356,"weight":0.17906},
{"Node_id":10363,"weight":0.24288002},
{"Node_id":10365,"weight":0.14716001},
{"Node_id":10373,"weight":0.14915},
{"Node_id":10384,"weight":0.17833},
{"Node_id":10387,"weight":0.14695999},
{"Node_id":10392,"weight":0.22918999},
{"Node_id":10398,"weight":0.19332},
{"Node_id":10460,"weight":0.23371},
{"Node_id":10470,"weight":0.22196},
{"Node_id":10473,"weight":0.29635},
{"Node_id":10474,"weight":0.39549},
{"Node_id":10475,"weight":0.14474},
{"Node_id":10477,"weight":0.23996},
{"Node_id":10478,"weight":0.17433},
{"Node_id":10479,"weight":0.21807},
{"Node_id":10481,"weight":0.13918999},
{"Node_id":10486,"weight":0.18481},
{"Node_id":10487,"weight":0.20938},
{"Node_id":10488,"weight":0.19615},
{"Node_id":10493,"weight":0.25504},
{"Node_id":10496,"weight":0.23648},
{"Node_id":10500,"weight":0.14480999},
{"Node_id":10502,"weight":0.52933},
{"Node_id":10503,"weight":0.14313},
{"Node_id":10505,"weight":0.19305},
{"Node_id":10507,"weight":0.25195},
{"Node_id":10509,"weight":0.32151002},
{"Node_id":10510,"weight":0.23271},
{"Node_id":10512,"weight":0.46469003},
{"Node_id":10513,"weight":0.22943},
{"Node_id":10518,"weight":0.16142},
{"Node_id":10520,"weight":0.30006},
{"Node_id":10528,"weight":0.34225},
{"Node_id":10531,"weight":0.16433999},
{"Node_id":10534,"weight":0.18704},
{"Node_id":10535,"weight":0.14455},
{"Node_id":10536,"weight":0.1452},
{"Node_id":10537,"weight":0.36677},
{"Node_id":10539,"weight":0.16405},
{"Node_id":10541,"weight":0.16627},
{"Node_id":10542,"weight":0.31173},
{"Node_id":10543,"weight":0.22751999},
{"Node_id":10545,"weight":0.16612001},
{"Node_id":10547,"weight":0.17151001},
{"Node_id":10549,"weight":0.17447999},
{"Node_id":10557,"weight":0.16164},
{"Node_id":10563,"weight":0.24049},
{"Node_id":10579,"weight":0.24600999},
{"Node_id":10590,"weight":0.14822},
{"Node_id":10591,"weight":0.37852},
{"Node_id":10596,"weight":0.59496003},
{"Node_id":10597,"weight":0.21961},
{"Node_id":10599,"weight":0.41711003},
{"Node_id":10602,"weight":0.46258998},
{"Node_id":10603,"weight":0.45555001},
{"Node_id":10606,"weight":0.18921},
{"Node_id":10607,"weight":0.15055},
{"Node_id":10608,"weight":0.14261},
{"Node_id":10613,"weight":0.15450999},
{"Node_id":10616,"weight":0.2579},
{"Node_id":10619,"weight":0.15361},
{"Node_id":10620,"weight":0.18371001},
{"Node_id":10622,"weight":0.25654},
{"Node_id":10631,"weight":0.23136},
{"Node_id":10639,"weight":0.22493999},
{"Node_id":10640,"weight":0.25669},
{"Node_id":10642,"weight":0.28439},
{"Node_id":10643,"weight":0.23371},
{"Node_id":10644,"weight":0.13913},
{"Node_id":10646,"weight":0.27712},
{"Node_id":10648,"weight":0.19386},
{"Node_id":10653,"weight":0.15764001},
{"Node_id":10654,"weight":0.22425},
{"Node_id":10657,"weight":0.14364001},
{"Node_id":10660,"weight":0.14063999},
{"Node_id":10664,"weight":0.14855},
{"Node_id":10665,"weight":0.30297},
{"Node_id":10666,"weight":0.1421},
{"Node_id":10668,"weight":0.26433998},
{"Node_id":10669,"weight":0.16777},
{"Node_id":10671,"weight":0.17082},
{"Node_id":10672,"weight":0.24168},
{"Node_id":10701,"weight":0.16883},
{"Node_id":10702,"weight":0.21589},
{"Node_id":10719,"weight":0.21939},
{"Node_id":10743,"weight":0.14120999},
{"Node_id":10756,"weight":0.17151001},
{"Node_id":10764,"weight":0.23944},
{"Node_id":10784,"weight":0.216},
{"Node_id":10815,"weight":0.16717},
{"Node_id":10833,"weight":0.24275},
{"Node_id":10843,"weight":0.17807999},
{"Node_id":10895,"weight":0.14941},
{"Node_id":10897,"weight":0.23827},
{"Node_id":10905,"weight":0.54217},
{"Node_id":10906,"weight":0.55429},
{"Node_id":10910,"weight":0.33376998},
{"Node_id":10927,"weight":0.1807},
{"Node_id":10931,"weight":0.17679},
{"Node_id":10933,"weight":0.14396},
{"Node_id":10934,"weight":0.18974},
{"Node_id":10946,"weight":0.19972},
{"Node_id":10972,"weight":0.17244},
{"Node_id":10977,"weight":0.13951},
{"Node_id":10978,"weight":0.50450003},
{"Node_id":10979,"weight":0.17354},
{"Node_id":10981,"weight":0.17198},
{"Node_id":10984,"weight":0.36076},
{"Node_id":10986,"weight":0.36273},
{"Node_id":10987,"weight":0.37401},
{"Node_id":10992,"weight":0.16419},
{"Node_id":10993,"weight":0.18549},
{"Node_id":10994,"weight":0.20211999},
{"Node_id":10996,"weight":0.38469},
{"Node_id":10998,"weight":0.14742},
{"Node_id":10999,"weight":0.20574999},
{"Node_id":11000,"weight":0.17921999},
{"Node_id":11004,"weight":0.1615},
{"Node_id":11005,"weight":0.54927003},
{"Node_id":11008,"weight":0.37446},
{"Node_id":11010,"weight":0.35075},
{"Node_id":11011,"weight":0.17472},
{"Node_id":11014,"weight":0.25518999},
{"Node_id":11015,"weight":0.18145},
{"Node_id":11016,"weight":0.38371998},
{"Node_id":11017,"weight":0.20615001},
{"Node_id":11018,"weight":0.20785001},
{"Node_id":11021,"weight":0.1812},
{"Node_id":11023,"weight":0.17567},
{"Node_id":11024,"weight":0.21861999},
{"Node_id":11025,"weight":0.21905999},
{"Node_id":11027,"weight":0.29465002},
{"Node_id":11029,"weight":0.36431998},
{"Node_id":11030,"weight":0.51441},
{"Node_id":11032,"weight":0.30978},
{"Node_id":11035,"weight":0.2401},
{"Node_id":11037,"weight":0.1515},
{"Node_id":11038,"weight":0.29072002},
{"Node_id":11039,"weight":0.18575},
{"Node_id":11042,"weight":0.23039},
{"Node_id":11046,"weight":0.20038},
{"Node_id":11047,"weight":0.20250002},
{"Node_id":11055,"weight":0.14191},
{"Node_id":11059,"weight":0.39658},
{"Node_id":11063,"weight":0.28381},
{"Node_id":11065,"weight":0.20337999},
{"Node_id":11067,"weight":0.19323},
{"Node_id":11071,"weight":0.14881},
{"Node_id":11074,"weight":0.33652002},
{"Node_id":11075,"weight":0.26336998},
{"Node_id":11076,"weight":0.15484999},
{"Node_id":11077,"weight":0.25297},
{"Node_id":11079,"weight":0.17662999},
{"Node_id":11080,"weight":0.19422999},
{"Node_id":11081,"weight":0.14422},
{"Node_id":11083,"weight":0.15729001},
{"Node_id":11085,"weight":0.27409},
{"Node_id":11092,"weight":0.15764001},
{"Node_id":11107,"weight":0.14828},
{"Node_id":11116,"weight":0.28711},
{"Node_id":11118,"weight":0.15659},
{"Node_id":11119,"weight":0.14782},
{"Node_id":11121,"weight":0.24796},
{"Node_id":11123,"weight":0.54927003},
{"Node_id":11125,"weight":0.14862},
{"Node_id":11126,"weight":0.14435},
{"Node_id":11128,"weight":0.21621999},
{"Node_id":11129,"weight":0.18253},
{"Node_id":11130,"weight":0.21928},
{"Node_id":11131,"weight":0.1587},
{"Node_id":11132,"weight":0.1656},
{"Node_id":11136,"weight":0.16027},
{"Node_id":11138,"weight":0.18609},
{"Node_id":11143,"weight":0.26928002},
{"Node_id":11144,"weight":0.33903},
{"Node_id":11150,"weight":0.26147002},
{"Node_id":11154,"weight":0.41513},
{"Node_id":11156,"weight":0.15197},
{"Node_id":11157,"weight":0.34356},
{"Node_id":11158,"weight":0.44538003},
{"Node_id":11159,"weight":0.32507},
{"Node_id":11160,"weight":0.14774999},
{"Node_id":11161,"weight":0.36595},
{"Node_id":11162,"weight":0.14769},
{"Node_id":11164,"weight":0.18354},
{"Node_id":11165,"weight":0.27857},
{"Node_id":11168,"weight":0.18643},
{"Node_id":11169,"weight":0.25882},
{"Node_id":11170,"weight":0.21774001},
{"Node_id":11173,"weight":0.26466},
{"Node_id":11174,"weight":0.21796},
{"Node_id":11176,"weight":0.3562},
{"Node_id":11177,"weight":0.16164},
{"Node_id":11180,"weight":0.26022},
{"Node_id":11182,"weight":0.22716},
{"Node_id":11184,"weight":0.17543},
{"Node_id":11186,"weight":0.19098},
{"Node_id":11188,"weight":0.24519},
{"Node_id":11190,"weight":0.26433998},
{"Node_id":11193,"weight":0.17711},
{"Node_id":11195,"weight":0.15484999},
{"Node_id":11197,"weight":0.31222},
{"Node_id":11198,"weight":0.21752},
{"Node_id":11199,"weight":0.26321},
{"Node_id":11200,"weight":0.27183002},
{"Node_id":11202,"weight":0.31026},
{"Node_id":11206,"weight":0.22576001},
{"Node_id":11207,"weight":0.31625},
{"Node_id":11208,"weight":0.23814002},
{"Node_id":11223,"weight":0.18992},
{"Node_id":11226,"weight":0.14982},
{"Node_id":11227,"weight":0.23827},
{"Node_id":11228,"weight":0.21514001},
{"Node_id":11233,"weight":0.15899},
{"Node_id":11234,"weight":0.14941},
{"Node_id":11236,"weight":0.29984},
{"Node_id":11237,"weight":0.22084},
{"Node_id":11239,"weight":0.3105},
{"Node_id":11240,"weight":0.21145001},
{"Node_id":11242,"weight":0.19161001},
{"Node_id":11260,"weight":0.14461},
{"Node_id":11266,"weight":0.17105},
{"Node_id":11267,"weight":0.21238999},
{"Node_id":11269,"weight":0.27115},
{"Node_id":11270,"weight":0.23596999},
{"Node_id":11271,"weight":0.16383},
{"Node_id":11273,"weight":0.36392},
{"Node_id":11276,"weight":0.17089},
{"Node_id":11277,"weight":0.14789},
{"Node_id":11279,"weight":0.33871},
{"Node_id":11280,"weight":0.29277},
{"Node_id":11281,"weight":0.45653},
{"Node_id":11285,"weight":0.15779},
{"Node_id":11286,"weight":0.38085002},
{"Node_id":11289,"weight":0.16179},
{"Node_id":11291,"weight":0.24588001},
{"Node_id":11292,"weight":0.16477999},
{"Node_id":11294,"weight":0.2342},
{"Node_id":11297,"weight":0.22681001},
{"Node_id":11299,"weight":0.27586},
{"Node_id":11301,"weight":0.33683},
{"Node_id":11306,"weight":0.20565},
{"Node_id":11308,"weight":0.14120999},
{"Node_id":11309,"weight":0.22061},
{"Node_id":11310,"weight":0.17136},
{"Node_id":11312,"weight":0.17182},
{"Node_id":11313,"weight":0.16486},
{"Node_id":11314,"weight":0.35435},
{"Node_id":11315,"weight":0.20605},
{"Node_id":11318,"weight":0.2145},
{"Node_id":11321,"weight":0.15402},
{"Node_id":11322,"weight":0.32591},
{"Node_id":11323,"weight":0.16754},
{"Node_id":11327,"weight":0.15687},
{"Node_id":11328,"weight":0.14014},
{"Node_id":11329,"weight":0.17417},
{"Node_id":11336,"weight":0.28633},
{"Node_id":11340,"weight":0.40163},
{"Node_id":11342,"weight":0.17051001},
{"Node_id":11344,"weight":0.18913},
{"Node_id":11345,"weight":0.16085},
{"Node_id":11346,"weight":0.15999},
{"Node_id":11349,"weight":0.30117},
{"Node_id":11356,"weight":0.18379},
{"Node_id":11361,"weight":0.24965999},
{"Node_id":11362,"weight":0.49126},
{"Node_id":11363,"weight":0.3562},
{"Node_id":11364,"weight":0.49548},
{"Node_id":11366,"weight":0.21873},
{"Node_id":11380,"weight":0.17338},
{"Node_id":11405,"weight":0.17144},
{"Node_id":11411,"weight":0.15252},
{"Node_id":11424,"weight":0.17833},
{"Node_id":11426,"weight":0.16013},
{"Node_id":11435,"weight":0.23673001},
{"Node_id":11456,"weight":0.17679},
{"Node_id":11459,"weight":0.1712},
{"Node_id":11476,"weight":0.17988},
{"Node_id":11478,"weight":0.14802},
{"Node_id":11480,"weight":0.40633997},
{"Node_id":11482,"weight":0.33347002},
{"Node_id":11484,"weight":0.33777002},
{"Node_id":11486,"weight":0.14177999},
{"Node_id":11488,"weight":0.23787999},
{"Node_id":11490,"weight":0.16664},
{"Node_id":11492,"weight":0.19143},
{"Node_id":11493,"weight":0.16523},
{"Node_id":11494,"weight":0.16538},
{"Node_id":11498,"weight":0.23584001},
{"Node_id":11500,"weight":0.25224},
{"Node_id":11502,"weight":0.17074},
{"Node_id":11503,"weight":0.18834},
{"Node_id":11508,"weight":0.16627},
{"Node_id":11510,"weight":0.20605},
{"Node_id":11512,"weight":0.14299999},
{"Node_id":11516,"weight":0.17825},
{"Node_id":11518,"weight":0.18236001},
{"Node_id":11527,"weight":0.14842},
{"Node_id":11544,"weight":0.17543},
{"Node_id":11554,"weight":0.14229},
{"Node_id":11557,"weight":0.18746999},
{"Node_id":11565,"weight":0.1793},
{"Node_id":11572,"weight":0.15659},
{"Node_id":11580,"weight":0.20846},
{"Node_id":11586,"weight":0.22811},
{"Node_id":11600,"weight":0.18328},
{"Node_id":11624,"weight":0.23222001},
{"Node_id":11626,"weight":0.19718},
{"Node_id":11637,"weight":0.15807},
{"Node_id":11647,"weight":0.21482},
{"Node_id":11679,"weight":0.16295001},
{"Node_id":11692,"weight":0.22564001},
{"Node_id":11694,"weight":0.14500001},
{"Node_id":11698,"weight":0.1733},
{"Node_id":11699,"weight":0.23533002},
{"Node_id":11724,"weight":0.22185},
{"Node_id":11747,"weight":0.17299},
{"Node_id":11757,"weight":0.14357999},
{"Node_id":11779,"weight":0.22541001},
{"Node_id":11793,"weight":0.19849},
{"Node_id":11797,"weight":0.15934},
{"Node_id":11805,"weight":0.15942},
{"Node_id":11812,"weight":0.21917},
{"Node_id":11815,"weight":0.2145},
{"Node_id":11818,"weight":0.17151001},
{"Node_id":11847,"weight":0.1469},
{"Node_id":11852,"weight":0.19179},
{"Node_id":11859,"weight":0.16092},
{"Node_id":11863,"weight":0.21333},
{"Node_id":11869,"weight":0.22622001},
{"Node_id":11888,"weight":0.14191},
{"Node_id":11893,"weight":0.21071999},
{"Node_id":11926,"weight":0.15225},
{"Node_id":11943,"weight":0.15736},
{"Node_id":11956,"weight":0.1452},
{"Node_id":11966,"weight":0.19026999},
{"Node_id":11973,"weight":0.22435999},
{"Node_id":11975,"weight":0.17988},
{"Node_id":11982,"weight":0.14507},
{"Node_id":12013,"weight":0.17276},
{"Node_id":12036,"weight":0.22907},
{"Node_id":12047,"weight":0.16679},
{"Node_id":12049,"weight":0.14591},
{"Node_id":12066,"weight":0.17971},
{"Node_id":12084,"weight":0.21354},
{"Node_id":12092,"weight":0.16433999},
{"Node_id":12099,"weight":0.15630999},
{"Node_id":12104,"weight":0.15068999},
{"Node_id":12118,"weight":0.18592},
{"Node_id":12147,"weight":0.14862},
{"Node_id":12158,"weight":0.22095},
{"Node_id":12172,"weight":0.20535},
{"Node_id":12182,"weight":0.20076999},
{"Node_id":12186,"weight":0.14063999},
{"Node_id":12188,"weight":0.20309},
{"Node_id":12190,"weight":0.21949999},
{"Node_id":12191,"weight":0.15218},
{"Node_id":12192,"weight":0.13918999},
{"Node_id":12195,"weight":0.23827},
{"Node_id":12215,"weight":0.21752},
{"Node_id":12235,"weight":0.23111999},
{"Node_id":12247,"weight":0.17252001},
{"Node_id":12268,"weight":0.24114999},
{"Node_id":12279,"weight":0.19542},
{"Node_id":12281,"weight":0.22586998},
{"Node_id":12296,"weight":0.17543},
{"Node_id":12300,"weight":0.16353},
{"Node_id":12301,"weight":0.15527001},
{"Node_id":12310,"weight":0.20826001},
{"Node_id":12339,"weight":0.18583},
{"Node_id":12343,"weight":0.19026999},
{"Node_id":12354,"weight":0.16515},
{"Node_id":12358,"weight":0.15225},
{"Node_id":12374,"weight":0.23608999},
{"Node_id":12377,"weight":0.17575},
{"Node_id":12412,"weight":0.16754},
{"Node_id":12418,"weight":0.13894},
{"Node_id":12445,"weight":0.14585},
{"Node_id":12450,"weight":0.16822},
{"Node_id":12457,"weight":0.17898001},
{"Node_id":12458,"weight":0.17043},
{"Node_id":12459,"weight":0.16612001},
{"Node_id":12461,"weight":0.16762},
{"Node_id":12462,"weight":0.22207999},
{"Node_id":12465,"weight":0.24155},
{"Node_id":12466,"weight":0.32017},
{"Node_id":12467,"weight":0.24866},
{"Node_id":12468,"weight":0.29939002},
{"Node_id":12472,"weight":0.20038},
{"Node_id":12475,"weight":0.1561},
{"Node_id":12476,"weight":0.15892},
{"Node_id":12478,"weight":0.17377},
{"Node_id":12479,"weight":0.23321},
{"Node_id":12481,"weight":0.42839998},
{"Node_id":12485,"weight":0.23271},
{"Node_id":12486,"weight":0.1873},
{"Node_id":12487,"weight":0.20685},
{"Node_id":12489,"weight":0.25609},
{"Node_id":12491,"weight":0.20357999},
{"Node_id":12492,"weight":0.22599001},
{"Node_id":12496,"weight":0.21610999},
{"Node_id":12502,"weight":0.28191},
{"Node_id":12503,"weight":0.14935},
{"Node_id":12504,"weight":0.17362},
{"Node_id":12507,"weight":0.61637},
{"Node_id":12509,"weight":0.33287},
{"Node_id":12511,"weight":0.21164998},
{"Node_id":12512,"weight":0.15022},
{"Node_id":12513,"weight":0.25066},
{"Node_id":12521,"weight":0.29549998},
{"Node_id":12522,"weight":0.24235001},
{"Node_id":12523,"weight":0.16634001},
{"Node_id":12527,"weight":0.17906},
{"Node_id":12530,"weight":0.15184},
{"Node_id":12543,"weight":0.19858},
{"Node_id":12551,"weight":0.16288},
{"Node_id":12556,"weight":0.1639},
{"Node_id":12564,"weight":0.17963001},
{"Node_id":12591,"weight":0.16142},
{"Node_id":12593,"weight":0.15949},
{"Node_id":12597,"weight":0.15582},
{"Node_id":12598,"weight":0.19477001},
{"Node_id":12599,"weight":0.34094998},
{"Node_id":12601,"weight":0.38132},
{"Node_id":12603,"weight":0.81113994},
{"Node_id":12605,"weight":0.65699},
{"Node_id":12611,"weight":0.20959},
{"Node_id":12613,"weight":0.22907},
{"Node_id":12615,"weight":0.38371998},
{"Node_id":12617,"weight":0.25775},
{"Node_id":12619,"weight":0.17036},
{"Node_id":12620,"weight":0.25297},
{"Node_id":12626,"weight":0.17345999},
{"Node_id":12627,"weight":0.17252001},
{"Node_id":12630,"weight":0.19487},
{"Node_id":12632,"weight":0.24221},
{"Node_id":12635,"weight":0.17607},
{"Node_id":12637,"weight":0.23321},
{"Node_id":12641,"weight":0.22028},
{"Node_id":12643,"weight":0.18843},
{"Node_id":12644,"weight":0.28381},
{"Node_id":12647,"weight":0.20416},
{"Node_id":12648,"weight":0.37579},
{"Node_id":12656,"weight":0.26678},
{"Node_id":12658,"weight":0.15245},
{"Node_id":12660,"weight":0.19895999},
{"Node_id":12662,"weight":0.25023},
{"Node_id":12664,"weight":0.17151001},
{"Node_id":12666,"weight":0.19634},
{"Node_id":12667,"weight":0.14177999},
{"Node_id":12673,"weight":0.23099999},
{"Node_id":12677,"weight":0.21185999},
{"Node_id":12684,"weight":0.19542},
{"Node_id":12758,"weight":0.14448},
{"Node_id":12763,"weight":0.26482},
{"Node_id":12764,"weight":0.22095},
{"Node_id":12765,"weight":0.22634001},
{"Node_id":12766,"weight":0.1653},
{"Node_id":12767,"weight":0.1397},
{"Node_id":12769,"weight":0.19468},
{"Node_id":12772,"weight":0.153},
{"Node_id":12785,"weight":0.24023},
{"Node_id":12790,"weight":0.1832},
{"Node_id":12806,"weight":0.1893},
{"Node_id":12822,"weight":0.14995},
{"Node_id":12828,"weight":0.17323},
{"Node_id":12835,"weight":0.15942},
{"Node_id":12838,"weight":0.21031001},
{"Node_id":12845,"weight":0.18652001},
{"Node_id":12848,"weight":0.29808},
{"Node_id":12850,"weight":0.1935},
{"Node_id":12853,"weight":0.21568},
{"Node_id":12854,"weight":0.31781},
{"Node_id":12856,"weight":0.14848},
{"Node_id":12858,"weight":0.31833},
{"Node_id":12862,"weight":0.22955},
{"Node_id":12864,"weight":0.27235},
{"Node_id":12869,"weight":0.15652},
{"Node_id":12870,"weight":0.41064},
{"Node_id":12871,"weight":0.15715},
{"Node_id":12872,"weight":0.14723},
{"Node_id":12873,"weight":0.30435},
{"Node_id":12875,"weight":0.21312001},
{"Node_id":12876,"weight":0.15002},
{"Node_id":12878,"weight":0.20745},
{"Node_id":12880,"weight":0.14848},
{"Node_id":12881,"weight":0.20436001},
{"Node_id":12883,"weight":0.24851999},
{"Node_id":12884,"weight":0.18643},
{"Node_id":12885,"weight":0.31651002},
{"Node_id":12888,"weight":0.14975},
{"Node_id":12890,"weight":0.15963},
{"Node_id":12891,"weight":0.25224},
{"Node_id":12896,"weight":0.16906},
{"Node_id":12897,"weight":0.17736},
{"Node_id":12899,"weight":0.27857},
{"Node_id":12900,"weight":0.23546},
{"Node_id":12902,"weight":0.40693998},
{"Node_id":12903,"weight":0.24670999},
{"Node_id":12905,"weight":0.1752},
{"Node_id":12906,"weight":0.20038},
{"Node_id":12909,"weight":0.14835},
{"Node_id":12910,"weight":0.19962},
{"Node_id":12911,"weight":0.2727},
{"Node_id":12912,"weight":0.22516999},
{"Node_id":12913,"weight":0.23648},
{"Node_id":12914,"weight":0.3596},
{"Node_id":12918,"weight":0.23866001},
{"Node_id":12920,"weight":0.14624},
{"Node_id":12921,"weight":0.15484999},
{"Node_id":12923,"weight":0.24588001},
{"Node_id":12926,"weight":0.15062},
{"Node_id":12927,"weight":0.14881},
{"Node_id":12929,"weight":0.14921},
{"Node_id":12930,"weight":0.18078001},
{"Node_id":12934,"weight":0.16973999},
{"Node_id":12937,"weight":0.2881},
{"Node_id":12941,"weight":0.26563},
{"Node_id":12942,"weight":0.16486},
{"Node_id":12943,"weight":0.19332},
{"Node_id":12944,"weight":0.18523},
{"Node_id":12949,"weight":0.19868},
{"Node_id":12968,"weight":0.28574},
{"Node_id":12971,"weight":0.21719},
{"Node_id":12972,"weight":0.15035},
{"Node_id":12973,"weight":0.13882},
{"Node_id":12975,"weight":0.33652002},
{"Node_id":12977,"weight":0.17105},
{"Node_id":12978,"weight":0.48457998},
{"Node_id":12979,"weight":0.22551998},
{"Node_id":12983,"weight":0.17963001},
{"Node_id":12985,"weight":0.25066},
{"Node_id":12986,"weight":0.25385},
{"Node_id":12987,"weight":0.2877},
{"Node_id":12990,"weight":0.14565},
{"Node_id":12991,"weight":0.1744},
{"Node_id":12993,"weight":0.1798},
{"Node_id":12997,"weight":0.41711003},
{"Node_id":12999,"weight":0.22049999},
{"Node_id":13000,"weight":0.31347},
{"Node_id":13002,"weight":0.1752},
{"Node_id":13003,"weight":0.30251998},
{"Node_id":13006,"weight":0.20565},
{"Node_id":13008,"weight":0.18135999},
{"Node_id":13009,"weight":0.22242},
{"Node_id":13012,"weight":0.20938},
{"Node_id":13013,"weight":0.20745},
{"Node_id":13015,"weight":0.15786001},
{"Node_id":13017,"weight":0.14663},
{"Node_id":13019,"weight":0.14147},
{"Node_id":13020,"weight":0.29011},
{"Node_id":13021,"weight":0.52347004},
{"Node_id":13024,"weight":0.18557},
{"Node_id":13026,"weight":0.21134},
{"Node_id":13027,"weight":0.2366},
{"Node_id":13029,"weight":0.31859},
{"Node_id":13031,"weight":0.18337},
{"Node_id":13032,"weight":0.15652},
{"Node_id":13033,"weight":0.2543},
{"Node_id":13034,"weight":0.58061},
{"Node_id":13035,"weight":0.36969},
{"Node_id":13037,"weight":0.14795001},
{"Node_id":13038,"weight":0.13944},
{"Node_id":13041,"weight":0.52933},
{"Node_id":13044,"weight":0.15652},
{"Node_id":13047,"weight":0.15029},
{"Node_id":13049,"weight":0.15361},
{"Node_id":13050,"weight":0.32342},
{"Node_id":13051,"weight":0.19432},
{"Node_id":13053,"weight":0.22196},
{"Node_id":13055,"weight":0.57105},
{"Node_id":13091,"weight":0.18044999},
{"Node_id":13094,"weight":0.20918},
{"Node_id":13096,"weight":0.34323},
{"Node_id":13111,"weight":0.19054},
{"Node_id":13136,"weight":0.22084},
{"Node_id":13137,"weight":0.14822},
{"Node_id":13146,"weight":0.17647001},
{"Node_id":13160,"weight":0.24302001},
{"Node_id":13165,"weight":0.19727},
{"Node_id":13167,"weight":0.30929},
{"Node_id":13168,"weight":0.23608999},
{"Node_id":13170,"weight":0.14268},
{"Node_id":13171,"weight":0.29896},
{"Node_id":13174,"weight":0.21124001},
{"Node_id":13175,"weight":0.25518999},
{"Node_id":13176,"weight":0.23445001},
{"Node_id":13177,"weight":0.15527001},
{"Node_id":13178,"weight":0.1752},
{"Node_id":13180,"weight":0.19241},
{"Node_id":13182,"weight":0.24951},
{"Node_id":13183,"weight":0.33168},
{"Node_id":13184,"weight":0.19368},
{"Node_id":13185,"weight":0.22599001},
{"Node_id":13186,"weight":0.18531999},
{"Node_id":13188,"weight":0.18379},
{"Node_id":13190,"weight":0.16317001},
{"Node_id":13192,"weight":0.15617},
{"Node_id":13193,"weight":0.18566},
{"Node_id":13195,"weight":0.16013},
{"Node_id":13201,"weight":0.14474},
{"Node_id":13202,"weight":0.30229002},
{"Node_id":13203,"weight":0.29529},
{"Node_id":13205,"weight":0.15218},
{"Node_id":13206,"weight":0.20134},
{"Node_id":13218,"weight":0.20105},
{"Node_id":13262,"weight":0.18843},
{"Node_id":13265,"weight":0.16657},
{"Node_id":13274,"weight":0.16324},
{"Node_id":13289,"weight":0.14058},
{"Node_id":13309,"weight":0.18037},
{"Node_id":13318,"weight":0.21503},
{"Node_id":13321,"weight":0.14703},
{"Node_id":13325,"weight":0.14045},
{"Node_id":13332,"weight":0.18379},
{"Node_id":13394,"weight":0.15382001},
{"Node_id":13397,"weight":0.18145},
{"Node_id":13431,"weight":0.19953},
{"Node_id":13444,"weight":0.22564001},
{"Node_id":13451,"weight":0.14299999},
{"Node_id":13455,"weight":0.18957},
{"Node_id":13460,"weight":0.16302},
{"Node_id":13461,"weight":0.18738},
{"Node_id":13462,"weight":0.15245},
{"Node_id":13463,"weight":0.50294},
{"Node_id":13466,"weight":0.22907},
{"Node_id":13468,"weight":0.22061},
{"Node_id":13469,"weight":0.15218},
{"Node_id":13470,"weight":0.22016999},
{"Node_id":13471,"weight":0.53771},
{"Node_id":13473,"weight":0.15326999},
{"Node_id":13475,"weight":0.22448},
{"Node_id":13520,"weight":0.15561},
{"Node_id":13522,"weight":0.13918999},
{"Node_id":13523,"weight":0.19116},
{"Node_id":13536,"weight":0.16142},
{"Node_id":13545,"weight":0.21197},
{"Node_id":13556,"weight":0.20836},
{"Node_id":13569,"weight":0.14422},
{"Node_id":13591,"weight":0.24221},
{"Node_id":13623,"weight":0.19606},
{"Node_id":13624,"weight":0.17719},
{"Node_id":13626,"weight":0.24768},
{"Node_id":13630,"weight":0.158},
{"Node_id":13638,"weight":0.29808},
{"Node_id":13639,"weight":0.43534002},
{"Node_id":13640,"weight":0.22528999},
{"Node_id":13643,"weight":0.16762},
{"Node_id":13644,"weight":0.20211999},
{"Node_id":13646,"weight":0.33376998},
{"Node_id":13659,"weight":0.22196},
{"Node_id":13693,"weight":0.17447999},
{"Node_id":13699,"weight":0.15828},
{"Node_id":13702,"weight":0.17881},
{"Node_id":13728,"weight":0.23099999},
{"Node_id":13734,"weight":0.14631},
{"Node_id":13743,"weight":0.15582},
{"Node_id":13745,"weight":0.1513},
{"Node_id":13748,"weight":0.14076999},
{"Node_id":13750,"weight":0.16868},
{"Node_id":13760,"weight":0.35325998},
{"Node_id":13761,"weight":0.32479998},
{"Node_id":13763,"weight":0.14565},
{"Node_id":13764,"weight":0.21092999},
{"Node_id":13770,"weight":0.19143},
{"Node_id":13781,"weight":0.29917},
{"Node_id":13782,"weight":0.15779},
{"Node_id":13786,"weight":0.14526},
{"Node_id":13787,"weight":0.15771},
{"Node_id":13788,"weight":0.18062},
{"Node_id":13789,"weight":0.20125},
{"Node_id":13793,"weight":0.21322998},
{"Node_id":13795,"weight":0.43857998},
{"Node_id":13800,"weight":0.17036},
{"Node_id":13802,"weight":0.44450998},
{"Node_id":13804,"weight":0.22185},
{"Node_id":13805,"weight":0.17535},
{"Node_id":13806,"weight":0.2102},
{"Node_id":13809,"weight":0.18379},
{"Node_id":13811,"weight":0.18992},
{"Node_id":13813,"weight":0.20125},
{"Node_id":13815,"weight":0.17244},
{"Node_id":13819,"weight":0.13869},
{"Node_id":13822,"weight":0.16694},
{"Node_id":13824,"weight":0.2889},
{"Node_id":13826,"weight":0.15259},
{"Node_id":13827,"weight":0.38567},
{"Node_id":13830,"weight":0.17736},
{"Node_id":13832,"weight":0.18371001},
{"Node_id":13833,"weight":0.29808},
{"Node_id":13834,"weight":0.29614002},
{"Node_id":13836,"weight":0.13882},
{"Node_id":13837,"weight":0.17623},
{"Node_id":13838,"weight":0.23710999},
{"Node_id":13841,"weight":0.22599001},
{"Node_id":13842,"weight":0.20029},
{"Node_id":13844,"weight":0.19359},
{"Node_id":13845,"weight":0.29381},
{"Node_id":13846,"weight":0.29174},
{"Node_id":13848,"weight":0.18103},
{"Node_id":13850,"weight":0.2887},
{"Node_id":13855,"weight":0.22118},
{"Node_id":13862,"weight":0.23584001},
{"Node_id":13864,"weight":0.30006},
{"Node_id":13867,"weight":0.38275},
{"Node_id":13871,"weight":0.24670999},
{"Node_id":13873,"weight":0.1901},
{"Node_id":13874,"weight":0.19802001},
{"Node_id":13875,"weight":0.19802001},
{"Node_id":13876,"weight":0.78235996},
{"Node_id":13881,"weight":0.40163},
{"Node_id":13882,"weight":0.14915},
{"Node_id":13883,"weight":0.15347001},
{"Node_id":13886,"weight":0.15856001},
{"Node_id":13898,"weight":0.14120999},
{"Node_id":13914,"weight":0.15238},
{"Node_id":13920,"weight":0.18635},
{"Node_id":13923,"weight":0.158},
{"Node_id":13930,"weight":0.19962},
{"Node_id":13960,"weight":0.19953},
{"Node_id":13965,"weight":0.28248},
{"Node_id":13969,"weight":0.17480001},
{"Node_id":13972,"weight":0.18721},
{"Node_id":13973,"weight":0.24491999},
{"Node_id":13975,"weight":0.19782999},
{"Node_id":13976,"weight":0.16508},
{"Node_id":13978,"weight":0.24356},
{"Node_id":13979,"weight":0.20897},
{"Node_id":13981,"weight":0.1956},
{"Node_id":13982,"weight":0.45362002},
{"Node_id":13983,"weight":0.28574},
{"Node_id":13989,"weight":0.14140001},
{"Node_id":13990,"weight":0.17496},
{"Node_id":13991,"weight":0.20318},
{"Node_id":13993,"weight":0.18755999},
{"Node_id":14003,"weight":0.17719},
{"Node_id":14012,"weight":0.15694},
{"Node_id":14022,"weight":0.17599},
{"Node_id":14027,"weight":0.22106},
{"Node_id":14045,"weight":0.18455},
{"Node_id":14060,"weight":0.18939},
{"Node_id":14061,"weight":0.25371},
{"Node_id":14062,"weight":0.14140001},
{"Node_id":14076,"weight":0.21545999},
{"Node_id":14082,"weight":0.17662999},
{"Node_id":14083,"weight":0.17082},
{"Node_id":14093,"weight":0.14461},
{"Node_id":14094,"weight":0.20446},
{"Node_id":14098,"weight":0.20989001},
{"Node_id":14100,"weight":0.15484999},
{"Node_id":14102,"weight":0.16950999},
{"Node_id":14103,"weight":0.18270001},
{"Node_id":14105,"weight":0.27551},
{"Node_id":14107,"weight":0.21333},
{"Node_id":14108,"weight":0.19634},
{"Node_id":14110,"weight":0.15779},
{"Node_id":14113,"weight":0.36233002},
{"Node_id":14122,"weight":0.14229},
{"Node_id":14127,"weight":0.24937001},
{"Node_id":14129,"weight":0.19268},
{"Node_id":14132,"weight":0.16501},
{"Node_id":14133,"weight":0.19001},
{"Node_id":14150,"weight":0.1662},
{"Node_id":14156,"weight":0.12720999},
{"Node_id":14157,"weight":0.32676},
{"Node_id":14158,"weight":0.0036},
{"Node_id":14159,"weight":0.28691},
{"Node_id":14160,"weight":0.0662},
{"Node_id":14162,"weight":0.14204},
{"Node_id":14163,"weight":0.04561},
{"Node_id":14164,"weight":0.27046},
{"Node_id":14167,"weight":0.162},
{"Node_id":14169,"weight":0.06955},
{"Node_id":14170,"weight":0.25166},
{"Node_id":14171,"weight":0.54447997},
{"Node_id":14172,"weight":0.19071999},
{"Node_id":14173,"weight":0.06239},
{"Node_id":14177,"weight":0.19569},
{"Node_id":14178,"weight":0.16822},
{"Node_id":14183,"weight":0.20755},
{"Node_id":14185,"weight":0.04084},
{"Node_id":14186,"weight":0.23185},
{"Node_id":14187,"weight":0.19296},
{"Node_id":14188,"weight":0.08006},
{"Node_id":14195,"weight":0.124479994},
{"Node_id":14196,"weight":0.00853},
{"Node_id":14197,"weight":0.07598},
{"Node_id":14200,"weight":0.18270001},
{"Node_id":14203,"weight":0.19849},
{"Node_id":14207,"weight":0.40878},
{"Node_id":14209,"weight":0.21730001},
{"Node_id":14210,"weight":0.21741},
{"Node_id":14211,"weight":0.06803},
{"Node_id":14214,"weight":0.37011},
{"Node_id":14220,"weight":0.48588},
{"Node_id":14224,"weight":0.17089},
{"Node_id":14226,"weight":0.02302},
{"Node_id":14227,"weight":0.34289998},
{"Node_id":14228,"weight":0.20377},
{"Node_id":14230,"weight":0.022939999},
{"Node_id":14235,"weight":0.03602},
{"Node_id":14237,"weight":0.16128},
{"Node_id":14239,"weight":0.48988},
{"Node_id":14240,"weight":0.17535},
{"Node_id":14241,"weight":0.06678},
{"Node_id":14242,"weight":0.10465},
{"Node_id":14254,"weight":0.0123000005},
{"Node_id":14257,"weight":0.10309},
{"Node_id":14258,"weight":0.04393},
{"Node_id":14263,"weight":0.11859},
{"Node_id":14264,"weight":0.16973999},
{"Node_id":14266,"weight":0.031740002},
{"Node_id":14270,"weight":0.09346},
{"Node_id":14271,"weight":0.25195},
{"Node_id":14272,"weight":0.109969996},
{"Node_id":14273,"weight":0.108},
{"Node_id":14274,"weight":0.032929998},
{"Node_id":14279,"weight":0.03756},
{"Node_id":14281,"weight":0.05849},
{"Node_id":14283,"weight":0.00532},
{"Node_id":14285,"weight":0.024079999},
{"Node_id":14287,"weight":0.09982},
{"Node_id":14289,"weight":0.02884},
{"Node_id":14290,"weight":0.15437},
{"Node_id":14293,"weight":0.09714},
{"Node_id":14296,"weight":0.02745},
{"Node_id":14297,"weight":0.09095},
{"Node_id":14298,"weight":0.01141},
{"Node_id":14300,"weight":0.04879},
{"Node_id":14303,"weight":0.01322},
{"Node_id":14308,"weight":0.113199994},
{"Node_id":14324,"weight":0.09267},
{"Node_id":14328,"weight":0.019949999},
{"Node_id":14340,"weight":0.05027},
{"Node_id":14352,"weight":0.19152},
{"Node_id":14355,"weight":0.01519},
{"Node_id":14364,"weight":0.16258},
{"Node_id":14367,"weight":0.18755999},
{"Node_id":14373,"weight":0.14033},
{"Node_id":14375,"weight":0.03602},
{"Node_id":14379,"weight":0.119710006},
{"Node_id":14382,"weight":0.05602},
{"Node_id":14392,"weight":0.19054},
{"Node_id":14401,"weight":0.08034},
{"Node_id":14404,"weight":0.23866001},
{"Node_id":14406,"weight":0.18379},
{"Node_id":14411,"weight":0.12979999},
{"Node_id":14413,"weight":0.033880003},
{"Node_id":14449,"weight":0.15279},
{"Node_id":14458,"weight":0.02096},
{"Node_id":14468,"weight":0.18515},
{"Node_id":14469,"weight":0.0911},
{"Node_id":14479,"weight":0.07204},
{"Node_id":14486,"weight":0.02949},
{"Node_id":14497,"weight":0.118700005},
{"Node_id":14507,"weight":0.06217},
{"Node_id":14517,"weight":0.22551998},
{"Node_id":14522,"weight":0.10595},
{"Node_id":14540,"weight":0.24464},
{"Node_id":14557,"weight":0.01213},
{"Node_id":14586,"weight":0.0259},
{"Node_id":14599,"weight":0.015029999},
{"Node_id":14600,"weight":0.04532},
{"Node_id":14609,"weight":0.12998},
{"Node_id":14631,"weight":0.02892},
{"Node_id":14646,"weight":0.17551},
{"Node_id":14660,"weight":0.122650005},
{"Node_id":14669,"weight":0.09002},
{"Node_id":14676,"weight":0.026109999},
{"Node_id":14705,"weight":0.17543},
{"Node_id":14721,"weight":0.12733},
{"Node_id":14722,"weight":0.1807},
{"Node_id":14729,"weight":0.06571},
{"Node_id":14735,"weight":0.17784},
{"Node_id":14743,"weight":0.02998},
{"Node_id":14757,"weight":0.16427},
{"Node_id":14759,"weight":0.00288},
{"Node_id":14763,"weight":0.19915},
{"Node_id":14777,"weight":0.085540004},
{"Node_id":14785,"weight":0.01648},
{"Node_id":14795,"weight":0.16921},
{"Node_id":14796,"weight":0.0011199999},
{"Node_id":14797,"weight":0.12213},
{"Node_id":14809,"weight":0.16815},
{"Node_id":14814,"weight":0.1854},
{"Node_id":14826,"weight":0.11072},
{"Node_id":14839,"weight":0.18087},
{"Node_id":14841,"weight":0.123500004},
{"Node_id":14850,"weight":0.04684},
{"Node_id":14858,"weight":0.03224},
{"Node_id":14869,"weight":0.05215},
{"Node_id":14876,"weight":0.21895},
{"Node_id":14888,"weight":0.23584001},
{"Node_id":14889,"weight":0.11066},
{"Node_id":14900,"weight":0.11472},
{"Node_id":14907,"weight":0.23136},
{"Node_id":14966,"weight":0.20715001},
{"Node_id":14967,"weight":0.19259},
{"Node_id":14973,"weight":0.15450999},
{"Node_id":14985,"weight":0.11698},
{"Node_id":14989,"weight":0.05567},
{"Node_id":14990,"weight":0.22163},
{"Node_id":14992,"weight":0.08978},
{"Node_id":14999,"weight":0.17623},
{"Node_id":15016,"weight":0.02863},
{"Node_id":15032,"weight":0.05262},
{"Node_id":15037,"weight":0.11814},
{"Node_id":15041,"weight":0.076069996},
{"Node_id":15047,"weight":0.02513},
{"Node_id":15094,"weight":0.03739},
{"Node_id":15097,"weight":0.17059},
{"Node_id":15102,"weight":0.18464},
{"Node_id":15112,"weight":0.18904},
{"Node_id":15116,"weight":0.09494},
{"Node_id":15117,"weight":0.139},
{"Node_id":15118,"weight":0.29896},
{"Node_id":15120,"weight":0.43694},
{"Node_id":15121,"weight":0.18878},
{"Node_id":15122,"weight":0.1033},
{"Node_id":15124,"weight":0.06682},
{"Node_id":15130,"weight":0.07773},
{"Node_id":15131,"weight":0.18202999},
{"Node_id":15137,"weight":0.04084},
{"Node_id":15139,"weight":0.24356},
{"Node_id":15143,"weight":0.12727},
{"Node_id":15145,"weight":0.082169995},
{"Node_id":15146,"weight":0.113900006},
{"Node_id":15148,"weight":0.02152},
{"Node_id":15150,"weight":0.12790999},
{"Node_id":15152,"weight":0.01987},
{"Node_id":15155,"weight":0.54927003},
{"Node_id":15156,"weight":0.27586},
{"Node_id":15161,"weight":0.11521},
{"Node_id":15163,"weight":0.26547},
{"Node_id":15171,"weight":0.36677},
{"Node_id":15174,"weight":0.06843},
{"Node_id":15178,"weight":0.04726},
{"Node_id":15179,"weight":0.122080006},
{"Node_id":15180,"weight":0.1901},
{"Node_id":15182,"weight":0.13291},
{"Node_id":15184,"weight":0.077130005},
{"Node_id":15185,"weight":0.03789},
{"Node_id":15186,"weight":0.09494},
{"Node_id":15188,"weight":0.25836},
{"Node_id":15190,"weight":0.15561},
{"Node_id":15192,"weight":0.07662},
{"Node_id":15214,"weight":0.15575},
{"Node_id":15227,"weight":0.067760006},
{"Node_id":15233,"weight":0.109060004},
{"Node_id":15234,"weight":0.04583},
{"Node_id":15238,"weight":0.098900005},
{"Node_id":15239,"weight":0.11703},
{"Node_id":15240,"weight":0.02189},
{"Node_id":15242,"weight":0.13004},
{"Node_id":15245,"weight":0.17503999},
{"Node_id":15246,"weight":0.16501},
{"Node_id":15249,"weight":0.05147},
{"Node_id":15250,"weight":0.055549998},
{"Node_id":15251,"weight":0.079500005},
{"Node_id":15256,"weight":0.15265},
{"Node_id":15259,"weight":0.15008},
{"Node_id":15269,"weight":0.02741},
{"Node_id":15282,"weight":0.102989994},
{"Node_id":15283,"weight":0.25079998},
{"Node_id":15284,"weight":0.05806},
{"Node_id":15286,"weight":0.1014},
{"Node_id":15287,"weight":0.21418},
{"Node_id":15289,"weight":0.32619},
{"Node_id":15291,"weight":0.07286},
{"Node_id":15295,"weight":0.064459994},
{"Node_id":15300,"weight":0.18103},
{"Node_id":15307,"weight":0.21676},
{"Node_id":15308,"weight":0.04811},
{"Node_id":15309,"weight":0.15645},
{"Node_id":15311,"weight":0.15652},
{"Node_id":15314,"weight":0.17283},
{"Node_id":15315,"weight":0.05438},
{"Node_id":15316,"weight":0.14474},
{"Node_id":15327,"weight":0.00104},
{"Node_id":15344,"weight":0.106690004},
{"Node_id":15345,"weight":0.16042},
{"Node_id":15351,"weight":0.09105},
{"Node_id":15357,"weight":0.01222},
{"Node_id":15361,"weight":0.0322},
{"Node_id":15366,"weight":0.08236},
{"Node_id":15372,"weight":0.11881},
{"Node_id":15375,"weight":0.086830005},
{"Node_id":15399,"weight":0.15123},
{"Node_id":15404,"weight":0.22084},
{"Node_id":15425,"weight":0.20485},
{"Node_id":15427,"weight":0.01853},
{"Node_id":15439,"weight":0.16664},
{"Node_id":15449,"weight":0.06429},
{"Node_id":15473,"weight":0.20565},
{"Node_id":15505,"weight":0.14332},
{"Node_id":15506,"weight":0.23051},
{"Node_id":15507,"weight":0.04339},
{"Node_id":15516,"weight":0.0039999997},
{"Node_id":15526,"weight":0.00308},
{"Node_id":15529,"weight":0.23724},
{"Node_id":15533,"weight":0.15375},
{"Node_id":15540,"weight":0.061729997},
{"Node_id":15548,"weight":0.16114},
{"Node_id":15549,"weight":0.20125},
{"Node_id":15557,"weight":0.02282},
{"Node_id":15564,"weight":0.21228},
{"Node_id":15572,"weight":0.17914},
{"Node_id":15574,"weight":0.065390006},
{"Node_id":15578,"weight":0.02493},
{"Node_id":15580,"weight":0.11565},
{"Node_id":15586,"weight":0.08151},
{"Node_id":15592,"weight":0.040009998},
{"Node_id":15600,"weight":0.01563},
{"Node_id":15607,"weight":0.09594},
{"Node_id":15611,"weight":0.18686},
{"Node_id":15618,"weight":0.17567},
{"Node_id":15619,"weight":0.13894},
{"Node_id":15621,"weight":0.05941},
{"Node_id":15622,"weight":0.17744},
{"Node_id":15624,"weight":0.17307},
{"Node_id":15627,"weight":0.04912},
{"Node_id":15629,"weight":0.10222},
{"Node_id":15630,"weight":0.05117},
{"Node_id":15635,"weight":0.08789},
{"Node_id":15636,"weight":0.04604},
{"Node_id":15637,"weight":0.08886},
{"Node_id":15641,"weight":0.40396},
{"Node_id":15642,"weight":0.48330003},
{"Node_id":15643,"weight":0.072909996},
{"Node_id":15646,"weight":0.029609999},
{"Node_id":15647,"weight":0.15700999},
{"Node_id":15648,"weight":0.16013},
{"Node_id":15654,"weight":0.34623998},
{"Node_id":15660,"weight":0.24315},
{"Node_id":15661,"weight":0.113199994},
{"Node_id":15664,"weight":0.19089},
{"Node_id":15666,"weight":0.013420001},
{"Node_id":15667,"weight":0.04084},
{"Node_id":15668,"weight":0.3727},
{"Node_id":15670,"weight":0.3577},
{"Node_id":15675,"weight":0.22646001},
{"Node_id":15678,"weight":0.29896},
{"Node_id":15680,"weight":0.03232},
{"Node_id":15681,"weight":0.20048001},
{"Node_id":15682,"weight":0.21851},
{"Node_id":15685,"weight":0.0911},
{"Node_id":15689,"weight":0.23309},
{"Node_id":15690,"weight":0.10658},
{"Node_id":15702,"weight":0.02615},
{"Node_id":15706,"weight":0.30458},
{"Node_id":15708,"weight":0.01595},
{"Node_id":15714,"weight":0.12282},
{"Node_id":15717,"weight":0.10283999},
{"Node_id":15718,"weight":0.21577999},
{"Node_id":15719,"weight":0.15942},
{"Node_id":15720,"weight":0.059890002},
{"Node_id":15722,"weight":0.15136},
{"Node_id":15723,"weight":0.12049},
{"Node_id":15724,"weight":0.05741},
{"Node_id":15726,"weight":0.15423},
{"Node_id":15728,"weight":0.04176},
{"Node_id":15736,"weight":0.23471001},
{"Node_id":15756,"weight":0.23710999},
{"Node_id":15757,"weight":0.0024},
{"Node_id":15759,"weight":0.10038},
{"Node_id":15761,"weight":0.0403},
{"Node_id":15764,"weight":0.09139},
{"Node_id":15768,"weight":0.3055},
{"Node_id":15769,"weight":0.04038},
{"Node_id":15771,"weight":0.1295},
{"Node_id":15772,"weight":0.02007},
{"Node_id":15773,"weight":0.27339},
{"Node_id":15774,"weight":0.08161},
{"Node_id":15775,"weight":0.03826},
{"Node_id":15779,"weight":0.046290003},
{"Node_id":15786,"weight":0.10423},
{"Node_id":15797,"weight":0.14908001},
{"Node_id":15799,"weight":0.20775001},
{"Node_id":15800,"weight":0.1789},
{"Node_id":15801,"weight":0.11072},
{"Node_id":15802,"weight":0.23309},
{"Node_id":15803,"weight":0.09159},
{"Node_id":15804,"weight":0.08132},
{"Node_id":15805,"weight":0.11903},
{"Node_id":15807,"weight":0.080010004},
{"Node_id":15809,"weight":0.043810003},
{"Node_id":15811,"weight":0.12809},
{"Node_id":15812,"weight":0.39176},
{"Node_id":15813,"weight":0.09105},
{"Node_id":15816,"weight":0.09464},
{"Node_id":15817,"weight":0.00748},
{"Node_id":15819,"weight":0.12529},
{"Node_id":15821,"weight":0.03805},
{"Node_id":15823,"weight":0.00748},
{"Node_id":15825,"weight":0.30881},
{"Node_id":15827,"weight":0.04184},
{"Node_id":15831,"weight":0.32314},
{"Node_id":15833,"weight":0.1172},
{"Node_id":15838,"weight":0.054729998},
{"Node_id":15841,"weight":0.02088},
{"Node_id":15843,"weight":0.2401},
{"Node_id":15845,"weight":0.06081},
{"Node_id":15846,"weight":0.21665001},
{"Node_id":15850,"weight":0.07213},
{"Node_id":15851,"weight":0.56515},
{"Node_id":15854,"weight":0.1631},
{"Node_id":15869,"weight":0.19773999},
{"Node_id":15870,"weight":0.13813},
{"Node_id":15871,"weight":0.09455},
{"Node_id":15876,"weight":0.03289},
{"Node_id":15877,"weight":0.100940004},
{"Node_id":15879,"weight":0.03611},
{"Node_id":15880,"weight":0.12345},
{"Node_id":15882,"weight":0.45751},
{"Node_id":15885,"weight":0.099769995},
{"Node_id":15897,"weight":0.05083},
{"Node_id":15903,"weight":0.019949999},
{"Node_id":15907,"weight":0.20565},
{"Node_id":15912,"weight":0.12832001},
{"Node_id":15913,"weight":0.02177},
{"Node_id":15914,"weight":0.12962},
{"Node_id":15916,"weight":0.075559996},
{"Node_id":15919,"weight":0.01523},
{"Node_id":15920,"weight":0.27339},
{"Node_id":15922,"weight":0.07773},
{"Node_id":15923,"weight":0.05262},
{"Node_id":15924,"weight":0.17105},
{"Node_id":15926,"weight":0.13334},
{"Node_id":15928,"weight":0.25297},
{"Node_id":15929,"weight":0.33138},
{"Node_id":15932,"weight":0.06857},
{"Node_id":15934,"weight":0.0130199995},
{"Node_id":15935,"weight":0.0049199997},
{"Node_id":15937,"weight":0.20515001},
{"Node_id":15940,"weight":0.04811},
{"Node_id":15941,"weight":0.03917},
{"Node_id":15943,"weight":0.04819},
{"Node_id":15948,"weight":0.050660003},
{"Node_id":15950,"weight":0.08383},
{"Node_id":15951,"weight":0.029},
{"Node_id":15952,"weight":0.7418},
{"Node_id":15953,"weight":0.11681},
{"Node_id":15955,"weight":0.08506},
{"Node_id":15956,"weight":0.10283999},
{"Node_id":15957,"weight":0.16754},
{"Node_id":15963,"weight":0.07657},
{"Node_id":15964,"weight":0.21503},
{"Node_id":15965,"weight":0.12174},
{"Node_id":15969,"weight":0.11271},
{"Node_id":15970,"weight":0.04301},
{"Node_id":15971,"weight":0.13153},
{"Node_id":15976,"weight":0.23787999},
{"Node_id":15978,"weight":0.10099},
{"Node_id":15986,"weight":0.037720002},
{"Node_id":15987,"weight":0.11147},
{"Node_id":15988,"weight":0.02908},
{"Node_id":15991,"weight":0.10038},
{"Node_id":15998,"weight":0.08449},
{"Node_id":16003,"weight":0.18128},
{"Node_id":16004,"weight":0.04075},
{"Node_id":16005,"weight":0.03314},
{"Node_id":16008,"weight":0.30162},
{"Node_id":16020,"weight":0.056110002},
{"Node_id":16034,"weight":0.01025},
{"Node_id":16044,"weight":0.04612},
{"Node_id":16050,"weight":0.19718},
{"Node_id":16059,"weight":0.09272},
{"Node_id":16060,"weight":0.17206},
{"Node_id":16063,"weight":0.02124},
{"Node_id":16065,"weight":0.22458999},
{"Node_id":16069,"weight":0.06265},
{"Node_id":16077,"weight":0.03801},
{"Node_id":16081,"weight":0.11407},
{"Node_id":16092,"weight":0.11292},
{"Node_id":16097,"weight":0.01636},
{"Node_id":16104,"weight":0.16078},
{"Node_id":16118,"weight":0.02128},
{"Node_id":16120,"weight":0.11488},
{"Node_id":16122,"weight":0.21396999},
{"Node_id":16124,"weight":0.06177},
{"Node_id":16126,"weight":0.07446},
{"Node_id":16128,"weight":0.30207},
{"Node_id":16130,"weight":0.20806},
{"Node_id":16132,"weight":0.17591},
{"Node_id":16134,"weight":0.01523},
{"Node_id":16135,"weight":0.35884},
{"Node_id":16136,"weight":0.36885},
{"Node_id":16140,"weight":0.096090004},
{"Node_id":16142,"weight":0.17051001},
{"Node_id":16144,"weight":0.06562},
{"Node_id":16145,"weight":0.045950003},
{"Node_id":16150,"weight":0.47473997},
{"Node_id":16152,"weight":0.1793},
{"Node_id":16154,"weight":0.15715},
{"Node_id":16158,"weight":0.33620998},
{"Node_id":16176,"weight":0.10991},
{"Node_id":16226,"weight":0.01591},
{"Node_id":16253,"weight":0.05408},
{"Node_id":16269,"weight":0.04075},
{"Node_id":16284,"weight":0.08194},
{"Node_id":16308,"weight":0.06821},
{"Node_id":16316,"weight":0.01942},
{"Node_id":16323,"weight":0.01938},
{"Node_id":16335,"weight":0.11598001},
{"Node_id":16352,"weight":0.05697},
{"Node_id":16355,"weight":0.11993001},
{"Node_id":16356,"weight":0.18245},
{"Node_id":16397,"weight":0.02925},
{"Node_id":16405,"weight":0.06199},
{"Node_id":16415,"weight":0.16411999},
{"Node_id":16417,"weight":0.08025},
{"Node_id":16419,"weight":0.00376},
{"Node_id":16420,"weight":0.02953},
{"Node_id":16423,"weight":0.00352},
{"Node_id":16425,"weight":0.15143},
{"Node_id":16427,"weight":0.00873},
{"Node_id":16434,"weight":4.4E-4},
{"Node_id":16437,"weight":0.11549},
{"Node_id":16439,"weight":0.037639998},
{"Node_id":16448,"weight":0.14089},
{"Node_id":16462,"weight":0.13918999},
{"Node_id":16476,"weight":0.021680001},
{"Node_id":16485,"weight":0.23710999},
{"Node_id":16500,"weight":0.21010001},
{"Node_id":16512,"weight":0.17307},
{"Node_id":16526,"weight":0.11670001},
{"Node_id":16532,"weight":0.15204},
{"Node_id":16534,"weight":0.01563},
{"Node_id":16541,"weight":0.096640006},
{"Node_id":16553,"weight":0.10901},
{"Node_id":16564,"weight":0.20192},
{"Node_id":16576,"weight":0.04038},
{"Node_id":16586,"weight":0.04955},
{"Node_id":16587,"weight":0.019820001},
{"Node_id":16594,"weight":0.15624},
{"Node_id":16600,"weight":0.04828},
{"Node_id":16617,"weight":0.0034000003},
{"Node_id":16622,"weight":0.030019999},
{"Node_id":16623,"weight":0.0073200003},
{"Node_id":16634,"weight":0.081980005},
{"Node_id":16654,"weight":0.0299},
{"Node_id":16659,"weight":0.00132},
{"Node_id":16660,"weight":0.11066},
{"Node_id":16663,"weight":0.12196},
{"Node_id":16677,"weight":0.15062},
{"Node_id":16688,"weight":0.054640003},
{"Node_id":16690,"weight":0.15548},
{"Node_id":16693,"weight":0.013060001},
{"Node_id":16704,"weight":0.03203},
{"Node_id":16716,"weight":0.19477001},
{"Node_id":16717,"weight":0.15022},
{"Node_id":16718,"weight":0.17996},
{"Node_id":16720,"weight":0.1659},
{"Node_id":16721,"weight":0.11445},
{"Node_id":16727,"weight":0.02794},
{"Node_id":16747,"weight":0.05138},
{"Node_id":16749,"weight":0.01218},
{"Node_id":16751,"weight":0.04545},
{"Node_id":16755,"weight":0.01451},
{"Node_id":16756,"weight":0.08674},
{"Node_id":16764,"weight":0.11141},
{"Node_id":16765,"weight":0.20241001},
{"Node_id":16769,"weight":0.100530006},
{"Node_id":16771,"weight":0.096640006},
{"Node_id":16798,"weight":0.09544},
{"Node_id":16834,"weight":0.092769995},
{"Node_id":16841,"weight":0.18044999},
{"Node_id":16844,"weight":0.00352},
{"Node_id":16878,"weight":0.03706},
{"Node_id":16890,"weight":0.17833},
{"Node_id":16897,"weight":0.11088},
{"Node_id":16902,"weight":0.04972},
{"Node_id":16905,"weight":0.07602},
{"Node_id":16913,"weight":0.053179998},
{"Node_id":16920,"weight":0.04126},
{"Node_id":16930,"weight":0.10933},
{"Node_id":16938,"weight":0.24670999},
{"Node_id":16942,"weight":0.08631},
{"Node_id":16948,"weight":0.09875},
{"Node_id":16965,"weight":0.09779},
{"Node_id":16974,"weight":0.20038},
{"Node_id":16979,"weight":0.06879},
{"Node_id":16994,"weight":0.12144999},
{"Node_id":17011,"weight":0.02745},
{"Node_id":17020,"weight":0.17559001},
{"Node_id":17029,"weight":0.03285},
{"Node_id":17037,"weight":0.13153},
{"Node_id":17044,"weight":0.13111},
{"Node_id":17054,"weight":0.07838},
{"Node_id":17057,"weight":0.053609997},
{"Node_id":17078,"weight":0.027},
{"Node_id":17093,"weight":0.09193},
{"Node_id":17096,"weight":0.15821001},
{"Node_id":17099,"weight":0.0479},
{"Node_id":17100,"weight":0.08635},
{"Node_id":17101,"weight":0.20183},
{"Node_id":17103,"weight":0.35657},
{"Node_id":17104,"weight":0.38666},
{"Node_id":17107,"weight":0.03269},
{"Node_id":17108,"weight":0.81113994},
{"Node_id":17109,"weight":0.26466},
{"Node_id":17110,"weight":0.0457},
{"Node_id":17114,"weight":0.15835},
{"Node_id":17117,"weight":0.12505999},
{"Node_id":17118,"weight":0.06522},
{"Node_id":17120,"weight":0.0405},
{"Node_id":17121,"weight":0.074},
{"Node_id":17123,"weight":0.0359},
{"Node_id":17127,"weight":0.1602},
{"Node_id":17128,"weight":0.050059997},
{"Node_id":17129,"weight":0.19134},
{"Node_id":17131,"weight":0.12213},
{"Node_id":17138,"weight":0.08655},
{"Node_id":17145,"weight":0.021359999},
{"Node_id":17146,"weight":0.08993},
{"Node_id":17149,"weight":0.07699},
{"Node_id":17151,"weight":0.01704},
{"Node_id":17153,"weight":0.28829998},
{"Node_id":17154,"weight":0.19496},
{"Node_id":17155,"weight":0.40633997},
{"Node_id":17161,"weight":0.297},
{"Node_id":17163,"weight":0.13437},
{"Node_id":17164,"weight":0.14422},
{"Node_id":17165,"weight":0.02929},
{"Node_id":17194,"weight":0.17752},
{"Node_id":17196,"weight":0.13615},
{"Node_id":17197,"weight":0.08944},
{"Node_id":17201,"weight":0.12790999},
{"Node_id":17212,"weight":0.03121},
{"Node_id":17213,"weight":0.03125},
{"Node_id":17215,"weight":0.012089999},
{"Node_id":17217,"weight":0.13117},
{"Node_id":17240,"weight":0.052490003},
{"Node_id":17241,"weight":0.32314},
{"Node_id":17243,"weight":0.02802},
{"Node_id":17245,"weight":0.1597},
{"Node_id":17251,"weight":0.13763},
{"Node_id":17252,"weight":0.59496003},
{"Node_id":17253,"weight":0.16063},
{"Node_id":17257,"weight":0.07295},
{"Node_id":17261,"weight":0.0146699995},
{"Node_id":17262,"weight":0.03801},
{"Node_id":17268,"weight":0.065799996},
{"Node_id":17269,"weight":0.101600006},
{"Node_id":17272,"weight":0.14695999},
{"Node_id":17274,"weight":0.06789},
{"Node_id":17277,"weight":0.10548},
{"Node_id":17283,"weight":0.16936001},
{"Node_id":17285,"weight":0.16142},
{"Node_id":17286,"weight":0.20096},
{"Node_id":17289,"weight":0.15245},
{"Node_id":17290,"weight":0.15892},
{"Node_id":17296,"weight":0.07259},
{"Node_id":17298,"weight":0.14657},
{"Node_id":17300,"weight":0.07023},
{"Node_id":17302,"weight":0.0037999998},
{"Node_id":17306,"weight":0.109809995},
{"Node_id":17308,"weight":0.2773},
{"Node_id":17325,"weight":0.22727999},
{"Node_id":17328,"weight":0.15292999},
{"Node_id":17331,"weight":0.012259999},
{"Node_id":17335,"weight":0.05378},
{"Node_id":17338,"weight":0.11926},
{"Node_id":17346,"weight":0.00917},
{"Node_id":17354,"weight":0.1866},
{"Node_id":17359,"weight":0.13051},
{"Node_id":17364,"weight":0.00648},
{"Node_id":17379,"weight":0.04972},
{"Node_id":17380,"weight":0.13621},
{"Node_id":17381,"weight":0.08118},
{"Node_id":17400,"weight":0.092470005},
{"Node_id":17401,"weight":0.09529},
{"Node_id":17405,"weight":0.03265},
{"Node_id":17406,"weight":0.30715},
{"Node_id":17407,"weight":0.23099999},
{"Node_id":17408,"weight":0.0985},
{"Node_id":17409,"weight":0.06362},
{"Node_id":17411,"weight":0.11407},
{"Node_id":17414,"weight":0.049680002},
{"Node_id":17422,"weight":0.081089996},
{"Node_id":17430,"weight":0.10089},
{"Node_id":17434,"weight":0.13714},
{"Node_id":17459,"weight":0.09193},
{"Node_id":17462,"weight":0.04874},
{"Node_id":17479,"weight":0.018649999},
{"Node_id":17490,"weight":0.049680002},
{"Node_id":17492,"weight":0.17615},
{"Node_id":17495,"weight":0.056410003},
{"Node_id":17496,"weight":0.1439},
{"Node_id":17498,"weight":0.04314},
{"Node_id":17500,"weight":0.082499996},
{"Node_id":17504,"weight":0.06682},
{"Node_id":17506,"weight":0.17655},
{"Node_id":17511,"weight":0.03269},
{"Node_id":17512,"weight":0.025249999},
{"Node_id":17513,"weight":0.03031},
{"Node_id":17514,"weight":0.19188},
{"Node_id":17515,"weight":0.12339},
{"Node_id":17517,"weight":0.35845},
{"Node_id":17518,"weight":0.07501},
{"Node_id":17520,"weight":0.1079},
{"Node_id":17522,"weight":0.17166999},
{"Node_id":17525,"weight":0.099870004},
{"Node_id":17526,"weight":0.16171},
{"Node_id":17527,"weight":0.15423},
{"Node_id":17532,"weight":0.07172},
{"Node_id":17533,"weight":0.093559995},
{"Node_id":17536,"weight":0.01061},
{"Node_id":17538,"weight":0.02424},
{"Node_id":17539,"weight":0.37357},
{"Node_id":17541,"weight":0.40693998},
{"Node_id":17542,"weight":0.100940004},
{"Node_id":17544,"weight":0.15984},
{"Node_id":17545,"weight":0.44450998},
{"Node_id":17548,"weight":0.12709},
{"Node_id":17551,"weight":0.03963},
{"Node_id":17552,"weight":0.15814},
{"Node_id":17553,"weight":0.21993999},
{"Node_id":17554,"weight":0.0039999997},
{"Node_id":17555,"weight":0.08944},
{"Node_id":17560,"weight":0.28633},
{"Node_id":17562,"weight":0.03996},
{"Node_id":17563,"weight":0.15245},
{"Node_id":17565,"weight":0.11670001},
{"Node_id":17568,"weight":0.21939},
{"Node_id":17569,"weight":0.11909},
{"Node_id":17571,"weight":0.05862},
{"Node_id":17572,"weight":0.105069995},
{"Node_id":17583,"weight":0.13075},
{"Node_id":17584,"weight":0.14941},
{"Node_id":17585,"weight":0.07639},
{"Node_id":17586,"weight":0.0058},
{"Node_id":17591,"weight":0.12575},
{"Node_id":17594,"weight":0.19106999},
{"Node_id":17600,"weight":0.06544},
{"Node_id":17602,"weight":0.051340003},
{"Node_id":17603,"weight":0.168},
{"Node_id":17605,"weight":0.033430003},
{"Node_id":17610,"weight":0.16982},
{"Node_id":17614,"weight":0.10470001},
{"Node_id":17615,"weight":0.13714},
{"Node_id":17617,"weight":0.33745998},
{"Node_id":17619,"weight":0.0938},
{"Node_id":17620,"weight":0.15103},
{"Node_id":17621,"weight":0.03503},
{"Node_id":17625,"weight":0.19259},
{"Node_id":17627,"weight":0.107480004},
{"Node_id":17628,"weight":0.16405},
{"Node_id":17629,"weight":0.030109998},
{"Node_id":17632,"weight":0.33683},
{"Node_id":17633,"weight":0.21698001},
{"Node_id":17635,"weight":0.29152998},
{"Node_id":17642,"weight":0.20978999},
{"Node_id":17644,"weight":0.02201},
{"Node_id":17645,"weight":0.11942001},
{"Node_id":17647,"weight":0.106369995},
{"Node_id":17650,"weight":0.06816},
{"Node_id":17651,"weight":0.22943},
{"Node_id":17654,"weight":0.0038800002},
{"Node_id":17655,"weight":0.04276},
{"Node_id":17657,"weight":0.45653},
{"Node_id":17659,"weight":0.105799995},
{"Node_id":17662,"weight":0.13034001},
{"Node_id":17663,"weight":0.27551},
{"Node_id":17666,"weight":0.29174},
{"Node_id":17668,"weight":0.04184},
{"Node_id":17669,"weight":0.098000005},
{"Node_id":17671,"weight":0.05902},
{"Node_id":17674,"weight":0.10853},
{"Node_id":17675,"weight":0.14611},
{"Node_id":17676,"weight":0.038429998},
{"Node_id":17677,"weight":0.23801},
{"Node_id":17679,"weight":0.18592},
{"Node_id":17680,"weight":0.08934},
{"Node_id":17683,"weight":0.109969996},
{"Node_id":17686,"weight":0.14500001},
{"Node_id":17688,"weight":0.02481},
{"Node_id":17689,"weight":0.22265},
{"Node_id":17691,"weight":0.22332999},
{"Node_id":17692,"weight":0.11494},
{"Node_id":17693,"weight":0.03277},
{"Node_id":17695,"weight":4.0000002E-4},
{"Node_id":17715,"weight":0.11731},
{"Node_id":17721,"weight":0.01789},
{"Node_id":17728,"weight":0.13034001},
{"Node_id":17731,"weight":0.02847},
{"Node_id":17736,"weight":0.00528},
{"Node_id":17738,"weight":0.05481},
{"Node_id":17771,"weight":0.01093},
{"Node_id":17772,"weight":0.108959995},
{"Node_id":17777,"weight":0.09252},
{"Node_id":17795,"weight":0.09321},
{"Node_id":17798,"weight":0.02395},
{"Node_id":17807,"weight":0.07391},
{"Node_id":17810,"weight":0.098799996},
{"Node_id":17812,"weight":0.08095},
{"Node_id":17813,"weight":0.08998},
{"Node_id":17817,"weight":0.06292},
{"Node_id":17818,"weight":0.08891},
{"Node_id":17819,"weight":0.23763001},
{"Node_id":17820,"weight":0.15368},
{"Node_id":17822,"weight":0.0022800001},
{"Node_id":17824,"weight":0.072680004},
{"Node_id":17825,"weight":0.14153},
{"Node_id":17826,"weight":0.009889999},
{"Node_id":17827,"weight":0.06362},
{"Node_id":17828,"weight":0.13794},
{"Node_id":17830,"weight":0.24923},
{"Node_id":17832,"weight":0.15450999},
{"Node_id":17834,"weight":0.14808},
{"Node_id":17835,"weight":0.42915002},
{"Node_id":17837,"weight":0.0909},
{"Node_id":17843,"weight":0.02096},
{"Node_id":17844,"weight":0.03789},
{"Node_id":17845,"weight":0.15116},
{"Node_id":17847,"weight":0.2895},
{"Node_id":17851,"weight":0.03673},
{"Node_id":17871,"weight":0.0982},
{"Node_id":17894,"weight":0.02542},
{"Node_id":17899,"weight":0.10002001},
{"Node_id":17901,"weight":0.05177},
{"Node_id":17905,"weight":0.22774999},
{"Node_id":17909,"weight":0.22493999},
{"Node_id":17918,"weight":0.08132},
{"Node_id":17922,"weight":0.16754},
{"Node_id":17925,"weight":0.0308},
{"Node_id":17940,"weight":0.055760004},
{"Node_id":17944,"weight":0.10237},
{"Node_id":17946,"weight":0.08449},
{"Node_id":17958,"weight":0.16913},
{"Node_id":17967,"weight":0.0981},
{"Node_id":17981,"weight":0.050660003},
{"Node_id":17999,"weight":0.03992},
{"Node_id":18030,"weight":0.01551},
{"Node_id":18065,"weight":0.21312001},
{"Node_id":18073,"weight":0.01157},
{"Node_id":18079,"weight":0.0189},
{"Node_id":18081,"weight":0.16845},
{"Node_id":18084,"weight":0.17864999},
{"Node_id":18090,"weight":0.01418},
{"Node_id":18097,"weight":0.16121},
{"Node_id":18102,"weight":0.31099},
{"Node_id":18103,"weight":0.123220004},
{"Node_id":18104,"weight":0.28305},
{"Node_id":18105,"weight":0.111899994},
{"Node_id":18108,"weight":0.032730002},
{"Node_id":18110,"weight":0.01849},
{"Node_id":18111,"weight":0.04515},
{"Node_id":18112,"weight":0.118640006},
{"Node_id":18113,"weight":0.21302},
{"Node_id":18115,"weight":0.18145},
{"Node_id":18121,"weight":0.01712},
{"Node_id":18132,"weight":0.23496},
{"Node_id":18170,"weight":0.10304},
{"Node_id":18180,"weight":0.01877},
{"Node_id":18186,"weight":0.13621},
{"Node_id":18187,"weight":0.07172},
{"Node_id":18190,"weight":0.10517},
{"Node_id":18195,"weight":0.22716},
{"Node_id":18196,"weight":0.12632999},
{"Node_id":18212,"weight":0.12564},
{"Node_id":18240,"weight":0.09875},
{"Node_id":18250,"weight":0.09594},
{"Node_id":18263,"weight":0.03892},
{"Node_id":18265,"weight":0.24600999},
{"Node_id":18266,"weight":0.036930002},
{"Node_id":18268,"weight":0.00124},
{"Node_id":18272,"weight":0.19018},
{"Node_id":18273,"weight":0.14177999},
{"Node_id":18274,"weight":0.07195},
{"Node_id":18279,"weight":0.23546},
{"Node_id":18285,"weight":0.19624999},
{"Node_id":18286,"weight":0.23148999},
{"Node_id":18288,"weight":0.14384},
{"Node_id":18293,"weight":0.115820006},
{"Node_id":18314,"weight":0.03578},
{"Node_id":18319,"weight":0.08688},
{"Node_id":18327,"weight":0.03615},
{"Node_id":18331,"weight":0.17244},
{"Node_id":18333,"weight":0.02733},
{"Node_id":18341,"weight":0.27357},
{"Node_id":18344,"weight":0.04255},
{"Node_id":18352,"weight":0.11758},
{"Node_id":18366,"weight":0.04578},
{"Node_id":18373,"weight":0.049680002},
{"Node_id":18390,"weight":0.10986},
{"Node_id":18395,"weight":0.028099999},
{"Node_id":18399,"weight":0.12762001},
{"Node_id":18400,"weight":0.06424},
{"Node_id":18402,"weight":0.07186},
{"Node_id":18403,"weight":0.00704},
{"Node_id":18422,"weight":0.102989994},
{"Node_id":18423,"weight":0.028099999},
{"Node_id":18424,"weight":0.54685},
{"Node_id":18428,"weight":0.15279},
{"Node_id":18429,"weight":0.14835},
{"Node_id":18430,"weight":0.26761},
{"Node_id":18431,"weight":0.040090002},
{"Node_id":18435,"weight":0.0638},
{"Node_id":18437,"weight":0.22028},
{"Node_id":18442,"weight":0.06195},
{"Node_id":18444,"weight":0.03714},
{"Node_id":18447,"weight":0.13334},
{"Node_id":18448,"weight":0.12803},
{"Node_id":18451,"weight":0.14975},
{"Node_id":18453,"weight":0.11703},
{"Node_id":18461,"weight":0.19081},
{"Node_id":18464,"weight":0.12453999},
{"Node_id":18466,"weight":0.08559},
{"Node_id":18468,"weight":0.00812},
{"Node_id":18469,"weight":0.2375},
{"Node_id":18472,"weight":0.15721999},
{"Node_id":18474,"weight":0.04503},
{"Node_id":18475,"weight":0.06522},
{"Node_id":18476,"weight":0.07001},
{"Node_id":18478,"weight":0.15305999},
{"Node_id":18479,"weight":0.08545},
{"Node_id":18480,"weight":0.06256},
{"Node_id":18483,"weight":0.33438},
{"Node_id":18484,"weight":0.09061},
{"Node_id":18487,"weight":0.01121},
{"Node_id":18488,"weight":0.15729001},
{"Node_id":18490,"weight":0.00536},
{"Node_id":18492,"weight":0.13455},
{"Node_id":18506,"weight":0.04785},
{"Node_id":18509,"weight":0.22764},
{"Node_id":18513,"weight":0.0094099995},
{"Node_id":18515,"weight":0.013619999},
{"Node_id":18516,"weight":0.17013},
{"Node_id":18517,"weight":0.00752},
{"Node_id":18518,"weight":0.21103},
{"Node_id":18523,"weight":0.24643},
{"Node_id":18524,"weight":0.03722},
{"Node_id":18525,"weight":0.17955},
{"Node_id":18532,"weight":0.20241001},
{"Node_id":18545,"weight":0.0197},
{"Node_id":18546,"weight":0.17283},
{"Node_id":18553,"weight":0.106690004},
{"Node_id":18582,"weight":0.14513001},
{"Node_id":18596,"weight":0.07341},
{"Node_id":18607,"weight":0.35362},
{"Node_id":18613,"weight":0.15548},
{"Node_id":18614,"weight":0.00264},
{"Node_id":18617,"weight":0.14982},
{"Node_id":18620,"weight":0.051639996},
{"Node_id":18621,"weight":0.06081},
{"Node_id":18624,"weight":0.0331},
{"Node_id":18625,"weight":0.16222},
{"Node_id":18629,"weight":0.18816},
{"Node_id":18631,"weight":0.07866},
{"Node_id":18632,"weight":0.12755999},
{"Node_id":18633,"weight":0.0056000003},
{"Node_id":18635,"weight":0.30343002},
{"Node_id":18649,"weight":0.14677},
{"Node_id":18650,"weight":0.17221001},
{"Node_id":18652,"weight":0.05533},
{"Node_id":18671,"weight":0.1817},
{"Node_id":18676,"weight":0.04213},
{"Node_id":18686,"weight":0.16634001},
{"Node_id":18703,"weight":0.08071},
{"Node_id":18704,"weight":0.17623},
{"Node_id":18708,"weight":7.6E-4},
{"Node_id":18712,"weight":0.09926},
{"Node_id":18719,"weight":0.04764},
{"Node_id":18731,"weight":0.17955},
{"Node_id":18733,"weight":0.20328},
{"Node_id":18736,"weight":0.14723},
{"Node_id":18740,"weight":0.21343999},
{"Node_id":18742,"weight":0.0588},
{"Node_id":18744,"weight":0.13738},
{"Node_id":18745,"weight":0.08731},
{"Node_id":18750,"weight":0.036480002},
{"Node_id":18752,"weight":0.09071},
{"Node_id":18764,"weight":0.33438},
{"Node_id":18769,"weight":0.15272},
{"Node_id":18774,"weight":0.10418},
{"Node_id":18775,"weight":0.04105},
{"Node_id":18779,"weight":0.17206},
{"Node_id":18789,"weight":0.0084}]