[{"Node_id":10487,"weight":1.9214},
{"Node_id":10491,"weight":2.184},
{"Node_id":10492,"weight":3.483},
{"Node_id":10493,"weight":2.2799},
{"Node_id":10495,"weight":1.9802},
{"Node_id":10496,"weight":2.5051},
{"Node_id":10498,"weight":2.3015},
{"Node_id":10499,"weight":2.2634},
{"Node_id":10500,"weight":2.4994},
{"Node_id":10503,"weight":1.6493},
{"Node_id":10505,"weight":2.0367},
{"Node_id":10506,"weight":1.4319},
{"Node_id":10507,"weight":3.8918},
{"Node_id":10509,"weight":1.8825},
{"Node_id":10513,"weight":2.321},
{"Node_id":10514,"weight":1.6936},
{"Node_id":10519,"weight":2.4195},
{"Node_id":10521,"weight":1.8203},
{"Node_id":10523,"weight":2.184},
{"Node_id":10524,"weight":1.7036},
{"Node_id":10529,"weight":2.7912},
{"Node_id":10535,"weight":3.7945},
{"Node_id":10539,"weight":1.5736},
{"Node_id":10540,"weight":1.9597},
{"Node_id":10541,"weight":1.9569},
{"Node_id":10542,"weight":1.4474},
{"Node_id":10543,"weight":1.9468},
{"Node_id":10544,"weight":2.0241},
{"Node_id":10547,"weight":1.686},
{"Node_id":10549,"weight":2.6629},
{"Node_id":10550,"weight":3.1026},
{"Node_id":10551,"weight":1.8128},
{"Node_id":10552,"weight":1.4663},
{"Node_id":10553,"weight":2.9465},
{"Node_id":10554,"weight":3.3967},
{"Node_id":10555,"weight":1.5478},
{"Node_id":10556,"weight":1.5743},
{"Node_id":10557,"weight":1.9615},
{"Node_id":10558,"weight":3.5657},
{"Node_id":10559,"weight":3.9072},
{"Node_id":10562,"weight":1.8186},
{"Node_id":10565,"weight":1.4371},
{"Node_id":10566,"weight":2.4866},
{"Node_id":10567,"weight":1.7922},
{"Node_id":10568,"weight":1.5259},
{"Node_id":10569,"weight":3.2124},
{"Node_id":10570,"weight":2.5123},
{"Node_id":10571,"weight":1.832},
{"Node_id":10572,"weight":4.7357},
{"Node_id":10573,"weight":1.744},
{"Node_id":10574,"weight":1.748},
{"Node_id":10575,"weight":2.0192},
{"Node_id":10576,"weight":2.0241},
{"Node_id":10577,"weight":1.8643},
{"Node_id":10578,"weight":3.4127},
{"Node_id":10579,"weight":1.7036},
{"Node_id":10580,"weight":2.5852},
{"Node_id":10581,"weight":1.9001},
{"Node_id":10582,"weight":2.0846},
{"Node_id":10583,"weight":3.9713},
{"Node_id":10584,"weight":3.2963},
{"Node_id":10585,"weight":2.0212},
{"Node_id":10586,"weight":1.3976},
{"Node_id":10587,"weight":1.5513},
{"Node_id":10588,"weight":1.8203},
{"Node_id":10589,"weight":1.5492},
{"Node_id":10590,"weight":2.0456},
{"Node_id":10591,"weight":1.7036},
{"Node_id":10592,"weight":2.0595},
{"Node_id":10593,"weight":4.7954},
{"Node_id":10594,"weight":1.4217},
{"Node_id":10595,"weight":1.8421},
{"Node_id":10596,"weight":1.8421},
{"Node_id":10597,"weight":1.4624},
{"Node_id":10598,"weight":3.429},
{"Node_id":10599,"weight":2.764},
{"Node_id":10600,"weight":2.001},
{"Node_id":10601,"weight":1.6353},
{"Node_id":10602,"weight":1.4539},
{"Node_id":10603,"weight":4.219},
{"Node_id":10604,"weight":3.0667},
{"Node_id":10605,"weight":4.226},
{"Node_id":10606,"weight":1.5361},
{"Node_id":10607,"weight":4.226},
{"Node_id":10608,"weight":1.3944},
{"Node_id":10609,"weight":3.562},
{"Node_id":10610,"weight":1.86},
{"Node_id":10611,"weight":1.5458},
{"Node_id":10612,"weight":1.6898},
{"Node_id":10613,"weight":2.9031},
{"Node_id":10614,"weight":2.456},
{"Node_id":10615,"weight":1.5949},
{"Node_id":10616,"weight":1.9423},
{"Node_id":10617,"weight":4.8988},
{"Node_id":10618,"weight":2.7949},
{"Node_id":10619,"weight":1.5638},
{"Node_id":10620,"weight":1.4875},
{"Node_id":10621,"weight":2.7839},
{"Node_id":10622,"weight":1.7583},
{"Node_id":10623,"weight":2.4102},
{"Node_id":10628,"weight":7.6004},
{"Node_id":10629,"weight":1.6034},
{"Node_id":10630,"weight":1.9197},
{"Node_id":10631,"weight":1.5259},
{"Node_id":10632,"weight":1.8421},
{"Node_id":10633,"weight":1.9532},
{"Node_id":10634,"weight":2.1928},
{"Node_id":10635,"weight":1.6493},
{"Node_id":10636,"weight":1.9395},
{"Node_id":10637,"weight":2.3983},
{"Node_id":10638,"weight":2.2634},
{"Node_id":10639,"weight":2.2253},
{"Node_id":10640,"weight":3.9176},
{"Node_id":10641,"weight":2.4369},
{"Node_id":10642,"weight":2.3271},
{"Node_id":10643,"weight":3.1026},
{"Node_id":10644,"weight":1.5764},
{"Node_id":10645,"weight":1.7097},
{"Node_id":10646,"weight":2.7115},
{"Node_id":10651,"weight":1.4261},
{"Node_id":10652,"weight":4.2766},
{"Node_id":10653,"weight":6.0725},
{"Node_id":10654,"weight":3.2397},
{"Node_id":10655,"weight":2.3763},
{"Node_id":10656,"weight":5.2159},
{"Node_id":10657,"weight":2.6006},
{"Node_id":10658,"weight":2.7857},
{"Node_id":10659,"weight":3.3714},
{"Node_id":10660,"weight":1.5666},
{"Node_id":10661,"weight":2.6612},
{"Node_id":10662,"weight":1.886},
{"Node_id":10663,"weight":1.866},
{"Node_id":10664,"weight":1.5327},
{"Node_id":10665,"weight":2.1218},
{"Node_id":10666,"weight":1.5123},
{"Node_id":10667,"weight":3.596},
{"Node_id":10668,"weight":1.7013},
{"Node_id":10669,"weight":2.0348},
{"Node_id":10670,"weight":2.887},
{"Node_id":10671,"weight":2.2287},
{"Node_id":10678,"weight":5.8753},
{"Node_id":10681,"weight":1.6405},
{"Node_id":10685,"weight":2.5714},
{"Node_id":10690,"weight":2.6226},
{"Node_id":10696,"weight":1.7719},
{"Node_id":10703,"weight":2.1376},
{"Node_id":10711,"weight":1.4083},
{"Node_id":10739,"weight":3.4934},
{"Node_id":10745,"weight":2.1796},
{"Node_id":10752,"weight":1.6186},
{"Node_id":10760,"weight":1.4572},
{"Node_id":10769,"weight":1.4448},
{"Node_id":10778,"weight":1.5382},
{"Node_id":10782,"weight":2.4866},
{"Node_id":10783,"weight":2.6337},
{"Node_id":10784,"weight":1.9441},
{"Node_id":10785,"weight":5.2159},
{"Node_id":10786,"weight":4.5751},
{"Node_id":10787,"weight":1.8957},
{"Node_id":10788,"weight":1.631},
{"Node_id":10789,"weight":1.6106},
{"Node_id":10790,"weight":3.3021},
{"Node_id":10792,"weight":1.7136},
{"Node_id":10793,"weight":1.6875},
{"Node_id":10794,"weight":3.3227},
{"Node_id":10795,"weight":3.2733},
{"Node_id":10805,"weight":2.1429},
{"Node_id":10818,"weight":1.854},
{"Node_id":10824,"weight":2.102},
{"Node_id":10833,"weight":1.5589},
{"Node_id":10838,"weight":1.5499},
{"Node_id":10844,"weight":2.9657},
{"Node_id":10847,"weight":1.7833},
{"Node_id":10848,"weight":2.5882},
{"Node_id":10849,"weight":1.3919},
{"Node_id":10850,"weight":1.4358},
{"Node_id":10851,"weight":1.5252},
{"Node_id":10852,"weight":2.983},
{"Node_id":10853,"weight":3.776},
{"Node_id":10854,"weight":1.8738},
{"Node_id":10855,"weight":2.84},
{"Node_id":10856,"weight":1.7939},
{"Node_id":10857,"weight":1.8678},
{"Node_id":10858,"weight":1.8095},
{"Node_id":10859,"weight":1.402},
{"Node_id":10860,"weight":2.2028},
{"Node_id":10861,"weight":2.5051},
{"Node_id":10863,"weight":2.9072},
{"Node_id":10864,"weight":1.9523},
{"Node_id":10865,"weight":1.8029},
{"Node_id":10866,"weight":1.4696},
{"Node_id":10869,"weight":2.8751},
{"Node_id":10870,"weight":1.5197},
{"Node_id":10871,"weight":2.1344},
{"Node_id":10872,"weight":2.97},
{"Node_id":10875,"weight":4.6576},
{"Node_id":10876,"weight":1.4559},
{"Node_id":10877,"weight":1.4128},
{"Node_id":10878,"weight":2.0485},
{"Node_id":10879,"weight":1.5513},
{"Node_id":10882,"weight":1.6006},
{"Node_id":10884,"weight":3.3197},
{"Node_id":10885,"weight":1.6099},
{"Node_id":10886,"weight":1.9523},
{"Node_id":10887,"weight":4.2915},
{"Node_id":10890,"weight":3.4692},
{"Node_id":10891,"weight":2.1197},
{"Node_id":10892,"weight":1.9287},
{"Node_id":10893,"weight":6.0725},
{"Node_id":10894,"weight":1.397},
{"Node_id":10896,"weight":1.7472},
{"Node_id":10898,"weight":3.8766},
{"Node_id":10899,"weight":3.0458},
{"Node_id":10901,"weight":2.54},
{"Node_id":10902,"weight":1.8328},
{"Node_id":10903,"weight":2.7894},
{"Node_id":10905,"weight":3.7401},
{"Node_id":10906,"weight":2.0525},
{"Node_id":10908,"weight":1.4507},
{"Node_id":10910,"weight":2.8248},
{"Node_id":10911,"weight":2.2991},
{"Node_id":10914,"weight":1.5211},
{"Node_id":10916,"weight":1.6471},
{"Node_id":10917,"weight":9.223372E18},
{"Node_id":10920,"weight":3.6801},
{"Node_id":10921,"weight":3.3079},
{"Node_id":10923,"weight":1.3882},
{"Node_id":10924,"weight":2.8652},
{"Node_id":10927,"weight":2.1906},
{"Node_id":10928,"weight":2.6353},
{"Node_id":10929,"weight":1.6171},
{"Node_id":10931,"weight":1.9877},
{"Node_id":10932,"weight":1.6412},
{"Node_id":10935,"weight":2.7012},
{"Node_id":10936,"weight":1.5603},
{"Node_id":10938,"weight":2.1165},
{"Node_id":10940,"weight":3.4323},
{"Node_id":10941,"weight":2.6242},
{"Node_id":10944,"weight":1.7252},
{"Node_id":10945,"weight":1.639},
{"Node_id":10948,"weight":1.4007},
{"Node_id":10950,"weight":3.7357},
{"Node_id":10951,"weight":2.0436},
{"Node_id":10954,"weight":2.0},
{"Node_id":10955,"weight":2.4895},
{"Node_id":10958,"weight":1.9634},
{"Node_id":10980,"weight":4.1711},
{"Node_id":11080,"weight":1.8851},
{"Node_id":11082,"weight":2.3371},
{"Node_id":11083,"weight":1.6405},
{"Node_id":11085,"weight":2.5882},
{"Node_id":11087,"weight":1.4631},
{"Node_id":11088,"weight":2.821},
{"Node_id":11090,"weight":3.4323},
{"Node_id":11091,"weight":2.3088},
{"Node_id":11092,"weight":2.1103},
{"Node_id":11094,"weight":2.3088},
{"Node_id":11095,"weight":2.5806},
{"Node_id":11096,"weight":2.1741},
{"Node_id":11097,"weight":1.822},
{"Node_id":11099,"weight":2.498},
{"Node_id":11100,"weight":5.3555},
{"Node_id":11101,"weight":2.9257},
{"Node_id":11103,"weight":4.322},
{"Node_id":11105,"weight":1.4644},
{"Node_id":11106,"weight":3.0762},
{"Node_id":11107,"weight":1.8328},
{"Node_id":11110,"weight":2.7658},
{"Node_id":11112,"weight":1.7615},
{"Node_id":11113,"weight":2.2095},
{"Node_id":11114,"weight":2.6037},
{"Node_id":11117,"weight":1.4881},
{"Node_id":11118,"weight":2.8172},
{"Node_id":11124,"weight":1.3926},
{"Node_id":11127,"weight":1.8652},
{"Node_id":11131,"weight":2.0154},
{"Node_id":11136,"weight":2.0989},
{"Node_id":11142,"weight":2.3905},
{"Node_id":11146,"weight":1.6478},
{"Node_id":11149,"weight":1.6456},
{"Node_id":11153,"weight":2.4492},
{"Node_id":11154,"weight":1.6186},
{"Node_id":11157,"weight":2.0125},
{"Node_id":11161,"weight":2.599},
{"Node_id":11162,"weight":1.4703},
{"Node_id":11166,"weight":2.4062},
{"Node_id":11170,"weight":1.628},
{"Node_id":11171,"weight":1.439},
{"Node_id":11173,"weight":1.9821},
{"Node_id":11176,"weight":1.5029},
{"Node_id":11180,"weight":1.8764},
{"Node_id":11181,"weight":4.6576},
{"Node_id":11183,"weight":2.0086},
{"Node_id":11184,"weight":1.628},
{"Node_id":11187,"weight":1.9981},
{"Node_id":11191,"weight":4.7242},
{"Node_id":11192,"weight":2.6178},
{"Node_id":11194,"weight":3.1651},
{"Node_id":11195,"weight":2.1807},
{"Node_id":11196,"weight":4.4538},
{"Node_id":11199,"weight":2.6612},
{"Node_id":11203,"weight":4.6363},
{"Node_id":11204,"weight":1.8738},
{"Node_id":11206,"weight":2.214},
{"Node_id":11207,"weight":3.0905},
{"Node_id":11208,"weight":2.2471},
{"Node_id":11212,"weight":1.9081},
{"Node_id":11216,"weight":2.1354},
{"Node_id":11217,"weight":1.9477},
{"Node_id":11219,"weight":3.1026},
{"Node_id":11220,"weight":1.8583},
{"Node_id":11221,"weight":3.727},
{"Node_id":11223,"weight":2.239},
{"Node_id":11226,"weight":4.1982},
{"Node_id":11230,"weight":1.4716},
{"Node_id":11231,"weight":1.5603},
{"Node_id":11233,"weight":3.988},
{"Node_id":11234,"weight":2.0495},
{"Node_id":11235,"weight":2.2006},
{"Node_id":11237,"weight":2.4383},
{"Node_id":11241,"weight":3.6312},
{"Node_id":11245,"weight":2.4221},
{"Node_id":11246,"weight":2.8419},
{"Node_id":11248,"weight":4.6684},
{"Node_id":11249,"weight":4.0163},
{"Node_id":11250,"weight":2.7803},
{"Node_id":11252,"weight":1.4663},
{"Node_id":11257,"weight":2.0289},
{"Node_id":11261,"weight":2.4128},
{"Node_id":11262,"weight":1.6434},
{"Node_id":11264,"weight":2.7392},
{"Node_id":11265,"weight":3.1991},
{"Node_id":11266,"weight":2.2506},
{"Node_id":11268,"weight":1.9542},
{"Node_id":11274,"weight":3.749},
{"Node_id":11277,"weight":2.0289},
{"Node_id":11278,"weight":2.0505},
{"Node_id":11279,"weight":1.4982},
{"Node_id":11281,"weight":1.686},
{"Node_id":11282,"weight":3.0857},
{"Node_id":11283,"weight":4.2402},
{"Node_id":11285,"weight":2.7803},
{"Node_id":11288,"weight":1.5478},
{"Node_id":11291,"weight":2.4451},
{"Node_id":11292,"weight":3.2424},
{"Node_id":11293,"weight":4.0049},
{"Node_id":11294,"weight":2.6878},
{"Node_id":11295,"weight":4.508},
{"Node_id":11296,"weight":1.4624},
{"Node_id":11297,"weight":4.3776},
{"Node_id":11298,"weight":2.3408},
{"Node_id":11299,"weight":2.0515},
{"Node_id":11300,"weight":1.7167},
{"Node_id":11301,"weight":1.5437},
{"Node_id":11302,"weight":1.7089},
{"Node_id":11303,"weight":2.0525},
{"Node_id":11304,"weight":1.4403},
{"Node_id":11305,"weight":2.6695},
{"Node_id":11306,"weight":2.2564},
{"Node_id":11307,"weight":1.5197},
{"Node_id":11308,"weight":2.5654},
{"Node_id":11309,"weight":1.4281},
{"Node_id":11310,"weight":2.0887},
{"Node_id":11316,"weight":3.9388},
{"Node_id":11319,"weight":1.8145},
{"Node_id":11323,"weight":1.8721},
{"Node_id":11328,"weight":2.1939},
{"Node_id":11334,"weight":3.3967},
{"Node_id":11341,"weight":1.4611},
{"Node_id":11349,"weight":1.5934},
{"Node_id":11358,"weight":2.7201},
{"Node_id":11368,"weight":1.4089},
{"Node_id":11376,"weight":1.5471},
{"Node_id":11379,"weight":4.4192},
{"Node_id":11387,"weight":1.4657},
{"Node_id":11391,"weight":1.9241},
{"Node_id":11399,"weight":2.9051},
{"Node_id":11401,"weight":1.3913},
{"Node_id":11404,"weight":1.6339},
{"Node_id":11412,"weight":1.628},
{"Node_id":11414,"weight":7.418},
{"Node_id":11418,"weight":1.4716},
{"Node_id":11426,"weight":4.1448},
{"Node_id":11428,"weight":2.4838},
{"Node_id":11433,"weight":1.3957},
{"Node_id":11441,"weight":1.7971},
{"Node_id":11443,"weight":3.6038},
{"Node_id":11449,"weight":5.3771},
{"Node_id":11457,"weight":1.5354},
{"Node_id":11459,"weight":2.366},
{"Node_id":11466,"weight":1.4716},
{"Node_id":11474,"weight":1.8447},
{"Node_id":11476,"weight":5.6515},
{"Node_id":11484,"weight":6.6441},
{"Node_id":11492,"weight":2.4937},
{"Node_id":11494,"weight":2.0715},
{"Node_id":11503,"weight":2.3149},
{"Node_id":11511,"weight":3.3621},
{"Node_id":11512,"weight":1.843},
{"Node_id":11513,"weight":2.1611},
{"Node_id":11531,"weight":2.397},
{"Node_id":11535,"weight":4.0939},
{"Node_id":11536,"weight":1.7097},
{"Node_id":11539,"weight":3.9229},
{"Node_id":11540,"weight":3.8227},
{"Node_id":11541,"weight":4.5751},
{"Node_id":11543,"weight":2.806},
{"Node_id":11544,"weight":5.077},
{"Node_id":11545,"weight":1.4178},
{"Node_id":11546,"weight":4.1064},
{"Node_id":11547,"weight":2.0695},
{"Node_id":11548,"weight":1.6085},
{"Node_id":11549,"weight":2.2196},
{"Node_id":11550,"weight":1.6027},
{"Node_id":11551,"weight":2.0907},
{"Node_id":11552,"weight":2.9635},
{"Node_id":11553,"weight":3.9549},
{"Node_id":11554,"weight":1.4474},
{"Node_id":11555,"weight":1.7051},
{"Node_id":11556,"weight":2.3996},
{"Node_id":11557,"weight":1.7433},
{"Node_id":11558,"weight":2.1807},
{"Node_id":11559,"weight":2.3866},
{"Node_id":11560,"weight":1.3919},
{"Node_id":11561,"weight":2.0928},
{"Node_id":11564,"weight":4.5751},
{"Node_id":11565,"weight":1.8481},
{"Node_id":11566,"weight":2.0938},
{"Node_id":11567,"weight":1.9615},
{"Node_id":11568,"weight":2.0299},
{"Node_id":11569,"weight":2.3433},
{"Node_id":11570,"weight":1.7159},
{"Node_id":11571,"weight":2.5504},
{"Node_id":11572,"weight":2.9765},
{"Node_id":11573,"weight":2.5519},
{"Node_id":11574,"weight":1.8523},
{"Node_id":11575,"weight":2.3648},
{"Node_id":11576,"weight":3.2876},
{"Node_id":11577,"weight":1.9755},
{"Node_id":11578,"weight":1.4868},
{"Node_id":11579,"weight":1.4481},
{"Node_id":11580,"weight":1.4384},
{"Node_id":11581,"weight":5.2933},
{"Node_id":11582,"weight":1.4313},
{"Node_id":11583,"weight":3.3287},
{"Node_id":11584,"weight":1.9305},
{"Node_id":11585,"weight":4.8078},
{"Node_id":11586,"weight":2.5195},
{"Node_id":11587,"weight":1.3882},
{"Node_id":11588,"weight":3.2151},
{"Node_id":11589,"weight":2.3271},
{"Node_id":11590,"weight":1.6208},
{"Node_id":11591,"weight":4.6469},
{"Node_id":11592,"weight":2.2943},
{"Node_id":11593,"weight":3.4523},
{"Node_id":11594,"weight":1.4617},
{"Node_id":11595,"weight":1.4313},
{"Node_id":11596,"weight":3.0978},
{"Node_id":11597,"weight":1.6142},
{"Node_id":11598,"weight":1.3869},
{"Node_id":11599,"weight":3.0006},
{"Node_id":11600,"weight":2.8691},
{"Node_id":11601,"weight":1.7276},
{"Node_id":11602,"weight":1.3982},
{"Node_id":11603,"weight":1.8869},
{"Node_id":11604,"weight":2.0918},
{"Node_id":11609,"weight":2.7604},
{"Node_id":11610,"weight":1.7647},
{"Node_id":11611,"weight":3.4225},
{"Node_id":11612,"weight":3.1651},
{"Node_id":11613,"weight":2.6482},
{"Node_id":11614,"weight":1.6434},
{"Node_id":11615,"weight":2.6662},
{"Node_id":11616,"weight":1.5204},
{"Node_id":11617,"weight":1.8704},
{"Node_id":11618,"weight":1.4455},
{"Node_id":11619,"weight":1.452},
{"Node_id":11620,"weight":3.6677},
{"Node_id":11621,"weight":2.9722},
{"Node_id":11622,"weight":1.6405},
{"Node_id":11625,"weight":3.511},
{"Node_id":11626,"weight":1.6627},
{"Node_id":11627,"weight":3.1173},
{"Node_id":11628,"weight":2.2752},
{"Node_id":11629,"weight":1.6049},
{"Node_id":11630,"weight":1.6612},
{"Node_id":11631,"weight":2.9786},
{"Node_id":11632,"weight":1.9496},
{"Node_id":11633,"weight":1.7151},
{"Node_id":11636,"weight":1.8037},
{"Node_id":11637,"weight":1.7448},
{"Node_id":11638,"weight":1.9197},
{"Node_id":11639,"weight":2.6369},
{"Node_id":11675,"weight":1.4494},
{"Node_id":11676,"weight":4.4024},
{"Node_id":11677,"weight":2.1397},
{"Node_id":11678,"weight":1.4822},
{"Node_id":11679,"weight":3.7852},
{"Node_id":11680,"weight":1.9487},
{"Node_id":11681,"weight":2.1218},
{"Node_id":11682,"weight":2.2242},
{"Node_id":11683,"weight":1.9972},
{"Node_id":11684,"weight":5.9496},
{"Node_id":11685,"weight":2.1961},
{"Node_id":11686,"weight":1.86},
{"Node_id":11687,"weight":2.9298},
{"Node_id":11690,"weight":4.1711},
{"Node_id":11691,"weight":2.4142},
{"Node_id":11692,"weight":2.4838},
{"Node_id":11693,"weight":2.4629},
{"Node_id":11694,"weight":3.2676},
{"Node_id":11695,"weight":4.6259},
{"Node_id":11696,"weight":4.5555},
{"Node_id":11697,"weight":1.7865},
{"Node_id":11698,"weight":1.4862},
{"Node_id":11699,"weight":1.8921},
{"Node_id":11700,"weight":1.5055},
{"Node_id":11701,"weight":1.4261},
{"Node_id":11702,"weight":1.7551},
{"Node_id":11703,"weight":1.8652},
{"Node_id":11704,"weight":5.2539},
{"Node_id":11705,"weight":1.4815},
{"Node_id":11706,"weight":1.4287},
{"Node_id":11707,"weight":1.5451},
{"Node_id":11708,"weight":1.6229},
{"Node_id":11709,"weight":4.2051},
{"Node_id":11710,"weight":2.579},
{"Node_id":11711,"weight":1.5885},
{"Node_id":11712,"weight":2.883},
{"Node_id":11713,"weight":1.5361},
{"Node_id":11714,"weight":1.8371},
{"Node_id":11715,"weight":3.4591},
{"Node_id":11716,"weight":2.5654},
{"Node_id":11719,"weight":7.8236},
{"Node_id":11721,"weight":2.1503},
{"Node_id":11723,"weight":2.3136},
{"Node_id":11724,"weight":1.5849},
{"Node_id":11725,"weight":2.1207},
{"Node_id":11726,"weight":2.4075},
{"Node_id":11728,"weight":2.9487},
{"Node_id":11729,"weight":1.5225},
{"Node_id":11730,"weight":2.2494},
{"Node_id":11731,"weight":2.5669},
{"Node_id":11732,"weight":3.2452},
{"Node_id":11733,"weight":2.8439},
{"Node_id":11734,"weight":2.3371},
{"Node_id":11735,"weight":1.3913},
{"Node_id":11736,"weight":4.3066},
{"Node_id":11737,"weight":2.7712},
{"Node_id":11738,"weight":5.077},
{"Node_id":11739,"weight":1.9386},
{"Node_id":11740,"weight":3.3903},
{"Node_id":11741,"weight":2.7115},
{"Node_id":11742,"weight":1.5764},
{"Node_id":11743,"weight":2.2425},
{"Node_id":11744,"weight":2.0144},
{"Node_id":11745,"weight":1.4955},
{"Node_id":11746,"weight":1.4364},
{"Node_id":11747,"weight":1.7639},
{"Node_id":11748,"weight":4.872},
{"Node_id":11750,"weight":1.4338},
{"Node_id":11752,"weight":2.2967},
{"Node_id":11753,"weight":1.4855},
{"Node_id":11754,"weight":3.0297},
{"Node_id":11755,"weight":1.421},
{"Node_id":11756,"weight":1.9487},
{"Node_id":11757,"weight":2.6434},
{"Node_id":11758,"weight":1.6777},
{"Node_id":11759,"weight":1.5008},
{"Node_id":11760,"weight":2.9765},
{"Node_id":11761,"weight":1.7082},
{"Node_id":11762,"weight":2.4168},
{"Node_id":11763,"weight":6.0725},
{"Node_id":11764,"weight":2.6305},
{"Node_id":11765,"weight":4.7242},
{"Node_id":11766,"weight":2.0505},
{"Node_id":11767,"weight":2.9174},
{"Node_id":11769,"weight":4.9989},
{"Node_id":11770,"weight":3.6513},
{"Node_id":11773,"weight":1.8387},
{"Node_id":11774,"weight":3.7357},
{"Node_id":11778,"weight":6.3754},
{"Node_id":11779,"weight":1.7059},
{"Node_id":11783,"weight":3.8969},
{"Node_id":11784,"weight":2.4062},
{"Node_id":11785,"weight":1.8895},
{"Node_id":11789,"weight":5.8061},
{"Node_id":11791,"weight":1.6883},
{"Node_id":11792,"weight":2.1589},
{"Node_id":11796,"weight":3.2287},
{"Node_id":11798,"weight":1.737},
{"Node_id":11799,"weight":3.5435},
{"Node_id":11800,"weight":2.6385},
{"Node_id":11804,"weight":2.0816},
{"Node_id":11806,"weight":1.5575},
{"Node_id":11807,"weight":3.3257},
{"Node_id":11808,"weight":1.5729},
{"Node_id":11809,"weight":2.1939},
{"Node_id":11813,"weight":2.0585},
{"Node_id":11815,"weight":2.1525},
{"Node_id":11816,"weight":5.3771},
{"Node_id":11818,"weight":3.562},
{"Node_id":11819,"weight":3.6392},
{"Node_id":11823,"weight":2.7622},
{"Node_id":11825,"weight":2.7029},
{"Node_id":11826,"weight":2.1611},
{"Node_id":11829,"weight":2.0086},
{"Node_id":11830,"weight":2.4796},
{"Node_id":11834,"weight":2.2955},
{"Node_id":11836,"weight":1.8532},
{"Node_id":11837,"weight":1.9432},
{"Node_id":11840,"weight":2.2073},
{"Node_id":11841,"weight":2.895},
{"Node_id":11842,"weight":3.7446},
{"Node_id":11846,"weight":1.7151},
{"Node_id":11848,"weight":2.2494},
{"Node_id":11849,"weight":2.6596},
{"Node_id":11852,"weight":2.1676},
{"Node_id":11854,"weight":2.3944},
{"Node_id":11855,"weight":2.0299},
{"Node_id":11859,"weight":2.881},
{"Node_id":11861,"weight":1.7417},
{"Node_id":11862,"weight":6.4362},
{"Node_id":11865,"weight":2.4615},
{"Node_id":11868,"weight":1.6486},
{"Node_id":11869,"weight":1.4908},
{"Node_id":11873,"weight":2.3112},
{"Node_id":11875,"weight":1.7711},
{"Node_id":11876,"weight":3.0006},
{"Node_id":11879,"weight":3.9495},
{"Node_id":11883,"weight":4.6363},
{"Node_id":11884,"weight":1.7074},
{"Node_id":11888,"weight":2.7427},
{"Node_id":11890,"weight":2.5549},
{"Node_id":11891,"weight":2.5037},
{"Node_id":11894,"weight":7.8236},
{"Node_id":11898,"weight":1.744},
{"Node_id":11899,"weight":2.1589},
{"Node_id":11900,"weight":4.4108},
{"Node_id":11904,"weight":2.4726},
{"Node_id":11906,"weight":1.602},
{"Node_id":11907,"weight":1.9063},
{"Node_id":11910,"weight":1.6486},
{"Node_id":11914,"weight":1.5506},
{"Node_id":11916,"weight":3.3683},
{"Node_id":11917,"weight":1.6434},
{"Node_id":11921,"weight":1.8472},
{"Node_id":11923,"weight":2.4275},
{"Node_id":11924,"weight":2.481},
{"Node_id":11927,"weight":1.9072},
{"Node_id":11931,"weight":1.9395},
{"Node_id":11934,"weight":2.6777},
{"Node_id":11935,"weight":3.4523},
{"Node_id":11939,"weight":2.3321},
{"Node_id":11941,"weight":4.7954},
{"Node_id":11942,"weight":2.0221},
{"Node_id":11945,"weight":4.872},
{"Node_id":11949,"weight":2.7201},
{"Node_id":11953,"weight":3.5922},
{"Node_id":11954,"weight":3.5472},
{"Node_id":11958,"weight":1.4995},
{"Node_id":11960,"weight":2.3711},
{"Node_id":11961,"weight":4.8203},
{"Node_id":11964,"weight":2.9072},
{"Node_id":11968,"weight":1.6754},
{"Node_id":11972,"weight":1.8913},
{"Node_id":11973,"weight":2.2494},
{"Node_id":11974,"weight":2.8731},
{"Node_id":11978,"weight":2.7712},
{"Node_id":11980,"weight":2.2436},
{"Node_id":11981,"weight":1.9821},
{"Node_id":11984,"weight":1.6627},
{"Node_id":11988,"weight":1.5416},
{"Node_id":11992,"weight":3.1372},
{"Node_id":11993,"weight":1.587},
{"Node_id":11995,"weight":5.4217},
{"Node_id":11996,"weight":5.5429},
{"Node_id":11997,"weight":2.5534},
{"Node_id":11998,"weight":1.4223},
{"Node_id":11999,"weight":2.2728},
{"Node_id":12000,"weight":3.3377},
{"Node_id":12057,"weight":2.6995},
{"Node_id":12059,"weight":5.045},
{"Node_id":12060,"weight":3.8766},
{"Node_id":12061,"weight":1.719},
{"Node_id":12062,"weight":1.7354},
{"Node_id":12063,"weight":2.4768},
{"Node_id":12064,"weight":1.7198},
{"Node_id":12065,"weight":2.0416},
{"Node_id":12066,"weight":1.6982},
{"Node_id":12067,"weight":3.6076},
{"Node_id":12068,"weight":3.4523},
{"Node_id":12069,"weight":3.6273},
{"Node_id":12070,"weight":3.7401},
{"Node_id":12071,"weight":2.0338},
{"Node_id":12072,"weight":1.6906},
{"Node_id":12073,"weight":3.6718},
{"Node_id":12074,"weight":2.1418},
{"Node_id":12075,"weight":1.6419},
{"Node_id":12076,"weight":1.8549},
{"Node_id":12077,"weight":2.0212},
{"Node_id":12078,"weight":3.3808},
{"Node_id":12079,"weight":3.8469},
{"Node_id":12080,"weight":3.305},
{"Node_id":12081,"weight":1.4742},
{"Node_id":12082,"weight":1.4881},
{"Node_id":12083,"weight":1.9523},
{"Node_id":12084,"weight":1.5464},
{"Node_id":12085,"weight":2.0575},
{"Node_id":12086,"weight":1.7922},
{"Node_id":12089,"weight":4.1579},
{"Node_id":12090,"weight":1.615},
{"Node_id":12091,"weight":5.4927},
{"Node_id":12094,"weight":3.7446},
{"Node_id":12097,"weight":3.5075},
{"Node_id":12098,"weight":1.7472},
{"Node_id":12099,"weight":1.4001},
{"Node_id":12100,"weight":3.6885},
{"Node_id":12101,"weight":2.5519},
{"Node_id":12102,"weight":1.8145},
{"Node_id":12103,"weight":3.8372},
{"Node_id":12104,"weight":2.0615},
{"Node_id":12105,"weight":2.0785},
{"Node_id":12106,"weight":2.1654},
{"Node_id":12107,"weight":1.6114},
{"Node_id":12108,"weight":1.812},
{"Node_id":12109,"weight":1.9143},
{"Node_id":12110,"weight":1.7567},
{"Node_id":12111,"weight":2.1862},
{"Node_id":12112,"weight":2.1906},
{"Node_id":12113,"weight":2.7357},
{"Node_id":12114,"weight":2.9465},
{"Node_id":12115,"weight":2.1249},
{"Node_id":12116,"weight":3.6432},
{"Node_id":12117,"weight":5.1441},
{"Node_id":12118,"weight":5.2734},
{"Node_id":12119,"weight":3.0978},
{"Node_id":12120,"weight":3.8132},
{"Node_id":12121,"weight":5.045},
{"Node_id":12122,"weight":2.401},
{"Node_id":12123,"weight":2.101},
{"Node_id":12124,"weight":1.515},
{"Node_id":12125,"weight":2.9072},
{"Node_id":12126,"weight":1.8575},
{"Node_id":12127,"weight":3.0644},
{"Node_id":12128,"weight":3.0366},
{"Node_id":12129,"weight":2.3039},
{"Node_id":12130,"weight":1.7849},
{"Node_id":12131,"weight":3.0184},
{"Node_id":12132,"weight":1.886},
{"Node_id":12133,"weight":2.0038},
{"Node_id":12134,"weight":2.025},
{"Node_id":12144,"weight":1.9206},
{"Node_id":12145,"weight":2.4329},
{"Node_id":12146,"weight":3.9658},
{"Node_id":12147,"weight":2.5579},
{"Node_id":12148,"weight":2.0192},
{"Node_id":12151,"weight":2.8135},
{"Node_id":12152,"weight":2.8381},
{"Node_id":12153,"weight":2.889},
{"Node_id":12154,"weight":2.0338},
{"Node_id":12155,"weight":3.0667},
{"Node_id":12156,"weight":1.9323},
{"Node_id":12157,"weight":1.7237},
{"Node_id":12158,"weight":1.7599},
{"Node_id":12159,"weight":2.3015},
{"Node_id":12160,"weight":1.4881},
{"Node_id":12161,"weight":1.3988},
{"Node_id":12162,"weight":2.9786},
{"Node_id":12163,"weight":3.3652},
{"Node_id":12164,"weight":2.6337},
{"Node_id":12165,"weight":1.5485},
{"Node_id":12166,"weight":2.5297},
{"Node_id":12167,"weight":1.5327},
{"Node_id":12168,"weight":1.7663},
{"Node_id":12169,"weight":1.9423},
{"Node_id":12170,"weight":1.4422},
{"Node_id":12171,"weight":1.5885},
{"Node_id":12172,"weight":1.5729},
{"Node_id":12173,"weight":1.5306},
{"Node_id":12174,"weight":2.7409},
{"Node_id":12175,"weight":1.8012},
{"Node_id":12176,"weight":4.8588},
{"Node_id":12177,"weight":2.7218},
{"Node_id":12178,"weight":3.0297},
{"Node_id":12179,"weight":3.2098},
{"Node_id":12180,"weight":1.5638},
{"Node_id":12181,"weight":1.5764},
{"Node_id":12182,"weight":2.4478},
{"Node_id":12183,"weight":2.0989},
{"Node_id":12184,"weight":1.8886},
{"Node_id":12185,"weight":1.7736},
{"Node_id":12186,"weight":2.3259},
{"Node_id":12187,"weight":2.2379},
{"Node_id":12188,"weight":4.0221},
{"Node_id":12189,"weight":1.5771},
{"Node_id":12190,"weight":2.1134},
{"Node_id":12191,"weight":3.0229},
{"Node_id":12192,"weight":3.9658},
{"Node_id":12193,"weight":1.7551},
{"Node_id":12194,"weight":1.5793},
{"Node_id":12195,"weight":2.6928},
{"Node_id":12196,"weight":1.4828},
{"Node_id":12197,"weight":3.2452},
{"Node_id":12198,"weight":1.9652},
{"Node_id":12199,"weight":1.7128},
{"Node_id":12200,"weight":2.7063},
{"Node_id":12201,"weight":4.5851},
{"Node_id":12202,"weight":1.4147},
{"Node_id":12203,"weight":1.6657},
{"Node_id":12204,"weight":1.4052},
{"Node_id":12205,"weight":1.6324},
{"Node_id":12206,"weight":2.8711},
{"Node_id":12207,"weight":5.0933},
{"Node_id":12208,"weight":1.5659},
{"Node_id":12209,"weight":1.4782},
{"Node_id":12210,"weight":2.6761},
{"Node_id":12211,"weight":2.4796},
{"Node_id":12212,"weight":2.6337},
{"Node_id":12213,"weight":5.4927},
{"Node_id":12216,"weight":2.0928},
{"Node_id":12225,"weight":1.4862},
{"Node_id":12226,"weight":1.4435},
{"Node_id":12227,"weight":4.8458},
{"Node_id":12228,"weight":2.1622},
{"Node_id":12229,"weight":1.8253},
{"Node_id":12230,"weight":2.1928},
{"Node_id":12231,"weight":1.587},
{"Node_id":12232,"weight":1.656},
{"Node_id":12233,"weight":2.4684},
{"Node_id":12234,"weight":3.511},
{"Node_id":12235,"weight":1.5368},
{"Node_id":12236,"weight":1.6027},
{"Node_id":12237,"weight":1.733},
{"Node_id":12238,"weight":1.8609},
{"Node_id":12241,"weight":3.6312},
{"Node_id":12242,"weight":2.3699},
{"Node_id":12243,"weight":2.6928},
{"Node_id":12244,"weight":3.3903},
{"Node_id":12245,"weight":2.2943},
{"Node_id":12248,"weight":1.9597},
{"Node_id":12249,"weight":2.1376},
{"Node_id":12250,"weight":2.6147},
{"Node_id":12251,"weight":2.0485},
{"Node_id":12252,"weight":1.8438},
{"Node_id":12253,"weight":2.97},
{"Node_id":12254,"weight":4.1513},
{"Node_id":12255,"weight":2.9031},
{"Node_id":12256,"weight":1.5197},
{"Node_id":12257,"weight":3.4356},
{"Node_id":12258,"weight":4.4538},
{"Node_id":12259,"weight":3.2507},
{"Node_id":12260,"weight":1.4775},
{"Node_id":12261,"weight":3.6595},
{"Node_id":12262,"weight":1.4769},
{"Node_id":12263,"weight":4.7832},
{"Node_id":12264,"weight":1.8354},
{"Node_id":12265,"weight":2.7857},
{"Node_id":12266,"weight":3.3468},
{"Node_id":12267,"weight":4.284},
{"Node_id":12268,"weight":1.8643},
{"Node_id":12269,"weight":2.1354},
{"Node_id":12270,"weight":1.8153},
{"Node_id":12273,"weight":2.5882},
{"Node_id":12274,"weight":2.1774},
{"Node_id":12275,"weight":4.0049},
{"Node_id":12276,"weight":2.9444},
{"Node_id":12277,"weight":2.6466},
{"Node_id":12278,"weight":2.1796},
{"Node_id":12279,"weight":3.3079},
{"Node_id":12280,"weight":3.562},
{"Node_id":12281,"weight":1.6164},
{"Node_id":12282,"weight":1.9915},
{"Node_id":12283,"weight":2.4994},
{"Node_id":12284,"weight":2.6022},
{"Node_id":12285,"weight":1.5603},
{"Node_id":12286,"weight":2.2716},
{"Node_id":12287,"weight":3.3287},
{"Node_id":12288,"weight":1.7543},
{"Node_id":12289,"weight":3.3468},
{"Node_id":12290,"weight":1.9098},
{"Node_id":12291,"weight":1.8078},
{"Node_id":12292,"weight":2.4519},
{"Node_id":12293,"weight":3.3138},
{"Node_id":12294,"weight":2.6434},
{"Node_id":12295,"weight":2.9939},
{"Node_id":12296,"weight":1.8379},
{"Node_id":12297,"weight":1.7711},
{"Node_id":12298,"weight":3.0072},
{"Node_id":12299,"weight":1.5485},
{"Node_id":12300,"weight":1.4585},
{"Node_id":12301,"weight":3.1222},
{"Node_id":12302,"weight":2.1752},
{"Node_id":12303,"weight":2.6321},
{"Node_id":12304,"weight":2.7183},
{"Node_id":12305,"weight":3.5694},
{"Node_id":12306,"weight":3.1026},
{"Node_id":12307,"weight":2.4315},
{"Node_id":12308,"weight":1.4868},
{"Node_id":12309,"weight":1.6785},
{"Node_id":12310,"weight":2.2576},
{"Node_id":12311,"weight":3.1625},
{"Node_id":12312,"weight":1.827},
{"Node_id":12313,"weight":2.3814},
{"Node_id":12314,"weight":2.6761},
{"Node_id":12315,"weight":1.7988},
{"Node_id":12316,"weight":5.9118},
{"Node_id":12317,"weight":2.4342},
{"Node_id":12318,"weight":1.4461},
{"Node_id":12319,"weight":3.4356},
{"Node_id":12334,"weight":2.0019},
{"Node_id":12335,"weight":1.4982},
{"Node_id":12336,"weight":2.3827},
{"Node_id":12337,"weight":2.1514},
{"Node_id":12338,"weight":1.421},
{"Node_id":12339,"weight":4.2546},
{"Node_id":12340,"weight":2.889},
{"Node_id":12341,"weight":2.6162},
{"Node_id":12342,"weight":1.5899},
{"Node_id":12343,"weight":1.4941},
{"Node_id":12344,"weight":4.508},
{"Node_id":12345,"weight":2.9984},
{"Node_id":12346,"weight":2.2084},
{"Node_id":12347,"weight":2.6401},
{"Node_id":12348,"weight":3.105},
{"Node_id":12349,"weight":2.1145},
{"Node_id":12350,"weight":2.1197},
{"Node_id":12351,"weight":1.9161},
{"Node_id":12387,"weight":2.4643},
{"Node_id":12388,"weight":2.1145},
{"Node_id":12389,"weight":1.7105},
{"Node_id":12390,"weight":2.1239},
{"Node_id":12391,"weight":1.8834},
{"Node_id":12392,"weight":2.7115},
{"Node_id":12393,"weight":2.3597},
{"Node_id":12394,"weight":1.6383},
{"Node_id":12395,"weight":1.4624},
{"Node_id":12396,"weight":3.6392},
{"Node_id":12397,"weight":1.7338},
{"Node_id":12398,"weight":4.3776},
{"Node_id":12399,"weight":1.7089},
{"Node_id":12400,"weight":1.4789},
{"Node_id":12401,"weight":3.2591},
{"Node_id":12402,"weight":3.3871},
{"Node_id":12403,"weight":2.9277},
{"Node_id":12404,"weight":4.5653},
{"Node_id":12405,"weight":3.2178},
{"Node_id":12406,"weight":2.321},
{"Node_id":12407,"weight":2.2073},
{"Node_id":12408,"weight":1.5779},
{"Node_id":12409,"weight":3.8085},
{"Node_id":12410,"weight":1.6186},
{"Node_id":12411,"weight":6.8113},
{"Node_id":12412,"weight":1.6179},
{"Node_id":12413,"weight":1.7377},
{"Node_id":12414,"weight":2.4588},
{"Node_id":12415,"weight":1.6478},
{"Node_id":12416,"weight":1.5231},
{"Node_id":12417,"weight":2.342},
{"Node_id":12418,"weight":1.4644},
{"Node_id":12419,"weight":2.0595},
{"Node_id":12420,"weight":2.2681},
{"Node_id":12422,"weight":1.5109},
{"Node_id":12423,"weight":2.4519},
{"Node_id":12424,"weight":1.7105},
{"Node_id":12427,"weight":3.3871},
{"Node_id":12428,"weight":1.5807},
{"Node_id":12429,"weight":2.7586},
{"Node_id":12430,"weight":2.885},
{"Node_id":12431,"weight":4.5653},
{"Node_id":12432,"weight":3.3683},
{"Node_id":12433,"weight":2.7374},
{"Node_id":12436,"weight":2.0485},
{"Node_id":12437,"weight":1.8261},
{"Node_id":12438,"weight":2.9593},
{"Node_id":12439,"weight":2.0565},
{"Node_id":12440,"weight":2.5123},
{"Node_id":12441,"weight":1.4121},
{"Node_id":12442,"weight":2.2061},
{"Node_id":12443,"weight":1.7136},
{"Node_id":12444,"weight":2.2799},
{"Node_id":12445,"weight":1.7182},
{"Node_id":12446,"weight":1.6486},
{"Node_id":12447,"weight":3.5435},
{"Node_id":12448,"weight":2.0605},
{"Node_id":12449,"weight":3.6233},
{"Node_id":12452,"weight":2.6242},
{"Node_id":12453,"weight":1.5771},
{"Node_id":12454,"weight":1.5402},
{"Node_id":12455,"weight":3.2591},
{"Node_id":12456,"weight":1.6754},
{"Node_id":12457,"weight":1.5238},
{"Node_id":12458,"weight":2.0096},
{"Node_id":12459,"weight":2.8381},
{"Node_id":12460,"weight":2.1155},
{"Node_id":12461,"weight":1.5687},
{"Node_id":12462,"weight":1.4014},
{"Node_id":12463,"weight":1.7417},
{"Node_id":12464,"weight":2.3699},
{"Node_id":12465,"weight":2.0029},
{"Node_id":12466,"weight":1.4962},
{"Node_id":12467,"weight":1.6078},
{"Node_id":12468,"weight":1.7857},
{"Node_id":12469,"weight":3.562},
{"Node_id":12470,"weight":2.8633},
{"Node_id":12474,"weight":1.9259},
{"Node_id":12475,"weight":2.6662},
{"Node_id":12476,"weight":3.5326},
{"Node_id":12477,"weight":4.0163},
{"Node_id":12478,"weight":3.226},
{"Node_id":12479,"weight":1.7051},
{"Node_id":12480,"weight":2.9113},
{"Node_id":12481,"weight":1.8913},
{"Node_id":12484,"weight":1.6085},
{"Node_id":12485,"weight":1.5999},
{"Node_id":12486,"weight":3.0738},
{"Node_id":12487,"weight":1.5878},
{"Node_id":12579,"weight":3.0117},
{"Node_id":12580,"weight":2.2907},
{"Node_id":12581,"weight":1.4868},
{"Node_id":12582,"weight":1.4396},
{"Node_id":12583,"weight":2.4437},
{"Node_id":12584,"weight":2.0038},
{"Node_id":12585,"weight":3.5398},
{"Node_id":12586,"weight":1.8379},
{"Node_id":12587,"weight":1.3907},
{"Node_id":12588,"weight":3.0786},
{"Node_id":12589,"weight":4.0049},
{"Node_id":12590,"weight":3.4969},
{"Node_id":12591,"weight":1.7841},
{"Node_id":12592,"weight":2.4966},
{"Node_id":12593,"weight":4.9126},
{"Node_id":12594,"weight":3.562},
{"Node_id":12595,"weight":4.9548},
{"Node_id":12596,"weight":4.7592},
{"Node_id":12597,"weight":2.1873},
{"Node_id":12598,"weight":2.2219},
{"Node_id":12599,"weight":1.789},
{"Node_id":12600,"weight":2.0367},
{"Node_id":12601,"weight":3.2905},
{"Node_id":12602,"weight":2.5959},
{"Node_id":12603,"weight":4.7015},
{"Node_id":12604,"weight":1.6837},
{"Node_id":12605,"weight":2.5474},
{"Node_id":12606,"weight":2.8004},
{"Node_id":12607,"weight":3.0184},
{"Node_id":12608,"weight":1.4572},
{"Node_id":12653,"weight":3.2733},
{"Node_id":12662,"weight":1.414},
{"Node_id":12672,"weight":4.1002},
{"Node_id":12674,"weight":1.5231},
{"Node_id":12683,"weight":2.0387},
{"Node_id":12694,"weight":5.6232},
{"Node_id":12706,"weight":2.1546},
{"Node_id":12710,"weight":2.0595},
{"Node_id":12712,"weight":2.4994},
{"Node_id":12713,"weight":5.4448},
{"Node_id":12714,"weight":1.7988},
{"Node_id":12715,"weight":1.6412},
{"Node_id":12716,"weight":1.4802},
{"Node_id":12717,"weight":1.4683},
{"Node_id":12718,"weight":4.0634},
{"Node_id":12719,"weight":2.895},
{"Node_id":12720,"weight":3.3347},
{"Node_id":12721,"weight":1.6508},
{"Node_id":12722,"weight":3.3777},
{"Node_id":12723,"weight":2.9072},
{"Node_id":12724,"weight":1.4178},
{"Node_id":12725,"weight":2.4881},
{"Node_id":12726,"weight":2.3788},
{"Node_id":12727,"weight":2.9614},
{"Node_id":12728,"weight":1.6664},
{"Node_id":12729,"weight":1.7963},
{"Node_id":12730,"weight":1.9143},
{"Node_id":12731,"weight":1.6523},
{"Node_id":12732,"weight":1.6538},
{"Node_id":12733,"weight":1.9036},
{"Node_id":12734,"weight":1.7776},
{"Node_id":12735,"weight":3.3999},
{"Node_id":12736,"weight":2.3584},
{"Node_id":12737,"weight":2.1785},
{"Node_id":12738,"weight":2.5224},
{"Node_id":12739,"weight":2.4601},
{"Node_id":12740,"weight":1.7074},
{"Node_id":12741,"weight":1.8834},
{"Node_id":12742,"weight":1.8921},
{"Node_id":12743,"weight":1.39},
{"Node_id":12744,"weight":2.2106},
{"Node_id":12745,"weight":1.9241},
{"Node_id":12746,"weight":1.6627},
{"Node_id":12747,"weight":3.0667},
{"Node_id":12748,"weight":2.0605},
{"Node_id":12749,"weight":2.2895},
{"Node_id":12750,"weight":1.43},
{"Node_id":12751,"weight":2.4698},
{"Node_id":12752,"weight":2.7694},
{"Node_id":12753,"weight":1.6982},
{"Node_id":12754,"weight":2.4505},
{"Node_id":12755,"weight":2.8305},
{"Node_id":12756,"weight":1.7825},
{"Node_id":12778,"weight":1.5042},
{"Node_id":12809,"weight":1.702},
{"Node_id":12810,"weight":1.9152},
{"Node_id":12811,"weight":2.5371},
{"Node_id":12812,"weight":2.3559},
{"Node_id":12813,"weight":6.2126},
{"Node_id":12814,"weight":1.9849},
{"Node_id":12815,"weight":2.5137},
{"Node_id":12816,"weight":2.0846},
{"Node_id":12817,"weight":2.7357},
{"Node_id":12818,"weight":2.7081},
{"Node_id":12819,"weight":2.027},
{"Node_id":12820,"weight":1.9277},
{"Node_id":12821,"weight":1.7816},
{"Node_id":12822,"weight":2.2811},
{"Node_id":12823,"weight":1.4147},
{"Node_id":12824,"weight":3.2071},
{"Node_id":12825,"weight":3.5146},
{"Node_id":12826,"weight":1.5856},
{"Node_id":12827,"weight":2.0212},
{"Node_id":12828,"weight":1.7679},
{"Node_id":12829,"weight":1.9505},
{"Node_id":12830,"weight":3.3935},
{"Node_id":12831,"weight":2.0086},
{"Node_id":12832,"weight":6.5008},
{"Node_id":12833,"weight":1.8295},
{"Node_id":12834,"weight":2.1103},
{"Node_id":12835,"weight":2.2506},
{"Node_id":12836,"weight":1.8328},
{"Node_id":12837,"weight":1.7354},
{"Node_id":12838,"weight":1.7599},
{"Node_id":12839,"weight":3.7945},
{"Node_id":12840,"weight":2.205},
{"Node_id":12841,"weight":4.0221},
{"Node_id":12842,"weight":1.7939},
{"Node_id":12843,"weight":3.4969},
{"Node_id":12844,"weight":1.9811},
{"Node_id":12845,"weight":1.6627},
{"Node_id":12846,"weight":2.6226},
{"Node_id":12847,"weight":1.9643},
{"Node_id":12848,"weight":1.7283},
{"Node_id":12849,"weight":2.8343},
{"Node_id":12850,"weight":2.3483},
{"Node_id":12851,"weight":1.7898},
{"Node_id":12852,"weight":1.7768},
{"Node_id":12853,"weight":1.7559},
{"Node_id":12854,"weight":2.5459},
{"Node_id":12855,"weight":3.4591},
{"Node_id":12856,"weight":1.4782},
{"Node_id":12857,"weight":2.4102},
{"Node_id":12858,"weight":4.3858},
{"Node_id":12859,"weight":1.6339},
{"Node_id":12860,"weight":2.3222},
{"Node_id":12861,"weight":2.9072},
{"Node_id":12862,"weight":1.9718},
{"Node_id":12863,"weight":5.8753},
{"Node_id":12864,"weight":3.4356},
{"Node_id":12865,"weight":1.7671},
{"Node_id":12866,"weight":1.4026},
{"Node_id":12867,"weight":1.7472},
{"Node_id":12868,"weight":1.8421},
{"Node_id":12869,"weight":2.806},
{"Node_id":12870,"weight":2.184},
{"Node_id":12871,"weight":3.9441},
{"Node_id":12872,"weight":1.4775},
{"Node_id":12873,"weight":1.5807},
{"Node_id":12874,"weight":2.877},
{"Node_id":12875,"weight":1.9152},
{"Node_id":12876,"weight":2.9133},
{"Node_id":12877,"weight":1.4185},
{"Node_id":12878,"weight":2.1386},
{"Node_id":12879,"weight":2.9381},
{"Node_id":12880,"weight":2.8594},
{"Node_id":12881,"weight":2.0},
{"Node_id":12882,"weight":2.4396},
{"Node_id":12883,"weight":2.1482},
{"Node_id":12884,"weight":1.8782},
{"Node_id":12885,"weight":3.429},
{"Node_id":12886,"weight":2.893},
{"Node_id":12887,"weight":1.4749},
{"Node_id":12888,"weight":1.6974},
{"Node_id":12889,"weight":2.4519},
{"Node_id":12890,"weight":1.4736},
{"Node_id":12891,"weight":1.822},
{"Node_id":12892,"weight":1.4546},
{"Node_id":12893,"weight":1.6186},
{"Node_id":12894,"weight":2.4754},
{"Node_id":12895,"weight":1.8756},
{"Node_id":12905,"weight":1.8178},
{"Node_id":12909,"weight":1.8278},
{"Node_id":12921,"weight":1.4217},
{"Node_id":12922,"weight":1.7647},
{"Node_id":12923,"weight":2.3234},
{"Node_id":12925,"weight":2.2564},
{"Node_id":12928,"weight":1.9134},
{"Node_id":12932,"weight":2.3533},
{"Node_id":12937,"weight":2.1439},
{"Node_id":12943,"weight":1.4742},
{"Node_id":12950,"weight":2.5624},
{"Node_id":12957,"weight":2.2185},
{"Node_id":12958,"weight":1.5701},
{"Node_id":12959,"weight":1.8404},
{"Node_id":12960,"weight":2.4588},
{"Node_id":12962,"weight":1.5659},
{"Node_id":12965,"weight":1.5361},
{"Node_id":12969,"weight":4.3534},
{"Node_id":12973,"weight":3.0667},
{"Node_id":12974,"weight":2.5445},
{"Node_id":12978,"weight":1.6845},
{"Node_id":12980,"weight":1.7299},
{"Node_id":12984,"weight":5.0141},
{"Node_id":12986,"weight":1.8128},
{"Node_id":12987,"weight":1.8566},
{"Node_id":12991,"weight":3.2124},
{"Node_id":12993,"weight":3.4127},
{"Node_id":12994,"weight":1.5708},
{"Node_id":12995,"weight":1.9868},
{"Node_id":12999,"weight":2.3788},
{"Node_id":13001,"weight":1.6121},
{"Node_id":13002,"weight":2.1578},
{"Node_id":13004,"weight":3.9335},
{"Node_id":13008,"weight":1.4306},
{"Node_id":13010,"weight":2.8574},
{"Node_id":13011,"weight":4.7242},
{"Node_id":13013,"weight":1.6891},
{"Node_id":13014,"weight":1.6186},
{"Node_id":13018,"weight":2.6466},
{"Node_id":13020,"weight":2.2705},
{"Node_id":13021,"weight":3.776},
{"Node_id":13023,"weight":1.5279},
{"Node_id":13024,"weight":2.7748},
{"Node_id":13025,"weight":2.2716},
{"Node_id":13029,"weight":1.8965},
{"Node_id":13031,"weight":3.2071},
{"Node_id":13032,"weight":4.1579},
{"Node_id":13034,"weight":2.1851},
{"Node_id":13035,"weight":2.4923},
{"Node_id":13036,"weight":1.452},
{"Node_id":13037,"weight":2.1145},
{"Node_id":13041,"weight":5.1616},
{"Node_id":13043,"weight":1.5666},
{"Node_id":13044,"weight":1.9332},
{"Node_id":13046,"weight":1.8712},
{"Node_id":13047,"weight":4.2619},
{"Node_id":13048,"weight":2.145},
{"Node_id":13049,"weight":2.955},
{"Node_id":13050,"weight":4.394},
{"Node_id":13054,"weight":2.1535},
{"Node_id":13056,"weight":2.0077},
{"Node_id":13057,"weight":4.8988},
{"Node_id":13059,"weight":2.7339},
{"Node_id":13060,"weight":2.3088},
{"Node_id":13061,"weight":2.3161},
{"Node_id":13063,"weight":1.4474},
{"Node_id":13067,"weight":3.7579},
{"Node_id":13069,"weight":2.6417},
{"Node_id":13070,"weight":3.5472},
{"Node_id":13072,"weight":1.6042},
{"Node_id":13073,"weight":1.6179},
{"Node_id":13075,"weight":1.5729},
{"Node_id":13076,"weight":1.9532},
{"Node_id":13079,"weight":1.7752},
{"Node_id":13081,"weight":1.5042},
{"Node_id":13082,"weight":1.9179},
{"Node_id":13084,"weight":5.2159},
{"Node_id":13085,"weight":4.3066},
{"Node_id":13086,"weight":2.6194},
{"Node_id":13088,"weight":3.5999},
{"Node_id":13089,"weight":1.6092},
{"Node_id":13090,"weight":1.8808},
{"Node_id":13093,"weight":2.1333},
{"Node_id":13094,"weight":1.9886},
{"Node_id":13095,"weight":2.7949},
{"Node_id":13099,"weight":2.2622},
{"Node_id":13100,"weight":3.356},
{"Node_id":13101,"weight":3.2761},
{"Node_id":13106,"weight":1.9098},
{"Node_id":13107,"weight":6.0299},
{"Node_id":13108,"weight":1.7354},
{"Node_id":13114,"weight":2.5137},
{"Node_id":13115,"weight":1.8404},
{"Node_id":13116,"weight":2.3853},
{"Node_id":13123,"weight":2.1072},
{"Node_id":13124,"weight":4.4896},
{"Node_id":13125,"weight":1.5575},
{"Node_id":13131,"weight":2.3371},
{"Node_id":13133,"weight":2.1546},
{"Node_id":13134,"weight":2.2494},
{"Node_id":13135,"weight":1.4795},
{"Node_id":13141,"weight":1.4461},
{"Node_id":13144,"weight":2.1093},
{"Node_id":13145,"weight":3.9388},
{"Node_id":13146,"weight":1.5293},
{"Node_id":13152,"weight":1.5471},
{"Node_id":13155,"weight":3.6312},
{"Node_id":13156,"weight":1.5225},
{"Node_id":13157,"weight":1.4448},
{"Node_id":13163,"weight":2.4128},
{"Node_id":13168,"weight":2.3063},
{"Node_id":13169,"weight":1.6868},
{"Node_id":13171,"weight":1.7825},
{"Node_id":13173,"weight":1.5736},
{"Node_id":13174,"weight":1.4921},
{"Node_id":13176,"weight":2.9277},
{"Node_id":13177,"weight":2.3711},
{"Node_id":13178,"weight":4.7128},
{"Node_id":13180,"weight":1.7315},
{"Node_id":13181,"weight":1.6056},
{"Node_id":13182,"weight":2.2705},
{"Node_id":13183,"weight":1.9125},
{"Node_id":13185,"weight":2.2991},
{"Node_id":13186,"weight":1.452},
{"Node_id":13187,"weight":2.0029},
{"Node_id":13188,"weight":2.1503},
{"Node_id":13189,"weight":3.7011},
{"Node_id":13191,"weight":1.7947},
{"Node_id":13192,"weight":2.1439},
{"Node_id":13193,"weight":3.1833},
{"Node_id":13195,"weight":1.9027},
{"Node_id":13197,"weight":5.4685},
{"Node_id":13198,"weight":1.789},
{"Node_id":13199,"weight":3.0072},
{"Node_id":13202,"weight":3.2071},
{"Node_id":13203,"weight":1.7988},
{"Node_id":13204,"weight":1.5116},
{"Node_id":13205,"weight":1.7043},
{"Node_id":13206,"weight":5.11},
{"Node_id":13207,"weight":1.5464},
{"Node_id":13208,"weight":3.8567},
{"Node_id":13209,"weight":4.8853},
{"Node_id":13210,"weight":1.4507},
{"Node_id":13211,"weight":2.0989},
{"Node_id":13212,"weight":2.5944},
{"Node_id":13214,"weight":4.1448},
{"Node_id":13215,"weight":1.893},
{"Node_id":13216,"weight":1.8286},
{"Node_id":13218,"weight":1.5313},
{"Node_id":13219,"weight":1.4007},
{"Node_id":13220,"weight":1.8652},
{"Node_id":13221,"weight":2.8731},
{"Node_id":13223,"weight":1.7647},
{"Node_id":13225,"weight":3.5362},
{"Node_id":13226,"weight":1.4598},
{"Node_id":13227,"weight":1.5913},
{"Node_id":13229,"weight":1.4756},
{"Node_id":13231,"weight":2.231},
{"Node_id":13232,"weight":1.5603},
{"Node_id":13233,"weight":3.3999},
{"Node_id":13234,"weight":3.0275},
{"Node_id":13236,"weight":2.3931},
{"Node_id":13238,"weight":2.3346},
{"Node_id":13239,"weight":2.0436},
{"Node_id":13240,"weight":3.3683},
{"Node_id":13241,"weight":1.7276},
{"Node_id":13243,"weight":2.4505},
{"Node_id":13245,"weight":4.9126},
{"Node_id":13246,"weight":3.3777},
{"Node_id":13247,"weight":1.9868},
{"Node_id":13248,"weight":1.5382},
{"Node_id":13249,"weight":1.9905},
{"Node_id":13251,"weight":5.0141},
{"Node_id":13253,"weight":3.511},
{"Node_id":13254,"weight":3.3347},
{"Node_id":13256,"weight":4.4364},
{"Node_id":13257,"weight":1.8549},
{"Node_id":13258,"weight":2.1302},
{"Node_id":13260,"weight":2.7427},
{"Node_id":13262,"weight":2.9593},
{"Node_id":13264,"weight":2.5944},
{"Node_id":13265,"weight":1.5638},
{"Node_id":13266,"weight":2.1643},
{"Node_id":13267,"weight":3.2648},
{"Node_id":13269,"weight":2.2265},
{"Node_id":13271,"weight":2.1093},
{"Node_id":13273,"weight":1.6679},
{"Node_id":13274,"weight":2.3788},
{"Node_id":13275,"weight":1.4591},
{"Node_id":13276,"weight":2.6777},
{"Node_id":13277,"weight":1.4928},
{"Node_id":13279,"weight":2.2811},
{"Node_id":13281,"weight":4.2619},
{"Node_id":13283,"weight":2.0887},
{"Node_id":13284,"weight":1.5499},
{"Node_id":13286,"weight":4.6155},
{"Node_id":13287,"weight":2.1082},
{"Node_id":13288,"weight":1.7914},
{"Node_id":13290,"weight":3.6312},
{"Node_id":13292,"weight":1.8328},
{"Node_id":13294,"weight":1.9459},
{"Node_id":13295,"weight":3.0715},
{"Node_id":13297,"weight":2.8324},
{"Node_id":13298,"weight":3.3529},
{"Node_id":13319,"weight":1.6361},
{"Node_id":13325,"weight":1.8764},
{"Node_id":13341,"weight":2.658},
{"Node_id":13342,"weight":2.2657},
{"Node_id":13343,"weight":1.6921},
{"Node_id":13344,"weight":4.1778},
{"Node_id":13345,"weight":1.7711},
{"Node_id":13346,"weight":2.401},
{"Node_id":13347,"weight":2.5066},
{"Node_id":13348,"weight":3.2098},
{"Node_id":13349,"weight":1.8974},
{"Node_id":13350,"weight":3.7011},
{"Node_id":13351,"weight":1.5042},
{"Node_id":13352,"weight":2.0134},
{"Node_id":13353,"weight":2.1386},
{"Node_id":13354,"weight":2.8248},
{"Node_id":13355,"weight":1.6582},
{"Node_id":13356,"weight":2.5371},
{"Node_id":13357,"weight":5.9496},
{"Node_id":13358,"weight":2.0407},
{"Node_id":13359,"weight":1.7448},
{"Node_id":13372,"weight":1.4338},
{"Node_id":13383,"weight":2.0535},
{"Node_id":13384,"weight":1.5589},
{"Node_id":13385,"weight":2.7098},
{"Node_id":13388,"weight":3.4795},
{"Node_id":13390,"weight":1.6523},
{"Node_id":13391,"weight":2.6162},
{"Node_id":13393,"weight":2.0077},
{"Node_id":13394,"weight":3.9936},
{"Node_id":13397,"weight":1.4064},
{"Node_id":13398,"weight":1.5049},
{"Node_id":13402,"weight":1.5218},
{"Node_id":13403,"weight":1.3919},
{"Node_id":13408,"weight":1.4928},
{"Node_id":13409,"weight":2.5415},
{"Node_id":13415,"weight":2.1323},
{"Node_id":13416,"weight":2.0077},
{"Node_id":13421,"weight":1.7448},
{"Node_id":13423,"weight":4.8853},
{"Node_id":13424,"weight":2.9852},
{"Node_id":13429,"weight":4.4896},
{"Node_id":13430,"weight":1.4559},
{"Node_id":13432,"weight":9.223372E18},
{"Node_id":13433,"weight":2.1397},
{"Node_id":13438,"weight":2.0775},
{"Node_id":13439,"weight":1.8808},
{"Node_id":13441,"weight":1.4223},
{"Node_id":13442,"weight":2.4142},
{"Node_id":13448,"weight":5.0609},
{"Node_id":13451,"weight":2.0856},
{"Node_id":13452,"weight":2.1557},
{"Node_id":13462,"weight":9.2102},
{"Node_id":13463,"weight":1.5197},
{"Node_id":13474,"weight":4.2692},
{"Node_id":13475,"weight":2.4115},
{"Node_id":13487,"weight":2.2587},
{"Node_id":13488,"weight":1.9188},
{"Node_id":13499,"weight":2.8191},
{"Node_id":13501,"weight":1.7543},
{"Node_id":13502,"weight":1.9746},
{"Node_id":13512,"weight":1.9532},
{"Node_id":13516,"weight":3.2151},
{"Node_id":13521,"weight":1.8886},
{"Node_id":13523,"weight":1.7615},
{"Node_id":13527,"weight":1.6959},
{"Node_id":13530,"weight":2.2174},
{"Node_id":13534,"weight":2.4342},
{"Node_id":13537,"weight":1.6974},
{"Node_id":13542,"weight":2.4248},
{"Node_id":13550,"weight":1.6427},
{"Node_id":13555,"weight":2.7931},
{"Node_id":13559,"weight":1.7736},
{"Node_id":13563,"weight":2.7029},
{"Node_id":13566,"weight":2.6305},
{"Node_id":13567,"weight":2.6911},
{"Node_id":13568,"weight":2.9529},
{"Node_id":13569,"weight":2.3635},
{"Node_id":13573,"weight":2.3609},
{"Node_id":13574,"weight":2.0289},
{"Node_id":13575,"weight":1.4729},
{"Node_id":13576,"weight":1.7575},
{"Node_id":13577,"weight":2.936},
{"Node_id":13579,"weight":1.4749},
{"Node_id":13581,"weight":1.5334},
{"Node_id":13583,"weight":2.1429},
{"Node_id":13584,"weight":2.4396},
{"Node_id":13586,"weight":2.2811},
{"Node_id":13587,"weight":1.6208},
{"Node_id":13588,"weight":1.7906},
{"Node_id":13590,"weight":1.8029},
{"Node_id":13592,"weight":1.3982},
{"Node_id":13596,"weight":1.7354},
{"Node_id":13597,"weight":2.4754},
{"Node_id":13598,"weight":2.4302},
{"Node_id":13638,"weight":1.7898},
{"Node_id":13639,"weight":1.7043},
{"Node_id":13640,"weight":1.6612},
{"Node_id":13641,"weight":1.8669},
{"Node_id":13642,"weight":1.6762},
{"Node_id":13643,"weight":2.2208},
{"Node_id":13644,"weight":3.0297},
{"Node_id":13645,"weight":2.4262},
{"Node_id":13646,"weight":2.4155},
{"Node_id":13647,"weight":3.2017},
{"Node_id":13648,"weight":2.4866},
{"Node_id":13649,"weight":2.9939},
{"Node_id":13650,"weight":4.4538},
{"Node_id":13651,"weight":2.1796},
{"Node_id":13652,"weight":1.8523},
{"Node_id":13653,"weight":2.0038},
{"Node_id":13654,"weight":1.9934},
{"Node_id":13655,"weight":1.5652},
{"Node_id":13656,"weight":1.6792},
{"Node_id":13657,"weight":1.561},
{"Node_id":13658,"weight":1.5892},
{"Node_id":13659,"weight":1.6006},
{"Node_id":13660,"weight":1.7377},
{"Node_id":13661,"weight":2.3321},
{"Node_id":13662,"weight":2.0202},
{"Node_id":13663,"weight":4.284},
{"Node_id":13664,"weight":3.4969},
{"Node_id":13665,"weight":1.5736},
{"Node_id":13666,"weight":1.7857},
{"Node_id":13667,"weight":2.3271},
{"Node_id":13668,"weight":1.873},
{"Node_id":13669,"weight":2.0685},
{"Node_id":13670,"weight":1.8506},
{"Node_id":13671,"weight":2.5609},
{"Node_id":13672,"weight":1.6034},
{"Node_id":13673,"weight":2.0358},
{"Node_id":13674,"weight":3.3808},
{"Node_id":13675,"weight":2.2599},
{"Node_id":13676,"weight":3.6801},
{"Node_id":13677,"weight":5.1441},
{"Node_id":13678,"weight":4.0396},
{"Node_id":13679,"weight":2.1611},
{"Node_id":13680,"weight":4.7832},
{"Node_id":13681,"weight":3.4258},
{"Node_id":13682,"weight":2.6662},
{"Node_id":13683,"weight":2.4208},
{"Node_id":13684,"weight":1.5687},
{"Node_id":13685,"weight":2.8191},
{"Node_id":13686,"weight":1.4935},
{"Node_id":13687,"weight":1.7362},
{"Node_id":13688,"weight":1.7808},
{"Node_id":13689,"weight":2.1503},
{"Node_id":13690,"weight":6.1637},
{"Node_id":13691,"weight":1.9359},
{"Node_id":13692,"weight":3.3287},
{"Node_id":13693,"weight":3.0458},
{"Node_id":13694,"weight":2.1165},
{"Node_id":13695,"weight":1.5022},
{"Node_id":13696,"weight":2.5066},
{"Node_id":13699,"weight":1.4281},
{"Node_id":13700,"weight":2.4089},
{"Node_id":13701,"weight":1.7615},
{"Node_id":13702,"weight":1.4995},
{"Node_id":13703,"weight":1.9597},
{"Node_id":13704,"weight":2.955},
{"Node_id":13707,"weight":2.4235},
{"Node_id":13708,"weight":1.6634},
{"Node_id":13714,"weight":1.9915},
{"Node_id":13717,"weight":1.6273},
{"Node_id":13721,"weight":2.7986},
{"Node_id":13726,"weight":6.0725},
{"Node_id":13732,"weight":3.8275},
{"Node_id":13739,"weight":2.1302},
{"Node_id":13744,"weight":2.2129},
{"Node_id":13745,"weight":1.683},
{"Node_id":13746,"weight":3.3621},
{"Node_id":13747,"weight":3.4692},
{"Node_id":13751,"weight":2.9635},
{"Node_id":13752,"weight":1.8965},
{"Node_id":13754,"weight":1.6883},
{"Node_id":13757,"weight":4.2331},
{"Node_id":13759,"weight":2.5474},
{"Node_id":13762,"weight":4.1711},
{"Node_id":13764,"weight":1.4128},
{"Node_id":13766,"weight":1.6951},
{"Node_id":13770,"weight":2.7712},
{"Node_id":13774,"weight":2.0397},
{"Node_id":13777,"weight":3.2676},
{"Node_id":13779,"weight":2.1062},
{"Node_id":13780,"weight":1.5949},
{"Node_id":13781,"weight":2.0705},
{"Node_id":13782,"weight":5.1441},
{"Node_id":13783,"weight":1.9018},
{"Node_id":13784,"weight":1.5582},
{"Node_id":13785,"weight":1.9477},
{"Node_id":13786,"weight":3.4095},
{"Node_id":13787,"weight":1.798},
{"Node_id":13788,"weight":3.8132},
{"Node_id":13789,"weight":5.1794},
{"Node_id":13790,"weight":8.1114},
{"Node_id":13791,"weight":3.5732},
{"Node_id":13792,"weight":6.5699},
{"Node_id":13793,"weight":1.8506},
{"Node_id":13794,"weight":3.2098},
{"Node_id":13795,"weight":2.1665},
{"Node_id":13796,"weight":1.6056},
{"Node_id":13797,"weight":4.5653},
{"Node_id":13798,"weight":2.0959},
{"Node_id":13799,"weight":3.1099},
{"Node_id":13800,"weight":2.2907},
{"Node_id":13801,"weight":5.2734},
{"Node_id":13802,"weight":3.8372},
{"Node_id":13803,"weight":1.6649},
{"Node_id":13804,"weight":2.5775},
{"Node_id":13805,"weight":3.0929},
{"Node_id":13806,"weight":1.7036},
{"Node_id":13807,"weight":2.5297},
{"Node_id":13808,"weight":1.917},
{"Node_id":13809,"weight":1.5416},
{"Node_id":13810,"weight":2.5913},
{"Node_id":13811,"weight":2.2006},
{"Node_id":13812,"weight":2.2073},
{"Node_id":13813,"weight":1.7346},
{"Node_id":13814,"weight":1.7252},
{"Node_id":13815,"weight":2.2871},
{"Node_id":13816,"weight":2.375},
{"Node_id":13817,"weight":1.9487},
{"Node_id":13818,"weight":2.5684},
{"Node_id":13819,"weight":2.4221},
{"Node_id":13820,"weight":1.6523},
{"Node_id":13821,"weight":2.1031},
{"Node_id":13822,"weight":1.7607},
{"Node_id":13823,"weight":1.4045},
{"Node_id":13824,"weight":2.3321},
{"Node_id":13825,"weight":3.5146},
{"Node_id":13826,"weight":3.7991},
{"Node_id":13827,"weight":2.5534},
{"Node_id":13828,"weight":2.2028},
{"Node_id":13829,"weight":1.9896},
{"Node_id":13830,"weight":1.8843},
{"Node_id":13831,"weight":2.8381},
{"Node_id":13832,"weight":1.5076},
{"Node_id":13833,"weight":2.184},
{"Node_id":13834,"weight":2.0416},
{"Node_id":13835,"weight":3.7579},
{"Node_id":13836,"weight":1.9296},
{"Node_id":13837,"weight":2.1093},
{"Node_id":13838,"weight":2.7876},
{"Node_id":13839,"weight":2.2657},
{"Node_id":13840,"weight":3.1651},
{"Node_id":13841,"weight":4.0163},
{"Node_id":13842,"weight":2.0192},
{"Node_id":13843,"weight":2.6678},
{"Node_id":13844,"weight":2.4768},
{"Node_id":13845,"weight":1.5245},
{"Node_id":13846,"weight":4.7954},
{"Node_id":13847,"weight":1.9896},
{"Node_id":13848,"weight":2.3075},
{"Node_id":13849,"weight":2.5023},
{"Node_id":13850,"weight":1.421},
{"Node_id":13851,"weight":1.7151},
{"Node_id":13852,"weight":1.5575},
{"Node_id":13853,"weight":1.9634},
{"Node_id":13854,"weight":1.4178},
{"Node_id":13855,"weight":4.6469},
{"Node_id":13856,"weight":1.9232},
{"Node_id":13857,"weight":1.8635},
{"Node_id":13858,"weight":2.7676},
{"Node_id":13859,"weight":5.1975},
{"Node_id":13860,"weight":2.31},
{"Node_id":13861,"weight":2.2967},
{"Node_id":13862,"weight":1.7198},
{"Node_id":13863,"weight":3.7669},
{"Node_id":13864,"weight":2.1186},
{"Node_id":13865,"weight":1.8974},
{"Node_id":13866,"weight":1.4533},
{"Node_id":13867,"weight":2.3931},
{"Node_id":13869,"weight":2.0134},
{"Node_id":13870,"weight":1.9934},
{"Node_id":13871,"weight":1.9542},
{"Node_id":13872,"weight":4.1711},
{"Node_id":13874,"weight":2.5312},
{"Node_id":13875,"weight":4.1002},
{"Node_id":13876,"weight":5.2159},
{"Node_id":13877,"weight":2.8613},
{"Node_id":13878,"weight":1.5842},
{"Node_id":13880,"weight":1.4448},
{"Node_id":13881,"weight":2.9092},
{"Node_id":13882,"weight":2.1578},
{"Node_id":13883,"weight":3.9072},
{"Node_id":13884,"weight":2.1862},
{"Node_id":13886,"weight":1.7097},
{"Node_id":13887,"weight":1.3913},
{"Node_id":13888,"weight":5.4448},
{"Node_id":13889,"weight":2.1072},
{"Node_id":13890,"weight":1.7464},
{"Node_id":13891,"weight":2.7235},
{"Node_id":13892,"weight":3.483},
{"Node_id":13893,"weight":2.3699},
{"Node_id":13896,"weight":3.1651},
{"Node_id":13899,"weight":1.9625},
{"Node_id":13901,"weight":2.8023},
{"Node_id":13904,"weight":3.776},
{"Node_id":13906,"weight":2.0515},
{"Node_id":13908,"weight":1.5561},
{"Node_id":13910,"weight":1.7841},
{"Node_id":13911,"weight":1.4578},
{"Node_id":13912,"weight":2.0231},
{"Node_id":13913,"weight":1.5779},
{"Node_id":13914,"weight":3.7715},
{"Node_id":13915,"weight":1.5035},
{"Node_id":13916,"weight":1.597},
{"Node_id":13917,"weight":1.7881},
{"Node_id":13918,"weight":2.474},
{"Node_id":13919,"weight":5.077},
{"Node_id":13920,"weight":2.0887},
{"Node_id":13921,"weight":2.7766},
{"Node_id":13922,"weight":2.5929},
{"Node_id":13923,"weight":2.0816},
{"Node_id":13924,"weight":2.1906},
{"Node_id":13925,"weight":1.8609},
{"Node_id":13926,"weight":1.6694},
{"Node_id":13927,"weight":2.6945},
{"Node_id":13928,"weight":3.6843},
{"Node_id":13929,"weight":2.6037},
{"Node_id":13932,"weight":3.4356},
{"Node_id":13934,"weight":3.5999},
{"Node_id":13935,"weight":4.7832},
{"Node_id":13937,"weight":1.9441},
{"Node_id":13938,"weight":2.1397},
{"Node_id":13939,"weight":4.3858},
{"Node_id":13940,"weight":1.5863},
{"Node_id":13941,"weight":1.7873},
{"Node_id":13942,"weight":1.4448},
{"Node_id":13944,"weight":3.6233},
{"Node_id":13945,"weight":2.5341},
{"Node_id":13946,"weight":2.6482},
{"Node_id":13947,"weight":2.2095},
{"Node_id":13948,"weight":2.2634},
{"Node_id":13949,"weight":1.653},
{"Node_id":13950,"weight":1.397},
{"Node_id":13951,"weight":2.5166},
{"Node_id":13952,"weight":1.9468},
{"Node_id":13953,"weight":2.0338},
{"Node_id":13954,"weight":1.7528},
{"Node_id":13955,"weight":1.53},
{"Node_id":13958,"weight":2.5699},
{"Node_id":13960,"weight":3.8969},
{"Node_id":13961,"weight":1.8087},
{"Node_id":13963,"weight":2.5023},
{"Node_id":13964,"weight":2.6498},
{"Node_id":13965,"weight":1.9514},
{"Node_id":13967,"weight":2.8516},
{"Node_id":13968,"weight":2.4023},
{"Node_id":13969,"weight":1.4204},
{"Node_id":13970,"weight":1.9634},
{"Node_id":13972,"weight":3.356},
{"Node_id":13973,"weight":1.832},
{"Node_id":13974,"weight":2.366},
{"Node_id":13975,"weight":2.1557},
{"Node_id":13976,"weight":3.1912},
{"Node_id":13978,"weight":1.561},
{"Node_id":13979,"weight":1.7488},
{"Node_id":13980,"weight":1.5786},
{"Node_id":13981,"weight":2.0585},
{"Node_id":13982,"weight":2.9808},
{"Node_id":13983,"weight":3.4899},
{"Node_id":13985,"weight":2.0918},
{"Node_id":13986,"weight":2.6242},
{"Node_id":13987,"weight":2.6979},
{"Node_id":13988,"weight":2.366},
{"Node_id":13989,"weight":1.893},
{"Node_id":13990,"weight":3.5362},
{"Node_id":13993,"weight":2.0625},
{"Node_id":13994,"weight":1.5055},
{"Node_id":13995,"weight":2.5137},
{"Node_id":13996,"weight":2.7392},
{"Node_id":13997,"weight":1.5136},
{"Node_id":13998,"weight":3.0715},
{"Node_id":14001,"weight":2.4342},
{"Node_id":14002,"weight":1.414},
{"Node_id":14003,"weight":2.4574},
{"Node_id":14004,"weight":5.3992},
{"Node_id":14005,"weight":1.4995},
{"Node_id":14006,"weight":2.748},
{"Node_id":14010,"weight":1.9905},
{"Node_id":14011,"weight":1.7323},
{"Node_id":14012,"weight":6.6441},
{"Node_id":14013,"weight":4.226},
{"Node_id":14014,"weight":2.2506},
{"Node_id":14015,"weight":1.5506},
{"Node_id":14018,"weight":1.5942},
{"Node_id":14020,"weight":1.4975},
{"Node_id":14021,"weight":2.1031},
{"Node_id":14022,"weight":1.7315},
{"Node_id":14023,"weight":4.0574},
{"Node_id":14024,"weight":2.9215},
{"Node_id":14025,"weight":2.9808},
{"Node_id":14028,"weight":1.8652},
{"Node_id":14029,"weight":3.7991},
{"Node_id":14030,"weight":1.8128},
{"Node_id":14031,"weight":2.9808},
{"Node_id":14032,"weight":4.2402},
{"Node_id":14033,"weight":1.935},
{"Node_id":14034,"weight":1.6792},
{"Node_id":14035,"weight":3.2591},
{"Node_id":14036,"weight":1.6538},
{"Node_id":14037,"weight":2.1568},
{"Node_id":14038,"weight":3.1781},
{"Node_id":14039,"weight":2.881},
{"Node_id":14040,"weight":1.4848},
{"Node_id":14041,"weight":1.5793},
{"Node_id":14042,"weight":3.1833},
{"Node_id":14043,"weight":2.7857},
{"Node_id":14044,"weight":1.659},
{"Node_id":14045,"weight":1.6754},
{"Node_id":14046,"weight":1.7575},
{"Node_id":14047,"weight":2.2955},
{"Node_id":14048,"weight":2.0202},
{"Node_id":14049,"weight":2.7235},
{"Node_id":14050,"weight":2.1796},
{"Node_id":14051,"weight":2.7339},
{"Node_id":14052,"weight":3.3967},
{"Node_id":14053,"weight":2.4208},
{"Node_id":14054,"weight":1.5652},
{"Node_id":14055,"weight":2.6945},
{"Node_id":14056,"weight":4.1064},
{"Node_id":14057,"weight":1.5715},
{"Node_id":14058,"weight":1.4723},
{"Node_id":14059,"weight":3.0435},
{"Node_id":14060,"weight":1.5259},
{"Node_id":14061,"weight":2.1312},
{"Node_id":14062,"weight":1.5002},
{"Node_id":14063,"weight":6.3182},
{"Node_id":14064,"weight":2.0745},
{"Node_id":14065,"weight":1.4822},
{"Node_id":14066,"weight":1.4848},
{"Node_id":14067,"weight":2.0436},
{"Node_id":14068,"weight":1.9905},
{"Node_id":14069,"weight":2.4852},
{"Node_id":14070,"weight":1.8643},
{"Node_id":14071,"weight":3.1651},
{"Node_id":14072,"weight":3.7357},
{"Node_id":14073,"weight":1.3932},
{"Node_id":14074,"weight":1.4975},
{"Node_id":14075,"weight":1.8037},
{"Node_id":14076,"weight":1.5963},
{"Node_id":14077,"weight":2.5224},
{"Node_id":14078,"weight":3.842},
{"Node_id":14079,"weight":2.1622},
{"Node_id":14080,"weight":1.8515},
{"Node_id":14081,"weight":5.8401},
{"Node_id":14082,"weight":1.6906},
{"Node_id":14083,"weight":1.7736},
{"Node_id":14084,"weight":1.9296},
{"Node_id":14085,"weight":2.7857},
{"Node_id":14086,"weight":2.3546},
{"Node_id":14087,"weight":3.776},
{"Node_id":14088,"weight":4.0694},
{"Node_id":14089,"weight":2.4671},
{"Node_id":14090,"weight":2.173},
{"Node_id":14091,"weight":1.752},
{"Node_id":14092,"weight":2.0038},
{"Node_id":14093,"weight":1.4371},
{"Node_id":14094,"weight":2.7081},
{"Node_id":14095,"weight":1.4835},
{"Node_id":14096,"weight":1.9962},
{"Node_id":14097,"weight":2.727},
{"Node_id":14098,"weight":2.2517},
{"Node_id":14099,"weight":2.3648},
{"Node_id":14100,"weight":3.596},
{"Node_id":14101,"weight":2.6257},
{"Node_id":14102,"weight":2.4275},
{"Node_id":14103,"weight":1.9277},
{"Node_id":14104,"weight":2.3866},
{"Node_id":14105,"weight":5.3992},
{"Node_id":14106,"weight":1.4624},
{"Node_id":14107,"weight":1.5485},
{"Node_id":14108,"weight":2.3395},
{"Node_id":14109,"weight":1.8895},
{"Node_id":14110,"weight":2.4588},
{"Node_id":14111,"weight":2.2799},
{"Node_id":14112,"weight":2.8652},
{"Node_id":14113,"weight":1.5062},
{"Node_id":14114,"weight":1.4881},
{"Node_id":14115,"weight":1.5842},
{"Node_id":14116,"weight":1.4921},
{"Node_id":14117,"weight":1.8078},
{"Node_id":14118,"weight":1.776},
{"Node_id":14119,"weight":3.305},
{"Node_id":14120,"weight":2.5959},
{"Node_id":14121,"weight":1.6974},
{"Node_id":14122,"weight":2.2196},
{"Node_id":14123,"weight":1.4848},
{"Node_id":14124,"weight":2.881},
{"Node_id":14125,"weight":1.7401},
{"Node_id":14126,"weight":2.3234},
{"Node_id":14127,"weight":1.6208},
{"Node_id":14128,"weight":2.6563},
{"Node_id":14129,"weight":1.6486},
{"Node_id":14130,"weight":1.9332},
{"Node_id":14131,"weight":1.8523},
{"Node_id":14132,"weight":2.8229},
{"Node_id":14133,"weight":2.5579},
{"Node_id":14134,"weight":2.6401},
{"Node_id":14135,"weight":1.5272},
{"Node_id":14136,"weight":1.5368},
{"Node_id":14137,"weight":4.8078},
{"Node_id":14138,"weight":1.9868},
{"Node_id":14140,"weight":1.9287},
{"Node_id":14141,"weight":1.5049},
{"Node_id":14143,"weight":1.5977},
{"Node_id":14144,"weight":2.5489},
{"Node_id":14145,"weight":2.1928},
{"Node_id":14147,"weight":2.3776},
{"Node_id":14148,"weight":2.2799},
{"Node_id":14149,"weight":2.4369},
{"Node_id":14150,"weight":3.0881},
{"Node_id":14151,"weight":1.4565},
{"Node_id":14152,"weight":2.0816},
{"Node_id":14153,"weight":2.7784},
{"Node_id":14155,"weight":2.0907},
{"Node_id":14156,"weight":6.0725},
{"Node_id":14157,"weight":2.8574},
{"Node_id":14158,"weight":1.4178},
{"Node_id":14159,"weight":1.5992},
{"Node_id":14160,"weight":2.1719},
{"Node_id":14161,"weight":1.5035},
{"Node_id":14162,"weight":1.3882},
{"Node_id":14163,"weight":2.2576},
{"Node_id":14164,"weight":3.3652},
{"Node_id":14165,"weight":2.5254},
{"Node_id":14166,"weight":1.7105},
{"Node_id":14167,"weight":4.8458},
{"Node_id":14168,"weight":2.2552},
{"Node_id":14169,"weight":1.3988},
{"Node_id":14170,"weight":1.4172},
{"Node_id":14171,"weight":1.6523},
{"Node_id":14172,"weight":1.7963},
{"Node_id":14173,"weight":4.1002},
{"Node_id":14174,"weight":2.5066},
{"Node_id":14175,"weight":2.5385},
{"Node_id":14176,"weight":2.877},
{"Node_id":14177,"weight":1.9523},
{"Node_id":14178,"weight":2.5714},
{"Node_id":14179,"weight":1.4565},
{"Node_id":14180,"weight":1.744},
{"Node_id":14181,"weight":1.6732},
{"Node_id":14182,"weight":1.798},
{"Node_id":14183,"weight":1.9305},
{"Node_id":14184,"weight":1.4229},
{"Node_id":14185,"weight":1.543},
{"Node_id":14186,"weight":4.1711},
{"Node_id":14187,"weight":2.6711},
{"Node_id":14188,"weight":2.205},
{"Node_id":14189,"weight":3.1347},
{"Node_id":14190,"weight":1.4815},
{"Node_id":14191,"weight":1.752},
{"Node_id":14192,"weight":3.0252},
{"Node_id":14193,"weight":1.6368},
{"Node_id":14194,"weight":2.9593},
{"Node_id":14195,"weight":3.1964},
{"Node_id":14196,"weight":2.0565},
{"Node_id":14197,"weight":1.9296},
{"Node_id":14198,"weight":1.8136},
{"Node_id":14199,"weight":2.2242},
{"Node_id":14200,"weight":2.3571},
{"Node_id":14201,"weight":3.8038},
{"Node_id":14202,"weight":2.0938},
{"Node_id":14203,"weight":2.0745},
{"Node_id":14204,"weight":2.5123},
{"Node_id":14205,"weight":1.5786},
{"Node_id":14206,"weight":1.726},
{"Node_id":14207,"weight":1.4663},
{"Node_id":14208,"weight":2.6563},
{"Node_id":14209,"weight":1.4147},
{"Node_id":14210,"weight":2.9011},
{"Node_id":14211,"weight":5.2347},
{"Node_id":14212,"weight":3.4095},
{"Node_id":14213,"weight":3.4225},
{"Node_id":14214,"weight":1.8557},
{"Node_id":14215,"weight":2.6498},
{"Node_id":14216,"weight":2.1134},
{"Node_id":14217,"weight":2.366},
{"Node_id":14218,"weight":1.9395},
{"Node_id":14219,"weight":3.1859},
{"Node_id":14220,"weight":2.2907},
{"Node_id":14221,"weight":1.8337},
{"Node_id":14222,"weight":1.5652},
{"Node_id":14223,"weight":2.543},
{"Node_id":14224,"weight":5.8061},
{"Node_id":14225,"weight":3.6969},
{"Node_id":14226,"weight":2.1774},
{"Node_id":14227,"weight":1.4795},
{"Node_id":14228,"weight":1.3944},
{"Node_id":14229,"weight":2.3222},
{"Node_id":14230,"weight":1.8012},
{"Node_id":14231,"weight":5.2933},
{"Node_id":14232,"weight":3.3079},
{"Node_id":14233,"weight":4.4278},
{"Node_id":14234,"weight":1.5652},
{"Node_id":14235,"weight":2.5944},
{"Node_id":14236,"weight":2.0856},
{"Node_id":14237,"weight":1.5029},
{"Node_id":14238,"weight":2.8751},
{"Node_id":14239,"weight":1.5361},
{"Node_id":14240,"weight":3.2342},
{"Node_id":14241,"weight":1.9432},
{"Node_id":14242,"weight":1.639},
{"Node_id":14243,"weight":2.0436},
{"Node_id":14246,"weight":5.7105},
{"Node_id":14249,"weight":2.0019},
{"Node_id":14251,"weight":3.9124},
{"Node_id":14254,"weight":1.7841},
{"Node_id":14258,"weight":2.5975},
{"Node_id":14261,"weight":2.1418},
{"Node_id":14263,"weight":1.9098},
{"Node_id":14266,"weight":1.4242},
{"Node_id":14269,"weight":2.5913},
{"Node_id":14272,"weight":1.6822},
{"Node_id":14276,"weight":3.5004},
{"Node_id":14279,"weight":1.4096},
{"Node_id":14283,"weight":1.8834},
{"Node_id":14284,"weight":1.6657},
{"Node_id":14285,"weight":2.0918},
{"Node_id":14286,"weight":4.8588},
{"Node_id":14287,"weight":2.9257},
{"Node_id":14288,"weight":3.4323},
{"Node_id":14294,"weight":1.6258},
{"Node_id":14297,"weight":2.0154},
{"Node_id":14298,"weight":1.8756},
{"Node_id":14326,"weight":1.5423},
{"Node_id":14333,"weight":2.5254},
{"Node_id":14334,"weight":1.8808},
{"Node_id":14341,"weight":2.8496},
{"Node_id":14342,"weight":1.8178},
{"Node_id":14350,"weight":1.8153},
{"Node_id":14351,"weight":2.4302},
{"Node_id":14353,"weight":2.2611},
{"Node_id":14354,"weight":4.1982},
{"Node_id":14355,"weight":3.6392},
{"Node_id":14356,"weight":1.9727},
{"Node_id":14357,"weight":5.7414},
{"Node_id":14358,"weight":3.0929},
{"Node_id":14359,"weight":2.3609},
{"Node_id":14360,"weight":1.7113},
{"Node_id":14361,"weight":1.4268},
{"Node_id":14364,"weight":2.9896},
{"Node_id":14365,"weight":2.0938},
{"Node_id":14366,"weight":3.6718},
{"Node_id":14367,"weight":2.1124},
{"Node_id":14368,"weight":2.5519},
{"Node_id":14369,"weight":2.3445},
{"Node_id":14370,"weight":1.5527},
{"Node_id":14371,"weight":1.752},
{"Node_id":14372,"weight":2.7658},
{"Node_id":14373,"weight":1.9241},
{"Node_id":14374,"weight":1.8506},
{"Node_id":14375,"weight":2.4951},
{"Node_id":14376,"weight":3.3168},
{"Node_id":14377,"weight":1.9368},
{"Node_id":14378,"weight":2.2599},
{"Node_id":14379,"weight":1.8532},
{"Node_id":14380,"weight":2.2379},
{"Node_id":14381,"weight":1.8379},
{"Node_id":14382,"weight":3.6718},
{"Node_id":14383,"weight":1.6317},
{"Node_id":14384,"weight":3.7624},
{"Node_id":14385,"weight":1.5617},
{"Node_id":14386,"weight":1.8566},
{"Node_id":14387,"weight":1.8575},
{"Node_id":14388,"weight":1.6013},
{"Node_id":14390,"weight":3.2648},
{"Node_id":14392,"weight":2.508},
{"Node_id":14393,"weight":1.4198},
{"Node_id":14394,"weight":2.4478},
{"Node_id":14395,"weight":1.4474},
{"Node_id":14396,"weight":3.0229},
{"Node_id":14397,"weight":2.0377},
{"Node_id":14398,"weight":1.5218},
{"Node_id":14401,"weight":2.0555},
{"Node_id":14403,"weight":1.8261},
{"Node_id":14404,"weight":2.887},
{"Node_id":14406,"weight":1.7898},
{"Node_id":14407,"weight":3.3999},
{"Node_id":14408,"weight":2.0545},
{"Node_id":14410,"weight":2.0928},
{"Node_id":14411,"weight":2.0105},
{"Node_id":14412,"weight":1.5582},
{"Node_id":14415,"weight":2.6466},
{"Node_id":14416,"weight":1.4134},
{"Node_id":14417,"weight":1.8186},
{"Node_id":14421,"weight":3.5922},
{"Node_id":14422,"weight":1.8371},
{"Node_id":14423,"weight":2.5564},
{"Node_id":14426,"weight":1.4293},
{"Node_id":14428,"weight":2.2028},
{"Node_id":14429,"weight":3.2905},
{"Node_id":14430,"weight":3.7357},
{"Node_id":14433,"weight":1.6368},
{"Node_id":14434,"weight":1.9188},
{"Node_id":14436,"weight":5.045},
{"Node_id":14437,"weight":3.3168},
{"Node_id":14438,"weight":2.5356},
{"Node_id":14441,"weight":3.8817},
{"Node_id":14444,"weight":1.9395},
{"Node_id":14445,"weight":1.4915},
{"Node_id":14446,"weight":1.6936},
{"Node_id":14449,"weight":3.3746},
{"Node_id":14453,"weight":1.8843},
{"Node_id":14454,"weight":1.45},
{"Node_id":14455,"weight":2.2847},
{"Node_id":14458,"weight":1.4442},
{"Node_id":14463,"weight":1.9662},
{"Node_id":14464,"weight":1.6324},
{"Node_id":14465,"weight":1.7456},
{"Node_id":14468,"weight":1.6717},
{"Node_id":14474,"weight":3.1964},
{"Node_id":14475,"weight":1.5069},
{"Node_id":14476,"weight":2.2219},
{"Node_id":14479,"weight":2.3027},
{"Node_id":14491,"weight":2.4895},
{"Node_id":14494,"weight":2.2118},
{"Node_id":14498,"weight":1.45},
{"Node_id":14503,"weight":1.656},
{"Node_id":14506,"weight":2.1503},
{"Node_id":14509,"weight":1.4703},
{"Node_id":14512,"weight":3.1148},
{"Node_id":14516,"weight":1.5715},
{"Node_id":14519,"weight":1.5771},
{"Node_id":14521,"weight":2.1093},
{"Node_id":14524,"weight":3.2847},
{"Node_id":14527,"weight":1.8211},
{"Node_id":14532,"weight":1.5863},
{"Node_id":14535,"weight":1.4789},
{"Node_id":14541,"weight":2.3905},
{"Node_id":14544,"weight":2.2859},
{"Node_id":14551,"weight":1.6739},
{"Node_id":14554,"weight":1.4591},
{"Node_id":14562,"weight":1.854},
{"Node_id":14565,"weight":2.3027},
{"Node_id":14571,"weight":2.5094},
{"Node_id":14574,"weight":2.8535},
{"Node_id":14577,"weight":1.5382},
{"Node_id":14583,"weight":2.401},
{"Node_id":14584,"weight":6.8113},
{"Node_id":14587,"weight":2.2265},
{"Node_id":14590,"weight":2.5474},
{"Node_id":14596,"weight":4.3858},
{"Node_id":14597,"weight":4.3614},
{"Node_id":14598,"weight":3.1807},
{"Node_id":14601,"weight":1.7988},
{"Node_id":14604,"weight":1.8128},
{"Node_id":14610,"weight":3.6352},
{"Node_id":14612,"weight":1.9395},
{"Node_id":14616,"weight":2.3711},
{"Node_id":14617,"weight":4.0221},
{"Node_id":14619,"weight":4.1127},
{"Node_id":14625,"weight":3.9549},
{"Node_id":14631,"weight":4.833},
{"Node_id":14632,"weight":1.5485},
{"Node_id":14633,"weight":2.3063},
{"Node_id":14634,"weight":1.8957},
{"Node_id":14635,"weight":1.8045},
{"Node_id":14636,"weight":3.1422},
{"Node_id":14637,"weight":4.1914},
{"Node_id":14638,"weight":4.3534},
{"Node_id":14639,"weight":1.6302},
{"Node_id":14640,"weight":1.8738},
{"Node_id":14641,"weight":1.5245},
{"Node_id":14642,"weight":5.0294},
{"Node_id":14643,"weight":1.5807},
{"Node_id":14644,"weight":3.8716},
{"Node_id":14645,"weight":2.2907},
{"Node_id":14646,"weight":2.6612},
{"Node_id":14647,"weight":2.2061},
{"Node_id":14648,"weight":1.5218},
{"Node_id":14649,"weight":2.2017},
{"Node_id":14650,"weight":5.3771},
{"Node_id":14651,"weight":2.3918},
{"Node_id":14652,"weight":1.5327},
{"Node_id":14653,"weight":1.5527},
{"Node_id":14654,"weight":2.2448},
{"Node_id":14655,"weight":2.1752},
{"Node_id":14656,"weight":3.0953},
{"Node_id":14658,"weight":3.1651},
{"Node_id":14661,"weight":1.8103},
{"Node_id":14665,"weight":2.3458},
{"Node_id":14669,"weight":4.1778},
{"Node_id":14670,"weight":2.1155},
{"Node_id":14674,"weight":1.8678},
{"Node_id":14675,"weight":4.8458},
{"Node_id":14676,"weight":2.7218},
{"Node_id":14680,"weight":1.5828},
{"Node_id":14681,"weight":2.0685},
{"Node_id":14682,"weight":4.2051},
{"Node_id":14683,"weight":2.7218},
{"Node_id":14687,"weight":2.9743},
{"Node_id":14688,"weight":2.4155},
{"Node_id":14689,"weight":5.3343},
{"Node_id":14690,"weight":1.5416},
{"Node_id":14691,"weight":2.6861},
{"Node_id":14695,"weight":8.517},
{"Node_id":14696,"weight":3.0095},
{"Node_id":14697,"weight":2.0416},
{"Node_id":14698,"weight":1.9839},
{"Node_id":14699,"weight":1.5561},
{"Node_id":14700,"weight":1.7971},
{"Node_id":14704,"weight":2.474},
{"Node_id":14705,"weight":1.7663},
{"Node_id":14706,"weight":3.0857},
{"Node_id":14707,"weight":1.4921},
{"Node_id":14708,"weight":1.7671},
{"Node_id":14709,"weight":4.4024},
{"Node_id":14710,"weight":1.9652},
{"Node_id":14714,"weight":1.7097},
{"Node_id":14715,"weight":1.6142},
{"Node_id":14716,"weight":2.1972},
{"Node_id":14717,"weight":2.6678},
{"Node_id":14718,"weight":1.4026},
{"Node_id":14719,"weight":2.2764},
{"Node_id":14720,"weight":2.342},
{"Node_id":14724,"weight":2.1197},
{"Node_id":14725,"weight":1.5347},
{"Node_id":14726,"weight":3.279},
{"Node_id":14727,"weight":1.8515},
{"Node_id":14728,"weight":1.5177},
{"Node_id":14729,"weight":2.401},
{"Node_id":14730,"weight":3.2205},
{"Node_id":14731,"weight":4.1254},
{"Node_id":14735,"weight":2.0836},
{"Node_id":14736,"weight":1.5197},
{"Node_id":14737,"weight":1.7825},
{"Node_id":14738,"weight":3.2818},
{"Node_id":14739,"weight":2.3853},
{"Node_id":14740,"weight":1.7074},
{"Node_id":14741,"weight":1.43},
{"Node_id":14743,"weight":3.1912},
{"Node_id":14747,"weight":1.7841},
{"Node_id":14748,"weight":1.4422},
{"Node_id":14749,"weight":2.8191},
{"Node_id":14750,"weight":3.1833},
{"Node_id":14751,"weight":3.3168},
{"Node_id":14752,"weight":2.5066},
{"Node_id":14753,"weight":2.4881},
{"Node_id":14755,"weight":1.6244},
{"Node_id":14756,"weight":1.9532},
{"Node_id":14760,"weight":1.3894},
{"Node_id":14761,"weight":1.5444},
{"Node_id":14762,"weight":2.223},
{"Node_id":14763,"weight":2.3222},
{"Node_id":14764,"weight":3.3197},
{"Node_id":14765,"weight":2.274},
{"Node_id":14766,"weight":2.4356},
{"Node_id":14768,"weight":1.822},
{"Node_id":14769,"weight":1.8583},
{"Node_id":14770,"weight":2.4221},
{"Node_id":14774,"weight":3.2314},
{"Node_id":14775,"weight":1.7151},
{"Node_id":14776,"weight":2.7063},
{"Node_id":14777,"weight":3.9282},
{"Node_id":14778,"weight":1.9934},
{"Node_id":14779,"weight":1.4377},
{"Node_id":14780,"weight":2.0836},
{"Node_id":14782,"weight":1.7089},
{"Node_id":14783,"weight":5.5429},
{"Node_id":14784,"weight":1.4371},
{"Node_id":14788,"weight":5.2159},
{"Node_id":14789,"weight":4.9989},
{"Node_id":14790,"weight":4.6053},
{"Node_id":14791,"weight":1.712},
{"Node_id":14792,"weight":1.5389},
{"Node_id":14793,"weight":5.4217},
{"Node_id":14794,"weight":1.7906},
{"Node_id":14796,"weight":1.7198},
{"Node_id":14798,"weight":5.2347},
{"Node_id":14799,"weight":1.9606},
{"Node_id":14800,"weight":1.7719},
{"Node_id":14801,"weight":1.4474},
{"Node_id":14802,"weight":2.4768},
{"Node_id":14812,"weight":1.8396},
{"Node_id":14813,"weight":1.7417},
{"Node_id":14814,"weight":2.9808},
{"Node_id":14815,"weight":4.3534},
{"Node_id":14816,"weight":2.2529},
{"Node_id":14817,"weight":1.4128},
{"Node_id":14818,"weight":1.5992},
{"Node_id":14819,"weight":1.6762},
{"Node_id":14820,"weight":2.0212},
{"Node_id":14821,"weight":3.0389},
{"Node_id":14822,"weight":3.3377},
{"Node_id":14823,"weight":2.1578},
{"Node_id":14824,"weight":2.5684},
{"Node_id":14825,"weight":3.1222},
{"Node_id":14826,"weight":4.0939},
{"Node_id":14827,"weight":2.5913},
{"Node_id":14829,"weight":1.9792},
{"Node_id":14830,"weight":2.0948},
{"Node_id":14832,"weight":2.9113},
{"Node_id":14833,"weight":1.9699},
{"Node_id":14834,"weight":1.9953},
{"Node_id":14836,"weight":3.7401},
{"Node_id":14837,"weight":1.7639},
{"Node_id":14838,"weight":1.5265},
{"Node_id":14839,"weight":3.6038},
{"Node_id":14841,"weight":1.5963},
{"Node_id":14842,"weight":2.3112},
{"Node_id":14843,"weight":3.1523},
{"Node_id":14844,"weight":2.6434},
{"Node_id":14845,"weight":2.3711},
{"Node_id":14847,"weight":2.6194},
{"Node_id":14848,"weight":1.3995},
{"Node_id":14849,"weight":1.7401},
{"Node_id":14850,"weight":2.9765},
{"Node_id":14851,"weight":2.0685},
{"Node_id":14852,"weight":1.4644},
{"Node_id":14854,"weight":1.6208},
{"Node_id":14855,"weight":1.39},
{"Node_id":14856,"weight":1.9597},
{"Node_id":14857,"weight":2.5836},
{"Node_id":14858,"weight":1.402},
{"Node_id":14859,"weight":2.1082},
{"Node_id":14860,"weight":5.5957},
{"Node_id":14861,"weight":1.8515},
{"Node_id":14862,"weight":1.4928},
{"Node_id":14863,"weight":2.1344},
{"Node_id":14864,"weight":2.4181},
{"Node_id":14865,"weight":2.1884},
{"Node_id":14867,"weight":2.6337},
{"Node_id":14868,"weight":1.7448},
{"Node_id":14869,"weight":1.6331},
{"Node_id":14870,"weight":2.0397},
{"Node_id":14871,"weight":1.7464},
{"Node_id":14872,"weight":1.9802},
{"Node_id":14873,"weight":2.027},
{"Node_id":14874,"weight":1.5828},
{"Node_id":14875,"weight":3.0504},
{"Node_id":14876,"weight":1.4281},
{"Node_id":14877,"weight":2.1557},
{"Node_id":14878,"weight":1.7881},
{"Node_id":14884,"weight":1.6575},
{"Node_id":14887,"weight":2.645},
{"Node_id":14888,"weight":1.575},
{"Node_id":14889,"weight":2.1884},
{"Node_id":14890,"weight":3.3317},
{"Node_id":14891,"weight":1.5089},
{"Node_id":14892,"weight":3.2044},
{"Node_id":14893,"weight":1.7005},
{"Node_id":14894,"weight":1.9505},
{"Node_id":14895,"weight":2.658},
{"Node_id":14896,"weight":1.7703},
{"Node_id":14897,"weight":2.9257},
{"Node_id":14898,"weight":1.5368},
{"Node_id":14899,"weight":2.7445},
{"Node_id":14900,"weight":1.9962},
{"Node_id":14901,"weight":3.4095},
{"Node_id":14902,"weight":1.4578},
{"Node_id":14903,"weight":2.31},
{"Node_id":14904,"weight":2.4951},
{"Node_id":14905,"weight":1.4468},
{"Node_id":14906,"weight":2.0231},
{"Node_id":14907,"weight":2.3445},
{"Node_id":14908,"weight":4.9989},
{"Node_id":14909,"weight":1.4631},
{"Node_id":14910,"weight":5.5957},
{"Node_id":14911,"weight":1.7504},
{"Node_id":14912,"weight":1.5513},
{"Node_id":14913,"weight":1.5764},
{"Node_id":14914,"weight":2.4049},
{"Node_id":14915,"weight":4.4896},
{"Node_id":14916,"weight":3.8567},
{"Node_id":14917,"weight":1.5708},
{"Node_id":14918,"weight":1.5582},
{"Node_id":14919,"weight":3.8616},
{"Node_id":14920,"weight":1.513},
{"Node_id":14921,"weight":5.4448},
{"Node_id":14922,"weight":2.7322},
{"Node_id":14923,"weight":1.4077},
{"Node_id":14924,"weight":6.0725},
{"Node_id":14925,"weight":1.6868},
{"Node_id":14926,"weight":1.4229},
{"Node_id":14927,"weight":2.9423},
{"Node_id":14928,"weight":1.7784},
{"Node_id":14929,"weight":2.0585},
{"Node_id":14930,"weight":1.8506},
{"Node_id":14931,"weight":1.9634},
{"Node_id":14932,"weight":1.702},
{"Node_id":14933,"weight":1.9588},
{"Node_id":14934,"weight":4.212},
{"Node_id":14935,"weight":3.5326},
{"Node_id":14936,"weight":3.248},
{"Node_id":14937,"weight":1.4526},
{"Node_id":14938,"weight":1.4565},
{"Node_id":14939,"weight":2.1093},
{"Node_id":14945,"weight":2.3763},
{"Node_id":14948,"weight":2.0605},
{"Node_id":14952,"weight":1.5191},
{"Node_id":14954,"weight":1.9072},
{"Node_id":14957,"weight":2.4275},
{"Node_id":14959,"weight":2.0241},
{"Node_id":14963,"weight":3.7624},
{"Node_id":14965,"weight":2.9678},
{"Node_id":14970,"weight":1.5596},
{"Node_id":14972,"weight":1.4901},
{"Node_id":14975,"weight":2.1493},
{"Node_id":14977,"weight":2.9917},
{"Node_id":14978,"weight":1.5779},
{"Node_id":14979,"weight":2.1503},
{"Node_id":14980,"weight":1.465},
{"Node_id":14981,"weight":1.9811},
{"Node_id":14982,"weight":1.4526},
{"Node_id":14983,"weight":1.5771},
{"Node_id":14984,"weight":1.8062},
{"Node_id":14985,"weight":2.0125},
{"Node_id":14986,"weight":5.7414},
{"Node_id":14987,"weight":4.1318},
{"Node_id":14988,"weight":2.5371},
{"Node_id":14989,"weight":2.1323},
{"Node_id":14990,"weight":1.4223},
{"Node_id":14991,"weight":4.3858},
{"Node_id":14992,"weight":4.4364},
{"Node_id":14993,"weight":1.4064},
{"Node_id":14994,"weight":1.4533},
{"Node_id":14995,"weight":1.513},
{"Node_id":14996,"weight":1.7036},
{"Node_id":14997,"weight":2.1218},
{"Node_id":14998,"weight":4.4451},
{"Node_id":14999,"weight":1.6538},
{"Node_id":15000,"weight":2.2185},
{"Node_id":15001,"weight":1.7535},
{"Node_id":15002,"weight":2.102},
{"Node_id":15003,"weight":1.397},
{"Node_id":15004,"weight":2.0685},
{"Node_id":15005,"weight":1.8851},
{"Node_id":15006,"weight":1.8379},
{"Node_id":15007,"weight":5.6515},
{"Node_id":15008,"weight":1.8992},
{"Node_id":15009,"weight":1.7939},
{"Node_id":15010,"weight":2.0125},
{"Node_id":15011,"weight":2.5594},
{"Node_id":15012,"weight":1.7244},
{"Node_id":15013,"weight":3.6969},
{"Node_id":15014,"weight":3.1703},
{"Node_id":15015,"weight":1.5184},
{"Node_id":15016,"weight":1.3869},
{"Node_id":15017,"weight":2.1829},
{"Node_id":15018,"weight":2.2196},
{"Node_id":15019,"weight":1.9597},
{"Node_id":15020,"weight":2.8477},
{"Node_id":15021,"weight":1.6694},
{"Node_id":15022,"weight":3.577},
{"Node_id":15023,"weight":2.889},
{"Node_id":15024,"weight":2.885},
{"Node_id":15025,"weight":1.5259},
{"Node_id":15026,"weight":3.8567},
{"Node_id":15027,"weight":3.3079},
{"Node_id":15028,"weight":1.8354},
{"Node_id":15029,"weight":1.7736},
{"Node_id":15030,"weight":3.714},
{"Node_id":15031,"weight":1.8371},
{"Node_id":15032,"weight":2.9808},
{"Node_id":15033,"weight":2.9614},
{"Node_id":15034,"weight":3.4934},
{"Node_id":15035,"weight":1.3882},
{"Node_id":15036,"weight":1.7623},
{"Node_id":15037,"weight":2.3711},
{"Node_id":15038,"weight":1.4313},
{"Node_id":15039,"weight":1.5527},
{"Node_id":15040,"weight":2.2599},
{"Node_id":15041,"weight":2.0029},
{"Node_id":15042,"weight":2.6596},
{"Node_id":15043,"weight":1.9359},
{"Node_id":15044,"weight":2.9381},
{"Node_id":15045,"weight":2.9174},
{"Node_id":15046,"weight":1.6171},
{"Node_id":15047,"weight":1.8103},
{"Node_id":15048,"weight":1.5334},
{"Node_id":15049,"weight":2.887},
{"Node_id":15050,"weight":1.8186},
{"Node_id":15051,"weight":1.9542},
{"Node_id":15062,"weight":1.6785},
{"Node_id":15063,"weight":3.0006},
{"Node_id":15064,"weight":2.1785},
{"Node_id":15065,"weight":3.0786},
{"Node_id":15066,"weight":3.8275},
{"Node_id":15067,"weight":1.7881},
{"Node_id":15068,"weight":3.055},
{"Node_id":15069,"weight":1.9662},
{"Node_id":15070,"weight":2.4671},
{"Node_id":15071,"weight":3.2905},
{"Node_id":15072,"weight":1.901},
{"Node_id":15073,"weight":1.9802},
{"Node_id":15074,"weight":1.9802},
{"Node_id":15075,"weight":7.8236},
{"Node_id":15077,"weight":1.8021},
{"Node_id":15079,"weight":1.6913},
{"Node_id":15080,"weight":2.645},
{"Node_id":15081,"weight":4.0163},
{"Node_id":15082,"weight":1.4915},
{"Node_id":15083,"weight":1.5347},
{"Node_id":15084,"weight":2.6531},
{"Node_id":15085,"weight":2.2611},
{"Node_id":15091,"weight":2.9508},
{"Node_id":15094,"weight":1.9625},
{"Node_id":15095,"weight":3.4456},
{"Node_id":15098,"weight":1.4121},
{"Node_id":15099,"weight":2.7569},
{"Node_id":15100,"weight":5.11},
{"Node_id":15103,"weight":2.3309},
{"Node_id":15104,"weight":1.4468},
{"Node_id":15105,"weight":4.8588},
{"Node_id":15106,"weight":2.1218},
{"Node_id":15109,"weight":2.5327},
{"Node_id":15110,"weight":1.5286},
{"Node_id":15111,"weight":2.1708},
{"Node_id":15112,"weight":1.7792},
{"Node_id":15113,"weight":1.5835},
{"Node_id":15116,"weight":2.0575},
{"Node_id":15117,"weight":1.9662},
{"Node_id":15118,"weight":1.4249},
{"Node_id":15119,"weight":1.9072},
{"Node_id":15120,"weight":1.8635},
{"Node_id":15121,"weight":2.7183},
{"Node_id":15124,"weight":2.1665},
{"Node_id":15125,"weight":2.3944},
{"Node_id":15126,"weight":1.8447},
{"Node_id":15127,"weight":6.1171},
{"Node_id":15128,"weight":2.5564},
{"Node_id":15129,"weight":1.7663},
{"Node_id":15130,"weight":1.9962},
{"Node_id":15133,"weight":1.6317},
{"Node_id":15134,"weight":2.0989},
{"Node_id":15135,"weight":3.1222},
{"Node_id":15136,"weight":2.3737},
{"Node_id":15137,"weight":2.0125},
{"Node_id":15138,"weight":3.6352},
{"Node_id":15139,"weight":5.2539},
{"Node_id":15140,"weight":2.8613},
{"Node_id":15143,"weight":2.6894},
{"Node_id":15144,"weight":1.6215},
{"Node_id":15145,"weight":2.1796},
{"Node_id":15146,"weight":2.6962},
{"Node_id":15147,"weight":2.2611},
{"Node_id":15148,"weight":1.5368},
{"Node_id":15149,"weight":1.5211},
{"Node_id":15150,"weight":1.789},
{"Node_id":15151,"weight":2.2185},
{"Node_id":15154,"weight":1.6157},
{"Node_id":15155,"weight":4.0455},
{"Node_id":15156,"weight":2.9174},
{"Node_id":15157,"weight":2.4519},
{"Node_id":15158,"weight":3.5075},
{"Node_id":15159,"weight":1.5225},
{"Node_id":15160,"weight":1.9953},
{"Node_id":15161,"weight":2.214},
{"Node_id":15162,"weight":2.1312},
{"Node_id":15163,"weight":2.1568},
{"Node_id":15164,"weight":4.3454},
{"Node_id":15165,"weight":2.8248},
{"Node_id":15168,"weight":2.4994},
{"Node_id":15169,"weight":1.748},
{"Node_id":15170,"weight":1.4855},
{"Node_id":15171,"weight":2.764},
{"Node_id":15172,"weight":1.8721},
{"Node_id":15173,"weight":2.4492},
{"Node_id":15174,"weight":1.8904},
{"Node_id":15175,"weight":1.9783},
{"Node_id":15176,"weight":1.6508},
{"Node_id":15177,"weight":2.1302},
{"Node_id":15178,"weight":2.4356},
{"Node_id":15179,"weight":2.0897},
{"Node_id":15180,"weight":3.1322},
{"Node_id":15181,"weight":1.956},
{"Node_id":15182,"weight":4.5362},
{"Node_id":15183,"weight":2.8574},
{"Node_id":15184,"weight":1.925},
{"Node_id":15185,"weight":3.2314},
{"Node_id":15186,"weight":4.6053},
{"Node_id":15187,"weight":2.7839},
{"Node_id":15188,"weight":1.5177},
{"Node_id":15189,"weight":1.414},
{"Node_id":15190,"weight":1.7496},
{"Node_id":15191,"weight":2.0318},
{"Node_id":15192,"weight":3.2424},
{"Node_id":15193,"weight":1.8756},
{"Node_id":15221,"weight":2.4657},
{"Node_id":15245,"weight":1.4442},
{"Node_id":15248,"weight":2.5519},
{"Node_id":15249,"weight":1.6346},
{"Node_id":15250,"weight":2.8343},
{"Node_id":15254,"weight":1.6508},
{"Node_id":15257,"weight":2.5371},
{"Node_id":15258,"weight":1.414},
{"Node_id":15259,"weight":2.4643},
{"Node_id":15260,"weight":1.8278},
{"Node_id":15261,"weight":2.5867},
{"Node_id":15262,"weight":3.2992},
{"Node_id":15263,"weight":2.5137},
{"Node_id":15264,"weight":1.5701},
{"Node_id":15265,"weight":4.4192},
{"Node_id":15266,"weight":1.4287},
{"Node_id":15267,"weight":2.5836},
{"Node_id":15268,"weight":1.4422},
{"Node_id":15269,"weight":2.4712},
{"Node_id":15270,"weight":3.6154},
{"Node_id":15271,"weight":1.4749},
{"Node_id":15272,"weight":2.1546},
{"Node_id":15273,"weight":2.727},
{"Node_id":15274,"weight":2.8751},
{"Node_id":15275,"weight":3.9604},
{"Node_id":15276,"weight":2.2705},
{"Node_id":15277,"weight":3.6352},
{"Node_id":15278,"weight":1.7663},
{"Node_id":15279,"weight":1.7082},
{"Node_id":15280,"weight":1.8515},
{"Node_id":15281,"weight":3.4865},
{"Node_id":15282,"weight":1.6027},
{"Node_id":15283,"weight":3.4865},
{"Node_id":15284,"weight":1.9027},
{"Node_id":15285,"weight":3.0621},
{"Node_id":15286,"weight":1.6092},
{"Node_id":15287,"weight":2.0897},
{"Node_id":15288,"weight":1.8128},
{"Node_id":15289,"weight":1.4461},
{"Node_id":15290,"weight":2.0446},
{"Node_id":15291,"weight":2.5821},
{"Node_id":15292,"weight":3.4761},
{"Node_id":15293,"weight":1.5062},
{"Node_id":15294,"weight":2.0989},
{"Node_id":15295,"weight":2.3788},
{"Node_id":15296,"weight":1.5485},
{"Node_id":15297,"weight":4.4108},
{"Node_id":15298,"weight":1.6951},
{"Node_id":15299,"weight":1.827},
{"Node_id":15300,"weight":1.4384},
{"Node_id":15301,"weight":2.7551},
{"Node_id":15302,"weight":1.7409},
{"Node_id":15303,"weight":2.1333},
{"Node_id":15304,"weight":1.9634},
{"Node_id":15305,"weight":1.8111},
{"Node_id":15306,"weight":2.7604},
{"Node_id":15307,"weight":1.5779},
{"Node_id":15308,"weight":4.1383},
{"Node_id":15309,"weight":1.4565},
{"Node_id":15310,"weight":3.6233},
{"Node_id":15311,"weight":1.7599},
{"Node_id":15312,"weight":2.5806},
{"Node_id":15313,"weight":1.4096},
{"Node_id":15314,"weight":3.9072},
{"Node_id":15315,"weight":1.8211},
{"Node_id":15316,"weight":2.5312},
{"Node_id":15317,"weight":1.8037},
{"Node_id":15318,"weight":2.9657},
{"Node_id":15319,"weight":2.6514},
{"Node_id":15320,"weight":1.4229},
{"Node_id":15321,"weight":2.7132},
{"Node_id":15322,"weight":1.8404},
{"Node_id":15323,"weight":1.9332},
{"Node_id":15324,"weight":2.5867},
{"Node_id":15325,"weight":1.6694},
{"Node_id":15326,"weight":4.119},
{"Node_id":15327,"weight":2.4937},
{"Node_id":15328,"weight":3.9992},
{"Node_id":15329,"weight":1.9268},
{"Node_id":15330,"weight":1.4351},
{"Node_id":15331,"weight":1.5361},
{"Node_id":15332,"weight":1.6501},
{"Node_id":15333,"weight":1.9001},
{"Node_id":15334,"weight":3.7401},
{"Node_id":15335,"weight":2.1961},
{"Node_id":15348,"weight":0.1294},
{"Node_id":15349,"weight":1.2721},
{"Node_id":15350,"weight":3.2676},
{"Node_id":15352,"weight":2.8691},
{"Node_id":15355,"weight":1.4204},
{"Node_id":15356,"weight":0.4561},
{"Node_id":15357,"weight":2.7046},
{"Node_id":15360,"weight":1.62},
{"Node_id":15362,"weight":0.6955},
{"Node_id":15363,"weight":2.5166},
{"Node_id":15364,"weight":5.4448},
{"Node_id":15366,"weight":0.6239},
{"Node_id":15370,"weight":1.9569},
{"Node_id":15371,"weight":1.6822},
{"Node_id":15378,"weight":2.0755},
{"Node_id":15380,"weight":0.4084},
{"Node_id":15381,"weight":2.3185},
{"Node_id":15392,"weight":1.2448}]