[{"Node_id":0,"weight":0.18211},
{"Node_id":1,"weight":0.25312},
{"Node_id":2,"weight":0.29657},
{"Node_id":3,"weight":0.26514},
{"Node_id":4,"weight":0.14229},
{"Node_id":5,"weight":0.27132002},
{"Node_id":6,"weight":0.18404},
{"Node_id":7,"weight":0.19332},
{"Node_id":8,"weight":0.41189998},
{"Node_id":9,"weight":0.24937001},
{"Node_id":10,"weight":0.39992002},
{"Node_id":11,"weight":0.19268},
{"Node_id":12,"weight":0.14351},
{"Node_id":13,"weight":0.15361},
{"Node_id":14,"weight":0.16501},
{"Node_id":15,"weight":0.19001},
{"Node_id":16,"weight":0.37401},
{"Node_id":17,"weight":0.14293},
{"Node_id":18,"weight":0.21961},
{"Node_id":19,"weight":0.27876002},
{"Node_id":22,"weight":0.13995},
{"Node_id":26,"weight":0.25283},
{"Node_id":31,"weight":0.18161},
{"Node_id":37,"weight":0.01294},
{"Node_id":38,"weight":0.12720999},
{"Node_id":39,"weight":0.32676},
{"Node_id":40,"weight":0.0036},
{"Node_id":41,"weight":0.28691},
{"Node_id":46,"weight":0.27046},
{"Node_id":49,"weight":0.162},
{"Node_id":51,"weight":0.06955},
{"Node_id":52,"weight":0.25166},
{"Node_id":53,"weight":0.54447997},
{"Node_id":55,"weight":0.06239},
{"Node_id":59,"weight":0.19569},
{"Node_id":60,"weight":0.16822},
{"Node_id":65,"weight":0.20755},
{"Node_id":67,"weight":0.04084},
{"Node_id":68,"weight":0.23185},
{"Node_id":2483,"weight":0.19214},
{"Node_id":2487,"weight":0.2184},
{"Node_id":2488,"weight":0.3483},
{"Node_id":2489,"weight":0.22799},
{"Node_id":2490,"weight":0.20504999},
{"Node_id":2491,"weight":0.19802001},
{"Node_id":2492,"weight":0.25051},
{"Node_id":2496,"weight":0.24994},
{"Node_id":2499,"weight":0.16493},
{"Node_id":2501,"weight":0.20367},
{"Node_id":2502,"weight":0.14319},
{"Node_id":2503,"weight":0.38918},
{"Node_id":2505,"weight":0.18825},
{"Node_id":2509,"weight":0.23210001},
{"Node_id":2510,"weight":0.16936001},
{"Node_id":2513,"weight":0.24195},
{"Node_id":2515,"weight":0.18202999},
{"Node_id":2517,"weight":0.2184},
{"Node_id":2518,"weight":0.17036},
{"Node_id":2523,"weight":0.27912},
{"Node_id":2527,"weight":0.37945002},
{"Node_id":2529,"weight":0.15736},
{"Node_id":2530,"weight":0.19597},
{"Node_id":2531,"weight":0.19569},
{"Node_id":2532,"weight":0.14474},
{"Node_id":2534,"weight":0.20241001},
{"Node_id":2537,"weight":0.1686},
{"Node_id":2539,"weight":0.24866},
{"Node_id":2542,"weight":0.32124},
{"Node_id":2543,"weight":0.25123},
{"Node_id":2546,"weight":0.1744},
{"Node_id":2547,"weight":0.17480001},
{"Node_id":2548,"weight":0.20192},
{"Node_id":2549,"weight":0.20241001},
{"Node_id":2550,"weight":0.18643},
{"Node_id":2552,"weight":0.17036},
{"Node_id":2553,"weight":0.25852},
{"Node_id":2555,"weight":0.20846},
{"Node_id":2556,"weight":0.39712998},
{"Node_id":2558,"weight":0.20211999},
{"Node_id":2559,"weight":0.13976},
{"Node_id":2560,"weight":0.18202999},
{"Node_id":2561,"weight":0.15492001},
{"Node_id":2562,"weight":0.20456},
{"Node_id":2564,"weight":0.20594999},
{"Node_id":2565,"weight":0.47954002},
{"Node_id":2569,"weight":0.34289998},
{"Node_id":2571,"weight":0.20009999},
{"Node_id":2572,"weight":0.16353},
{"Node_id":2573,"weight":0.14539},
{"Node_id":2574,"weight":0.42189997},
{"Node_id":2592,"weight":0.15638},
{"Node_id":2596,"weight":0.24102001},
{"Node_id":2597,"weight":0.28574},
{"Node_id":2599,"weight":0.16034},
{"Node_id":2601,"weight":0.15259},
{"Node_id":2603,"weight":0.19532},
{"Node_id":2604,"weight":0.21928},
{"Node_id":2605,"weight":0.16493},
{"Node_id":2607,"weight":0.23982999},
{"Node_id":2611,"weight":0.24368998},
{"Node_id":2612,"weight":0.23271},
{"Node_id":2614,"weight":0.15764001},
{"Node_id":2616,"weight":0.27115},
{"Node_id":2617,"weight":0.14261},
{"Node_id":2618,"weight":0.42766},
{"Node_id":2620,"weight":0.32397002},
{"Node_id":2621,"weight":0.23763001},
{"Node_id":2622,"weight":0.52159},
{"Node_id":2623,"weight":0.26006},
{"Node_id":2626,"weight":0.15665999},
{"Node_id":2629,"weight":0.1866},
{"Node_id":2631,"weight":0.21217999},
{"Node_id":2633,"weight":0.3596},
{"Node_id":2636,"weight":0.2887},
{"Node_id":2740,"weight":0.33227},
{"Node_id":2792,"weight":0.17833},
{"Node_id":2962,"weight":0.14422},
{"Node_id":3033,"weight":0.23371},
{"Node_id":3034,"weight":0.16405},
{"Node_id":3036,"weight":0.25882},
{"Node_id":3038,"weight":0.14631},
{"Node_id":3039,"weight":0.28210002},
{"Node_id":3041,"weight":0.34323},
{"Node_id":3042,"weight":0.23087999},
{"Node_id":3043,"weight":0.21103},
{"Node_id":3045,"weight":0.23087999},
{"Node_id":3046,"weight":0.25806},
{"Node_id":3047,"weight":0.21741},
{"Node_id":3048,"weight":0.1822},
{"Node_id":3050,"weight":0.2498},
{"Node_id":3051,"weight":0.53555},
{"Node_id":3052,"weight":0.29257},
{"Node_id":3054,"weight":0.4322},
{"Node_id":3056,"weight":0.14644},
{"Node_id":3057,"weight":0.30762},
{"Node_id":3058,"weight":0.18328},
{"Node_id":3061,"weight":0.27658},
{"Node_id":3063,"weight":0.17615},
{"Node_id":3064,"weight":0.22095},
{"Node_id":3065,"weight":0.26037},
{"Node_id":3068,"weight":0.14881},
{"Node_id":3069,"weight":0.28171998},
{"Node_id":3075,"weight":0.13926001},
{"Node_id":3078,"weight":0.18652001},
{"Node_id":3087,"weight":0.20989001},
{"Node_id":3090,"weight":0.19981},
{"Node_id":3093,"weight":0.23905},
{"Node_id":3096,"weight":0.34356},
{"Node_id":3097,"weight":0.16477999},
{"Node_id":3100,"weight":0.16455999},
{"Node_id":3103,"weight":0.22483},
{"Node_id":3104,"weight":0.24491999},
{"Node_id":3105,"weight":0.16186},
{"Node_id":3111,"weight":0.1532},
{"Node_id":3112,"weight":0.2599},
{"Node_id":3113,"weight":0.14703},
{"Node_id":3117,"weight":0.24061999},
{"Node_id":3120,"weight":0.16405},
{"Node_id":3121,"weight":0.1628},
{"Node_id":3122,"weight":0.1439},
{"Node_id":3124,"weight":0.19821},
{"Node_id":3127,"weight":0.15029},
{"Node_id":3130,"weight":0.19643},
{"Node_id":3131,"weight":0.18764},
{"Node_id":3135,"weight":0.1628},
{"Node_id":3138,"weight":0.19981},
{"Node_id":3141,"weight":0.28229},
{"Node_id":3142,"weight":0.47241998},
{"Node_id":3143,"weight":0.26178},
{"Node_id":3145,"weight":0.31651002},
{"Node_id":3146,"weight":0.21807},
{"Node_id":3147,"weight":0.44538003},
{"Node_id":3150,"weight":0.26612002},
{"Node_id":3153,"weight":0.13913},
{"Node_id":3154,"weight":0.46363002},
{"Node_id":3155,"weight":0.18738},
{"Node_id":3157,"weight":0.2214},
{"Node_id":3158,"weight":0.30905002},
{"Node_id":3159,"weight":0.22471002},
{"Node_id":3163,"weight":0.19081},
{"Node_id":3166,"weight":0.34258002},
{"Node_id":3167,"weight":0.21354},
{"Node_id":3168,"weight":0.19477001},
{"Node_id":3170,"weight":0.31026},
{"Node_id":3171,"weight":0.18583},
{"Node_id":3172,"weight":0.3727},
{"Node_id":3174,"weight":0.2239},
{"Node_id":3177,"weight":0.41982},
{"Node_id":3180,"weight":0.23840001},
{"Node_id":3181,"weight":0.14716001},
{"Node_id":3182,"weight":0.15603},
{"Node_id":3184,"weight":0.3988},
{"Node_id":3185,"weight":0.20495},
{"Node_id":3186,"weight":0.22005999},
{"Node_id":3187,"weight":0.18782},
{"Node_id":3188,"weight":0.24383},
{"Node_id":3192,"weight":0.36312002},
{"Node_id":3195,"weight":0.47128},
{"Node_id":3196,"weight":0.24221},
{"Node_id":3197,"weight":0.28419},
{"Node_id":3199,"weight":0.46683997},
{"Node_id":3200,"weight":0.40163},
{"Node_id":3201,"weight":0.27802998},
{"Node_id":3202,"weight":0.21752},
{"Node_id":3203,"weight":0.14663},
{"Node_id":3208,"weight":0.20289},
{"Node_id":3211,"weight":0.46258998},
{"Node_id":3212,"weight":0.24128},
{"Node_id":3213,"weight":0.16433999},
{"Node_id":3215,"weight":0.27392},
{"Node_id":3216,"weight":0.31991},
{"Node_id":3217,"weight":0.22506002},
{"Node_id":3219,"weight":0.19542},
{"Node_id":3222,"weight":0.16657},
{"Node_id":3225,"weight":0.3749},
{"Node_id":3229,"weight":0.20504999},
{"Node_id":3230,"weight":0.14982},
{"Node_id":3232,"weight":0.1686},
{"Node_id":3233,"weight":0.30857},
{"Node_id":3234,"weight":0.42402},
{"Node_id":3236,"weight":0.27802998},
{"Node_id":3239,"weight":0.15478},
{"Node_id":3242,"weight":0.24451001},
{"Node_id":3243,"weight":0.32424},
{"Node_id":3244,"weight":0.40049},
{"Node_id":3245,"weight":0.26878},
{"Node_id":3246,"weight":0.4508},
{"Node_id":3247,"weight":0.14624},
{"Node_id":3248,"weight":0.43776003},
{"Node_id":3249,"weight":0.23408},
{"Node_id":3250,"weight":0.21113},
{"Node_id":3251,"weight":0.20515001},
{"Node_id":3252,"weight":0.17166999},
{"Node_id":3253,"weight":0.15437},
{"Node_id":3254,"weight":0.32098},
{"Node_id":3255,"weight":0.17089},
{"Node_id":3256,"weight":0.20525},
{"Node_id":3257,"weight":0.14403},
{"Node_id":3258,"weight":0.26695},
{"Node_id":3259,"weight":0.33777002},
{"Node_id":3260,"weight":0.22564001},
{"Node_id":3261,"weight":0.15197},
{"Node_id":3262,"weight":0.25654},
{"Node_id":3263,"weight":0.14281},
{"Node_id":3264,"weight":0.20887001},
{"Node_id":3269,"weight":0.20495},
{"Node_id":3270,"weight":0.39388},
{"Node_id":3273,"weight":0.18145},
{"Node_id":3276,"weight":0.18721},
{"Node_id":3280,"weight":0.21939},
{"Node_id":3284,"weight":0.33967},
{"Node_id":3288,"weight":0.14611},
{"Node_id":3293,"weight":0.15934},
{"Node_id":3299,"weight":0.27201},
{"Node_id":3306,"weight":0.14089},
{"Node_id":3308,"weight":0.20705},
{"Node_id":3309,"weight":0.18455},
{"Node_id":3311,"weight":0.15471},
{"Node_id":3314,"weight":0.44191998},
{"Node_id":3315,"weight":0.18135999},
{"Node_id":3319,"weight":0.14657},
{"Node_id":3323,"weight":0.19241},
{"Node_id":3328,"weight":0.29051},
{"Node_id":3332,"weight":0.16339001},
{"Node_id":3337,"weight":0.1628},
{"Node_id":3339,"weight":0.16056},
{"Node_id":3342,"weight":0.14716001},
{"Node_id":3347,"weight":0.41448003},
{"Node_id":3353,"weight":0.13957},
{"Node_id":3358,"weight":0.17971},
{"Node_id":3365,"weight":0.53771},
{"Node_id":3370,"weight":0.15354},
{"Node_id":3373,"weight":0.1532},
{"Node_id":3378,"weight":0.14716001},
{"Node_id":3383,"weight":0.18447},
{"Node_id":3392,"weight":0.66441},
{"Node_id":3397,"weight":0.24937001},
{"Node_id":3404,"weight":0.18489},
{"Node_id":3407,"weight":0.23148999},
{"Node_id":3412,"weight":0.33620998},
{"Node_id":3413,"weight":0.1843},
{"Node_id":3419,"weight":0.32847},
{"Node_id":3431,"weight":0.2397},
{"Node_id":3435,"weight":0.40939003},
{"Node_id":3438,"weight":0.39229},
{"Node_id":3439,"weight":0.38227},
{"Node_id":3441,"weight":0.2806},
{"Node_id":3442,"weight":0.5077},
{"Node_id":3443,"weight":0.14177999},
{"Node_id":3444,"weight":0.41064},
{"Node_id":3445,"weight":0.20695},
{"Node_id":3446,"weight":0.16085},
{"Node_id":3447,"weight":0.22196},
{"Node_id":3448,"weight":0.16027},
{"Node_id":3449,"weight":0.20907},
{"Node_id":3450,"weight":0.29635},
{"Node_id":3451,"weight":0.39549},
{"Node_id":3452,"weight":0.14474},
{"Node_id":3453,"weight":0.17051001},
{"Node_id":3454,"weight":0.23996},
{"Node_id":3455,"weight":0.17433},
{"Node_id":3456,"weight":0.21807},
{"Node_id":3457,"weight":0.23866001},
{"Node_id":3458,"weight":0.13918999},
{"Node_id":3459,"weight":0.20927998},
{"Node_id":3462,"weight":0.45751},
{"Node_id":3463,"weight":0.18481},
{"Node_id":3464,"weight":0.20938},
{"Node_id":3465,"weight":0.19615},
{"Node_id":3466,"weight":0.20299001},
{"Node_id":3467,"weight":0.23433001},
{"Node_id":3468,"weight":0.17159},
{"Node_id":3469,"weight":0.40337},
{"Node_id":3470,"weight":0.25504},
{"Node_id":3471,"weight":0.29765},
{"Node_id":3472,"weight":0.18523},
{"Node_id":3473,"weight":0.23648},
{"Node_id":3474,"weight":0.32876},
{"Node_id":3475,"weight":0.19755},
{"Node_id":3476,"weight":0.14868},
{"Node_id":3477,"weight":0.14480999},
{"Node_id":3478,"weight":0.14384},
{"Node_id":3479,"weight":0.52933},
{"Node_id":3480,"weight":0.14313},
{"Node_id":3481,"weight":0.33287},
{"Node_id":3482,"weight":0.19305},
{"Node_id":3483,"weight":0.48077998},
{"Node_id":3484,"weight":0.25195},
{"Node_id":3485,"weight":0.13882},
{"Node_id":3486,"weight":0.32151002},
{"Node_id":3487,"weight":0.23271},
{"Node_id":3488,"weight":0.16208},
{"Node_id":3489,"weight":0.46469003},
{"Node_id":3490,"weight":0.22943},
{"Node_id":3491,"weight":0.34523},
{"Node_id":3492,"weight":0.14616999},
{"Node_id":3493,"weight":0.14313},
{"Node_id":3494,"weight":0.30978},
{"Node_id":3495,"weight":0.16142},
{"Node_id":3496,"weight":0.13869},
{"Node_id":3497,"weight":0.30006},
{"Node_id":3498,"weight":0.28691},
{"Node_id":3499,"weight":0.17276},
{"Node_id":3500,"weight":0.13982001},
{"Node_id":3501,"weight":0.18868999},
{"Node_id":3502,"weight":0.20918},
{"Node_id":3503,"weight":0.27604002},
{"Node_id":3504,"weight":0.17647001},
{"Node_id":3505,"weight":0.34225},
{"Node_id":3506,"weight":0.31651002},
{"Node_id":3507,"weight":0.26482},
{"Node_id":3508,"weight":0.16433999},
{"Node_id":3509,"weight":0.26661998},
{"Node_id":3510,"weight":0.15204},
{"Node_id":3511,"weight":0.18704},
{"Node_id":3512,"weight":0.14455},
{"Node_id":3513,"weight":0.1452},
{"Node_id":3514,"weight":0.36677},
{"Node_id":3515,"weight":0.29722},
{"Node_id":3516,"weight":0.16405},
{"Node_id":3517,"weight":0.3511},
{"Node_id":3518,"weight":0.16627},
{"Node_id":3519,"weight":0.31173},
{"Node_id":3520,"weight":0.22751999},
{"Node_id":3521,"weight":0.16049},
{"Node_id":3522,"weight":0.16612001},
{"Node_id":3523,"weight":0.19496},
{"Node_id":3524,"weight":0.17151001},
{"Node_id":3525,"weight":0.18037},
{"Node_id":3526,"weight":0.17447999},
{"Node_id":3527,"weight":0.19197},
{"Node_id":3528,"weight":0.26369},
{"Node_id":3529,"weight":0.20348},
{"Node_id":3534,"weight":0.16164},
{"Node_id":3564,"weight":0.14493999},
{"Node_id":3565,"weight":0.44024},
{"Node_id":3566,"weight":0.21396999},
{"Node_id":3567,"weight":0.14822},
{"Node_id":3568,"weight":0.37852},
{"Node_id":3569,"weight":0.19487},
{"Node_id":3570,"weight":0.21217999},
{"Node_id":3571,"weight":0.22242},
{"Node_id":3572,"weight":0.19972},
{"Node_id":3573,"weight":0.59496003},
{"Node_id":3574,"weight":0.21961},
{"Node_id":3575,"weight":0.29298002},
{"Node_id":3576,"weight":0.41711003},
{"Node_id":3577,"weight":0.24142},
{"Node_id":3578,"weight":0.32676},
{"Node_id":3579,"weight":0.46258998},
{"Node_id":3580,"weight":0.45555001},
{"Node_id":3581,"weight":0.17864999},
{"Node_id":3582,"weight":0.14862},
{"Node_id":3583,"weight":0.18921},
{"Node_id":3584,"weight":0.15055},
{"Node_id":3585,"weight":0.14261},
{"Node_id":3586,"weight":0.17551},
{"Node_id":3587,"weight":0.18652001},
{"Node_id":3588,"weight":0.52539},
{"Node_id":3589,"weight":0.14287},
{"Node_id":3590,"weight":0.15450999},
{"Node_id":3591,"weight":0.16229},
{"Node_id":3592,"weight":0.42051},
{"Node_id":3593,"weight":0.2579},
{"Node_id":3594,"weight":0.15885},
{"Node_id":3595,"weight":0.28829998},
{"Node_id":3596,"weight":0.15361},
{"Node_id":3597,"weight":0.18371001},
{"Node_id":3598,"weight":0.34591},
{"Node_id":3599,"weight":0.25654},
{"Node_id":3602,"weight":0.78235996},
{"Node_id":3604,"weight":0.22185},
{"Node_id":3605,"weight":0.21503},
{"Node_id":3607,"weight":0.33999},
{"Node_id":3608,"weight":0.23136},
{"Node_id":3609,"weight":0.15849},
{"Node_id":3610,"weight":0.21206999},
{"Node_id":3611,"weight":0.15218},
{"Node_id":3612,"weight":0.24075},
{"Node_id":3614,"weight":0.29487},
{"Node_id":3615,"weight":0.15225},
{"Node_id":3616,"weight":0.22493999},
{"Node_id":3617,"weight":0.25669},
{"Node_id":3618,"weight":0.32452},
{"Node_id":3619,"weight":0.28439},
{"Node_id":3620,"weight":0.23371},
{"Node_id":3621,"weight":0.13913},
{"Node_id":3622,"weight":0.43066},
{"Node_id":3623,"weight":0.27712},
{"Node_id":3624,"weight":0.5077},
{"Node_id":3625,"weight":0.19386},
{"Node_id":3626,"weight":0.33903},
{"Node_id":3627,"weight":0.17736},
{"Node_id":3628,"weight":0.27115},
{"Node_id":3629,"weight":0.17151001},
{"Node_id":3630,"weight":0.15764001},
{"Node_id":3631,"weight":0.22425},
{"Node_id":3632,"weight":0.20144},
{"Node_id":3633,"weight":0.14954999},
{"Node_id":3634,"weight":0.14364001},
{"Node_id":3635,"weight":0.17639},
{"Node_id":3636,"weight":0.48720002},
{"Node_id":3638,"weight":0.14338},
{"Node_id":3640,"weight":0.22967},
{"Node_id":3641,"weight":0.14855},
{"Node_id":3642,"weight":0.30297},
{"Node_id":3643,"weight":0.1421},
{"Node_id":3644,"weight":0.19487},
{"Node_id":3645,"weight":0.26433998},
{"Node_id":3646,"weight":0.16777},
{"Node_id":3647,"weight":0.15008},
{"Node_id":3648,"weight":0.17082},
{"Node_id":3649,"weight":0.24168},
{"Node_id":3650,"weight":0.60725003},
{"Node_id":3651,"weight":0.26305002},
{"Node_id":3652,"weight":0.47241998},
{"Node_id":3653,"weight":0.20504999},
{"Node_id":3654,"weight":0.29174},
{"Node_id":3656,"weight":0.49989},
{"Node_id":3657,"weight":0.36513},
{"Node_id":3660,"weight":0.18387},
{"Node_id":3661,"weight":0.37357},
{"Node_id":3663,"weight":0.14468},
{"Node_id":3664,"weight":0.14351},
{"Node_id":3665,"weight":0.63754},
{"Node_id":3666,"weight":0.17059},
{"Node_id":3670,"weight":0.38968998},
{"Node_id":3671,"weight":0.24061999},
{"Node_id":3672,"weight":0.18895},
{"Node_id":3676,"weight":0.58061},
{"Node_id":3678,"weight":0.16883},
{"Node_id":3679,"weight":0.21589},
{"Node_id":3683,"weight":0.32287},
{"Node_id":3685,"weight":0.1737},
{"Node_id":3686,"weight":0.35435},
{"Node_id":3687,"weight":0.26385},
{"Node_id":3691,"weight":0.20816},
{"Node_id":3693,"weight":0.15575},
{"Node_id":3694,"weight":0.33257002},
{"Node_id":3695,"weight":0.15729001},
{"Node_id":3696,"weight":0.21939},
{"Node_id":3700,"weight":0.20585},
{"Node_id":3702,"weight":0.21524999},
{"Node_id":3703,"weight":0.53771},
{"Node_id":3705,"weight":0.3562},
{"Node_id":3706,"weight":0.36392},
{"Node_id":3710,"weight":0.27622002},
{"Node_id":3712,"weight":0.27029},
{"Node_id":3713,"weight":0.21610999},
{"Node_id":3716,"weight":0.20086},
{"Node_id":3717,"weight":0.24796},
{"Node_id":3720,"weight":0.14120999},
{"Node_id":3721,"weight":0.22955},
{"Node_id":3723,"weight":0.18531999},
{"Node_id":3724,"weight":0.19432},
{"Node_id":3727,"weight":0.22072999},
{"Node_id":3728,"weight":0.2895},
{"Node_id":3729,"weight":0.37446},
{"Node_id":3730,"weight":0.17267999},
{"Node_id":3733,"weight":0.17151001},
{"Node_id":3734,"weight":0.19106999},
{"Node_id":3735,"weight":0.22493999},
{"Node_id":3736,"weight":0.26596},
{"Node_id":3739,"weight":0.21676},
{"Node_id":3741,"weight":0.23944},
{"Node_id":3742,"weight":0.20299001},
{"Node_id":3745,"weight":0.14795001},
{"Node_id":3746,"weight":0.2881},
{"Node_id":3748,"weight":0.17417},
{"Node_id":3749,"weight":0.64362},
{"Node_id":3752,"weight":0.24614999},
{"Node_id":3770,"weight":0.46363002},
{"Node_id":3771,"weight":0.17074},
{"Node_id":3775,"weight":0.27427},
{"Node_id":3776,"weight":0.15582},
{"Node_id":3777,"weight":0.25549},
{"Node_id":3778,"weight":0.25037},
{"Node_id":3781,"weight":0.78235996},
{"Node_id":3785,"weight":0.1744},
{"Node_id":3786,"weight":0.21589},
{"Node_id":3787,"weight":0.44108},
{"Node_id":3791,"weight":0.24726},
{"Node_id":3793,"weight":0.1602},
{"Node_id":3794,"weight":0.19062999},
{"Node_id":3797,"weight":0.16486},
{"Node_id":3801,"weight":0.15506001},
{"Node_id":3803,"weight":0.33683},
{"Node_id":3804,"weight":0.16433999},
{"Node_id":3808,"weight":0.18472001},
{"Node_id":3810,"weight":0.24275},
{"Node_id":3811,"weight":0.2481},
{"Node_id":3814,"weight":0.19071999},
{"Node_id":3818,"weight":0.19395},
{"Node_id":3821,"weight":0.26777},
{"Node_id":3822,"weight":0.34523},
{"Node_id":3826,"weight":0.23321},
{"Node_id":3828,"weight":0.47954002},
{"Node_id":3829,"weight":0.20221},
{"Node_id":3832,"weight":0.48720002},
{"Node_id":3836,"weight":0.27201},
{"Node_id":3840,"weight":0.35922},
{"Node_id":3841,"weight":0.35472},
{"Node_id":3845,"weight":0.14995},
{"Node_id":3847,"weight":0.23710999},
{"Node_id":3848,"weight":0.48203},
{"Node_id":3851,"weight":0.29072002},
{"Node_id":3855,"weight":0.16754},
{"Node_id":3859,"weight":0.18913},
{"Node_id":3860,"weight":0.22493999},
{"Node_id":3861,"weight":0.28731},
{"Node_id":3865,"weight":0.27712},
{"Node_id":3867,"weight":0.22435999},
{"Node_id":3868,"weight":0.19821},
{"Node_id":3871,"weight":0.16627},
{"Node_id":3875,"weight":0.15416},
{"Node_id":3879,"weight":0.31372002},
{"Node_id":3880,"weight":0.1587},
{"Node_id":3882,"weight":0.54217},
{"Node_id":3883,"weight":0.55429},
{"Node_id":3884,"weight":0.25534},
{"Node_id":3885,"weight":0.14223},
{"Node_id":3886,"weight":0.22727999},
{"Node_id":3887,"weight":0.33376998},
{"Node_id":3955,"weight":0.50450003},
{"Node_id":3956,"weight":0.17354},
{"Node_id":3957,"weight":0.24768},
{"Node_id":3958,"weight":0.17198},
{"Node_id":3961,"weight":0.36076},
{"Node_id":3962,"weight":0.34523},
{"Node_id":3963,"weight":0.36273},
{"Node_id":3964,"weight":0.37401},
{"Node_id":3965,"weight":0.20337999},
{"Node_id":3966,"weight":0.16906},
{"Node_id":3967,"weight":0.36718},
{"Node_id":3968,"weight":0.21418},
{"Node_id":3969,"weight":0.16419},
{"Node_id":3970,"weight":0.18549},
{"Node_id":3971,"weight":0.20211999},
{"Node_id":3972,"weight":0.33808},
{"Node_id":3973,"weight":0.38469},
{"Node_id":3974,"weight":0.3305},
{"Node_id":3975,"weight":0.14742},
{"Node_id":3976,"weight":0.20574999},
{"Node_id":3977,"weight":0.17921999},
{"Node_id":3978,"weight":0.20058},
{"Node_id":3979,"weight":0.16709},
{"Node_id":3980,"weight":0.41579},
{"Node_id":3981,"weight":0.1615},
{"Node_id":3982,"weight":0.54927003},
{"Node_id":3983,"weight":0.17939},
{"Node_id":3984,"weight":0.23685999},
{"Node_id":3985,"weight":0.37446},
{"Node_id":3986,"weight":0.28171998},
{"Node_id":3987,"weight":0.35075},
{"Node_id":3988,"weight":0.17472},
{"Node_id":3989,"weight":0.14001},
{"Node_id":3990,"weight":0.36885},
{"Node_id":3991,"weight":0.25518999},
{"Node_id":3992,"weight":0.18145},
{"Node_id":3993,"weight":0.38371998},
{"Node_id":3994,"weight":0.20615001},
{"Node_id":3995,"weight":0.20785001},
{"Node_id":3996,"weight":0.21654001},
{"Node_id":3997,"weight":0.16114},
{"Node_id":3998,"weight":0.1812},
{"Node_id":3999,"weight":0.19143},
{"Node_id":4000,"weight":0.17567},
{"Node_id":4001,"weight":0.21861999},
{"Node_id":4002,"weight":0.21905999},
{"Node_id":4003,"weight":0.27357},
{"Node_id":4004,"weight":0.29465002},
{"Node_id":4005,"weight":0.21249},
{"Node_id":4006,"weight":0.36431998},
{"Node_id":4007,"weight":0.51441},
{"Node_id":4008,"weight":0.52734},
{"Node_id":4009,"weight":0.30978},
{"Node_id":4010,"weight":0.38132},
{"Node_id":4011,"weight":0.50450003},
{"Node_id":4012,"weight":0.2401},
{"Node_id":4013,"weight":0.21010001},
{"Node_id":4014,"weight":0.1515},
{"Node_id":4015,"weight":0.29072002},
{"Node_id":4016,"weight":0.18575},
{"Node_id":4017,"weight":0.30644},
{"Node_id":4018,"weight":0.30366},
{"Node_id":4019,"weight":0.23039},
{"Node_id":4020,"weight":0.17849},
{"Node_id":4021,"weight":0.30184},
{"Node_id":4022,"weight":0.1886},
{"Node_id":4023,"weight":0.20038},
{"Node_id":4024,"weight":0.20250002},
{"Node_id":4034,"weight":0.19206001},
{"Node_id":4035,"weight":0.24328999},
{"Node_id":4036,"weight":0.39658},
{"Node_id":4037,"weight":0.25579},
{"Node_id":4038,"weight":0.20192},
{"Node_id":4039,"weight":0.28135},
{"Node_id":4040,"weight":0.28381},
{"Node_id":4041,"weight":0.2889},
{"Node_id":4042,"weight":0.20337999},
{"Node_id":4043,"weight":0.30667},
{"Node_id":4044,"weight":0.19323},
{"Node_id":4045,"weight":0.17237},
{"Node_id":4046,"weight":0.17599},
{"Node_id":4047,"weight":0.23015001},
{"Node_id":4048,"weight":0.14881},
{"Node_id":4049,"weight":0.13988},
{"Node_id":4050,"weight":0.29786},
{"Node_id":4051,"weight":0.33652002},
{"Node_id":4052,"weight":0.26336998},
{"Node_id":4053,"weight":0.15484999},
{"Node_id":4054,"weight":0.25297},
{"Node_id":4055,"weight":0.15326999},
{"Node_id":4056,"weight":0.17662999},
{"Node_id":4057,"weight":0.19422999},
{"Node_id":4058,"weight":0.14422},
{"Node_id":4059,"weight":0.15885},
{"Node_id":4060,"weight":0.15729001},
{"Node_id":4061,"weight":0.15305999},
{"Node_id":4062,"weight":0.27409},
{"Node_id":4063,"weight":0.18012},
{"Node_id":4064,"weight":0.48588},
{"Node_id":4065,"weight":0.27218002},
{"Node_id":4066,"weight":0.30297},
{"Node_id":4067,"weight":0.32098},
{"Node_id":4068,"weight":0.15638},
{"Node_id":4069,"weight":0.15764001},
{"Node_id":4070,"weight":0.24477999},
{"Node_id":4071,"weight":0.20989001},
{"Node_id":4072,"weight":0.18886},
{"Node_id":4073,"weight":0.17736},
{"Node_id":4074,"weight":0.23259},
{"Node_id":4075,"weight":0.22379},
{"Node_id":4076,"weight":0.40221},
{"Node_id":4077,"weight":0.15771},
{"Node_id":4078,"weight":0.21134},
{"Node_id":4079,"weight":0.30229002},
{"Node_id":4080,"weight":0.39658},
{"Node_id":4081,"weight":0.17551},
{"Node_id":4082,"weight":0.15793},
{"Node_id":4083,"weight":0.26928002},
{"Node_id":4085,"weight":0.32452},
{"Node_id":4086,"weight":0.19652},
{"Node_id":4087,"weight":0.17128},
{"Node_id":4088,"weight":0.27063},
{"Node_id":4089,"weight":0.45851},
{"Node_id":4091,"weight":0.16657},
{"Node_id":4092,"weight":0.14052},
{"Node_id":4093,"weight":0.28711},
{"Node_id":4094,"weight":0.50933},
{"Node_id":4095,"weight":0.15659},
{"Node_id":4096,"weight":0.14782},
{"Node_id":4097,"weight":0.26761},
{"Node_id":4098,"weight":0.24796},
{"Node_id":4099,"weight":0.26336998},
{"Node_id":4100,"weight":0.54927003},
{"Node_id":4101,"weight":0.20927998},
{"Node_id":4102,"weight":0.14862},
{"Node_id":4103,"weight":0.14435},
{"Node_id":4104,"weight":0.48457998},
{"Node_id":4105,"weight":0.21621999},
{"Node_id":4106,"weight":0.18253},
{"Node_id":4107,"weight":0.21928},
{"Node_id":4108,"weight":0.1587},
{"Node_id":4109,"weight":0.1656},
{"Node_id":4110,"weight":0.24684},
{"Node_id":4111,"weight":0.3511},
{"Node_id":4112,"weight":0.15368},
{"Node_id":4113,"weight":0.16027},
{"Node_id":4114,"weight":0.1733},
{"Node_id":4115,"weight":0.18609},
{"Node_id":4118,"weight":0.36312002},
{"Node_id":4119,"weight":0.23699},
{"Node_id":4120,"weight":0.26928002},
{"Node_id":4121,"weight":0.33903},
{"Node_id":4122,"weight":0.22943},
{"Node_id":4125,"weight":0.19597},
{"Node_id":4126,"weight":0.21375999},
{"Node_id":4127,"weight":0.26147002},
{"Node_id":4128,"weight":0.20485},
{"Node_id":4129,"weight":0.18438},
{"Node_id":4130,"weight":0.297},
{"Node_id":4131,"weight":0.41513},
{"Node_id":4132,"weight":0.29031},
{"Node_id":4133,"weight":0.15197},
{"Node_id":4134,"weight":0.34356},
{"Node_id":4135,"weight":0.44538003},
{"Node_id":4136,"weight":0.32507},
{"Node_id":4137,"weight":0.14774999},
{"Node_id":4138,"weight":0.36595},
{"Node_id":4139,"weight":0.14769},
{"Node_id":4140,"weight":0.47831997},
{"Node_id":4141,"weight":0.18354},
{"Node_id":4142,"weight":0.27857},
{"Node_id":4143,"weight":0.33468002},
{"Node_id":4144,"weight":0.42839998},
{"Node_id":4145,"weight":0.18643},
{"Node_id":4146,"weight":0.25882},
{"Node_id":4147,"weight":0.21774001},
{"Node_id":4148,"weight":0.40049},
{"Node_id":4149,"weight":0.29444},
{"Node_id":4150,"weight":0.26466},
{"Node_id":4151,"weight":0.21796},
{"Node_id":4152,"weight":0.33078998},
{"Node_id":4153,"weight":0.3562},
{"Node_id":4154,"weight":0.16164},
{"Node_id":4155,"weight":0.19915},
{"Node_id":4156,"weight":0.24994},
{"Node_id":4157,"weight":0.26022},
{"Node_id":4158,"weight":0.15603},
{"Node_id":4159,"weight":0.22716},
{"Node_id":4160,"weight":0.33287},
{"Node_id":4161,"weight":0.17543},
{"Node_id":4162,"weight":0.33468002},
{"Node_id":4163,"weight":0.19098},
{"Node_id":4164,"weight":0.18078001},
{"Node_id":4165,"weight":0.24519},
{"Node_id":4166,"weight":0.33138},
{"Node_id":4167,"weight":0.26433998},
{"Node_id":4168,"weight":0.29939002},
{"Node_id":4169,"weight":0.18379},
{"Node_id":4170,"weight":0.17711},
{"Node_id":4171,"weight":0.30072},
{"Node_id":4172,"weight":0.15484999},
{"Node_id":4173,"weight":0.14585},
{"Node_id":4174,"weight":0.31222},
{"Node_id":4175,"weight":0.21752},
{"Node_id":4176,"weight":0.26321},
{"Node_id":4177,"weight":0.27183002},
{"Node_id":4178,"weight":0.35694},
{"Node_id":4179,"weight":0.31026},
{"Node_id":4180,"weight":0.24315},
{"Node_id":4181,"weight":0.14868},
{"Node_id":4182,"weight":0.16785},
{"Node_id":4183,"weight":0.22576001},
{"Node_id":4184,"weight":0.31625},
{"Node_id":4185,"weight":0.23814002},
{"Node_id":4186,"weight":0.26761},
{"Node_id":4187,"weight":0.17988},
{"Node_id":4188,"weight":0.59117997},
{"Node_id":4189,"weight":0.24342},
{"Node_id":4190,"weight":0.34356},
{"Node_id":4195,"weight":0.19161001},
{"Node_id":4203,"weight":0.14982},
{"Node_id":4204,"weight":0.23827},
{"Node_id":4205,"weight":0.21514001},
{"Node_id":4206,"weight":0.1421},
{"Node_id":4207,"weight":0.42546},
{"Node_id":4208,"weight":0.2889},
{"Node_id":4209,"weight":0.26162},
{"Node_id":4210,"weight":0.15899},
{"Node_id":4211,"weight":0.14941},
{"Node_id":4212,"weight":0.4508},
{"Node_id":4213,"weight":0.29984},
{"Node_id":4214,"weight":0.22084},
{"Node_id":4215,"weight":0.26401},
{"Node_id":4216,"weight":0.3105},
{"Node_id":4217,"weight":0.21145001},
{"Node_id":4218,"weight":0.21197},
{"Node_id":4219,"weight":0.19161001},
{"Node_id":4220,"weight":0.16222},
{"Node_id":4224,"weight":0.23699},
{"Node_id":4228,"weight":0.24796},
{"Node_id":4241,"weight":0.24643},
{"Node_id":4242,"weight":0.21145001},
{"Node_id":4243,"weight":0.17105},
{"Node_id":4244,"weight":0.21238999},
{"Node_id":4245,"weight":0.18834},
{"Node_id":4246,"weight":0.27115},
{"Node_id":4247,"weight":0.23596999},
{"Node_id":4248,"weight":0.16383},
{"Node_id":4249,"weight":0.14624},
{"Node_id":4250,"weight":0.36392},
{"Node_id":4251,"weight":0.17338},
{"Node_id":4252,"weight":0.43776003},
{"Node_id":4253,"weight":0.17089},
{"Node_id":4254,"weight":0.14789},
{"Node_id":4255,"weight":0.32591},
{"Node_id":4256,"weight":0.33871},
{"Node_id":4257,"weight":0.29277},
{"Node_id":4258,"weight":0.45653},
{"Node_id":4259,"weight":0.32178},
{"Node_id":4260,"weight":0.23210001},
{"Node_id":4261,"weight":0.22072999},
{"Node_id":4262,"weight":0.15779},
{"Node_id":4263,"weight":0.38085002},
{"Node_id":4264,"weight":0.16186},
{"Node_id":4265,"weight":0.68113},
{"Node_id":4266,"weight":0.16179},
{"Node_id":4267,"weight":0.17377},
{"Node_id":4268,"weight":0.24588001},
{"Node_id":4269,"weight":0.16477999},
{"Node_id":4270,"weight":0.15231},
{"Node_id":4271,"weight":0.2342},
{"Node_id":4272,"weight":0.14644},
{"Node_id":4273,"weight":0.20594999},
{"Node_id":4274,"weight":0.22681001},
{"Node_id":4276,"weight":0.27586},
{"Node_id":4277,"weight":0.45653},
{"Node_id":4278,"weight":0.33683},
{"Node_id":4279,"weight":0.27374},
{"Node_id":4280,"weight":0.20485},
{"Node_id":4281,"weight":0.18261},
{"Node_id":4282,"weight":0.29593},
{"Node_id":4283,"weight":0.20565},
{"Node_id":4284,"weight":0.25123},
{"Node_id":4285,"weight":0.14120999},
{"Node_id":4286,"weight":0.22061},
{"Node_id":4287,"weight":0.17136},
{"Node_id":4288,"weight":0.22799},
{"Node_id":4289,"weight":0.17182},
{"Node_id":4290,"weight":0.16486},
{"Node_id":4291,"weight":0.35435},
{"Node_id":4292,"weight":0.20605},
{"Node_id":4293,"weight":0.36233002},
{"Node_id":4296,"weight":0.26242},
{"Node_id":4297,"weight":0.15771},
{"Node_id":4298,"weight":0.15402},
{"Node_id":4299,"weight":0.32591},
{"Node_id":4300,"weight":0.16754},
{"Node_id":4301,"weight":0.15238},
{"Node_id":4302,"weight":0.20096},
{"Node_id":4303,"weight":0.28381},
{"Node_id":4304,"weight":0.15687},
{"Node_id":4305,"weight":0.14014},
{"Node_id":4306,"weight":0.17417},
{"Node_id":4307,"weight":0.23699},
{"Node_id":4308,"weight":0.20029},
{"Node_id":4309,"weight":0.14962},
{"Node_id":4310,"weight":0.16078},
{"Node_id":4311,"weight":0.17857},
{"Node_id":4312,"weight":0.3562},
{"Node_id":4313,"weight":0.28633},
{"Node_id":4314,"weight":0.19259},
{"Node_id":4315,"weight":0.26661998},
{"Node_id":4316,"weight":0.35325998},
{"Node_id":4317,"weight":0.40163},
{"Node_id":4318,"weight":0.3226},
{"Node_id":4319,"weight":0.17051001},
{"Node_id":4320,"weight":0.29113},
{"Node_id":4321,"weight":0.18913},
{"Node_id":4322,"weight":0.16085},
{"Node_id":4323,"weight":0.15999},
{"Node_id":4324,"weight":0.30738002},
{"Node_id":4325,"weight":0.15878001},
{"Node_id":4326,"weight":0.30117},
{"Node_id":4327,"weight":0.22907},
{"Node_id":4328,"weight":0.14868},
{"Node_id":4329,"weight":0.14396},
{"Node_id":4330,"weight":0.24437001},
{"Node_id":4331,"weight":0.20038},
{"Node_id":4332,"weight":0.35398},
{"Node_id":4333,"weight":0.18379},
{"Node_id":4334,"weight":0.30786},
{"Node_id":4335,"weight":0.40049},
{"Node_id":4336,"weight":0.34969002},
{"Node_id":4337,"weight":0.17841001},
{"Node_id":4338,"weight":0.24965999},
{"Node_id":4339,"weight":0.49126},
{"Node_id":4340,"weight":0.3562},
{"Node_id":4341,"weight":0.49548},
{"Node_id":4342,"weight":0.47592002},
{"Node_id":4343,"weight":0.21873},
{"Node_id":4344,"weight":0.14572},
{"Node_id":4353,"weight":0.17615},
{"Node_id":4359,"weight":0.21164998},
{"Node_id":4369,"weight":0.18387},
{"Node_id":4389,"weight":0.32733},
{"Node_id":4398,"weight":0.14140001},
{"Node_id":4408,"weight":0.41002002},
{"Node_id":4410,"weight":0.15231},
{"Node_id":4413,"weight":0.2885},
{"Node_id":4414,"weight":0.52539},
{"Node_id":4415,"weight":0.33808},
{"Node_id":4416,"weight":0.31173},
{"Node_id":4417,"weight":0.24142},
{"Node_id":4425,"weight":0.15842},
{"Node_id":4426,"weight":0.14742},
{"Node_id":4427,"weight":0.17671},
{"Node_id":4428,"weight":0.26547},
{"Node_id":4429,"weight":0.15055},
{"Node_id":4435,"weight":0.46683997},
{"Node_id":4438,"weight":0.14769},
{"Node_id":4439,"weight":0.30072},
{"Node_id":4440,"weight":0.26006},
{"Node_id":4441,"weight":0.16806999},
{"Node_id":4442,"weight":0.29402},
{"Node_id":4449,"weight":0.20594999},
{"Node_id":4451,"weight":0.24994},
{"Node_id":4452,"weight":0.54447997},
{"Node_id":4453,"weight":0.17988},
{"Node_id":4454,"weight":0.16411999},
{"Node_id":4455,"weight":0.14802},
{"Node_id":4456,"weight":0.14682999},
{"Node_id":4457,"weight":0.40633997},
{"Node_id":4458,"weight":0.2895},
{"Node_id":4459,"weight":0.33347002},
{"Node_id":4460,"weight":0.16508},
{"Node_id":4461,"weight":0.33777002},
{"Node_id":4462,"weight":0.29072002},
{"Node_id":4463,"weight":0.14177999},
{"Node_id":4464,"weight":0.24881001},
{"Node_id":4465,"weight":0.23787999},
{"Node_id":4466,"weight":0.29614002},
{"Node_id":4467,"weight":0.16664},
{"Node_id":4468,"weight":0.17963001},
{"Node_id":4469,"weight":0.19143},
{"Node_id":4470,"weight":0.16523},
{"Node_id":4471,"weight":0.16538},
{"Node_id":4472,"weight":0.19036},
{"Node_id":4473,"weight":0.17776},
{"Node_id":4474,"weight":0.33999},
{"Node_id":4475,"weight":0.23584001},
{"Node_id":4476,"weight":0.21785},
{"Node_id":4477,"weight":0.25224},
{"Node_id":4478,"weight":0.24600999},
{"Node_id":4479,"weight":0.17074},
{"Node_id":4480,"weight":0.18834},
{"Node_id":4481,"weight":0.18921},
{"Node_id":4482,"weight":0.139},
{"Node_id":4483,"weight":0.22106},
{"Node_id":4484,"weight":0.19241},
{"Node_id":4485,"weight":0.16627},
{"Node_id":4486,"weight":0.30667},
{"Node_id":4487,"weight":0.20605},
{"Node_id":4488,"weight":0.22895},
{"Node_id":4489,"weight":0.14299999},
{"Node_id":4490,"weight":0.24698},
{"Node_id":4491,"weight":0.27694},
{"Node_id":4492,"weight":0.28305},
{"Node_id":4493,"weight":0.17825},
{"Node_id":4495,"weight":0.18236001},
{"Node_id":4515,"weight":0.15042},
{"Node_id":4521,"weight":0.17543},
{"Node_id":4528,"weight":0.20655},
{"Node_id":4536,"weight":0.24275},
{"Node_id":4545,"weight":0.31347},
{"Node_id":4550,"weight":0.1702},
{"Node_id":4551,"weight":0.19152},
{"Node_id":4552,"weight":0.25371},
{"Node_id":4553,"weight":0.23559001},
{"Node_id":4554,"weight":0.62126005},
{"Node_id":4555,"weight":0.19849},
{"Node_id":4556,"weight":0.25137},
{"Node_id":4557,"weight":0.20846},
{"Node_id":4558,"weight":0.27357},
{"Node_id":4559,"weight":0.27081},
{"Node_id":4560,"weight":0.20269999},
{"Node_id":4561,"weight":0.19277},
{"Node_id":4562,"weight":0.17816},
{"Node_id":4563,"weight":0.22811},
{"Node_id":4564,"weight":0.14147},
{"Node_id":4565,"weight":0.32071},
{"Node_id":4566,"weight":0.35146},
{"Node_id":4567,"weight":0.15856001},
{"Node_id":4568,"weight":0.20211999},
{"Node_id":4569,"weight":0.17679},
{"Node_id":4570,"weight":0.19505},
{"Node_id":4571,"weight":0.33935001},
{"Node_id":4572,"weight":0.20086},
{"Node_id":4573,"weight":0.65008},
{"Node_id":4574,"weight":0.18294999},
{"Node_id":4575,"weight":0.21103},
{"Node_id":4576,"weight":0.22506002},
{"Node_id":4577,"weight":0.18328},
{"Node_id":4578,"weight":0.17354},
{"Node_id":4579,"weight":0.17599},
{"Node_id":4580,"weight":0.37945002},
{"Node_id":4581,"weight":0.22049999},
{"Node_id":4582,"weight":0.40221},
{"Node_id":4583,"weight":0.17939},
{"Node_id":4584,"weight":0.34969002},
{"Node_id":4585,"weight":0.19811},
{"Node_id":4586,"weight":0.16627},
{"Node_id":4587,"weight":0.26226002},
{"Node_id":4588,"weight":0.19643},
{"Node_id":4589,"weight":0.17283},
{"Node_id":4590,"weight":0.28343},
{"Node_id":4591,"weight":0.23482999},
{"Node_id":4592,"weight":0.17898001},
{"Node_id":4593,"weight":0.17768},
{"Node_id":4594,"weight":0.17559001},
{"Node_id":4595,"weight":0.25459},
{"Node_id":4596,"weight":0.34591},
{"Node_id":4597,"weight":0.14782},
{"Node_id":4598,"weight":0.24102001},
{"Node_id":4599,"weight":0.43857998},
{"Node_id":4600,"weight":0.16339001},
{"Node_id":4601,"weight":0.23222001},
{"Node_id":4602,"weight":0.29072002},
{"Node_id":4603,"weight":0.19718},
{"Node_id":4604,"weight":0.58753},
{"Node_id":4605,"weight":0.34356},
{"Node_id":4606,"weight":0.17671},
{"Node_id":4607,"weight":0.14026001},
{"Node_id":4608,"weight":0.17472},
{"Node_id":4609,"weight":0.18421},
{"Node_id":4610,"weight":0.2806},
{"Node_id":4611,"weight":0.2184},
{"Node_id":4612,"weight":0.39440998},
{"Node_id":4613,"weight":0.14774999},
{"Node_id":4614,"weight":0.15807},
{"Node_id":4615,"weight":0.2877},
{"Node_id":4616,"weight":0.19152},
{"Node_id":4617,"weight":0.29133},
{"Node_id":4618,"weight":0.14185},
{"Node_id":4619,"weight":0.21386},
{"Node_id":4620,"weight":0.29381},
{"Node_id":4621,"weight":0.28594},
{"Node_id":4622,"weight":0.2},
{"Node_id":4623,"weight":0.24396},
{"Node_id":4624,"weight":0.21482},
{"Node_id":4625,"weight":0.18782},
{"Node_id":4626,"weight":0.34289998},
{"Node_id":4627,"weight":0.2893},
{"Node_id":4628,"weight":0.14749},
{"Node_id":4629,"weight":0.16973999},
{"Node_id":4630,"weight":0.24519},
{"Node_id":4631,"weight":0.14736},
{"Node_id":4632,"weight":0.1822},
{"Node_id":4633,"weight":0.14546},
{"Node_id":4634,"weight":0.16186},
{"Node_id":4635,"weight":0.24754},
{"Node_id":4636,"weight":0.18755999},
{"Node_id":4646,"weight":0.18178001},
{"Node_id":4650,"weight":0.20125},
{"Node_id":4651,"weight":0.18278},
{"Node_id":4655,"weight":0.14908001},
{"Node_id":4661,"weight":0.16545},
{"Node_id":4665,"weight":0.14217},
{"Node_id":4666,"weight":0.17647001},
{"Node_id":4667,"weight":0.23234001},
{"Node_id":4669,"weight":0.22564001},
{"Node_id":4672,"weight":0.19134},
{"Node_id":4675,"weight":0.1733},
{"Node_id":4676,"weight":0.23533002},
{"Node_id":4681,"weight":0.21439},
{"Node_id":4687,"weight":0.14742},
{"Node_id":4690,"weight":0.17906},
{"Node_id":4694,"weight":0.25624},
{"Node_id":4701,"weight":0.22185},
{"Node_id":4702,"weight":0.15700999},
{"Node_id":4703,"weight":0.18404},
{"Node_id":4704,"weight":0.24588001},
{"Node_id":4706,"weight":0.15659},
{"Node_id":4709,"weight":0.15361},
{"Node_id":4713,"weight":0.43534002},
{"Node_id":4717,"weight":0.30667},
{"Node_id":4718,"weight":0.25445002},
{"Node_id":4722,"weight":0.16845},
{"Node_id":4724,"weight":0.17299},
{"Node_id":4728,"weight":0.50141},
{"Node_id":4730,"weight":0.18128},
{"Node_id":4731,"weight":0.18566},
{"Node_id":4735,"weight":0.32124},
{"Node_id":4737,"weight":0.34127},
{"Node_id":4738,"weight":0.15708},
{"Node_id":4739,"weight":0.19868},
{"Node_id":4743,"weight":0.23787999},
{"Node_id":4745,"weight":0.16121},
{"Node_id":4746,"weight":0.21577999},
{"Node_id":4748,"weight":0.39335},
{"Node_id":4752,"weight":0.14306},
{"Node_id":4754,"weight":0.28574},
{"Node_id":4755,"weight":0.47241998},
{"Node_id":4757,"weight":0.16891},
{"Node_id":4758,"weight":0.16186},
{"Node_id":4762,"weight":0.26466},
{"Node_id":4764,"weight":0.22704999},
{"Node_id":4765,"weight":0.3776},
{"Node_id":4767,"weight":0.15279},
{"Node_id":4768,"weight":0.27748},
{"Node_id":4769,"weight":0.22716},
{"Node_id":4773,"weight":0.18965},
{"Node_id":4775,"weight":0.32071},
{"Node_id":4776,"weight":0.41579},
{"Node_id":4778,"weight":0.21851},
{"Node_id":4779,"weight":0.24923},
{"Node_id":4780,"weight":0.1452},
{"Node_id":4781,"weight":0.21145001},
{"Node_id":4785,"weight":0.51616},
{"Node_id":4787,"weight":0.15665999},
{"Node_id":4788,"weight":0.19332},
{"Node_id":4790,"weight":0.18711999},
{"Node_id":4791,"weight":0.42619},
{"Node_id":4792,"weight":0.2145},
{"Node_id":4793,"weight":0.29549998},
{"Node_id":4794,"weight":0.43940002},
{"Node_id":4796,"weight":0.18549},
{"Node_id":4798,"weight":0.21535},
{"Node_id":4800,"weight":0.20076999},
{"Node_id":4801,"weight":0.48988},
{"Node_id":4803,"weight":0.27339},
{"Node_id":4804,"weight":0.23087999},
{"Node_id":4805,"weight":0.18029},
{"Node_id":4806,"weight":0.23160999},
{"Node_id":4808,"weight":0.14474},
{"Node_id":4812,"weight":0.37579},
{"Node_id":4814,"weight":0.26417},
{"Node_id":4815,"weight":0.35472},
{"Node_id":4817,"weight":0.16042},
{"Node_id":4818,"weight":0.16179},
{"Node_id":4819,"weight":0.16411999},
{"Node_id":4820,"weight":0.17276},
{"Node_id":4822,"weight":0.15729001},
{"Node_id":4823,"weight":0.19532},
{"Node_id":4825,"weight":0.15361},
{"Node_id":4826,"weight":0.17752},
{"Node_id":4828,"weight":0.15042},
{"Node_id":4829,"weight":0.19179},
{"Node_id":4831,"weight":0.52159},
{"Node_id":4832,"weight":0.43066},
{"Node_id":4833,"weight":0.26194},
{"Node_id":4835,"weight":0.35999},
{"Node_id":4836,"weight":0.16092},
{"Node_id":4837,"weight":0.18808},
{"Node_id":4840,"weight":0.21333},
{"Node_id":4841,"weight":0.19886},
{"Node_id":4842,"weight":0.27949},
{"Node_id":4846,"weight":0.22622001},
{"Node_id":4847,"weight":0.3356},
{"Node_id":4848,"weight":0.32761},
{"Node_id":4853,"weight":0.19098},
{"Node_id":4854,"weight":0.60299003},
{"Node_id":4855,"weight":0.17354},
{"Node_id":4861,"weight":0.25137},
{"Node_id":4862,"weight":0.18404},
{"Node_id":4863,"weight":0.23853},
{"Node_id":4871,"weight":0.44896},
{"Node_id":4872,"weight":0.15575},
{"Node_id":4880,"weight":0.21545999},
{"Node_id":4881,"weight":0.22493999},
{"Node_id":4882,"weight":0.14795001},
{"Node_id":4888,"weight":0.14461},
{"Node_id":4891,"weight":0.21092999},
{"Node_id":4892,"weight":0.39388},
{"Node_id":4893,"weight":0.15292999},
{"Node_id":4894,"weight":0.2145},
{"Node_id":4899,"weight":0.15471},
{"Node_id":4902,"weight":0.36312002},
{"Node_id":4903,"weight":0.15225},
{"Node_id":4904,"weight":0.14448},
{"Node_id":4910,"weight":0.24128},
{"Node_id":4915,"weight":0.23063},
{"Node_id":4916,"weight":0.16868},
{"Node_id":4918,"weight":0.17825},
{"Node_id":4920,"weight":0.15736},
{"Node_id":4921,"weight":0.14921},
{"Node_id":4923,"weight":0.29277},
{"Node_id":4924,"weight":0.23710999},
{"Node_id":4925,"weight":0.47128},
{"Node_id":4927,"weight":0.17315},
{"Node_id":4928,"weight":0.16056},
{"Node_id":4929,"weight":0.22704999},
{"Node_id":4930,"weight":0.19125},
{"Node_id":4932,"weight":0.22990999},
{"Node_id":4933,"weight":0.1452},
{"Node_id":4934,"weight":0.20029},
{"Node_id":4935,"weight":0.21503},
{"Node_id":4936,"weight":0.37011},
{"Node_id":4938,"weight":0.17947},
{"Node_id":4939,"weight":0.21439},
{"Node_id":4940,"weight":0.31833},
{"Node_id":4941,"weight":0.15771},
{"Node_id":4943,"weight":0.19026999},
{"Node_id":4945,"weight":0.54685},
{"Node_id":4946,"weight":0.1789},
{"Node_id":4947,"weight":0.30072},
{"Node_id":4948,"weight":0.26911},
{"Node_id":4951,"weight":0.32071},
{"Node_id":4952,"weight":0.17988},
{"Node_id":4953,"weight":0.15116},
{"Node_id":4954,"weight":0.17043},
{"Node_id":4955,"weight":0.51100004},
{"Node_id":4956,"weight":0.15463999},
{"Node_id":4958,"weight":0.48853},
{"Node_id":4959,"weight":0.14507},
{"Node_id":4960,"weight":0.20989001},
{"Node_id":4961,"weight":0.25944},
{"Node_id":4963,"weight":0.41448003},
{"Node_id":4964,"weight":0.1893},
{"Node_id":4965,"weight":0.18286},
{"Node_id":4967,"weight":0.15313},
{"Node_id":4968,"weight":0.14006999},
{"Node_id":4969,"weight":0.18652001},
{"Node_id":4970,"weight":0.28731},
{"Node_id":4972,"weight":0.17647001},
{"Node_id":4974,"weight":0.35362},
{"Node_id":4975,"weight":0.14598},
{"Node_id":4976,"weight":0.15913},
{"Node_id":4978,"weight":0.14756},
{"Node_id":4980,"weight":0.22309999},
{"Node_id":4981,"weight":0.15603},
{"Node_id":4982,"weight":0.33999},
{"Node_id":4983,"weight":0.30275},
{"Node_id":4985,"weight":0.23931},
{"Node_id":4987,"weight":0.23346},
{"Node_id":4988,"weight":0.20436001},
{"Node_id":4989,"weight":0.33683},
{"Node_id":4990,"weight":0.17276},
{"Node_id":4992,"weight":0.24505},
{"Node_id":4994,"weight":0.49126},
{"Node_id":4995,"weight":0.33777002},
{"Node_id":4996,"weight":0.19868},
{"Node_id":4997,"weight":0.15382001},
{"Node_id":4998,"weight":0.19905},
{"Node_id":5000,"weight":0.50141},
{"Node_id":5002,"weight":0.3511},
{"Node_id":5005,"weight":0.44364},
{"Node_id":5006,"weight":0.18549},
{"Node_id":5007,"weight":0.21302},
{"Node_id":5009,"weight":0.27427},
{"Node_id":5011,"weight":0.29593},
{"Node_id":5014,"weight":0.25944},
{"Node_id":5016,"weight":0.21643},
{"Node_id":5017,"weight":0.32648},
{"Node_id":5019,"weight":0.22265},
{"Node_id":5024,"weight":0.16679},
{"Node_id":5025,"weight":0.23787999},
{"Node_id":5026,"weight":0.14591},
{"Node_id":5027,"weight":0.26777},
{"Node_id":5028,"weight":0.14928},
{"Node_id":5030,"weight":0.22811},
{"Node_id":5032,"weight":0.42619},
{"Node_id":5035,"weight":0.20887001},
{"Node_id":5036,"weight":0.15499},
{"Node_id":5038,"weight":0.46155},
{"Node_id":5040,"weight":0.17914},
{"Node_id":5042,"weight":0.36312002},
{"Node_id":5044,"weight":0.18328},
{"Node_id":5047,"weight":0.19459},
{"Node_id":5048,"weight":0.30715},
{"Node_id":5050,"weight":0.28324002},
{"Node_id":5051,"weight":0.33529},
{"Node_id":5072,"weight":0.16361001},
{"Node_id":5078,"weight":0.20114999},
{"Node_id":5079,"weight":0.18764},
{"Node_id":5085,"weight":0.15326999},
{"Node_id":5093,"weight":0.33652002},
{"Node_id":5097,"weight":0.2658},
{"Node_id":5098,"weight":0.22657001},
{"Node_id":5099,"weight":0.16921},
{"Node_id":5100,"weight":0.41778},
{"Node_id":5101,"weight":0.17711},
{"Node_id":5102,"weight":0.2401},
{"Node_id":5103,"weight":0.25066},
{"Node_id":5104,"weight":0.32098},
{"Node_id":5105,"weight":0.18974},
{"Node_id":5106,"weight":0.37011},
{"Node_id":5107,"weight":0.15042},
{"Node_id":5108,"weight":0.20134},
{"Node_id":5109,"weight":0.21386},
{"Node_id":5110,"weight":0.28248},
{"Node_id":5111,"weight":0.16582},
{"Node_id":5112,"weight":0.25371},
{"Node_id":5113,"weight":0.59496003},
{"Node_id":5114,"weight":0.20407},
{"Node_id":5115,"weight":0.30343002},
{"Node_id":5116,"weight":0.17447999},
{"Node_id":5117,"weight":0.15603},
{"Node_id":5120,"weight":0.22163},
{"Node_id":5124,"weight":0.14862},
{"Node_id":5129,"weight":0.17784},
{"Node_id":5134,"weight":0.14338},
{"Node_id":5135,"weight":0.22095},
{"Node_id":5142,"weight":0.14908001},
{"Node_id":5149,"weight":0.20535},
{"Node_id":5150,"weight":0.15589},
{"Node_id":5151,"weight":0.27098},
{"Node_id":5154,"weight":0.34795},
{"Node_id":5156,"weight":0.16523},
{"Node_id":5157,"weight":0.26162},
{"Node_id":5159,"weight":0.20076999},
{"Node_id":5160,"weight":0.39936},
{"Node_id":5163,"weight":0.14063999},
{"Node_id":5164,"weight":0.15049},
{"Node_id":5168,"weight":0.15218},
{"Node_id":5169,"weight":0.13918999},
{"Node_id":5170,"weight":0.14274},
{"Node_id":5174,"weight":0.14928},
{"Node_id":5175,"weight":0.25415},
{"Node_id":5181,"weight":0.21322998},
{"Node_id":5182,"weight":0.20076999},
{"Node_id":5187,"weight":0.17447999},
{"Node_id":5189,"weight":0.48853},
{"Node_id":5190,"weight":0.29852},
{"Node_id":5195,"weight":0.44896},
{"Node_id":5196,"weight":0.14558999},
{"Node_id":5198,"weight":0.8},
{"Node_id":5199,"weight":0.21396999},
{"Node_id":5205,"weight":0.20775001},
{"Node_id":5206,"weight":0.18808},
{"Node_id":5208,"weight":0.14223},
{"Node_id":5209,"weight":0.24142},
{"Node_id":5214,"weight":0.19953},
{"Node_id":5216,"weight":0.50609004},
{"Node_id":5219,"weight":0.20855999},
{"Node_id":5220,"weight":0.21557},
{"Node_id":5231,"weight":0.92102003},
{"Node_id":5232,"weight":0.15197},
{"Node_id":5244,"weight":0.42692},
{"Node_id":5245,"weight":0.24114999},
{"Node_id":5258,"weight":0.22586998},
{"Node_id":5259,"weight":0.19188},
{"Node_id":5264,"weight":0.21861999},
{"Node_id":5271,"weight":0.28191},
{"Node_id":5273,"weight":0.17543},
{"Node_id":5274,"weight":0.19746},
{"Node_id":5284,"weight":0.19532},
{"Node_id":5286,"weight":0.20029},
{"Node_id":5287,"weight":0.20826001},
{"Node_id":5288,"weight":0.32151002},
{"Node_id":5293,"weight":0.18886},
{"Node_id":5295,"weight":0.17615},
{"Node_id":5299,"weight":0.16959},
{"Node_id":5302,"weight":0.22174},
{"Node_id":5306,"weight":0.24342},
{"Node_id":5309,"weight":0.16973999},
{"Node_id":5314,"weight":0.24248},
{"Node_id":5317,"weight":0.25897998},
{"Node_id":5323,"weight":0.16427},
{"Node_id":5326,"weight":0.21103},
{"Node_id":5329,"weight":0.27931002},
{"Node_id":5333,"weight":0.17736},
{"Node_id":5336,"weight":0.2887},
{"Node_id":5339,"weight":0.27029},
{"Node_id":5342,"weight":0.26305002},
{"Node_id":5343,"weight":0.26911},
{"Node_id":5344,"weight":0.29529},
{"Node_id":5345,"weight":0.23635001},
{"Node_id":5347,"weight":0.18755999},
{"Node_id":5351,"weight":0.23608999},
{"Node_id":5352,"weight":0.20289},
{"Node_id":5353,"weight":0.14729},
{"Node_id":5354,"weight":0.17575},
{"Node_id":5355,"weight":0.29360002},
{"Node_id":5357,"weight":0.14749},
{"Node_id":5358,"weight":0.23358},
{"Node_id":5359,"weight":0.15334001},
{"Node_id":5361,"weight":0.21429},
{"Node_id":5362,"weight":0.24396},
{"Node_id":5364,"weight":0.22811},
{"Node_id":5365,"weight":0.16208},
{"Node_id":5366,"weight":0.17906},
{"Node_id":5368,"weight":0.6264},
{"Node_id":5369,"weight":0.18029},
{"Node_id":5371,"weight":0.13982001},
{"Node_id":5373,"weight":0.25594002},
{"Node_id":5376,"weight":0.17354},
{"Node_id":5377,"weight":0.24754},
{"Node_id":5378,"weight":0.24302001},
{"Node_id":5379,"weight":0.14140001},
{"Node_id":5381,"weight":0.25283},
{"Node_id":5384,"weight":0.47473997},
{"Node_id":5388,"weight":0.35884},
{"Node_id":5393,"weight":0.23635001},
{"Node_id":5399,"weight":0.18447},
{"Node_id":5406,"weight":0.15548},
{"Node_id":5414,"weight":0.17377},
{"Node_id":5423,"weight":0.25975},
{"Node_id":5432,"weight":0.14474},
{"Node_id":5434,"weight":0.17898001},
{"Node_id":5435,"weight":0.17043},
{"Node_id":5436,"weight":0.16612001},
{"Node_id":5437,"weight":0.18669},
{"Node_id":5438,"weight":0.16762},
{"Node_id":5439,"weight":0.22207999},
{"Node_id":5440,"weight":0.30297},
{"Node_id":5441,"weight":0.24261999},
{"Node_id":5442,"weight":0.24155},
{"Node_id":5443,"weight":0.32017},
{"Node_id":5444,"weight":0.24866},
{"Node_id":5445,"weight":0.29939002},
{"Node_id":5446,"weight":0.44538003},
{"Node_id":5447,"weight":0.21796},
{"Node_id":5448,"weight":0.18523},
{"Node_id":5449,"weight":0.20038},
{"Node_id":5450,"weight":0.19934},
{"Node_id":5451,"weight":0.15652},
{"Node_id":5452,"weight":0.1561},
{"Node_id":5453,"weight":0.15892},
{"Node_id":5454,"weight":0.16006},
{"Node_id":5455,"weight":0.17377},
{"Node_id":5456,"weight":0.23321},
{"Node_id":5457,"weight":0.20202},
{"Node_id":5458,"weight":0.42839998},
{"Node_id":5459,"weight":0.34969002},
{"Node_id":5460,"weight":0.15736},
{"Node_id":5461,"weight":0.17857},
{"Node_id":5462,"weight":0.23271},
{"Node_id":5463,"weight":0.1873},
{"Node_id":5464,"weight":0.20685},
{"Node_id":5465,"weight":0.18506},
{"Node_id":5466,"weight":0.25609},
{"Node_id":5467,"weight":0.16034},
{"Node_id":5468,"weight":0.20357999},
{"Node_id":5469,"weight":0.22599001},
{"Node_id":5470,"weight":0.36800998},
{"Node_id":5471,"weight":0.51441},
{"Node_id":5472,"weight":0.40396},
{"Node_id":5473,"weight":0.21610999},
{"Node_id":5474,"weight":0.47831997},
{"Node_id":5475,"weight":0.34258002},
{"Node_id":5476,"weight":0.26661998},
{"Node_id":5477,"weight":0.24208},
{"Node_id":5478,"weight":0.15687},
{"Node_id":5479,"weight":0.28191},
{"Node_id":5480,"weight":0.14935},
{"Node_id":5481,"weight":0.17362},
{"Node_id":5482,"weight":0.17807999},
{"Node_id":5483,"weight":0.21503},
{"Node_id":5484,"weight":0.61637},
{"Node_id":5485,"weight":0.19359},
{"Node_id":5486,"weight":0.33287},
{"Node_id":5487,"weight":0.30458},
{"Node_id":5488,"weight":0.21164998},
{"Node_id":5489,"weight":0.15022},
{"Node_id":5490,"weight":0.25066},
{"Node_id":5493,"weight":0.14281},
{"Node_id":5494,"weight":0.24089},
{"Node_id":5495,"weight":0.17615},
{"Node_id":5496,"weight":0.14995},
{"Node_id":5497,"weight":0.19597},
{"Node_id":5498,"weight":0.29549998},
{"Node_id":5499,"weight":0.24235001},
{"Node_id":5500,"weight":0.16634001},
{"Node_id":5506,"weight":0.19915},
{"Node_id":5509,"weight":0.16273001},
{"Node_id":5513,"weight":0.27986},
{"Node_id":5518,"weight":0.60725003},
{"Node_id":5524,"weight":0.38275},
{"Node_id":5531,"weight":0.21302},
{"Node_id":5536,"weight":0.22128999},
{"Node_id":5537,"weight":0.1683},
{"Node_id":5538,"weight":0.33620998},
{"Node_id":5539,"weight":0.34691998},
{"Node_id":5543,"weight":0.29635},
{"Node_id":5544,"weight":0.18965},
{"Node_id":5546,"weight":0.16883},
{"Node_id":5547,"weight":0.42330998},
{"Node_id":5548,"weight":0.25474},
{"Node_id":5549,"weight":0.29113},
{"Node_id":5550,"weight":0.41711003},
{"Node_id":5551,"weight":0.28362},
{"Node_id":5552,"weight":0.14128},
{"Node_id":5553,"weight":0.16950999},
{"Node_id":5554,"weight":0.49404997},
{"Node_id":5555,"weight":0.29133},
{"Node_id":5556,"weight":0.18228},
{"Node_id":5557,"weight":0.27712},
{"Node_id":5558,"weight":0.19404},
{"Node_id":5559,"weight":0.15184},
{"Node_id":5560,"weight":0.24477999},
{"Node_id":5562,"weight":0.20397},
{"Node_id":5563,"weight":0.33871},
{"Node_id":5564,"weight":0.44278002},
{"Node_id":5565,"weight":0.29072002},
{"Node_id":5567,"weight":0.32676},
{"Node_id":5569,"weight":0.21062},
{"Node_id":5570,"weight":0.15949},
{"Node_id":5571,"weight":0.20705},
{"Node_id":5572,"weight":0.51441},
{"Node_id":5573,"weight":0.19018},
{"Node_id":5574,"weight":0.15582},
{"Node_id":5575,"weight":0.19477001},
{"Node_id":5576,"weight":0.34094998},
{"Node_id":5577,"weight":0.1798},
{"Node_id":5578,"weight":0.38132},
{"Node_id":5579,"weight":0.51794},
{"Node_id":5580,"weight":0.81113994},
{"Node_id":5581,"weight":0.35732},
{"Node_id":5582,"weight":0.65699},
{"Node_id":5583,"weight":0.18506},
{"Node_id":5584,"weight":0.32098},
{"Node_id":5585,"weight":0.21665001},
{"Node_id":5586,"weight":0.16056},
{"Node_id":5587,"weight":0.45653},
{"Node_id":5588,"weight":0.20959},
{"Node_id":5589,"weight":0.31099},
{"Node_id":5590,"weight":0.22907},
{"Node_id":5591,"weight":0.52734},
{"Node_id":5592,"weight":0.38371998},
{"Node_id":5593,"weight":0.16648999},
{"Node_id":5594,"weight":0.25775},
{"Node_id":5595,"weight":0.30929},
{"Node_id":5596,"weight":0.17036},
{"Node_id":5597,"weight":0.25297},
{"Node_id":5598,"weight":0.19170001},
{"Node_id":5599,"weight":0.15416},
{"Node_id":5600,"weight":0.25913},
{"Node_id":5601,"weight":0.22005999},
{"Node_id":5602,"weight":0.22072999},
{"Node_id":5603,"weight":0.17345999},
{"Node_id":5604,"weight":0.17252001},
{"Node_id":5605,"weight":0.22871001},
{"Node_id":5606,"weight":0.2375},
{"Node_id":5607,"weight":0.19487},
{"Node_id":5608,"weight":0.25684},
{"Node_id":5609,"weight":0.24221},
{"Node_id":5610,"weight":0.16523},
{"Node_id":5611,"weight":0.21031001},
{"Node_id":5612,"weight":0.17607},
{"Node_id":5613,"weight":0.14045},
{"Node_id":5614,"weight":0.23321},
{"Node_id":5615,"weight":0.35146},
{"Node_id":5616,"weight":0.37991},
{"Node_id":5617,"weight":0.25534},
{"Node_id":5618,"weight":0.22028},
{"Node_id":5619,"weight":0.19895999},
{"Node_id":5620,"weight":0.18843},
{"Node_id":5621,"weight":0.28381},
{"Node_id":5622,"weight":0.15076},
{"Node_id":5623,"weight":0.2184},
{"Node_id":5624,"weight":0.20416},
{"Node_id":5625,"weight":0.37579},
{"Node_id":5626,"weight":0.19296},
{"Node_id":5627,"weight":0.21092999},
{"Node_id":5628,"weight":0.27876002},
{"Node_id":5629,"weight":0.22657001},
{"Node_id":5630,"weight":0.31651002},
{"Node_id":5631,"weight":0.40163},
{"Node_id":5632,"weight":0.20192},
{"Node_id":5633,"weight":0.26678},
{"Node_id":5634,"weight":0.24768},
{"Node_id":5635,"weight":0.15245},
{"Node_id":5636,"weight":0.47954002},
{"Node_id":5637,"weight":0.19895999},
{"Node_id":5638,"weight":0.23075},
{"Node_id":5639,"weight":0.25023},
{"Node_id":5640,"weight":0.1421},
{"Node_id":5641,"weight":0.17151001},
{"Node_id":5642,"weight":0.15575},
{"Node_id":5643,"weight":0.19634},
{"Node_id":5644,"weight":0.14177999},
{"Node_id":5645,"weight":0.46469003},
{"Node_id":5646,"weight":0.19232},
{"Node_id":5648,"weight":0.27676},
{"Node_id":5649,"weight":0.51975},
{"Node_id":5650,"weight":0.23099999},
{"Node_id":5651,"weight":0.22967},
{"Node_id":5652,"weight":0.17198},
{"Node_id":5653,"weight":0.37669},
{"Node_id":5654,"weight":0.21185999},
{"Node_id":5655,"weight":0.18974},
{"Node_id":5656,"weight":0.14533},
{"Node_id":5657,"weight":0.23931},
{"Node_id":5660,"weight":0.19934},
{"Node_id":5661,"weight":0.19542},
{"Node_id":5662,"weight":0.41711003},
{"Node_id":5664,"weight":0.25312},
{"Node_id":5665,"weight":0.41002002},
{"Node_id":5666,"weight":0.52159},
{"Node_id":5667,"weight":0.28613},
{"Node_id":5668,"weight":0.15842},
{"Node_id":5670,"weight":0.17575},
{"Node_id":5671,"weight":0.14448},
{"Node_id":5672,"weight":0.29092},
{"Node_id":5673,"weight":0.21577999},
{"Node_id":5674,"weight":0.39072},
{"Node_id":5675,"weight":0.21861999},
{"Node_id":5677,"weight":0.45458},
{"Node_id":5678,"weight":0.17097},
{"Node_id":5679,"weight":0.13913},
{"Node_id":5680,"weight":0.54447997},
{"Node_id":5681,"weight":0.21071999},
{"Node_id":5682,"weight":0.17464},
{"Node_id":5683,"weight":0.27235},
{"Node_id":5684,"weight":0.3483},
{"Node_id":5685,"weight":0.36843},
{"Node_id":5686,"weight":0.23699},
{"Node_id":5689,"weight":0.31651002},
{"Node_id":5692,"weight":0.19624999},
{"Node_id":5694,"weight":0.28023},
{"Node_id":5697,"weight":0.3776},
{"Node_id":5699,"weight":0.20515001},
{"Node_id":5701,"weight":0.15561},
{"Node_id":5703,"weight":0.17841001},
{"Node_id":5704,"weight":0.14578},
{"Node_id":5705,"weight":0.20231},
{"Node_id":5706,"weight":0.15779},
{"Node_id":5707,"weight":0.37715},
{"Node_id":5709,"weight":0.1597},
{"Node_id":5710,"weight":0.17881},
{"Node_id":5711,"weight":0.2474},
{"Node_id":5712,"weight":0.5077},
{"Node_id":5713,"weight":0.20887001},
{"Node_id":5714,"weight":0.27765998},
{"Node_id":5715,"weight":0.25929},
{"Node_id":5716,"weight":0.20816},
{"Node_id":5720,"weight":0.26945},
{"Node_id":5721,"weight":0.36843},
{"Node_id":5722,"weight":0.26037},
{"Node_id":5724,"weight":0.14644},
{"Node_id":5725,"weight":0.34356},
{"Node_id":5727,"weight":0.35999},
{"Node_id":5728,"weight":0.47831997},
{"Node_id":5730,"weight":0.19441},
{"Node_id":5731,"weight":0.21396999},
{"Node_id":5732,"weight":0.43857998},
{"Node_id":5733,"weight":0.15863},
{"Node_id":5734,"weight":0.17873},
{"Node_id":5735,"weight":0.14448},
{"Node_id":5736,"weight":0.29742998},
{"Node_id":5738,"weight":0.36233002},
{"Node_id":5739,"weight":0.25341},
{"Node_id":5740,"weight":0.26482},
{"Node_id":5741,"weight":0.22095},
{"Node_id":5742,"weight":0.22634001},
{"Node_id":5743,"weight":0.1653},
{"Node_id":5744,"weight":0.1397},
{"Node_id":5745,"weight":0.25166},
{"Node_id":5746,"weight":0.19468},
{"Node_id":5747,"weight":0.20337999},
{"Node_id":5748,"weight":0.17528},
{"Node_id":5749,"weight":0.153},
{"Node_id":5754,"weight":0.38968998},
{"Node_id":5755,"weight":0.18087},
{"Node_id":5757,"weight":0.25023},
{"Node_id":5758,"weight":0.26498002},
{"Node_id":5759,"weight":0.19514},
{"Node_id":5761,"weight":0.28516},
{"Node_id":5762,"weight":0.24023},
{"Node_id":5763,"weight":0.14204},
{"Node_id":5764,"weight":0.19634},
{"Node_id":5766,"weight":0.3356},
{"Node_id":5767,"weight":0.1832},
{"Node_id":5768,"weight":0.2366},
{"Node_id":5769,"weight":0.21557},
{"Node_id":5770,"weight":0.31912},
{"Node_id":5772,"weight":0.1561},
{"Node_id":5773,"weight":0.17488},
{"Node_id":5774,"weight":0.15786001},
{"Node_id":5775,"weight":0.20585},
{"Node_id":5776,"weight":0.29808},
{"Node_id":5777,"weight":0.34899002},
{"Node_id":5778,"weight":0.16049},
{"Node_id":5779,"weight":0.20918},
{"Node_id":5780,"weight":0.26242},
{"Node_id":5781,"weight":0.26979},
{"Node_id":5782,"weight":0.2366},
{"Node_id":5783,"weight":0.1893},
{"Node_id":5784,"weight":0.35362},
{"Node_id":5787,"weight":0.20625},
{"Node_id":5788,"weight":0.15055},
{"Node_id":5789,"weight":0.25137},
{"Node_id":5790,"weight":0.27392},
{"Node_id":5791,"weight":0.15136},
{"Node_id":5792,"weight":0.30715},
{"Node_id":5795,"weight":0.24342},
{"Node_id":5796,"weight":0.14140001},
{"Node_id":5797,"weight":0.24574001},
{"Node_id":5798,"weight":0.53992},
{"Node_id":5799,"weight":0.14995},
{"Node_id":5800,"weight":0.2748},
{"Node_id":5805,"weight":0.17323},
{"Node_id":5806,"weight":0.66441},
{"Node_id":5807,"weight":0.42259997},
{"Node_id":5808,"weight":0.22506002},
{"Node_id":5809,"weight":0.15506001},
{"Node_id":5812,"weight":0.15942},
{"Node_id":5814,"weight":0.14975},
{"Node_id":5815,"weight":0.21031001},
{"Node_id":5816,"weight":0.17315},
{"Node_id":5817,"weight":0.40574002},
{"Node_id":5818,"weight":0.29215},
{"Node_id":5819,"weight":0.29808},
{"Node_id":5822,"weight":0.18652001},
{"Node_id":5823,"weight":0.37991},
{"Node_id":5824,"weight":0.18128},
{"Node_id":5825,"weight":0.29808},
{"Node_id":5826,"weight":0.42402},
{"Node_id":5827,"weight":0.1935},
{"Node_id":5828,"weight":0.32591},
{"Node_id":5829,"weight":0.16538},
{"Node_id":5830,"weight":0.21568},
{"Node_id":5831,"weight":0.31781},
{"Node_id":5832,"weight":0.2881},
{"Node_id":5833,"weight":0.14848},
{"Node_id":5834,"weight":0.15793},
{"Node_id":5835,"weight":0.31833},
{"Node_id":5836,"weight":0.27857},
{"Node_id":5837,"weight":0.16754},
{"Node_id":5838,"weight":0.17575},
{"Node_id":5839,"weight":0.22955},
{"Node_id":5840,"weight":0.20202},
{"Node_id":5841,"weight":0.27235},
{"Node_id":5842,"weight":0.21796},
{"Node_id":5843,"weight":0.27339},
{"Node_id":5844,"weight":0.33967},
{"Node_id":5845,"weight":0.24208},
{"Node_id":5846,"weight":0.15652},
{"Node_id":5847,"weight":0.41064},
{"Node_id":5851,"weight":0.15259},
{"Node_id":5852,"weight":0.21312001},
{"Node_id":5853,"weight":0.15002},
{"Node_id":5854,"weight":0.63182},
{"Node_id":5855,"weight":0.20745},
{"Node_id":5856,"weight":0.14822},
{"Node_id":5857,"weight":0.14848},
{"Node_id":5858,"weight":0.20436001},
{"Node_id":5859,"weight":0.19905},
{"Node_id":5860,"weight":0.24851999},
{"Node_id":5861,"weight":0.18643},
{"Node_id":5862,"weight":0.31651002},
{"Node_id":5863,"weight":0.37357},
{"Node_id":5864,"weight":0.13932},
{"Node_id":5865,"weight":0.14975},
{"Node_id":5866,"weight":0.18037},
{"Node_id":5867,"weight":0.15963},
{"Node_id":5868,"weight":0.25224},
{"Node_id":5869,"weight":0.3842},
{"Node_id":5870,"weight":0.21621999},
{"Node_id":5871,"weight":0.18515},
{"Node_id":5872,"weight":0.58401},
{"Node_id":5873,"weight":0.16906},
{"Node_id":5874,"weight":0.17736},
{"Node_id":5875,"weight":0.19296},
{"Node_id":5876,"weight":0.27857},
{"Node_id":5877,"weight":0.23546},
{"Node_id":5878,"weight":0.3776},
{"Node_id":5879,"weight":0.40693998},
{"Node_id":5880,"weight":0.24670999},
{"Node_id":5881,"weight":0.21730001},
{"Node_id":5882,"weight":0.1752},
{"Node_id":5883,"weight":0.20038},
{"Node_id":5884,"weight":0.14371},
{"Node_id":5885,"weight":0.27081},
{"Node_id":5886,"weight":0.14835},
{"Node_id":5887,"weight":0.19962},
{"Node_id":5888,"weight":0.2727},
{"Node_id":5889,"weight":0.22516999},
{"Node_id":5890,"weight":0.23648},
{"Node_id":5891,"weight":0.3596},
{"Node_id":5892,"weight":0.26257},
{"Node_id":5893,"weight":0.24275},
{"Node_id":5894,"weight":0.19277},
{"Node_id":5895,"weight":0.23866001},
{"Node_id":5896,"weight":0.53992},
{"Node_id":5897,"weight":0.14624},
{"Node_id":5898,"weight":0.15484999},
{"Node_id":5899,"weight":0.18895},
{"Node_id":5900,"weight":0.24588001},
{"Node_id":5901,"weight":0.22799},
{"Node_id":5902,"weight":0.28652},
{"Node_id":5903,"weight":0.15062},
{"Node_id":5904,"weight":0.14881},
{"Node_id":5905,"weight":0.15842},
{"Node_id":5906,"weight":0.14921},
{"Node_id":5907,"weight":0.18078001},
{"Node_id":5908,"weight":0.1776},
{"Node_id":5909,"weight":0.3305},
{"Node_id":5910,"weight":0.25959},
{"Node_id":5911,"weight":0.16973999},
{"Node_id":5912,"weight":0.22196},
{"Node_id":5913,"weight":0.14848},
{"Node_id":5914,"weight":0.2881},
{"Node_id":5915,"weight":0.17401001},
{"Node_id":5916,"weight":0.23234001},
{"Node_id":5917,"weight":0.16208},
{"Node_id":5918,"weight":0.26563},
{"Node_id":5919,"weight":0.16486},
{"Node_id":5920,"weight":0.19332},
{"Node_id":5921,"weight":0.18523},
{"Node_id":5922,"weight":0.26401},
{"Node_id":5923,"weight":0.15272},
{"Node_id":5924,"weight":0.15368},
{"Node_id":5925,"weight":0.48077998},
{"Node_id":5926,"weight":0.19868},
{"Node_id":5928,"weight":0.19286999},
{"Node_id":5929,"weight":0.15049},
{"Node_id":5931,"weight":0.15977},
{"Node_id":5932,"weight":0.25489},
{"Node_id":5933,"weight":0.21928},
{"Node_id":5935,"weight":0.23775999},
{"Node_id":5936,"weight":0.22799},
{"Node_id":5937,"weight":0.24368998},
{"Node_id":5938,"weight":0.30881},
{"Node_id":5940,"weight":0.20816},
{"Node_id":5941,"weight":0.27784},
{"Node_id":5943,"weight":0.20907},
{"Node_id":5944,"weight":0.60725003},
{"Node_id":5945,"weight":0.28574},
{"Node_id":5946,"weight":0.14177999},
{"Node_id":5947,"weight":0.15992},
{"Node_id":5948,"weight":0.21719},
{"Node_id":5949,"weight":0.15035},
{"Node_id":5950,"weight":0.13882},
{"Node_id":5951,"weight":0.22576001},
{"Node_id":5952,"weight":0.33652002},
{"Node_id":5953,"weight":0.25254},
{"Node_id":5954,"weight":0.17105},
{"Node_id":5955,"weight":0.48457998},
{"Node_id":5956,"weight":0.22551998},
{"Node_id":5957,"weight":0.13988},
{"Node_id":5958,"weight":0.14172},
{"Node_id":5959,"weight":0.16523},
{"Node_id":5960,"weight":0.17963001},
{"Node_id":5961,"weight":0.41002002},
{"Node_id":5962,"weight":0.25066},
{"Node_id":5963,"weight":0.25385},
{"Node_id":5964,"weight":0.2877},
{"Node_id":5965,"weight":0.19522999},
{"Node_id":5966,"weight":0.25713998},
{"Node_id":5967,"weight":0.14565},
{"Node_id":5968,"weight":0.1744},
{"Node_id":5969,"weight":0.16732},
{"Node_id":5970,"weight":0.1798},
{"Node_id":5971,"weight":0.19305},
{"Node_id":5972,"weight":0.14229},
{"Node_id":5973,"weight":0.1543},
{"Node_id":5974,"weight":0.41711003},
{"Node_id":5975,"weight":0.26711},
{"Node_id":5976,"weight":0.22049999},
{"Node_id":5977,"weight":0.31347},
{"Node_id":5978,"weight":0.14815},
{"Node_id":5979,"weight":0.1752},
{"Node_id":5980,"weight":0.30251998},
{"Node_id":5981,"weight":0.16368},
{"Node_id":5982,"weight":0.31963998},
{"Node_id":5983,"weight":0.20565},
{"Node_id":5984,"weight":0.19296},
{"Node_id":5985,"weight":0.18135999},
{"Node_id":5986,"weight":0.22242},
{"Node_id":5987,"weight":0.23571},
{"Node_id":5988,"weight":0.38038},
{"Node_id":5989,"weight":0.20938},
{"Node_id":5990,"weight":0.20745},
{"Node_id":5991,"weight":0.25123},
{"Node_id":5992,"weight":0.15786001},
{"Node_id":5993,"weight":0.1726},
{"Node_id":5994,"weight":0.14663},
{"Node_id":5995,"weight":0.26563},
{"Node_id":5996,"weight":0.14147},
{"Node_id":5997,"weight":0.29011},
{"Node_id":5998,"weight":0.52347004},
{"Node_id":5999,"weight":0.34094998},
{"Node_id":6000,"weight":0.34225},
{"Node_id":6001,"weight":0.18557},
{"Node_id":6002,"weight":0.26498002},
{"Node_id":6003,"weight":0.21134},
{"Node_id":6004,"weight":0.2366},
{"Node_id":6005,"weight":0.19395},
{"Node_id":6006,"weight":0.31859},
{"Node_id":6007,"weight":0.22907},
{"Node_id":6008,"weight":0.18337},
{"Node_id":6009,"weight":0.15652},
{"Node_id":6010,"weight":0.2543},
{"Node_id":6011,"weight":0.58061},
{"Node_id":6012,"weight":0.36969},
{"Node_id":6013,"weight":0.21774001},
{"Node_id":6014,"weight":0.14795001},
{"Node_id":6015,"weight":0.13944},
{"Node_id":6016,"weight":0.23222001},
{"Node_id":6017,"weight":0.18012},
{"Node_id":6018,"weight":0.52933},
{"Node_id":6019,"weight":0.33078998},
{"Node_id":6020,"weight":0.44278002},
{"Node_id":6021,"weight":0.15652},
{"Node_id":6022,"weight":0.25944},
{"Node_id":6023,"weight":0.20855999},
{"Node_id":6024,"weight":0.15029},
{"Node_id":6025,"weight":0.28750998},
{"Node_id":6026,"weight":0.15361},
{"Node_id":6027,"weight":0.32342},
{"Node_id":6028,"weight":0.19432},
{"Node_id":6029,"weight":0.1639},
{"Node_id":6032,"weight":0.57105},
{"Node_id":6034,"weight":0.21092999},
{"Node_id":6035,"weight":0.20019},
{"Node_id":6037,"weight":0.39124},
{"Node_id":6040,"weight":0.17841001},
{"Node_id":6044,"weight":0.25975},
{"Node_id":6047,"weight":0.21418},
{"Node_id":6049,"weight":0.19098},
{"Node_id":6052,"weight":0.14242001},
{"Node_id":6055,"weight":0.25913},
{"Node_id":6058,"weight":0.16822},
{"Node_id":6062,"weight":0.35004002},
{"Node_id":6065,"weight":0.14096001},
{"Node_id":6069,"weight":0.18834},
{"Node_id":6070,"weight":0.16657},
{"Node_id":6071,"weight":0.20918},
{"Node_id":6072,"weight":0.29257},
{"Node_id":6073,"weight":0.34323},
{"Node_id":6079,"weight":0.16258},
{"Node_id":6082,"weight":0.25913},
{"Node_id":6083,"weight":0.20154},
{"Node_id":6084,"weight":0.18755999},
{"Node_id":6112,"weight":0.15423},
{"Node_id":6119,"weight":0.25254},
{"Node_id":6120,"weight":0.18808},
{"Node_id":6127,"weight":0.28496},
{"Node_id":6128,"weight":0.18178001},
{"Node_id":6136,"weight":0.18153},
{"Node_id":6137,"weight":0.24302001},
{"Node_id":6139,"weight":0.22611001},
{"Node_id":6140,"weight":0.41982},
{"Node_id":6141,"weight":0.36392},
{"Node_id":6142,"weight":0.19727},
{"Node_id":6143,"weight":0.57413995},
{"Node_id":6144,"weight":0.30929},
{"Node_id":6145,"weight":0.23608999},
{"Node_id":6146,"weight":0.17113},
{"Node_id":6147,"weight":0.14268},
{"Node_id":6148,"weight":0.29896},
{"Node_id":6149,"weight":0.20938},
{"Node_id":6150,"weight":0.36718},
{"Node_id":6151,"weight":0.21124001},
{"Node_id":6152,"weight":0.25518999},
{"Node_id":6153,"weight":0.23445001},
{"Node_id":6154,"weight":0.15527001},
{"Node_id":6155,"weight":0.1752},
{"Node_id":6156,"weight":0.27658},
{"Node_id":6157,"weight":0.19241},
{"Node_id":6158,"weight":0.18506},
{"Node_id":6159,"weight":0.24951},
{"Node_id":6160,"weight":0.33168},
{"Node_id":6161,"weight":0.19368},
{"Node_id":6162,"weight":0.22599001},
{"Node_id":6163,"weight":0.18531999},
{"Node_id":6164,"weight":0.22379},
{"Node_id":6165,"weight":0.18379},
{"Node_id":6166,"weight":0.36718},
{"Node_id":6167,"weight":0.16317001},
{"Node_id":6168,"weight":0.37624},
{"Node_id":6169,"weight":0.15617},
{"Node_id":6170,"weight":0.18566},
{"Node_id":6171,"weight":0.18575},
{"Node_id":6172,"weight":0.16013},
{"Node_id":6174,"weight":0.32648},
{"Node_id":6176,"weight":0.25079998},
{"Node_id":6177,"weight":0.14198},
{"Node_id":6178,"weight":0.14474},
{"Node_id":6179,"weight":0.30229002},
{"Node_id":6180,"weight":0.29529},
{"Node_id":6181,"weight":0.20377},
{"Node_id":6182,"weight":0.15218},
{"Node_id":6185,"weight":0.20555},
{"Node_id":6187,"weight":0.18261},
{"Node_id":6188,"weight":0.2887},
{"Node_id":6190,"weight":0.17898001},
{"Node_id":6191,"weight":0.33999},
{"Node_id":6192,"weight":0.20545001},
{"Node_id":6194,"weight":0.20927998},
{"Node_id":6195,"weight":0.20105},
{"Node_id":6196,"weight":0.15582},
{"Node_id":6199,"weight":0.26466},
{"Node_id":6200,"weight":0.14134},
{"Node_id":6201,"weight":0.18186},
{"Node_id":6205,"weight":0.35922},
{"Node_id":6206,"weight":0.18371001},
{"Node_id":6207,"weight":0.25564},
{"Node_id":6210,"weight":0.14293},
{"Node_id":6212,"weight":0.22028},
{"Node_id":6213,"weight":0.32905},
{"Node_id":6214,"weight":0.37357},
{"Node_id":6217,"weight":0.16368},
{"Node_id":6218,"weight":0.19188},
{"Node_id":6220,"weight":0.50450003},
{"Node_id":6221,"weight":0.33168},
{"Node_id":6222,"weight":0.25356},
{"Node_id":6225,"weight":0.38817},
{"Node_id":6226,"weight":0.27839},
{"Node_id":6229,"weight":0.19395},
{"Node_id":6230,"weight":0.14915},
{"Node_id":6231,"weight":0.16936001},
{"Node_id":6234,"weight":0.33745998},
{"Node_id":6235,"weight":0.33871},
{"Node_id":6239,"weight":0.18843},
{"Node_id":6240,"weight":0.14500001},
{"Node_id":6241,"weight":0.22847},
{"Node_id":6244,"weight":0.14442},
{"Node_id":6245,"weight":0.29381},
{"Node_id":6250,"weight":0.19662},
{"Node_id":6251,"weight":0.16324},
{"Node_id":6252,"weight":0.17456},
{"Node_id":6255,"weight":0.16717},
{"Node_id":6256,"weight":0.15927},
{"Node_id":6262,"weight":0.31963998},
{"Node_id":6263,"weight":0.15068999},
{"Node_id":6264,"weight":0.22219},
{"Node_id":6267,"weight":0.23027},
{"Node_id":6268,"weight":0.34063},
{"Node_id":6278,"weight":0.15942},
{"Node_id":6280,"weight":0.24895},
{"Node_id":6287,"weight":0.14500001},
{"Node_id":6292,"weight":0.1656},
{"Node_id":6295,"weight":0.21503},
{"Node_id":6298,"weight":0.14703},
{"Node_id":6301,"weight":0.31148},
{"Node_id":6302,"weight":0.14045},
{"Node_id":6305,"weight":0.15715},
{"Node_id":6308,"weight":0.15771},
{"Node_id":6310,"weight":0.21092999},
{"Node_id":6313,"weight":0.32847},
{"Node_id":6316,"weight":0.18211},
{"Node_id":6318,"weight":0.18992},
{"Node_id":6322,"weight":0.15863},
{"Node_id":6325,"weight":0.14789},
{"Node_id":6327,"weight":0.15541},
{"Node_id":6332,"weight":0.23905},
{"Node_id":6335,"weight":0.22859001},
{"Node_id":6337,"weight":0.41002002},
{"Node_id":6341,"weight":0.14261},
{"Node_id":6342,"weight":0.1628},
{"Node_id":6343,"weight":0.16739},
{"Node_id":6345,"weight":0.16806999},
{"Node_id":6346,"weight":0.14591},
{"Node_id":6348,"weight":0.22344},
{"Node_id":6355,"weight":0.1854},
{"Node_id":6358,"weight":0.23027},
{"Node_id":6360,"weight":0.18617001},
{"Node_id":6365,"weight":0.25094},
{"Node_id":6368,"weight":0.28535},
{"Node_id":6371,"weight":0.15382001},
{"Node_id":6373,"weight":0.1812},
{"Node_id":6378,"weight":0.2401},
{"Node_id":6379,"weight":0.68113},
{"Node_id":6382,"weight":0.22265},
{"Node_id":6383,"weight":0.15450999},
{"Node_id":6385,"weight":0.25474},
{"Node_id":6387,"weight":0.14948},
{"Node_id":6392,"weight":0.43857998},
{"Node_id":6393,"weight":0.43614},
{"Node_id":6394,"weight":0.31807},
{"Node_id":6400,"weight":0.18128},
{"Node_id":6402,"weight":0.29174},
{"Node_id":6407,"weight":0.36352},
{"Node_id":6409,"weight":0.19395},
{"Node_id":6413,"weight":0.23710999},
{"Node_id":6414,"weight":0.40221},
{"Node_id":6416,"weight":0.41127},
{"Node_id":6418,"weight":0.20615001},
{"Node_id":6423,"weight":0.39549},
{"Node_id":6429,"weight":0.48330003},
{"Node_id":6430,"weight":0.15484999},
{"Node_id":6431,"weight":0.23063},
{"Node_id":6432,"weight":0.18957},
{"Node_id":6433,"weight":0.18044999},
{"Node_id":6434,"weight":0.31422},
{"Node_id":6435,"weight":0.41914},
{"Node_id":6436,"weight":0.43534002},
{"Node_id":6437,"weight":0.16302},
{"Node_id":6438,"weight":0.18738},
{"Node_id":6439,"weight":0.15245},
{"Node_id":6440,"weight":0.50294},
{"Node_id":6441,"weight":0.15807},
{"Node_id":6442,"weight":0.38716},
{"Node_id":6443,"weight":0.22907},
{"Node_id":6444,"weight":0.26612002},
{"Node_id":6445,"weight":0.22061},
{"Node_id":6446,"weight":0.15218},
{"Node_id":6447,"weight":0.22016999},
{"Node_id":6448,"weight":0.53771},
{"Node_id":6449,"weight":0.23918},
{"Node_id":6450,"weight":0.15326999},
{"Node_id":6451,"weight":0.15527001},
{"Node_id":6452,"weight":0.22448},
{"Node_id":6453,"weight":0.21752},
{"Node_id":6454,"weight":0.30953},
{"Node_id":6456,"weight":0.31651002},
{"Node_id":6457,"weight":0.168},
{"Node_id":6459,"weight":0.18103},
{"Node_id":6463,"weight":0.23458},
{"Node_id":6467,"weight":0.41778},
{"Node_id":6468,"weight":0.21155},
{"Node_id":6473,"weight":0.48457998},
{"Node_id":6474,"weight":0.27218002},
{"Node_id":6478,"weight":0.15828},
{"Node_id":6479,"weight":0.20685},
{"Node_id":6480,"weight":0.42051},
{"Node_id":6481,"weight":0.27218002},
{"Node_id":6485,"weight":0.29742998},
{"Node_id":6486,"weight":0.24155},
{"Node_id":6487,"weight":0.53343},
{"Node_id":6488,"weight":0.15416},
{"Node_id":6489,"weight":0.26861},
{"Node_id":6493,"weight":0.8517},
{"Node_id":6494,"weight":0.30095},
{"Node_id":6495,"weight":0.20416},
{"Node_id":6496,"weight":0.19838999},
{"Node_id":6497,"weight":0.15561},
{"Node_id":6498,"weight":0.17971},
{"Node_id":6502,"weight":0.2474},
{"Node_id":6503,"weight":0.17662999},
{"Node_id":6504,"weight":0.30857},
{"Node_id":6505,"weight":0.14921},
{"Node_id":6506,"weight":0.17671},
{"Node_id":6507,"weight":0.44024},
{"Node_id":6508,"weight":0.19652},
{"Node_id":6512,"weight":0.17097},
{"Node_id":6513,"weight":0.16142},
{"Node_id":6514,"weight":0.21972},
{"Node_id":6515,"weight":0.26678},
{"Node_id":6516,"weight":0.14026001},
{"Node_id":6517,"weight":0.22764},
{"Node_id":6518,"weight":0.2342},
{"Node_id":6520,"weight":0.23724},
{"Node_id":6522,"weight":0.21197},
{"Node_id":6523,"weight":0.15347001},
{"Node_id":6524,"weight":0.3279},
{"Node_id":6525,"weight":0.18515},
{"Node_id":6526,"weight":0.15177},
{"Node_id":6527,"weight":0.2401},
{"Node_id":6528,"weight":0.32205},
{"Node_id":6529,"weight":0.41254002},
{"Node_id":6534,"weight":0.15197},
{"Node_id":6535,"weight":0.17825},
{"Node_id":6536,"weight":0.32818002},
{"Node_id":6537,"weight":0.23853},
{"Node_id":6538,"weight":0.17074},
{"Node_id":6539,"weight":0.14299999},
{"Node_id":6541,"weight":0.31912},
{"Node_id":6545,"weight":0.17841001},
{"Node_id":6546,"weight":0.14422},
{"Node_id":6547,"weight":0.28191},
{"Node_id":6548,"weight":0.31833},
{"Node_id":6549,"weight":0.33168},
{"Node_id":6550,"weight":0.25066},
{"Node_id":6551,"weight":0.24881001},
{"Node_id":6553,"weight":0.16244},
{"Node_id":6554,"weight":0.19532},
{"Node_id":6558,"weight":0.13894},
{"Node_id":6559,"weight":0.15444},
{"Node_id":6560,"weight":0.22230001},
{"Node_id":6561,"weight":0.23222001},
{"Node_id":6562,"weight":0.33197},
{"Node_id":6563,"weight":0.22739999},
{"Node_id":6564,"weight":0.24356},
{"Node_id":6566,"weight":0.1822},
{"Node_id":6567,"weight":0.18583},
{"Node_id":6568,"weight":0.24221},
{"Node_id":6572,"weight":0.32314},
{"Node_id":6573,"weight":0.17151001},
{"Node_id":6574,"weight":0.27063},
{"Node_id":6575,"weight":0.39282},
{"Node_id":6576,"weight":0.19934},
{"Node_id":6577,"weight":0.14377001},
{"Node_id":6578,"weight":0.20836},
{"Node_id":6580,"weight":0.17089},
{"Node_id":6581,"weight":0.17276},
{"Node_id":6582,"weight":0.55429},
{"Node_id":6583,"weight":0.14371},
{"Node_id":6587,"weight":0.52159},
{"Node_id":6588,"weight":0.49989},
{"Node_id":6589,"weight":0.46052998},
{"Node_id":6590,"weight":0.1712},
{"Node_id":6591,"weight":0.15389},
{"Node_id":6592,"weight":0.54217},
{"Node_id":6593,"weight":0.17906},
{"Node_id":6595,"weight":0.17198},
{"Node_id":6596,"weight":0.15326999},
{"Node_id":6597,"weight":0.32619},
{"Node_id":6599,"weight":0.52347004},
{"Node_id":6600,"weight":0.19606},
{"Node_id":6601,"weight":0.17719},
{"Node_id":6602,"weight":0.14474},
{"Node_id":6603,"weight":0.24768},
{"Node_id":6613,"weight":0.18395999},
{"Node_id":6614,"weight":0.17417},
{"Node_id":6615,"weight":0.29808},
{"Node_id":6616,"weight":0.43534002},
{"Node_id":6617,"weight":0.22528999},
{"Node_id":6618,"weight":0.14128},
{"Node_id":6619,"weight":0.15992},
{"Node_id":6620,"weight":0.16762},
{"Node_id":6621,"weight":0.20211999},
{"Node_id":6622,"weight":0.30389},
{"Node_id":6623,"weight":0.33376998},
{"Node_id":6624,"weight":0.21577999},
{"Node_id":6625,"weight":0.25684},
{"Node_id":6626,"weight":0.31222},
{"Node_id":6627,"weight":0.40939003},
{"Node_id":6628,"weight":0.25913},
{"Node_id":6630,"weight":0.19792},
{"Node_id":6631,"weight":0.20948},
{"Node_id":6633,"weight":0.29113},
{"Node_id":6634,"weight":0.19699},
{"Node_id":6635,"weight":0.19953},
{"Node_id":6636,"weight":0.22196},
{"Node_id":6637,"weight":0.37401},
{"Node_id":6638,"weight":0.17639},
{"Node_id":6639,"weight":0.15265},
{"Node_id":6640,"weight":0.36038},
{"Node_id":6642,"weight":0.15963},
{"Node_id":6643,"weight":0.23111999},
{"Node_id":6644,"weight":0.31522998},
{"Node_id":6645,"weight":0.26433998},
{"Node_id":6646,"weight":0.23710999},
{"Node_id":6648,"weight":0.26194},
{"Node_id":6649,"weight":0.13995},
{"Node_id":6650,"weight":0.17401001},
{"Node_id":6651,"weight":0.29765},
{"Node_id":6652,"weight":0.20685},
{"Node_id":6653,"weight":0.14644},
{"Node_id":6655,"weight":0.16208},
{"Node_id":6656,"weight":0.139},
{"Node_id":6657,"weight":0.19597},
{"Node_id":6658,"weight":0.25836},
{"Node_id":6659,"weight":0.14019999},
{"Node_id":6660,"weight":0.21082},
{"Node_id":6661,"weight":0.55956995},
{"Node_id":6662,"weight":0.18515},
{"Node_id":6663,"weight":0.14928},
{"Node_id":6664,"weight":0.21343999},
{"Node_id":6665,"weight":0.24181001},
{"Node_id":6666,"weight":0.21884},
{"Node_id":6667,"weight":0.21},
{"Node_id":6669,"weight":0.26336998},
{"Node_id":6670,"weight":0.17447999},
{"Node_id":6671,"weight":0.16331},
{"Node_id":6672,"weight":0.20397},
{"Node_id":6673,"weight":0.17464},
{"Node_id":6674,"weight":0.19802001},
{"Node_id":6675,"weight":0.20269999},
{"Node_id":6676,"weight":0.15828},
{"Node_id":6677,"weight":0.14281},
{"Node_id":6678,"weight":0.21557},
{"Node_id":6679,"weight":0.17881},
{"Node_id":6685,"weight":0.16575},
{"Node_id":6688,"weight":0.32342},
{"Node_id":6689,"weight":0.2645},
{"Node_id":6690,"weight":0.1575},
{"Node_id":6691,"weight":0.21884},
{"Node_id":6692,"weight":0.33317},
{"Node_id":6693,"weight":0.15089001},
{"Node_id":6694,"weight":0.32044},
{"Node_id":6695,"weight":0.17005},
{"Node_id":6696,"weight":0.19505},
{"Node_id":6697,"weight":0.2658},
{"Node_id":6698,"weight":0.17703},
{"Node_id":6699,"weight":0.29257},
{"Node_id":6700,"weight":0.15368},
{"Node_id":6701,"weight":0.27445},
{"Node_id":6702,"weight":0.19962},
{"Node_id":6703,"weight":0.34094998},
{"Node_id":6704,"weight":0.14578},
{"Node_id":6705,"weight":0.23099999},
{"Node_id":6706,"weight":0.24951},
{"Node_id":6707,"weight":0.14468},
{"Node_id":6708,"weight":0.20231},
{"Node_id":6709,"weight":0.23445001},
{"Node_id":6710,"weight":0.49989},
{"Node_id":6711,"weight":0.14631},
{"Node_id":6712,"weight":0.55956995},
{"Node_id":6713,"weight":0.17503999},
{"Node_id":6714,"weight":0.15513},
{"Node_id":6715,"weight":0.15764001},
{"Node_id":6716,"weight":0.24049},
{"Node_id":6717,"weight":0.44896},
{"Node_id":6718,"weight":0.38567},
{"Node_id":6719,"weight":0.15708},
{"Node_id":6721,"weight":0.38616},
{"Node_id":6722,"weight":0.1513},
{"Node_id":6723,"weight":0.54447997},
{"Node_id":6725,"weight":0.14076999},
{"Node_id":6726,"weight":0.60725003},
{"Node_id":6727,"weight":0.16868},
{"Node_id":6728,"weight":0.14229},
{"Node_id":6729,"weight":0.29423},
{"Node_id":6730,"weight":0.17784},
{"Node_id":6731,"weight":0.20585},
{"Node_id":6732,"weight":0.18506},
{"Node_id":6733,"weight":0.19634},
{"Node_id":6734,"weight":0.1702},
{"Node_id":6735,"weight":0.19588},
{"Node_id":6736,"weight":0.42119998},
{"Node_id":6737,"weight":0.35325998},
{"Node_id":6738,"weight":0.32479998},
{"Node_id":6739,"weight":0.14526},
{"Node_id":6740,"weight":0.14565},
{"Node_id":6741,"weight":0.21092999},
{"Node_id":6742,"weight":0.49840003},
{"Node_id":6743,"weight":0.31075},
{"Node_id":6745,"weight":0.61637},
{"Node_id":6746,"weight":0.20241001},
{"Node_id":6747,"weight":0.19143},
{"Node_id":6748,"weight":0.23271},
{"Node_id":6749,"weight":0.29678},
{"Node_id":6750,"weight":0.22692999},
{"Node_id":6751,"weight":0.36352},
{"Node_id":6752,"weight":0.35253},
{"Node_id":6754,"weight":0.31549},
{"Node_id":6755,"weight":0.34623998},
{"Node_id":6757,"weight":0.3305},
{"Node_id":6758,"weight":0.29917},
{"Node_id":6759,"weight":0.15779},
{"Node_id":6760,"weight":0.21503},
{"Node_id":6761,"weight":0.1465},
{"Node_id":6762,"weight":0.19811},
{"Node_id":6763,"weight":0.14526},
{"Node_id":6764,"weight":0.15771},
{"Node_id":6765,"weight":0.18062},
{"Node_id":6766,"weight":0.20125},
{"Node_id":6767,"weight":0.57413995},
{"Node_id":6768,"weight":0.41318002},
{"Node_id":6769,"weight":0.25371},
{"Node_id":6770,"weight":0.21322998},
{"Node_id":6771,"weight":0.14223},
{"Node_id":6772,"weight":0.43857998},
{"Node_id":6773,"weight":0.44364},
{"Node_id":6774,"weight":0.14063999},
{"Node_id":6775,"weight":0.14533},
{"Node_id":6776,"weight":0.1513},
{"Node_id":6777,"weight":0.17036},
{"Node_id":6778,"weight":0.21217999},
{"Node_id":6779,"weight":0.44450998},
{"Node_id":6780,"weight":0.16538},
{"Node_id":6781,"weight":0.22185},
{"Node_id":6782,"weight":0.17535},
{"Node_id":6783,"weight":0.2102},
{"Node_id":6784,"weight":0.1397},
{"Node_id":6785,"weight":0.18851},
{"Node_id":6786,"weight":0.18379},
{"Node_id":6787,"weight":0.56515},
{"Node_id":6788,"weight":0.18992},
{"Node_id":6789,"weight":0.17939},
{"Node_id":6790,"weight":0.20125},
{"Node_id":6791,"weight":0.25594002},
{"Node_id":6792,"weight":0.17244},
{"Node_id":6793,"weight":0.36969},
{"Node_id":6794,"weight":0.31703},
{"Node_id":6795,"weight":0.15184},
{"Node_id":6796,"weight":0.13869},
{"Node_id":6797,"weight":0.21829},
{"Node_id":6798,"weight":0.28477},
{"Node_id":6799,"weight":0.16694},
{"Node_id":6800,"weight":0.3577},
{"Node_id":6801,"weight":0.2889},
{"Node_id":6802,"weight":0.2885},
{"Node_id":6803,"weight":0.15259},
{"Node_id":6804,"weight":0.38567},
{"Node_id":6805,"weight":0.33078998},
{"Node_id":6806,"weight":0.18354},
{"Node_id":6807,"weight":0.17736},
{"Node_id":6808,"weight":0.3714},
{"Node_id":6809,"weight":0.18371001},
{"Node_id":6810,"weight":0.29808},
{"Node_id":6811,"weight":0.29614002},
{"Node_id":6812,"weight":0.34934002},
{"Node_id":6813,"weight":0.13882},
{"Node_id":6814,"weight":0.17623},
{"Node_id":6815,"weight":0.23710999},
{"Node_id":6816,"weight":0.14313},
{"Node_id":6817,"weight":0.15527001},
{"Node_id":6818,"weight":0.22599001},
{"Node_id":6819,"weight":0.20029},
{"Node_id":6820,"weight":0.26596},
{"Node_id":6821,"weight":0.19359},
{"Node_id":6822,"weight":0.29381},
{"Node_id":6823,"weight":0.29174},
{"Node_id":6824,"weight":0.16171},
{"Node_id":6825,"weight":0.18103},
{"Node_id":6826,"weight":0.15334001},
{"Node_id":6827,"weight":0.2887},
{"Node_id":6828,"weight":0.18186},
{"Node_id":6829,"weight":0.19542},
{"Node_id":6835,"weight":0.15779},
{"Node_id":6837,"weight":0.22276},
{"Node_id":6838,"weight":0.50933},
{"Node_id":6839,"weight":0.23584001},
{"Node_id":6840,"weight":0.16785},
{"Node_id":6841,"weight":0.30006},
{"Node_id":6842,"weight":0.21785},
{"Node_id":6843,"weight":0.30786},
{"Node_id":6844,"weight":0.38275},
{"Node_id":6845,"weight":0.17881},
{"Node_id":6846,"weight":0.3055},
{"Node_id":6847,"weight":0.19662},
{"Node_id":6848,"weight":0.24670999},
{"Node_id":6849,"weight":0.32905},
{"Node_id":6850,"weight":0.1901},
{"Node_id":6851,"weight":0.19802001},
{"Node_id":6852,"weight":0.19802001},
{"Node_id":6853,"weight":0.78235996},
{"Node_id":6854,"weight":0.52734},
{"Node_id":6855,"weight":0.18021},
{"Node_id":6856,"weight":0.16913},
{"Node_id":6857,"weight":0.2645},
{"Node_id":6858,"weight":0.40163},
{"Node_id":6859,"weight":0.14915},
{"Node_id":6860,"weight":0.15347001},
{"Node_id":6861,"weight":0.26531},
{"Node_id":6862,"weight":0.22611001},
{"Node_id":6868,"weight":0.29508},
{"Node_id":6871,"weight":0.19624999},
{"Node_id":6872,"weight":0.34456},
{"Node_id":6875,"weight":0.14120999},
{"Node_id":6876,"weight":0.27569002},
{"Node_id":6877,"weight":0.51100004},
{"Node_id":6880,"weight":0.23309},
{"Node_id":6881,"weight":0.14468},
{"Node_id":6882,"weight":0.48588},
{"Node_id":6883,"weight":0.21217999},
{"Node_id":6886,"weight":0.25327},
{"Node_id":6887,"weight":0.15286},
{"Node_id":6888,"weight":0.21708},
{"Node_id":6889,"weight":0.17792},
{"Node_id":6890,"weight":0.15835},
{"Node_id":6893,"weight":0.20574999},
{"Node_id":6894,"weight":0.19662},
{"Node_id":6895,"weight":0.14249},
{"Node_id":6896,"weight":0.19071999},
{"Node_id":6897,"weight":0.18635},
{"Node_id":6898,"weight":0.27183002},
{"Node_id":6901,"weight":0.21665001},
{"Node_id":6902,"weight":0.23944},
{"Node_id":6903,"weight":0.18447},
{"Node_id":6904,"weight":0.61170995},
{"Node_id":6905,"weight":0.25564},
{"Node_id":6906,"weight":0.17662999},
{"Node_id":6907,"weight":0.19962},
{"Node_id":6911,"weight":0.20989001},
{"Node_id":6912,"weight":0.31222},
{"Node_id":6913,"weight":0.23736998},
{"Node_id":6915,"weight":0.36352},
{"Node_id":6916,"weight":0.52539},
{"Node_id":6917,"weight":0.28613},
{"Node_id":6920,"weight":0.26894},
{"Node_id":6921,"weight":0.16215},
{"Node_id":6922,"weight":0.21796},
{"Node_id":6923,"weight":0.26962},
{"Node_id":6924,"weight":0.22611001},
{"Node_id":6925,"weight":0.15368},
{"Node_id":6926,"weight":0.15211001},
{"Node_id":6927,"weight":0.1789},
{"Node_id":6928,"weight":0.22185},
{"Node_id":6931,"weight":0.16157},
{"Node_id":6932,"weight":0.40455},
{"Node_id":6933,"weight":0.29174},
{"Node_id":6934,"weight":0.24519},
{"Node_id":6935,"weight":0.35075},
{"Node_id":6936,"weight":0.15225},
{"Node_id":6937,"weight":0.19953},
{"Node_id":6938,"weight":0.2214},
{"Node_id":6939,"weight":0.21312001},
{"Node_id":6940,"weight":0.21568},
{"Node_id":6941,"weight":0.43453997},
{"Node_id":6942,"weight":0.28248},
{"Node_id":6945,"weight":0.24994},
{"Node_id":6946,"weight":0.17480001},
{"Node_id":6947,"weight":0.14855},
{"Node_id":6948,"weight":0.2764},
{"Node_id":6949,"weight":0.18721},
{"Node_id":6950,"weight":0.24491999},
{"Node_id":6951,"weight":0.18904},
{"Node_id":6952,"weight":0.19782999},
{"Node_id":6953,"weight":0.16508},
{"Node_id":6954,"weight":0.21302},
{"Node_id":6955,"weight":0.24356},
{"Node_id":6956,"weight":0.20897},
{"Node_id":6957,"weight":0.31322},
{"Node_id":6958,"weight":0.1956},
{"Node_id":6959,"weight":0.45362002},
{"Node_id":6960,"weight":0.28574},
{"Node_id":6961,"weight":0.1925},
{"Node_id":6962,"weight":0.32314},
{"Node_id":6963,"weight":0.46052998},
{"Node_id":6964,"weight":0.27839},
{"Node_id":6965,"weight":0.15177},
{"Node_id":6966,"weight":0.14140001},
{"Node_id":6967,"weight":0.17496},
{"Node_id":6968,"weight":0.20318},
{"Node_id":6969,"weight":0.32424},
{"Node_id":6970,"weight":0.18755999},
{"Node_id":6972,"weight":0.15534},
{"Node_id":6973,"weight":0.20806},
{"Node_id":6998,"weight":0.24656999},
{"Node_id":7005,"weight":0.17671},
{"Node_id":7013,"weight":0.15068999},
{"Node_id":7022,"weight":0.18455},
{"Node_id":7025,"weight":0.14442},
{"Node_id":7028,"weight":0.25518999},
{"Node_id":7029,"weight":0.16346},
{"Node_id":7030,"weight":0.28343},
{"Node_id":7032,"weight":0.8517},
{"Node_id":7035,"weight":0.16508},
{"Node_id":7038,"weight":0.25371},
{"Node_id":7039,"weight":0.14140001},
{"Node_id":7040,"weight":0.24643},
{"Node_id":7041,"weight":0.18278},
{"Node_id":7042,"weight":0.25867},
{"Node_id":7043,"weight":0.32992},
{"Node_id":7044,"weight":0.25137},
{"Node_id":7045,"weight":0.15700999},
{"Node_id":7046,"weight":0.44191998},
{"Node_id":7047,"weight":0.14287},
{"Node_id":7048,"weight":0.25836},
{"Node_id":7049,"weight":0.14422},
{"Node_id":7050,"weight":0.24712},
{"Node_id":7051,"weight":0.36154002},
{"Node_id":7052,"weight":0.14749},
{"Node_id":7053,"weight":0.21545999},
{"Node_id":7054,"weight":0.2727},
{"Node_id":7055,"weight":0.28750998},
{"Node_id":7056,"weight":0.39604002},
{"Node_id":7057,"weight":0.22704999},
{"Node_id":7058,"weight":0.36352},
{"Node_id":7059,"weight":0.17662999},
{"Node_id":7060,"weight":0.17082},
{"Node_id":7061,"weight":0.18515},
{"Node_id":7062,"weight":0.34865},
{"Node_id":7063,"weight":0.16027},
{"Node_id":7064,"weight":0.34865},
{"Node_id":7065,"weight":0.19026999},
{"Node_id":7066,"weight":0.30620998},
{"Node_id":7067,"weight":0.16092},
{"Node_id":7068,"weight":0.20897},
{"Node_id":7069,"weight":0.18128},
{"Node_id":7070,"weight":0.14461},
{"Node_id":7071,"weight":0.20446},
{"Node_id":7072,"weight":0.25821},
{"Node_id":7073,"weight":0.34761},
{"Node_id":7074,"weight":0.15062},
{"Node_id":7075,"weight":0.20989001},
{"Node_id":7076,"weight":0.23787999},
{"Node_id":7077,"weight":0.15484999},
{"Node_id":7078,"weight":0.44108},
{"Node_id":7079,"weight":0.16950999},
{"Node_id":7080,"weight":0.18270001},
{"Node_id":7081,"weight":0.14384},
{"Node_id":7082,"weight":0.27551},
{"Node_id":7083,"weight":0.17409},
{"Node_id":7084,"weight":0.21333},
{"Node_id":7085,"weight":0.19634},
{"Node_id":7086,"weight":0.27604002},
{"Node_id":7087,"weight":0.15779},
{"Node_id":7088,"weight":0.41382998},
{"Node_id":7089,"weight":0.14565},
{"Node_id":7090,"weight":0.36233002},
{"Node_id":7091,"weight":0.17599},
{"Node_id":7092,"weight":0.25806},
{"Node_id":7093,"weight":0.14096001},
{"Node_id":7094,"weight":0.39072},
{"Node_id":7096,"weight":0.24712},
{"Node_id":7100,"weight":0.124479994},
{"Node_id":7101,"weight":0.00853},
{"Node_id":7102,"weight":0.07598},
{"Node_id":7104,"weight":0.2498},
{"Node_id":7105,"weight":0.18270001},
{"Node_id":7107,"weight":0.19377},
{"Node_id":7112,"weight":0.40878},
{"Node_id":7115,"weight":0.21741},
{"Node_id":7116,"weight":0.06803},
{"Node_id":7119,"weight":0.37011},
{"Node_id":7120,"weight":0.07829},
{"Node_id":7121,"weight":0.11931},
{"Node_id":7122,"weight":0.05702},
{"Node_id":7123,"weight":0.12027},
{"Node_id":7125,"weight":0.48588},
{"Node_id":7128,"weight":0.02258},
{"Node_id":7129,"weight":0.17089},
{"Node_id":7131,"weight":0.02302},
{"Node_id":7132,"weight":0.34289998},
{"Node_id":7133,"weight":0.20377},
{"Node_id":7134,"weight":0.034369998},
{"Node_id":7135,"weight":0.022939999},
{"Node_id":7138,"weight":0.09579},
{"Node_id":7142,"weight":0.16128},
{"Node_id":7144,"weight":0.48988},
{"Node_id":7145,"weight":0.17535},
{"Node_id":7146,"weight":0.06678},
{"Node_id":7147,"weight":0.10465},
{"Node_id":7168,"weight":0.11859},
{"Node_id":7169,"weight":0.16973999},
{"Node_id":7171,"weight":0.031740002},
{"Node_id":7175,"weight":0.09346},
{"Node_id":7176,"weight":0.25195},
{"Node_id":7177,"weight":0.109969996},
{"Node_id":7179,"weight":0.032929998},
{"Node_id":7183,"weight":0.11698},
{"Node_id":7184,"weight":0.03756},
{"Node_id":7186,"weight":0.05849},
{"Node_id":7188,"weight":0.00532},
{"Node_id":7189,"weight":0.3818},
{"Node_id":7190,"weight":0.024079999},
{"Node_id":7192,"weight":0.09982},
{"Node_id":7193,"weight":0.04608},
{"Node_id":7194,"weight":0.02884},
{"Node_id":7195,"weight":0.15437},
{"Node_id":7198,"weight":0.09714},
{"Node_id":7201,"weight":0.02745},
{"Node_id":7203,"weight":0.01141},
{"Node_id":7205,"weight":0.04879},
{"Node_id":7208,"weight":0.01322},
{"Node_id":7311,"weight":0.18379},
{"Node_id":7334,"weight":0.04507},
{"Node_id":7409,"weight":0.109749995},
{"Node_id":7489,"weight":0.35922},
{"Node_id":7492,"weight":0.25821},
{"Node_id":7493,"weight":0.21503},
{"Node_id":7494,"weight":0.45173997},
{"Node_id":7495,"weight":0.26744002},
{"Node_id":7497,"weight":0.56515},
{"Node_id":7499,"weight":0.297},
{"Node_id":7502,"weight":0.02949},
{"Node_id":7503,"weight":0.05083},
{"Node_id":7505,"weight":0.28750998},
{"Node_id":7506,"weight":0.26273},
{"Node_id":7509,"weight":0.21343999},
{"Node_id":7512,"weight":0.27322},
{"Node_id":7513,"weight":0.12027},
{"Node_id":7515,"weight":0.17136},
{"Node_id":7525,"weight":0.46576},
{"Node_id":7526,"weight":0.33745998},
{"Node_id":7527,"weight":0.1656},
{"Node_id":7528,"weight":0.63754},
{"Node_id":7530,"weight":0.23710999},
{"Node_id":7531,"weight":0.24519},
{"Node_id":7532,"weight":0.15197},
{"Node_id":7533,"weight":0.28305}]