[{"Node_id":22407,"weight":1.9214},
{"Node_id":22411,"weight":2.184},
{"Node_id":22412,"weight":3.483},
{"Node_id":22413,"weight":2.2799},
{"Node_id":22416,"weight":2.5051},
{"Node_id":22418,"weight":2.3015},
{"Node_id":22419,"weight":2.2634},
{"Node_id":22426,"weight":1.4319},
{"Node_id":22434,"weight":1.6936},
{"Node_id":22459,"weight":1.5736},
{"Node_id":22486,"weight":2.4866},
{"Node_id":22493,"weight":1.744},
{"Node_id":22500,"weight":2.5852},
{"Node_id":22506,"weight":1.3976},
{"Node_id":22507,"weight":1.5513},
{"Node_id":22509,"weight":1.5492},
{"Node_id":22516,"weight":1.8421},
{"Node_id":22520,"weight":2.001},
{"Node_id":22521,"weight":1.6353},
{"Node_id":22554,"weight":2.1928},
{"Node_id":22564,"weight":1.5764},
{"Node_id":22572,"weight":4.2766},
{"Node_id":22576,"weight":5.2159},
{"Node_id":22580,"weight":1.5666},
{"Node_id":22583,"weight":1.866},
{"Node_id":22714,"weight":3.3227},
{"Node_id":23002,"weight":2.3371},
{"Node_id":23007,"weight":1.4631},
{"Node_id":23038,"weight":2.8172},
{"Node_id":23212,"weight":3.2424},
{"Node_id":23213,"weight":4.0049},
{"Node_id":23215,"weight":4.508},
{"Node_id":23217,"weight":4.3776},
{"Node_id":23220,"weight":1.7167},
{"Node_id":23229,"weight":1.4281},
{"Node_id":23230,"weight":2.0887},
{"Node_id":23463,"weight":2.806},
{"Node_id":23464,"weight":5.077},
{"Node_id":23465,"weight":1.4178},
{"Node_id":23466,"weight":4.1064},
{"Node_id":23467,"weight":2.0695},
{"Node_id":23468,"weight":1.6085},
{"Node_id":23469,"weight":2.2196},
{"Node_id":23470,"weight":1.6027},
{"Node_id":23471,"weight":2.0907},
{"Node_id":23472,"weight":2.9635},
{"Node_id":23473,"weight":3.9549},
{"Node_id":23474,"weight":1.4474},
{"Node_id":23475,"weight":1.7051},
{"Node_id":23476,"weight":2.3996},
{"Node_id":23477,"weight":1.7433},
{"Node_id":23478,"weight":2.1807},
{"Node_id":23479,"weight":2.3866},
{"Node_id":23480,"weight":1.3919},
{"Node_id":23481,"weight":2.0928},
{"Node_id":23485,"weight":1.8481},
{"Node_id":23486,"weight":2.0938},
{"Node_id":23487,"weight":1.9615},
{"Node_id":23488,"weight":2.0299},
{"Node_id":23489,"weight":2.3433},
{"Node_id":23490,"weight":1.7159},
{"Node_id":23491,"weight":2.5504},
{"Node_id":23492,"weight":2.9765},
{"Node_id":23493,"weight":2.5519},
{"Node_id":23494,"weight":1.8523},
{"Node_id":23495,"weight":2.3648},
{"Node_id":23496,"weight":3.2876},
{"Node_id":23499,"weight":1.4481},
{"Node_id":23500,"weight":1.4384},
{"Node_id":23501,"weight":5.2933},
{"Node_id":23502,"weight":1.4313},
{"Node_id":23503,"weight":3.3287},
{"Node_id":23504,"weight":1.9305},
{"Node_id":23505,"weight":4.8078},
{"Node_id":23506,"weight":2.5195},
{"Node_id":23507,"weight":1.3882},
{"Node_id":23508,"weight":3.2151},
{"Node_id":23509,"weight":2.3271},
{"Node_id":23510,"weight":1.6208},
{"Node_id":23511,"weight":4.6469},
{"Node_id":23512,"weight":2.2943},
{"Node_id":23513,"weight":3.4523},
{"Node_id":23514,"weight":1.4617},
{"Node_id":23515,"weight":1.4313},
{"Node_id":23516,"weight":3.0978},
{"Node_id":23517,"weight":1.6142},
{"Node_id":23518,"weight":1.3869},
{"Node_id":23519,"weight":3.0006},
{"Node_id":23520,"weight":2.8691},
{"Node_id":23521,"weight":1.7276},
{"Node_id":23522,"weight":1.3982},
{"Node_id":23523,"weight":1.8869},
{"Node_id":23524,"weight":2.0918},
{"Node_id":23529,"weight":2.7604},
{"Node_id":23530,"weight":1.7647},
{"Node_id":23531,"weight":3.4225},
{"Node_id":23532,"weight":3.1651},
{"Node_id":23533,"weight":2.6482},
{"Node_id":23534,"weight":1.6434},
{"Node_id":23535,"weight":2.6662},
{"Node_id":23536,"weight":1.5204},
{"Node_id":23537,"weight":1.8704},
{"Node_id":23538,"weight":1.4455},
{"Node_id":23539,"weight":1.452},
{"Node_id":23540,"weight":3.6677},
{"Node_id":23541,"weight":2.9722},
{"Node_id":23542,"weight":1.6405},
{"Node_id":23545,"weight":3.511},
{"Node_id":23546,"weight":1.6627},
{"Node_id":23547,"weight":3.1173},
{"Node_id":23548,"weight":2.2752},
{"Node_id":23549,"weight":1.6049},
{"Node_id":23550,"weight":1.6612},
{"Node_id":23551,"weight":2.9786},
{"Node_id":23552,"weight":1.9496},
{"Node_id":23553,"weight":1.7151},
{"Node_id":23556,"weight":1.8037},
{"Node_id":23557,"weight":1.7448},
{"Node_id":23558,"weight":1.9197},
{"Node_id":23559,"weight":2.6369},
{"Node_id":23596,"weight":4.4024},
{"Node_id":23597,"weight":2.1397},
{"Node_id":23598,"weight":1.4822},
{"Node_id":23599,"weight":3.7852},
{"Node_id":23600,"weight":1.9487},
{"Node_id":23601,"weight":2.1218},
{"Node_id":23602,"weight":2.2242},
{"Node_id":23603,"weight":1.9972},
{"Node_id":23604,"weight":5.9496},
{"Node_id":23605,"weight":2.1961},
{"Node_id":23606,"weight":1.86},
{"Node_id":23607,"weight":2.9298},
{"Node_id":23610,"weight":4.1711},
{"Node_id":23611,"weight":2.4142},
{"Node_id":23612,"weight":2.4838},
{"Node_id":23613,"weight":2.4629},
{"Node_id":23614,"weight":3.2676},
{"Node_id":23615,"weight":4.6259},
{"Node_id":23616,"weight":4.5555},
{"Node_id":23617,"weight":1.7865},
{"Node_id":23618,"weight":1.4862},
{"Node_id":23619,"weight":1.8921},
{"Node_id":23620,"weight":1.5055},
{"Node_id":23621,"weight":1.4261},
{"Node_id":23622,"weight":1.7551},
{"Node_id":23623,"weight":1.8652},
{"Node_id":23624,"weight":5.2539},
{"Node_id":23625,"weight":1.4815},
{"Node_id":23626,"weight":1.4287},
{"Node_id":23627,"weight":1.5451},
{"Node_id":23628,"weight":1.6229},
{"Node_id":23629,"weight":4.2051},
{"Node_id":23630,"weight":2.579},
{"Node_id":23631,"weight":1.5885},
{"Node_id":23632,"weight":2.883},
{"Node_id":23633,"weight":1.5361},
{"Node_id":23634,"weight":1.8371},
{"Node_id":23635,"weight":3.4591},
{"Node_id":23636,"weight":2.5654},
{"Node_id":23649,"weight":1.5225},
{"Node_id":23650,"weight":2.2494},
{"Node_id":23651,"weight":2.5669},
{"Node_id":23652,"weight":3.2452},
{"Node_id":23653,"weight":2.8439},
{"Node_id":23654,"weight":2.3371},
{"Node_id":23655,"weight":1.3913},
{"Node_id":23656,"weight":4.3066},
{"Node_id":23657,"weight":2.7712},
{"Node_id":23658,"weight":5.077},
{"Node_id":23659,"weight":1.9386},
{"Node_id":23660,"weight":3.3903},
{"Node_id":23661,"weight":2.7115},
{"Node_id":23662,"weight":1.5764},
{"Node_id":23663,"weight":2.2425},
{"Node_id":23664,"weight":2.0144},
{"Node_id":23665,"weight":1.4955},
{"Node_id":23666,"weight":1.4364},
{"Node_id":23667,"weight":1.7639},
{"Node_id":23668,"weight":4.872},
{"Node_id":23670,"weight":1.4338},
{"Node_id":23672,"weight":2.2967},
{"Node_id":23673,"weight":1.4855},
{"Node_id":23674,"weight":3.0297},
{"Node_id":23675,"weight":1.421},
{"Node_id":23676,"weight":1.9487},
{"Node_id":23677,"weight":2.6434},
{"Node_id":23678,"weight":1.6777},
{"Node_id":23679,"weight":1.5008},
{"Node_id":23680,"weight":2.9765},
{"Node_id":23681,"weight":1.7082},
{"Node_id":23682,"weight":2.4168},
{"Node_id":23683,"weight":6.0725},
{"Node_id":23915,"weight":5.4217},
{"Node_id":23916,"weight":5.5429},
{"Node_id":23917,"weight":2.5534},
{"Node_id":23918,"weight":1.4223},
{"Node_id":23919,"weight":2.2728},
{"Node_id":23920,"weight":3.3377},
{"Node_id":23979,"weight":5.045},
{"Node_id":23980,"weight":3.8766},
{"Node_id":23981,"weight":1.719},
{"Node_id":23982,"weight":1.7354},
{"Node_id":23983,"weight":2.4768},
{"Node_id":23984,"weight":1.7198},
{"Node_id":23985,"weight":2.0416},
{"Node_id":23986,"weight":1.6982},
{"Node_id":23987,"weight":3.6076},
{"Node_id":23988,"weight":3.4523},
{"Node_id":23989,"weight":3.6273},
{"Node_id":23990,"weight":3.7401},
{"Node_id":23991,"weight":2.0338},
{"Node_id":23992,"weight":1.6906},
{"Node_id":23993,"weight":3.6718},
{"Node_id":23994,"weight":2.1418},
{"Node_id":23995,"weight":1.6419},
{"Node_id":23996,"weight":1.8549},
{"Node_id":23997,"weight":2.0212},
{"Node_id":23998,"weight":3.3808},
{"Node_id":23999,"weight":3.8469},
{"Node_id":24000,"weight":3.305},
{"Node_id":24001,"weight":1.4742},
{"Node_id":24002,"weight":1.4881},
{"Node_id":24003,"weight":1.9523},
{"Node_id":24004,"weight":1.5464},
{"Node_id":24005,"weight":2.0575},
{"Node_id":24006,"weight":1.7922},
{"Node_id":24010,"weight":1.615},
{"Node_id":24011,"weight":5.4927},
{"Node_id":24014,"weight":3.7446},
{"Node_id":24017,"weight":3.5075},
{"Node_id":24018,"weight":1.7472},
{"Node_id":24019,"weight":1.4001},
{"Node_id":24020,"weight":3.6885},
{"Node_id":24021,"weight":2.5519},
{"Node_id":24022,"weight":1.8145},
{"Node_id":24023,"weight":3.8372},
{"Node_id":24024,"weight":2.0615},
{"Node_id":24025,"weight":2.0785},
{"Node_id":24026,"weight":2.1654},
{"Node_id":24027,"weight":1.6114},
{"Node_id":24028,"weight":1.812},
{"Node_id":24029,"weight":1.9143},
{"Node_id":24030,"weight":1.7567},
{"Node_id":24031,"weight":2.1862},
{"Node_id":24032,"weight":2.1906},
{"Node_id":24033,"weight":2.7357},
{"Node_id":24034,"weight":2.9465},
{"Node_id":24035,"weight":2.1249},
{"Node_id":24036,"weight":3.6432},
{"Node_id":24037,"weight":5.1441},
{"Node_id":24038,"weight":5.2734},
{"Node_id":24039,"weight":3.0978},
{"Node_id":24040,"weight":3.8132},
{"Node_id":24041,"weight":5.045},
{"Node_id":24042,"weight":2.401},
{"Node_id":24043,"weight":2.101},
{"Node_id":24044,"weight":1.515},
{"Node_id":24045,"weight":2.9072},
{"Node_id":24046,"weight":1.8575},
{"Node_id":24047,"weight":3.0644},
{"Node_id":24048,"weight":3.0366},
{"Node_id":24049,"weight":2.3039},
{"Node_id":24050,"weight":1.7849},
{"Node_id":24051,"weight":3.0184},
{"Node_id":24052,"weight":1.886},
{"Node_id":24053,"weight":2.0038},
{"Node_id":24054,"weight":2.025},
{"Node_id":24065,"weight":2.4329},
{"Node_id":24066,"weight":3.9658},
{"Node_id":24067,"weight":2.5579},
{"Node_id":24068,"weight":2.0192},
{"Node_id":24071,"weight":2.8135},
{"Node_id":24072,"weight":2.8381},
{"Node_id":24073,"weight":2.889},
{"Node_id":24074,"weight":2.0338},
{"Node_id":24075,"weight":3.0667},
{"Node_id":24076,"weight":1.9323},
{"Node_id":24077,"weight":1.7237},
{"Node_id":24078,"weight":1.7599},
{"Node_id":24079,"weight":2.3015},
{"Node_id":24080,"weight":1.4881},
{"Node_id":24081,"weight":1.3988},
{"Node_id":24082,"weight":2.9786},
{"Node_id":24083,"weight":3.3652},
{"Node_id":24084,"weight":2.6337},
{"Node_id":24085,"weight":1.5485},
{"Node_id":24086,"weight":2.5297},
{"Node_id":24087,"weight":1.5327},
{"Node_id":24088,"weight":1.7663},
{"Node_id":24089,"weight":1.9423},
{"Node_id":24090,"weight":1.4422},
{"Node_id":24091,"weight":1.5885},
{"Node_id":24092,"weight":1.5729},
{"Node_id":24093,"weight":1.5306},
{"Node_id":24094,"weight":2.7409},
{"Node_id":24095,"weight":1.8012},
{"Node_id":24096,"weight":4.8588},
{"Node_id":24097,"weight":2.7218},
{"Node_id":24123,"weight":1.6657},
{"Node_id":24124,"weight":1.4052},
{"Node_id":24125,"weight":1.6324},
{"Node_id":24126,"weight":2.8711},
{"Node_id":24127,"weight":5.0933},
{"Node_id":24128,"weight":1.5659},
{"Node_id":24129,"weight":1.4782},
{"Node_id":24130,"weight":2.6761},
{"Node_id":24131,"weight":2.4796},
{"Node_id":24132,"weight":2.6337},
{"Node_id":24133,"weight":5.4927},
{"Node_id":24136,"weight":2.0928},
{"Node_id":24145,"weight":1.4862},
{"Node_id":24146,"weight":1.4435},
{"Node_id":24147,"weight":4.8458},
{"Node_id":24148,"weight":2.1622},
{"Node_id":24149,"weight":1.8253},
{"Node_id":24150,"weight":2.1928},
{"Node_id":24151,"weight":1.587},
{"Node_id":24152,"weight":1.656},
{"Node_id":24153,"weight":2.4684},
{"Node_id":24154,"weight":3.511},
{"Node_id":24155,"weight":1.5368},
{"Node_id":24156,"weight":1.6027},
{"Node_id":24157,"weight":1.733},
{"Node_id":24158,"weight":1.8609},
{"Node_id":24162,"weight":2.3699},
{"Node_id":24163,"weight":2.6928},
{"Node_id":24164,"weight":3.3903},
{"Node_id":24165,"weight":2.2943},
{"Node_id":24169,"weight":2.1376},
{"Node_id":24170,"weight":2.6147},
{"Node_id":24171,"weight":2.0485},
{"Node_id":24172,"weight":1.8438},
{"Node_id":24173,"weight":2.97},
{"Node_id":24174,"weight":4.1513},
{"Node_id":24175,"weight":2.9031},
{"Node_id":24176,"weight":1.5197},
{"Node_id":24177,"weight":3.4356},
{"Node_id":24178,"weight":4.4538},
{"Node_id":24179,"weight":3.2507},
{"Node_id":24180,"weight":1.4775},
{"Node_id":24181,"weight":3.6595},
{"Node_id":24182,"weight":1.4769},
{"Node_id":24183,"weight":4.7832},
{"Node_id":24184,"weight":1.8354},
{"Node_id":24185,"weight":2.7857},
{"Node_id":24186,"weight":3.3468},
{"Node_id":24187,"weight":4.284},
{"Node_id":24188,"weight":1.8643},
{"Node_id":24189,"weight":2.1354},
{"Node_id":24190,"weight":1.8153},
{"Node_id":24194,"weight":2.1774},
{"Node_id":24195,"weight":4.0049},
{"Node_id":24196,"weight":2.9444},
{"Node_id":24197,"weight":2.6466},
{"Node_id":24198,"weight":2.1796},
{"Node_id":24199,"weight":3.3079},
{"Node_id":24200,"weight":3.562},
{"Node_id":24201,"weight":1.6164},
{"Node_id":24202,"weight":1.9915},
{"Node_id":24203,"weight":2.4994},
{"Node_id":24204,"weight":2.6022},
{"Node_id":24205,"weight":1.5603},
{"Node_id":24206,"weight":2.2716},
{"Node_id":24207,"weight":3.3287},
{"Node_id":24208,"weight":1.7543},
{"Node_id":24209,"weight":3.3468},
{"Node_id":24210,"weight":1.9098},
{"Node_id":24211,"weight":1.8078},
{"Node_id":24212,"weight":2.4519},
{"Node_id":24213,"weight":3.3138},
{"Node_id":24214,"weight":2.6434},
{"Node_id":24215,"weight":2.9939},
{"Node_id":24216,"weight":1.8379},
{"Node_id":24217,"weight":1.7711},
{"Node_id":24218,"weight":3.0072},
{"Node_id":24219,"weight":1.5485},
{"Node_id":24220,"weight":1.4585},
{"Node_id":24221,"weight":3.1222},
{"Node_id":24223,"weight":2.6321},
{"Node_id":24225,"weight":3.5694},
{"Node_id":24226,"weight":3.1026},
{"Node_id":24227,"weight":2.4315},
{"Node_id":24228,"weight":1.4868},
{"Node_id":24229,"weight":1.6785},
{"Node_id":24230,"weight":2.2576},
{"Node_id":24231,"weight":3.1625},
{"Node_id":24232,"weight":1.827},
{"Node_id":24233,"weight":2.3814},
{"Node_id":24234,"weight":2.6761},
{"Node_id":24235,"weight":1.7988},
{"Node_id":24236,"weight":5.9118},
{"Node_id":24237,"weight":2.4342},
{"Node_id":24238,"weight":1.4461},
{"Node_id":24239,"weight":3.4356},
{"Node_id":24255,"weight":1.4982},
{"Node_id":24256,"weight":2.3827},
{"Node_id":24257,"weight":2.1514},
{"Node_id":24258,"weight":1.421},
{"Node_id":24259,"weight":4.2546},
{"Node_id":24260,"weight":2.889},
{"Node_id":24261,"weight":2.6162},
{"Node_id":24262,"weight":1.5899},
{"Node_id":24263,"weight":1.4941},
{"Node_id":24264,"weight":4.508},
{"Node_id":24265,"weight":2.9984},
{"Node_id":24266,"weight":2.2084},
{"Node_id":24267,"weight":2.6401},
{"Node_id":24268,"weight":3.105},
{"Node_id":24269,"weight":2.1145},
{"Node_id":24270,"weight":2.1197},
{"Node_id":24271,"weight":1.9161},
{"Node_id":24308,"weight":2.1145},
{"Node_id":24309,"weight":1.7105},
{"Node_id":24310,"weight":2.1239},
{"Node_id":24311,"weight":1.8834},
{"Node_id":24312,"weight":2.7115},
{"Node_id":24313,"weight":2.3597},
{"Node_id":24314,"weight":1.6383},
{"Node_id":24315,"weight":1.4624},
{"Node_id":24316,"weight":3.6392},
{"Node_id":24317,"weight":1.7338},
{"Node_id":24318,"weight":4.3776},
{"Node_id":24319,"weight":1.7089},
{"Node_id":24320,"weight":1.4789},
{"Node_id":24321,"weight":3.2591},
{"Node_id":24322,"weight":3.3871},
{"Node_id":24323,"weight":2.9277},
{"Node_id":24324,"weight":4.5653},
{"Node_id":24325,"weight":3.2178},
{"Node_id":24326,"weight":2.321},
{"Node_id":24327,"weight":2.2073},
{"Node_id":24328,"weight":1.5779},
{"Node_id":24329,"weight":3.8085},
{"Node_id":24330,"weight":1.6186},
{"Node_id":24331,"weight":6.8113},
{"Node_id":24332,"weight":1.6179},
{"Node_id":24333,"weight":1.7377},
{"Node_id":24334,"weight":2.4588},
{"Node_id":24335,"weight":1.6478},
{"Node_id":24336,"weight":1.5231},
{"Node_id":24337,"weight":2.342},
{"Node_id":24338,"weight":1.4644},
{"Node_id":24339,"weight":2.0595},
{"Node_id":24340,"weight":2.2681},
{"Node_id":24342,"weight":1.5109},
{"Node_id":24343,"weight":2.4519},
{"Node_id":24344,"weight":1.7105},
{"Node_id":24347,"weight":3.3871},
{"Node_id":24348,"weight":1.5807},
{"Node_id":24349,"weight":2.7586},
{"Node_id":24350,"weight":2.885},
{"Node_id":24351,"weight":4.5653},
{"Node_id":24352,"weight":3.3683},
{"Node_id":24353,"weight":2.7374},
{"Node_id":24356,"weight":2.0485},
{"Node_id":24357,"weight":1.8261},
{"Node_id":24358,"weight":2.9593},
{"Node_id":24359,"weight":2.0565},
{"Node_id":24360,"weight":2.5123},
{"Node_id":24361,"weight":1.4121},
{"Node_id":24362,"weight":2.2061},
{"Node_id":24363,"weight":1.7136},
{"Node_id":24364,"weight":2.2799},
{"Node_id":24365,"weight":1.7182},
{"Node_id":24366,"weight":1.6486},
{"Node_id":24367,"weight":3.5435},
{"Node_id":24368,"weight":2.0605},
{"Node_id":24369,"weight":3.6233},
{"Node_id":24372,"weight":2.6242},
{"Node_id":24373,"weight":1.5771},
{"Node_id":24374,"weight":1.5402},
{"Node_id":24375,"weight":3.2591},
{"Node_id":24376,"weight":1.6754},
{"Node_id":24377,"weight":1.5238},
{"Node_id":24378,"weight":2.0096},
{"Node_id":24379,"weight":2.8381},
{"Node_id":24380,"weight":2.1155},
{"Node_id":24381,"weight":1.5687},
{"Node_id":24382,"weight":1.4014},
{"Node_id":24383,"weight":1.7417},
{"Node_id":24384,"weight":2.3699},
{"Node_id":24385,"weight":2.0029},
{"Node_id":24386,"weight":1.4962},
{"Node_id":24387,"weight":1.6078},
{"Node_id":24388,"weight":1.7857},
{"Node_id":24389,"weight":3.562},
{"Node_id":24390,"weight":2.8633},
{"Node_id":24394,"weight":1.9259},
{"Node_id":24395,"weight":2.6662},
{"Node_id":24396,"weight":3.5326},
{"Node_id":24397,"weight":4.0163},
{"Node_id":24398,"weight":3.226},
{"Node_id":24399,"weight":1.7051},
{"Node_id":24400,"weight":2.9113},
{"Node_id":24401,"weight":1.8913},
{"Node_id":24404,"weight":1.6085},
{"Node_id":24405,"weight":1.5999},
{"Node_id":24406,"weight":3.0738},
{"Node_id":24407,"weight":1.5878},
{"Node_id":24499,"weight":3.0117},
{"Node_id":24500,"weight":2.2907},
{"Node_id":24501,"weight":1.4868},
{"Node_id":24502,"weight":1.4396},
{"Node_id":24503,"weight":2.4437},
{"Node_id":24504,"weight":2.0038},
{"Node_id":24505,"weight":3.5398},
{"Node_id":24506,"weight":1.8379},
{"Node_id":24507,"weight":1.3907},
{"Node_id":24508,"weight":3.0786},
{"Node_id":24509,"weight":4.0049},
{"Node_id":24510,"weight":3.4969},
{"Node_id":24511,"weight":1.7841},
{"Node_id":24512,"weight":2.4966},
{"Node_id":24513,"weight":4.9126},
{"Node_id":24514,"weight":3.562},
{"Node_id":24515,"weight":4.9548},
{"Node_id":24516,"weight":4.7592},
{"Node_id":24517,"weight":2.1873},
{"Node_id":24518,"weight":2.2219},
{"Node_id":24519,"weight":1.789},
{"Node_id":24520,"weight":2.0367},
{"Node_id":24528,"weight":1.4572},
{"Node_id":24632,"weight":2.4994},
{"Node_id":24633,"weight":5.4448},
{"Node_id":24634,"weight":1.7988},
{"Node_id":24635,"weight":1.6412},
{"Node_id":24636,"weight":1.4802},
{"Node_id":24637,"weight":1.4683},
{"Node_id":24638,"weight":4.0634},
{"Node_id":24639,"weight":2.895},
{"Node_id":24640,"weight":3.3347},
{"Node_id":24641,"weight":1.6508},
{"Node_id":24642,"weight":3.3777},
{"Node_id":24643,"weight":2.9072},
{"Node_id":24644,"weight":1.4178},
{"Node_id":24645,"weight":2.4881},
{"Node_id":24646,"weight":2.3788},
{"Node_id":24647,"weight":2.9614},
{"Node_id":24648,"weight":1.6664},
{"Node_id":24649,"weight":1.7963},
{"Node_id":24650,"weight":1.9143},
{"Node_id":24651,"weight":1.6523},
{"Node_id":24652,"weight":1.6538},
{"Node_id":24653,"weight":1.9036},
{"Node_id":24654,"weight":1.7776},
{"Node_id":24655,"weight":3.3999},
{"Node_id":24656,"weight":2.3584},
{"Node_id":24657,"weight":2.1785},
{"Node_id":24658,"weight":2.5224},
{"Node_id":24659,"weight":2.4601},
{"Node_id":24660,"weight":1.7074},
{"Node_id":24661,"weight":1.8834},
{"Node_id":24662,"weight":1.8921},
{"Node_id":24663,"weight":1.39},
{"Node_id":24664,"weight":2.2106},
{"Node_id":24665,"weight":1.9241},
{"Node_id":24666,"weight":1.6627},
{"Node_id":24667,"weight":3.0667},
{"Node_id":24668,"weight":2.0605},
{"Node_id":24669,"weight":2.2895},
{"Node_id":24670,"weight":1.43},
{"Node_id":24671,"weight":2.4698},
{"Node_id":24672,"weight":2.7694},
{"Node_id":24673,"weight":1.6982},
{"Node_id":24674,"weight":2.4505},
{"Node_id":24675,"weight":2.8305},
{"Node_id":24676,"weight":1.7825},
{"Node_id":24729,"weight":1.702},
{"Node_id":24730,"weight":1.9152},
{"Node_id":24735,"weight":2.5137},
{"Node_id":24796,"weight":2.9133},
{"Node_id":24797,"weight":1.4185},
{"Node_id":24812,"weight":1.4546},
{"Node_id":24813,"weight":1.6186},
{"Node_id":24814,"weight":2.4754},
{"Node_id":24815,"weight":1.8756},
{"Node_id":24841,"weight":1.4217},
{"Node_id":24842,"weight":1.7647},
{"Node_id":24878,"weight":1.5701},
{"Node_id":24879,"weight":1.8404},
{"Node_id":24996,"weight":1.9532},
{"Node_id":25088,"weight":2.3063},
{"Node_id":25089,"weight":1.6868},
{"Node_id":25091,"weight":1.7825},
{"Node_id":25122,"weight":3.2071},
{"Node_id":25123,"weight":1.7988},
{"Node_id":25125,"weight":1.7043},
{"Node_id":25126,"weight":5.11},
{"Node_id":25218,"weight":3.3529},
{"Node_id":25261,"weight":2.658},
{"Node_id":25262,"weight":2.2657},
{"Node_id":25263,"weight":1.6921},
{"Node_id":25264,"weight":4.1778},
{"Node_id":25265,"weight":1.7711},
{"Node_id":25268,"weight":3.2098},
{"Node_id":25277,"weight":5.9496},
{"Node_id":25278,"weight":2.0407},
{"Node_id":25279,"weight":1.7448},
{"Node_id":25304,"weight":1.5589},
{"Node_id":25305,"weight":2.7098},
{"Node_id":25421,"weight":1.7543},
{"Node_id":25422,"weight":1.9746},
{"Node_id":25495,"weight":1.4729},
{"Node_id":25496,"weight":1.7575},
{"Node_id":25497,"weight":2.936},
{"Node_id":25499,"weight":1.4749},
{"Node_id":25517,"weight":2.4754},
{"Node_id":25518,"weight":2.4302},
{"Node_id":25558,"weight":1.7898},
{"Node_id":25559,"weight":1.7043},
{"Node_id":25560,"weight":1.6612},
{"Node_id":25561,"weight":1.8669},
{"Node_id":25562,"weight":1.6762},
{"Node_id":25563,"weight":2.2208},
{"Node_id":25564,"weight":3.0297},
{"Node_id":25565,"weight":2.4262},
{"Node_id":25566,"weight":2.4155},
{"Node_id":25567,"weight":3.2017},
{"Node_id":25568,"weight":2.4866},
{"Node_id":25569,"weight":2.9939},
{"Node_id":25570,"weight":4.4538},
{"Node_id":25571,"weight":2.1796},
{"Node_id":25572,"weight":1.8523},
{"Node_id":25573,"weight":2.0038},
{"Node_id":25574,"weight":1.9934},
{"Node_id":25575,"weight":1.5652},
{"Node_id":25576,"weight":1.6792},
{"Node_id":25577,"weight":1.561},
{"Node_id":25578,"weight":1.5892},
{"Node_id":25579,"weight":1.6006},
{"Node_id":25580,"weight":1.7377},
{"Node_id":25581,"weight":2.3321},
{"Node_id":25582,"weight":2.0202},
{"Node_id":25583,"weight":4.284},
{"Node_id":25584,"weight":3.4969},
{"Node_id":25585,"weight":1.5736},
{"Node_id":25586,"weight":1.7857},
{"Node_id":25587,"weight":2.3271},
{"Node_id":25588,"weight":1.873},
{"Node_id":25589,"weight":2.0685},
{"Node_id":25590,"weight":1.8506},
{"Node_id":25591,"weight":2.5609},
{"Node_id":25592,"weight":1.6034},
{"Node_id":25594,"weight":3.3808},
{"Node_id":25595,"weight":2.2599},
{"Node_id":25596,"weight":3.6801},
{"Node_id":25597,"weight":5.1441},
{"Node_id":25598,"weight":4.0396},
{"Node_id":25599,"weight":2.1611},
{"Node_id":25600,"weight":4.7832},
{"Node_id":25601,"weight":3.4258},
{"Node_id":25602,"weight":2.6662},
{"Node_id":25603,"weight":2.4208},
{"Node_id":25604,"weight":1.5687},
{"Node_id":25605,"weight":2.8191},
{"Node_id":25606,"weight":1.4935},
{"Node_id":25607,"weight":1.7362},
{"Node_id":25608,"weight":1.7808},
{"Node_id":25609,"weight":2.1503},
{"Node_id":25610,"weight":6.1637},
{"Node_id":25611,"weight":1.9359},
{"Node_id":25612,"weight":3.3287},
{"Node_id":25613,"weight":3.0458},
{"Node_id":25614,"weight":2.1165},
{"Node_id":25615,"weight":1.5022},
{"Node_id":25616,"weight":2.5066},
{"Node_id":25620,"weight":2.4089},
{"Node_id":25621,"weight":1.7615},
{"Node_id":25622,"weight":1.4995},
{"Node_id":25623,"weight":1.9597},
{"Node_id":25624,"weight":2.955},
{"Node_id":25628,"weight":1.6634},
{"Node_id":25674,"weight":1.6883},
{"Node_id":25677,"weight":4.2331},
{"Node_id":25699,"weight":2.1062},
{"Node_id":25700,"weight":1.5949},
{"Node_id":25701,"weight":2.0705},
{"Node_id":25702,"weight":5.1441},
{"Node_id":25703,"weight":1.9018},
{"Node_id":25704,"weight":1.5582},
{"Node_id":25705,"weight":1.9477},
{"Node_id":25706,"weight":3.4095},
{"Node_id":25707,"weight":1.798},
{"Node_id":25708,"weight":3.8132},
{"Node_id":25709,"weight":5.1794},
{"Node_id":25710,"weight":8.1114},
{"Node_id":25711,"weight":3.5732},
{"Node_id":25712,"weight":6.5699},
{"Node_id":25713,"weight":1.8506},
{"Node_id":25714,"weight":3.2098},
{"Node_id":25715,"weight":2.1665},
{"Node_id":25716,"weight":1.6056},
{"Node_id":25717,"weight":4.5653},
{"Node_id":25718,"weight":2.0959},
{"Node_id":25719,"weight":3.1099},
{"Node_id":25720,"weight":2.2907},
{"Node_id":25721,"weight":5.2734},
{"Node_id":25722,"weight":3.8372},
{"Node_id":25723,"weight":1.6649},
{"Node_id":25724,"weight":2.5775},
{"Node_id":25725,"weight":3.0929},
{"Node_id":25726,"weight":1.7036},
{"Node_id":25727,"weight":2.5297},
{"Node_id":25728,"weight":1.917},
{"Node_id":25729,"weight":1.5416},
{"Node_id":25730,"weight":2.5913},
{"Node_id":25731,"weight":2.2006},
{"Node_id":25732,"weight":2.2073},
{"Node_id":25733,"weight":1.7346},
{"Node_id":25734,"weight":1.7252},
{"Node_id":25735,"weight":2.2871},
{"Node_id":25736,"weight":2.375},
{"Node_id":25737,"weight":1.9487},
{"Node_id":25738,"weight":2.5684},
{"Node_id":25739,"weight":2.4221},
{"Node_id":25740,"weight":1.6523},
{"Node_id":25741,"weight":2.1031},
{"Node_id":25742,"weight":1.7607},
{"Node_id":25743,"weight":1.4045},
{"Node_id":25744,"weight":2.3321},
{"Node_id":25745,"weight":3.5146},
{"Node_id":25746,"weight":3.7991},
{"Node_id":25747,"weight":2.5534},
{"Node_id":25748,"weight":2.2028},
{"Node_id":25749,"weight":1.9896},
{"Node_id":25750,"weight":1.8843},
{"Node_id":25751,"weight":2.8381},
{"Node_id":25752,"weight":1.5076},
{"Node_id":25753,"weight":2.184},
{"Node_id":25754,"weight":2.0416},
{"Node_id":25755,"weight":3.7579},
{"Node_id":25756,"weight":1.9296},
{"Node_id":25757,"weight":2.1093},
{"Node_id":25758,"weight":2.7876},
{"Node_id":25759,"weight":2.2657},
{"Node_id":25760,"weight":3.1651},
{"Node_id":25761,"weight":4.0163},
{"Node_id":25762,"weight":2.0192},
{"Node_id":25763,"weight":2.6678},
{"Node_id":25764,"weight":2.4768},
{"Node_id":25765,"weight":1.5245},
{"Node_id":25766,"weight":4.7954},
{"Node_id":25767,"weight":1.9896},
{"Node_id":25768,"weight":2.3075},
{"Node_id":25769,"weight":2.5023},
{"Node_id":25770,"weight":1.421},
{"Node_id":25771,"weight":1.7151},
{"Node_id":25772,"weight":1.5575},
{"Node_id":25773,"weight":1.9634},
{"Node_id":25774,"weight":1.4178},
{"Node_id":25775,"weight":4.6469},
{"Node_id":25776,"weight":1.9232},
{"Node_id":25816,"weight":3.1651},
{"Node_id":25832,"weight":2.0231},
{"Node_id":25833,"weight":1.5779},
{"Node_id":25836,"weight":1.597},
{"Node_id":25837,"weight":1.7881},
{"Node_id":25838,"weight":2.474},
{"Node_id":25839,"weight":5.077},
{"Node_id":25840,"weight":2.0887},
{"Node_id":25841,"weight":2.7766},
{"Node_id":25842,"weight":2.5929},
{"Node_id":25848,"weight":3.6843},
{"Node_id":25849,"weight":2.6037},
{"Node_id":25855,"weight":4.7832},
{"Node_id":25864,"weight":3.6233},
{"Node_id":25865,"weight":2.5341},
{"Node_id":25866,"weight":2.6482},
{"Node_id":25867,"weight":2.2095},
{"Node_id":25868,"weight":2.2634},
{"Node_id":25869,"weight":1.653},
{"Node_id":25870,"weight":1.397},
{"Node_id":25871,"weight":2.5166},
{"Node_id":25872,"weight":1.9468},
{"Node_id":25873,"weight":2.0338},
{"Node_id":25874,"weight":1.7528},
{"Node_id":25875,"weight":1.53},
{"Node_id":25950,"weight":1.8128},
{"Node_id":25951,"weight":2.9808},
{"Node_id":25952,"weight":4.2402},
{"Node_id":25953,"weight":1.935},
{"Node_id":25954,"weight":1.6792},
{"Node_id":25955,"weight":3.2591},
{"Node_id":25956,"weight":1.6538},
{"Node_id":25957,"weight":2.1568},
{"Node_id":25958,"weight":3.1781},
{"Node_id":25959,"weight":2.881},
{"Node_id":25960,"weight":1.4848},
{"Node_id":25961,"weight":1.5793},
{"Node_id":25962,"weight":3.1833},
{"Node_id":25963,"weight":2.7857},
{"Node_id":25964,"weight":1.659},
{"Node_id":25965,"weight":1.6754},
{"Node_id":25966,"weight":1.7575},
{"Node_id":25967,"weight":2.2955},
{"Node_id":25968,"weight":2.0202},
{"Node_id":25969,"weight":2.7235},
{"Node_id":25970,"weight":2.1796},
{"Node_id":25971,"weight":2.7339},
{"Node_id":25972,"weight":3.3967},
{"Node_id":25973,"weight":2.4208},
{"Node_id":25974,"weight":1.5652},
{"Node_id":25975,"weight":2.6945},
{"Node_id":25976,"weight":4.1064},
{"Node_id":25977,"weight":1.5715},
{"Node_id":25978,"weight":1.4723},
{"Node_id":25979,"weight":3.0435},
{"Node_id":25980,"weight":1.5259},
{"Node_id":25981,"weight":2.1312},
{"Node_id":25982,"weight":1.5002},
{"Node_id":25983,"weight":6.3182},
{"Node_id":25984,"weight":2.0745},
{"Node_id":25985,"weight":1.4822},
{"Node_id":25986,"weight":1.4848},
{"Node_id":25987,"weight":2.0436},
{"Node_id":25988,"weight":1.9905},
{"Node_id":25989,"weight":2.4852},
{"Node_id":25990,"weight":1.8643},
{"Node_id":25991,"weight":3.1651},
{"Node_id":25992,"weight":3.7357},
{"Node_id":25993,"weight":1.3932},
{"Node_id":25994,"weight":1.4975},
{"Node_id":25995,"weight":1.8037},
{"Node_id":25996,"weight":1.5963},
{"Node_id":25997,"weight":2.5224},
{"Node_id":25998,"weight":3.842},
{"Node_id":25999,"weight":2.1622},
{"Node_id":26000,"weight":1.8515},
{"Node_id":26001,"weight":5.8401},
{"Node_id":26002,"weight":1.6906},
{"Node_id":26003,"weight":1.7736},
{"Node_id":26004,"weight":1.9296},
{"Node_id":26005,"weight":2.7857},
{"Node_id":26006,"weight":2.3546},
{"Node_id":26007,"weight":3.776},
{"Node_id":26008,"weight":4.0694},
{"Node_id":26009,"weight":2.4671},
{"Node_id":26010,"weight":2.173},
{"Node_id":26011,"weight":1.752},
{"Node_id":26012,"weight":2.0038},
{"Node_id":26013,"weight":1.4371},
{"Node_id":26014,"weight":2.7081},
{"Node_id":26015,"weight":1.4835},
{"Node_id":26016,"weight":1.9962},
{"Node_id":26017,"weight":2.727},
{"Node_id":26018,"weight":2.2517},
{"Node_id":26019,"weight":2.3648},
{"Node_id":26020,"weight":3.596},
{"Node_id":26021,"weight":2.6257},
{"Node_id":26022,"weight":2.4275},
{"Node_id":26023,"weight":1.9277},
{"Node_id":26024,"weight":2.3866},
{"Node_id":26025,"weight":5.3992},
{"Node_id":26026,"weight":1.4624},
{"Node_id":26027,"weight":1.5485},
{"Node_id":26028,"weight":2.3395},
{"Node_id":26029,"weight":1.8895},
{"Node_id":26030,"weight":2.4588},
{"Node_id":26031,"weight":2.2799},
{"Node_id":26032,"weight":2.8652},
{"Node_id":26033,"weight":1.5062},
{"Node_id":26034,"weight":1.4881},
{"Node_id":26035,"weight":1.5842},
{"Node_id":26036,"weight":1.4921},
{"Node_id":26037,"weight":1.8078},
{"Node_id":26038,"weight":1.776},
{"Node_id":26039,"weight":3.305},
{"Node_id":26040,"weight":2.5959},
{"Node_id":26041,"weight":1.6974},
{"Node_id":26042,"weight":2.2196},
{"Node_id":26043,"weight":1.4848},
{"Node_id":26044,"weight":2.881},
{"Node_id":26045,"weight":1.7401},
{"Node_id":26046,"weight":2.3234},
{"Node_id":26047,"weight":1.6208},
{"Node_id":26048,"weight":2.6563},
{"Node_id":26049,"weight":1.6486},
{"Node_id":26050,"weight":1.9332},
{"Node_id":26051,"weight":1.8523},
{"Node_id":26052,"weight":2.8229},
{"Node_id":26053,"weight":2.5579},
{"Node_id":26054,"weight":2.6401},
{"Node_id":26075,"weight":2.0907},
{"Node_id":26076,"weight":6.0725},
{"Node_id":26077,"weight":2.8574},
{"Node_id":26078,"weight":1.4178},
{"Node_id":26079,"weight":1.5992},
{"Node_id":26080,"weight":2.1719},
{"Node_id":26081,"weight":1.5035},
{"Node_id":26082,"weight":1.3882},
{"Node_id":26083,"weight":2.2576},
{"Node_id":26084,"weight":3.3652},
{"Node_id":26085,"weight":2.5254},
{"Node_id":26086,"weight":1.7105},
{"Node_id":26087,"weight":4.8458},
{"Node_id":26088,"weight":2.2552},
{"Node_id":26089,"weight":1.3988},
{"Node_id":26090,"weight":1.4172},
{"Node_id":26091,"weight":1.6523},
{"Node_id":26092,"weight":1.7963},
{"Node_id":26093,"weight":4.1002},
{"Node_id":26094,"weight":2.5066},
{"Node_id":26095,"weight":2.5385},
{"Node_id":26096,"weight":2.877},
{"Node_id":26097,"weight":1.9523},
{"Node_id":26098,"weight":2.5714},
{"Node_id":26099,"weight":1.4565},
{"Node_id":26100,"weight":1.744},
{"Node_id":26101,"weight":1.6732},
{"Node_id":26102,"weight":1.798},
{"Node_id":26103,"weight":1.9305},
{"Node_id":26104,"weight":1.4229},
{"Node_id":26105,"weight":1.543},
{"Node_id":26106,"weight":4.1711},
{"Node_id":26107,"weight":2.6711},
{"Node_id":26108,"weight":2.205},
{"Node_id":26109,"weight":3.1347},
{"Node_id":26110,"weight":1.4815},
{"Node_id":26111,"weight":1.752},
{"Node_id":26112,"weight":3.0252},
{"Node_id":26113,"weight":1.6368},
{"Node_id":26114,"weight":2.9593},
{"Node_id":26115,"weight":3.1964},
{"Node_id":26116,"weight":2.0565},
{"Node_id":26117,"weight":1.9296},
{"Node_id":26118,"weight":1.8136},
{"Node_id":26119,"weight":2.2242},
{"Node_id":26120,"weight":2.3571},
{"Node_id":26121,"weight":3.8038},
{"Node_id":26122,"weight":2.0938},
{"Node_id":26123,"weight":2.0745},
{"Node_id":26124,"weight":2.5123},
{"Node_id":26125,"weight":1.5786},
{"Node_id":26126,"weight":1.726},
{"Node_id":26127,"weight":1.4663},
{"Node_id":26128,"weight":2.6563},
{"Node_id":26129,"weight":1.4147},
{"Node_id":26130,"weight":2.9011},
{"Node_id":26131,"weight":5.2347},
{"Node_id":26132,"weight":3.4095},
{"Node_id":26133,"weight":3.4225},
{"Node_id":26134,"weight":1.8557},
{"Node_id":26135,"weight":2.6498},
{"Node_id":26136,"weight":2.1134},
{"Node_id":26137,"weight":2.366},
{"Node_id":26138,"weight":1.9395},
{"Node_id":26139,"weight":3.1859},
{"Node_id":26140,"weight":2.2907},
{"Node_id":26141,"weight":1.8337},
{"Node_id":26142,"weight":1.5652},
{"Node_id":26143,"weight":2.543},
{"Node_id":26144,"weight":5.8061},
{"Node_id":26145,"weight":3.6969},
{"Node_id":26146,"weight":2.1774},
{"Node_id":26147,"weight":1.4795},
{"Node_id":26148,"weight":1.3944},
{"Node_id":26149,"weight":2.3222},
{"Node_id":26150,"weight":1.8012},
{"Node_id":26151,"weight":5.2933},
{"Node_id":26152,"weight":3.3079},
{"Node_id":26153,"weight":4.4278},
{"Node_id":26154,"weight":1.5652},
{"Node_id":26155,"weight":2.5944},
{"Node_id":26156,"weight":2.0856},
{"Node_id":26157,"weight":1.5029},
{"Node_id":26158,"weight":2.8751},
{"Node_id":26159,"weight":1.5361},
{"Node_id":26160,"weight":3.2342},
{"Node_id":26161,"weight":1.9432},
{"Node_id":26162,"weight":1.639},
{"Node_id":26163,"weight":2.0436},
{"Node_id":26166,"weight":5.7105},
{"Node_id":26203,"weight":1.8834},
{"Node_id":26204,"weight":1.6657},
{"Node_id":26205,"weight":2.0918},
{"Node_id":26206,"weight":4.8588},
{"Node_id":26207,"weight":2.9257},
{"Node_id":26208,"weight":3.4323},
{"Node_id":26218,"weight":1.8756},
{"Node_id":26274,"weight":4.1982},
{"Node_id":26275,"weight":3.6392},
{"Node_id":26276,"weight":1.9727},
{"Node_id":26277,"weight":5.7414},
{"Node_id":26278,"weight":3.0929},
{"Node_id":26279,"weight":2.3609},
{"Node_id":26280,"weight":1.7113},
{"Node_id":26281,"weight":1.4268},
{"Node_id":26284,"weight":2.9896},
{"Node_id":26285,"weight":2.0938},
{"Node_id":26286,"weight":3.6718},
{"Node_id":26287,"weight":2.1124},
{"Node_id":26288,"weight":2.5519},
{"Node_id":26289,"weight":2.3445},
{"Node_id":26290,"weight":1.5527},
{"Node_id":26291,"weight":1.752},
{"Node_id":26292,"weight":2.7658},
{"Node_id":26293,"weight":1.9241},
{"Node_id":26294,"weight":1.8506},
{"Node_id":26295,"weight":2.4951},
{"Node_id":26296,"weight":3.3168},
{"Node_id":26297,"weight":1.9368},
{"Node_id":26298,"weight":2.2599},
{"Node_id":26299,"weight":1.8532},
{"Node_id":26300,"weight":2.2379},
{"Node_id":26301,"weight":1.8379},
{"Node_id":26302,"weight":3.6718},
{"Node_id":26303,"weight":1.6317},
{"Node_id":26304,"weight":3.7624},
{"Node_id":26305,"weight":1.5617},
{"Node_id":26306,"weight":1.8566},
{"Node_id":26307,"weight":1.8575},
{"Node_id":26308,"weight":1.6013},
{"Node_id":26310,"weight":3.2648},
{"Node_id":26312,"weight":2.508},
{"Node_id":26313,"weight":1.4198},
{"Node_id":26314,"weight":2.4478},
{"Node_id":26315,"weight":1.4474},
{"Node_id":26316,"weight":3.0229},
{"Node_id":26317,"weight":2.0377},
{"Node_id":26318,"weight":1.5218},
{"Node_id":26551,"weight":4.833},
{"Node_id":26552,"weight":1.5485},
{"Node_id":26553,"weight":2.3063},
{"Node_id":26554,"weight":1.8957},
{"Node_id":26555,"weight":1.8045},
{"Node_id":26556,"weight":3.1422},
{"Node_id":26557,"weight":4.1914},
{"Node_id":26558,"weight":4.3534},
{"Node_id":26559,"weight":1.6302},
{"Node_id":26560,"weight":1.8738},
{"Node_id":26561,"weight":1.5245},
{"Node_id":26562,"weight":5.0294},
{"Node_id":26563,"weight":1.5807},
{"Node_id":26564,"weight":3.8716},
{"Node_id":26565,"weight":2.2907},
{"Node_id":26566,"weight":2.6612},
{"Node_id":26567,"weight":2.2061},
{"Node_id":26568,"weight":1.5218},
{"Node_id":26569,"weight":2.2017},
{"Node_id":26570,"weight":5.3771},
{"Node_id":26571,"weight":2.3918},
{"Node_id":26572,"weight":1.5327},
{"Node_id":26573,"weight":1.5527},
{"Node_id":26574,"weight":2.2448},
{"Node_id":26575,"weight":2.1752},
{"Node_id":26718,"weight":5.2347},
{"Node_id":26719,"weight":1.9606},
{"Node_id":26720,"weight":1.7719},
{"Node_id":26721,"weight":1.4474},
{"Node_id":26722,"weight":2.4768},
{"Node_id":26733,"weight":1.7417},
{"Node_id":26734,"weight":2.9808},
{"Node_id":26735,"weight":4.3534},
{"Node_id":26736,"weight":2.2529},
{"Node_id":26737,"weight":1.4128},
{"Node_id":26738,"weight":1.5992},
{"Node_id":26739,"weight":1.6762},
{"Node_id":26740,"weight":2.0212},
{"Node_id":26741,"weight":3.0389},
{"Node_id":26742,"weight":3.3377},
{"Node_id":26743,"weight":2.1578},
{"Node_id":26787,"weight":2.6337},
{"Node_id":26788,"weight":1.7448},
{"Node_id":26789,"weight":1.6331},
{"Node_id":26790,"weight":2.0397},
{"Node_id":26791,"weight":1.7464},
{"Node_id":26792,"weight":1.9802},
{"Node_id":26793,"weight":2.027},
{"Node_id":26794,"weight":1.5828},
{"Node_id":26795,"weight":3.0504},
{"Node_id":26796,"weight":1.4281},
{"Node_id":26797,"weight":2.1557},
{"Node_id":26798,"weight":1.7881},
{"Node_id":26808,"weight":1.575},
{"Node_id":26809,"weight":2.1884},
{"Node_id":26854,"weight":4.212},
{"Node_id":26855,"weight":3.5326},
{"Node_id":26856,"weight":3.248},
{"Node_id":26857,"weight":1.4526},
{"Node_id":26858,"weight":1.4565},
{"Node_id":26859,"weight":2.1093},
{"Node_id":26897,"weight":2.9917},
{"Node_id":26898,"weight":1.5779},
{"Node_id":26899,"weight":2.1503},
{"Node_id":26900,"weight":1.465},
{"Node_id":26901,"weight":1.9811},
{"Node_id":26902,"weight":1.4526},
{"Node_id":26903,"weight":1.5771},
{"Node_id":26904,"weight":1.8062},
{"Node_id":26905,"weight":2.0125},
{"Node_id":26906,"weight":5.7414},
{"Node_id":26907,"weight":4.1318},
{"Node_id":26908,"weight":2.5371},
{"Node_id":26909,"weight":2.1323},
{"Node_id":26910,"weight":1.4223},
{"Node_id":26911,"weight":4.3858},
{"Node_id":26912,"weight":4.4364},
{"Node_id":26913,"weight":1.4064},
{"Node_id":26914,"weight":1.4533},
{"Node_id":26915,"weight":1.513},
{"Node_id":26916,"weight":1.7036},
{"Node_id":26917,"weight":2.1218},
{"Node_id":26918,"weight":4.4451},
{"Node_id":26919,"weight":1.6538},
{"Node_id":26920,"weight":2.2185},
{"Node_id":26921,"weight":1.7535},
{"Node_id":26922,"weight":2.102},
{"Node_id":26923,"weight":1.397},
{"Node_id":26924,"weight":2.0685},
{"Node_id":26925,"weight":1.8851},
{"Node_id":26926,"weight":1.8379},
{"Node_id":26927,"weight":5.6515},
{"Node_id":26928,"weight":1.8992},
{"Node_id":26929,"weight":1.7939},
{"Node_id":26930,"weight":2.0125},
{"Node_id":26931,"weight":2.5594},
{"Node_id":26932,"weight":1.7244},
{"Node_id":26933,"weight":3.6969},
{"Node_id":26934,"weight":3.1703},
{"Node_id":26935,"weight":1.5184},
{"Node_id":26936,"weight":1.3869},
{"Node_id":26937,"weight":2.1829},
{"Node_id":26938,"weight":2.2196},
{"Node_id":26939,"weight":1.9597},
{"Node_id":26940,"weight":2.8477},
{"Node_id":26941,"weight":1.6694},
{"Node_id":26942,"weight":3.577},
{"Node_id":26943,"weight":2.889},
{"Node_id":26944,"weight":2.885},
{"Node_id":26945,"weight":1.5259},
{"Node_id":26946,"weight":3.8567},
{"Node_id":26947,"weight":3.3079},
{"Node_id":26948,"weight":1.8354},
{"Node_id":26949,"weight":1.7736},
{"Node_id":26950,"weight":3.714},
{"Node_id":26951,"weight":1.8371},
{"Node_id":26952,"weight":2.9808},
{"Node_id":26953,"weight":2.9614},
{"Node_id":26954,"weight":3.4934},
{"Node_id":26955,"weight":1.3882},
{"Node_id":26956,"weight":1.7623},
{"Node_id":26957,"weight":2.3711},
{"Node_id":26958,"weight":1.4313},
{"Node_id":26959,"weight":1.5527},
{"Node_id":26960,"weight":2.2599},
{"Node_id":26961,"weight":2.0029},
{"Node_id":26962,"weight":2.6596},
{"Node_id":26963,"weight":1.9359},
{"Node_id":26964,"weight":2.9381},
{"Node_id":26965,"weight":2.9174},
{"Node_id":26966,"weight":1.6171},
{"Node_id":26967,"weight":1.8103},
{"Node_id":26968,"weight":1.5334},
{"Node_id":26969,"weight":2.887},
{"Node_id":26970,"weight":1.8186},
{"Node_id":26971,"weight":1.9542},
{"Node_id":26982,"weight":1.6785},
{"Node_id":26983,"weight":3.0006},
{"Node_id":26984,"weight":2.1785},
{"Node_id":26985,"weight":3.0786},
{"Node_id":26986,"weight":3.8275},
{"Node_id":26987,"weight":1.7881},
{"Node_id":26988,"weight":3.055},
{"Node_id":26989,"weight":1.9662},
{"Node_id":26990,"weight":2.4671},
{"Node_id":26991,"weight":3.2905},
{"Node_id":26992,"weight":1.901},
{"Node_id":26993,"weight":1.9802},
{"Node_id":26994,"weight":1.9802},
{"Node_id":26995,"weight":7.8236},
{"Node_id":26997,"weight":1.8021},
{"Node_id":26999,"weight":1.6913},
{"Node_id":27000,"weight":2.645},
{"Node_id":27001,"weight":4.0163},
{"Node_id":27002,"weight":1.4915},
{"Node_id":27003,"weight":1.5347},
{"Node_id":27004,"weight":2.6531},
{"Node_id":27005,"weight":2.2611},
{"Node_id":27084,"weight":4.3454},
{"Node_id":27085,"weight":2.8248},
{"Node_id":27088,"weight":2.4994},
{"Node_id":27089,"weight":1.748},
{"Node_id":27090,"weight":1.4855},
{"Node_id":27091,"weight":2.764},
{"Node_id":27092,"weight":1.8721},
{"Node_id":27093,"weight":2.4492},
{"Node_id":27094,"weight":1.8904},
{"Node_id":27095,"weight":1.9783},
{"Node_id":27096,"weight":1.6508},
{"Node_id":27097,"weight":2.1302},
{"Node_id":27098,"weight":2.4356},
{"Node_id":27099,"weight":2.0897},
{"Node_id":27100,"weight":3.1322},
{"Node_id":27101,"weight":1.956},
{"Node_id":27102,"weight":4.5362},
{"Node_id":27103,"weight":2.8574},
{"Node_id":27104,"weight":1.925},
{"Node_id":27105,"weight":3.2314},
{"Node_id":27106,"weight":4.6053},
{"Node_id":27107,"weight":2.7839},
{"Node_id":27108,"weight":1.5177},
{"Node_id":27109,"weight":1.414},
{"Node_id":27110,"weight":1.7496},
{"Node_id":27111,"weight":2.0318},
{"Node_id":27112,"weight":3.2424},
{"Node_id":27113,"weight":1.8756},
{"Node_id":27177,"weight":2.5371},
{"Node_id":27178,"weight":1.414},
{"Node_id":27179,"weight":2.4643},
{"Node_id":27180,"weight":1.8278},
{"Node_id":27208,"weight":1.8128},
{"Node_id":27209,"weight":1.4461},
{"Node_id":27210,"weight":2.0446},
{"Node_id":27211,"weight":2.5821},
{"Node_id":27212,"weight":3.4761},
{"Node_id":27213,"weight":1.5062},
{"Node_id":27214,"weight":2.0989},
{"Node_id":27215,"weight":2.3788},
{"Node_id":27216,"weight":1.5485},
{"Node_id":27217,"weight":4.4108},
{"Node_id":27218,"weight":1.6951},
{"Node_id":27219,"weight":1.827},
{"Node_id":27220,"weight":1.4384},
{"Node_id":27221,"weight":2.7551},
{"Node_id":27222,"weight":1.7409},
{"Node_id":27223,"weight":2.1333},
{"Node_id":27224,"weight":1.9634},
{"Node_id":27225,"weight":1.8111},
{"Node_id":27226,"weight":2.7604},
{"Node_id":27227,"weight":1.5779},
{"Node_id":27228,"weight":4.1383},
{"Node_id":27229,"weight":1.4565},
{"Node_id":27230,"weight":3.6233},
{"Node_id":27231,"weight":1.7599},
{"Node_id":27232,"weight":2.5806},
{"Node_id":27233,"weight":1.4096},
{"Node_id":27234,"weight":3.9072},
{"Node_id":27235,"weight":1.8211},
{"Node_id":27236,"weight":2.5312},
{"Node_id":27237,"weight":1.8037},
{"Node_id":27238,"weight":2.9657},
{"Node_id":27239,"weight":2.6514},
{"Node_id":27240,"weight":1.4229},
{"Node_id":27241,"weight":2.7132},
{"Node_id":27242,"weight":1.8404},
{"Node_id":27243,"weight":1.9332},
{"Node_id":27244,"weight":2.5867},
{"Node_id":27245,"weight":1.6694},
{"Node_id":27246,"weight":4.119},
{"Node_id":27247,"weight":2.4937},
{"Node_id":27248,"weight":3.9992},
{"Node_id":27249,"weight":1.9268},
{"Node_id":27250,"weight":1.4351},
{"Node_id":27251,"weight":1.5361},
{"Node_id":27252,"weight":1.6501},
{"Node_id":27253,"weight":1.9001},
{"Node_id":27254,"weight":3.7401},
{"Node_id":27255,"weight":2.1961},
{"Node_id":27268,"weight":0.1294},
{"Node_id":27269,"weight":1.2721},
{"Node_id":27270,"weight":3.2676},
{"Node_id":27275,"weight":1.4204},
{"Node_id":27276,"weight":0.4561},
{"Node_id":27283,"weight":2.5166},
{"Node_id":27291,"weight":1.6822},
{"Node_id":27316,"weight":0.7598},
{"Node_id":27342,"weight":4.0878},
{"Node_id":27349,"weight":3.7011},
{"Node_id":27362,"weight":3.429},
{"Node_id":27365,"weight":0.3437},
{"Node_id":27372,"weight":0.3602},
{"Node_id":27376,"weight":4.8988},
{"Node_id":27377,"weight":1.7535},
{"Node_id":27411,"weight":2.5195},
{"Node_id":27421,"weight":0.5849},
{"Node_id":27429,"weight":0.2408},
{"Node_id":27433,"weight":0.2884},
{"Node_id":27437,"weight":0.9714},
{"Node_id":27440,"weight":0.2745},
{"Node_id":27570,"weight":1.8379}]