[{"Inferred_node_ids":[60237],"Node_id":36303},
{"Inferred_node_ids":[60216],"Node_id":36304},
{"Inferred_node_ids":[60244],"Node_id":36305},
{"Inferred_node_ids":[60249],"Node_id":36306},
{"Inferred_node_ids":[60236],"Node_id":36307},
{"Inferred_node_ids":[60203],"Node_id":36308},
{"Inferred_node_ids":[60251],"Node_id":36309},
{"Inferred_node_ids":[60252],"Node_id":37154},
{"Inferred_node_ids":[60227],"Node_id":37156},
{"Inferred_node_ids":[60248],"Node_id":37157},
{"Inferred_node_ids":[60219],"Node_id":37158},
{"Inferred_node_ids":[60230],"Node_id":37159},
{"Inferred_node_ids":[60217],"Node_id":37329},
{"Inferred_node_ids":[60235],"Node_id":37330},
{"Inferred_node_ids":[60209],"Node_id":37331},
{"Inferred_node_ids":[60218],"Node_id":37332},
{"Inferred_node_ids":[60201],"Node_id":37333},
{"Inferred_node_ids":[60239],"Node_id":37334},
{"Inferred_node_ids":[60211],"Node_id":37335},
{"Inferred_node_ids":[60232],"Node_id":37336},
{"Inferred_node_ids":[60254],"Node_id":37337},
{"Inferred_node_ids":[60229],"Node_id":37338},
{"Inferred_node_ids":[60222],"Node_id":37339},
{"Inferred_node_ids":[60231],"Node_id":37340},
{"Inferred_node_ids":[60246],"Node_id":37341},
{"Inferred_node_ids":[60202],"Node_id":37342},
{"Inferred_node_ids":[60214],"Node_id":37343},
{"Inferred_node_ids":[60206],"Node_id":37344},
{"Inferred_node_ids":[60215],"Node_id":37345},
{"Inferred_node_ids":[60213],"Node_id":37346},
{"Inferred_node_ids":[60241],"Node_id":37347},
{"Inferred_node_ids":[60242],"Node_id":37348},
{"Inferred_node_ids":[60245],"Node_id":39779},
{"Inferred_node_ids":[60240],"Node_id":39780},
{"Inferred_node_ids":[60210],"Node_id":39781},
{"Inferred_node_ids":[60204],"Node_id":39782},
{"Inferred_node_ids":[60243],"Node_id":39783},
{"Inferred_node_ids":[60233],"Node_id":42254},
{"Inferred_node_ids":[60221],"Node_id":42255},
{"Inferred_node_ids":[60225],"Node_id":42256},
{"Inferred_node_ids":[60247],"Node_id":42257},
{"Inferred_node_ids":[60200],"Node_id":42258},
{"Inferred_node_ids":[60223],"Node_id":42292},
{"Inferred_node_ids":[60238],"Node_id":42293},
{"Inferred_node_ids":[60207],"Node_id":42294},
{"Inferred_node_ids":[60208],"Node_id":42295},
{"Inferred_node_ids":[60224],"Node_id":42296},
{"Inferred_node_ids":[60228],"Node_id":42297},
{"Inferred_node_ids":[60220],"Node_id":42298},
{"Inferred_node_ids":[60250],"Node_id":42299},
{"Inferred_node_ids":[60226],"Node_id":42300},
{"Inferred_node_ids":[60253],"Node_id":42301},
{"Inferred_node_ids":[60234],"Node_id":42302},
{"Inferred_node_ids":[60199],"Node_id":42303},
{"Inferred_node_ids":[60205],"Node_id":43298},
{"Inferred_node_ids":[60212],"Node_id":43299}]