[{"Inferred_node_ids":[37635],"Node_id":14391},
{"Inferred_node_ids":[37582],"Node_id":14393},
{"Inferred_node_ids":[37608],"Node_id":14394},
{"Inferred_node_ids":[37639],"Node_id":14395},
{"Inferred_node_ids":[37586],"Node_id":14396},
{"Inferred_node_ids":[37604],"Node_id":14397},
{"Inferred_node_ids":[37613],"Node_id":15242},
{"Inferred_node_ids":[37636],"Node_id":15243},
{"Inferred_node_ids":[37646],"Node_id":15245},
{"Inferred_node_ids":[37668],"Node_id":15246},
{"Inferred_node_ids":[37590],"Node_id":15247},
{"Inferred_node_ids":[37602],"Node_id":15417},
{"Inferred_node_ids":[37564],"Node_id":15418},
{"Inferred_node_ids":[37565],"Node_id":15420},
{"Inferred_node_ids":[37576],"Node_id":15421},
{"Inferred_node_ids":[37628],"Node_id":15422},
{"Inferred_node_ids":[37585],"Node_id":15423},
{"Inferred_node_ids":[37664],"Node_id":15424},
{"Inferred_node_ids":[37579],"Node_id":15425},
{"Inferred_node_ids":[37581],"Node_id":15426},
{"Inferred_node_ids":[37598],"Node_id":15427},
{"Inferred_node_ids":[37562],"Node_id":15428},
{"Inferred_node_ids":[37637],"Node_id":15429},
{"Inferred_node_ids":[37626],"Node_id":15430},
{"Inferred_node_ids":[37569],"Node_id":15431},
{"Inferred_node_ids":[37629],"Node_id":15432},
{"Inferred_node_ids":[37596],"Node_id":15433},
{"Inferred_node_ids":[37633],"Node_id":15434},
{"Inferred_node_ids":[37612],"Node_id":15436},
{"Inferred_node_ids":[37603],"Node_id":17867},
{"Inferred_node_ids":[37625],"Node_id":17868},
{"Inferred_node_ids":[37624],"Node_id":17869},
{"Inferred_node_ids":[37578],"Node_id":17870},
{"Inferred_node_ids":[37670],"Node_id":17871},
{"Inferred_node_ids":[37622],"Node_id":17872},
{"Inferred_node_ids":[37610],"Node_id":25165},
{"Inferred_node_ids":[37650],"Node_id":25166},
{"Inferred_node_ids":[37580],"Node_id":25167},
{"Inferred_node_ids":[37591],"Node_id":25168},
{"Inferred_node_ids":[37671],"Node_id":25169},
{"Inferred_node_ids":[37643],"Node_id":25170},
{"Inferred_node_ids":[37615],"Node_id":25171},
{"Inferred_node_ids":[37563],"Node_id":25172},
{"Inferred_node_ids":[37595],"Node_id":25204},
{"Inferred_node_ids":[37640],"Node_id":25205},
{"Inferred_node_ids":[37657],"Node_id":25206},
{"Inferred_node_ids":[37570],"Node_id":25207},
{"Inferred_node_ids":[37638],"Node_id":25208},
{"Inferred_node_ids":[37623],"Node_id":25209},
{"Inferred_node_ids":[37567],"Node_id":25211},
{"Inferred_node_ids":[37568],"Node_id":25212},
{"Inferred_node_ids":[37651],"Node_id":25213},
{"Inferred_node_ids":[37617],"Node_id":25214},
{"Inferred_node_ids":[37616],"Node_id":26209},
{"Inferred_node_ids":[37656],"Node_id":26210},
{"Inferred_node_ids":[37605],"Node_id":28552},
{"Inferred_node_ids":[37571],"Node_id":28553},
{"Inferred_node_ids":[37589],"Node_id":28554},
{"Inferred_node_ids":[37631],"Node_id":28556},
{"Inferred_node_ids":[37587],"Node_id":28557},
{"Inferred_node_ids":[37655],"Node_id":28558},
{"Inferred_node_ids":[37669],"Node_id":29403},
{"Inferred_node_ids":[37606],"Node_id":29404},
{"Inferred_node_ids":[37662],"Node_id":29405},
{"Inferred_node_ids":[37630],"Node_id":29406},
{"Inferred_node_ids":[37577],"Node_id":29407},
{"Inferred_node_ids":[37566],"Node_id":29408},
{"Inferred_node_ids":[37645],"Node_id":29578},
{"Inferred_node_ids":[37654],"Node_id":29579},
{"Inferred_node_ids":[37607],"Node_id":29580},
{"Inferred_node_ids":[37600],"Node_id":29581},
{"Inferred_node_ids":[37647],"Node_id":29582},
{"Inferred_node_ids":[37583],"Node_id":29584},
{"Inferred_node_ids":[37618],"Node_id":29585},
{"Inferred_node_ids":[37659],"Node_id":29586},
{"Inferred_node_ids":[37609],"Node_id":29587},
{"Inferred_node_ids":[37632],"Node_id":29588},
{"Inferred_node_ids":[37594],"Node_id":29589},
{"Inferred_node_ids":[37653],"Node_id":29590},
{"Inferred_node_ids":[37611],"Node_id":29591},
{"Inferred_node_ids":[37619],"Node_id":29592},
{"Inferred_node_ids":[37652],"Node_id":29593},
{"Inferred_node_ids":[37620],"Node_id":29595},
{"Inferred_node_ids":[37672],"Node_id":29596},
{"Inferred_node_ids":[37663],"Node_id":29597},
{"Inferred_node_ids":[37648],"Node_id":32027},
{"Inferred_node_ids":[37601],"Node_id":32028},
{"Inferred_node_ids":[37644],"Node_id":32029},
{"Inferred_node_ids":[37574],"Node_id":32030},
{"Inferred_node_ids":[37627],"Node_id":32032},
{"Inferred_node_ids":[37621],"Node_id":34502},
{"Inferred_node_ids":[37666],"Node_id":34504},
{"Inferred_node_ids":[37667],"Node_id":34505},
{"Inferred_node_ids":[37593],"Node_id":34506},
{"Inferred_node_ids":[37649],"Node_id":34507},
{"Inferred_node_ids":[37599],"Node_id":34508},
{"Inferred_node_ids":[37573],"Node_id":34509},
{"Inferred_node_ids":[37572],"Node_id":34540},
{"Inferred_node_ids":[37588],"Node_id":34541},
{"Inferred_node_ids":[37641],"Node_id":34542},
{"Inferred_node_ids":[37575],"Node_id":34543},
{"Inferred_node_ids":[37661],"Node_id":34545},
{"Inferred_node_ids":[37642],"Node_id":34546},
{"Inferred_node_ids":[37614],"Node_id":34547},
{"Inferred_node_ids":[37660],"Node_id":34548},
{"Inferred_node_ids":[37592],"Node_id":34549},
{"Inferred_node_ids":[37597],"Node_id":34550},
{"Inferred_node_ids":[37634],"Node_id":34551},
{"Inferred_node_ids":[37665],"Node_id":35545},
{"Inferred_node_ids":[37584],"Node_id":35546},
{"Inferred_node_ids":[37658],"Node_id":35547}]