[{"Node_id":0,"weight":3.4523},
{"Node_id":1,"weight":1.4617},
{"Node_id":2,"weight":1.4313},
{"Node_id":3,"weight":3.0978},
{"Node_id":4,"weight":1.6142},
{"Node_id":5,"weight":1.3869},
{"Node_id":6,"weight":3.0006},
{"Node_id":7,"weight":2.8691},
{"Node_id":8,"weight":1.7276},
{"Node_id":9,"weight":1.3982},
{"Node_id":10,"weight":1.8869},
{"Node_id":11,"weight":2.0918},
{"Node_id":16,"weight":2.7604},
{"Node_id":17,"weight":1.7647},
{"Node_id":18,"weight":3.4225},
{"Node_id":19,"weight":3.1651},
{"Node_id":20,"weight":2.6482},
{"Node_id":21,"weight":1.6434},
{"Node_id":22,"weight":2.6662},
{"Node_id":23,"weight":1.5204},
{"Node_id":24,"weight":1.8704},
{"Node_id":25,"weight":1.4455},
{"Node_id":26,"weight":1.452},
{"Node_id":27,"weight":3.6677},
{"Node_id":28,"weight":2.9722},
{"Node_id":29,"weight":1.6405},
{"Node_id":32,"weight":3.511},
{"Node_id":33,"weight":1.6627},
{"Node_id":34,"weight":3.1173},
{"Node_id":35,"weight":2.2752},
{"Node_id":36,"weight":1.6049},
{"Node_id":37,"weight":1.6612},
{"Node_id":38,"weight":2.9786},
{"Node_id":39,"weight":1.9496},
{"Node_id":40,"weight":1.7151},
{"Node_id":43,"weight":1.8037},
{"Node_id":44,"weight":1.7448},
{"Node_id":45,"weight":1.9197},
{"Node_id":46,"weight":2.6369},
{"Node_id":83,"weight":4.4024},
{"Node_id":84,"weight":2.1397},
{"Node_id":85,"weight":1.4822},
{"Node_id":86,"weight":3.7852},
{"Node_id":87,"weight":1.9487},
{"Node_id":88,"weight":2.1218},
{"Node_id":89,"weight":2.2242},
{"Node_id":90,"weight":1.9972},
{"Node_id":91,"weight":5.9496},
{"Node_id":92,"weight":2.1961},
{"Node_id":93,"weight":1.86},
{"Node_id":94,"weight":2.9298},
{"Node_id":97,"weight":4.1711},
{"Node_id":98,"weight":2.4142},
{"Node_id":99,"weight":2.4838},
{"Node_id":100,"weight":2.4629},
{"Node_id":101,"weight":3.2676},
{"Node_id":102,"weight":4.6259},
{"Node_id":103,"weight":4.5555},
{"Node_id":104,"weight":1.7865},
{"Node_id":105,"weight":1.4862},
{"Node_id":106,"weight":1.8921},
{"Node_id":107,"weight":1.5055},
{"Node_id":108,"weight":1.4261},
{"Node_id":109,"weight":1.7551},
{"Node_id":110,"weight":1.8652},
{"Node_id":111,"weight":5.2539},
{"Node_id":112,"weight":1.4815},
{"Node_id":113,"weight":1.4287},
{"Node_id":114,"weight":1.5451},
{"Node_id":115,"weight":1.6229},
{"Node_id":116,"weight":4.2051},
{"Node_id":117,"weight":2.579},
{"Node_id":118,"weight":1.5885},
{"Node_id":119,"weight":2.883},
{"Node_id":120,"weight":1.5361},
{"Node_id":121,"weight":1.8371},
{"Node_id":122,"weight":3.4591},
{"Node_id":123,"weight":2.5654},
{"Node_id":136,"weight":1.5225},
{"Node_id":137,"weight":2.2494},
{"Node_id":138,"weight":2.5669},
{"Node_id":139,"weight":3.2452},
{"Node_id":140,"weight":2.8439},
{"Node_id":141,"weight":2.3371},
{"Node_id":142,"weight":1.3913},
{"Node_id":143,"weight":4.3066},
{"Node_id":144,"weight":2.7712},
{"Node_id":145,"weight":5.077},
{"Node_id":146,"weight":1.9386},
{"Node_id":147,"weight":3.3903},
{"Node_id":148,"weight":2.7115},
{"Node_id":149,"weight":1.5764},
{"Node_id":150,"weight":2.2425},
{"Node_id":151,"weight":2.0144},
{"Node_id":152,"weight":1.4955},
{"Node_id":153,"weight":1.4364},
{"Node_id":154,"weight":1.7639},
{"Node_id":155,"weight":4.872},
{"Node_id":157,"weight":1.4338},
{"Node_id":159,"weight":2.2967},
{"Node_id":160,"weight":1.4855},
{"Node_id":161,"weight":3.0297},
{"Node_id":162,"weight":1.421},
{"Node_id":163,"weight":1.9487},
{"Node_id":164,"weight":2.6434},
{"Node_id":165,"weight":1.6777},
{"Node_id":166,"weight":1.5008},
{"Node_id":167,"weight":2.9765},
{"Node_id":168,"weight":1.7082},
{"Node_id":169,"weight":2.4168},
{"Node_id":170,"weight":6.0725},
{"Node_id":402,"weight":5.4217},
{"Node_id":403,"weight":5.5429},
{"Node_id":404,"weight":2.5534},
{"Node_id":405,"weight":1.4223},
{"Node_id":406,"weight":2.2728},
{"Node_id":407,"weight":3.3377},
{"Node_id":466,"weight":5.045},
{"Node_id":467,"weight":3.8766},
{"Node_id":468,"weight":1.719},
{"Node_id":469,"weight":1.7354},
{"Node_id":470,"weight":2.4768},
{"Node_id":471,"weight":1.7198},
{"Node_id":472,"weight":2.0416},
{"Node_id":473,"weight":1.6982},
{"Node_id":474,"weight":3.6076},
{"Node_id":475,"weight":3.4523},
{"Node_id":476,"weight":3.6273},
{"Node_id":477,"weight":3.7401},
{"Node_id":478,"weight":2.0338},
{"Node_id":479,"weight":1.6906},
{"Node_id":480,"weight":3.6718},
{"Node_id":481,"weight":2.1418},
{"Node_id":482,"weight":1.6419},
{"Node_id":483,"weight":1.8549},
{"Node_id":484,"weight":2.0212},
{"Node_id":485,"weight":3.3808},
{"Node_id":486,"weight":3.8469},
{"Node_id":487,"weight":3.305},
{"Node_id":488,"weight":1.4742},
{"Node_id":489,"weight":1.4881},
{"Node_id":490,"weight":1.9523},
{"Node_id":491,"weight":1.5464},
{"Node_id":492,"weight":2.0575},
{"Node_id":493,"weight":1.7922},
{"Node_id":497,"weight":1.615},
{"Node_id":498,"weight":5.4927},
{"Node_id":501,"weight":3.7446},
{"Node_id":504,"weight":3.5075},
{"Node_id":505,"weight":1.7472},
{"Node_id":506,"weight":1.4001},
{"Node_id":507,"weight":3.6885},
{"Node_id":508,"weight":2.5519},
{"Node_id":509,"weight":1.8145},
{"Node_id":510,"weight":3.8372},
{"Node_id":511,"weight":2.0615},
{"Node_id":512,"weight":2.0785},
{"Node_id":513,"weight":2.1654},
{"Node_id":514,"weight":1.6114},
{"Node_id":515,"weight":1.812},
{"Node_id":516,"weight":1.9143},
{"Node_id":517,"weight":1.7567},
{"Node_id":518,"weight":2.1862},
{"Node_id":519,"weight":2.1906},
{"Node_id":520,"weight":2.7357},
{"Node_id":521,"weight":2.9465},
{"Node_id":522,"weight":2.1249},
{"Node_id":523,"weight":3.6432},
{"Node_id":524,"weight":5.1441},
{"Node_id":525,"weight":5.2734},
{"Node_id":526,"weight":3.0978},
{"Node_id":527,"weight":3.8132},
{"Node_id":528,"weight":5.045},
{"Node_id":529,"weight":2.401},
{"Node_id":530,"weight":2.101},
{"Node_id":531,"weight":1.515},
{"Node_id":532,"weight":2.9072},
{"Node_id":533,"weight":1.8575},
{"Node_id":534,"weight":3.0644},
{"Node_id":535,"weight":3.0366},
{"Node_id":536,"weight":2.3039},
{"Node_id":537,"weight":1.7849},
{"Node_id":538,"weight":3.0184},
{"Node_id":539,"weight":1.886},
{"Node_id":540,"weight":2.0038},
{"Node_id":541,"weight":2.025},
{"Node_id":552,"weight":2.4329},
{"Node_id":553,"weight":3.9658},
{"Node_id":554,"weight":2.5579},
{"Node_id":555,"weight":2.0192},
{"Node_id":558,"weight":2.8135},
{"Node_id":559,"weight":2.8381},
{"Node_id":560,"weight":2.889},
{"Node_id":561,"weight":2.0338},
{"Node_id":562,"weight":3.0667},
{"Node_id":563,"weight":1.9323},
{"Node_id":564,"weight":1.7237},
{"Node_id":565,"weight":1.7599},
{"Node_id":566,"weight":2.3015},
{"Node_id":567,"weight":1.4881},
{"Node_id":568,"weight":1.3988},
{"Node_id":569,"weight":2.9786},
{"Node_id":570,"weight":3.3652},
{"Node_id":571,"weight":2.6337},
{"Node_id":572,"weight":1.5485},
{"Node_id":573,"weight":2.5297},
{"Node_id":574,"weight":1.5327},
{"Node_id":575,"weight":1.7663},
{"Node_id":576,"weight":1.9423},
{"Node_id":577,"weight":1.4422},
{"Node_id":578,"weight":1.5885},
{"Node_id":579,"weight":1.5729},
{"Node_id":580,"weight":1.5306},
{"Node_id":581,"weight":2.7409},
{"Node_id":582,"weight":1.8012},
{"Node_id":583,"weight":4.8588},
{"Node_id":584,"weight":2.7218},
{"Node_id":610,"weight":1.6657},
{"Node_id":611,"weight":1.4052},
{"Node_id":612,"weight":1.6324},
{"Node_id":613,"weight":2.8711},
{"Node_id":614,"weight":5.0933},
{"Node_id":615,"weight":1.5659},
{"Node_id":616,"weight":1.4782},
{"Node_id":617,"weight":2.6761},
{"Node_id":618,"weight":2.4796},
{"Node_id":619,"weight":2.6337},
{"Node_id":620,"weight":5.4927},
{"Node_id":623,"weight":2.0928},
{"Node_id":632,"weight":1.4862},
{"Node_id":633,"weight":1.4435},
{"Node_id":634,"weight":4.8458},
{"Node_id":635,"weight":2.1622},
{"Node_id":636,"weight":1.8253},
{"Node_id":637,"weight":2.1928},
{"Node_id":638,"weight":1.587},
{"Node_id":639,"weight":1.656},
{"Node_id":640,"weight":2.4684},
{"Node_id":641,"weight":3.511},
{"Node_id":642,"weight":1.5368},
{"Node_id":643,"weight":1.6027},
{"Node_id":644,"weight":1.733},
{"Node_id":645,"weight":1.8609},
{"Node_id":649,"weight":2.3699},
{"Node_id":650,"weight":2.6928},
{"Node_id":651,"weight":3.3903},
{"Node_id":652,"weight":2.2943},
{"Node_id":656,"weight":2.1376},
{"Node_id":657,"weight":2.6147},
{"Node_id":658,"weight":2.0485},
{"Node_id":659,"weight":1.8438},
{"Node_id":660,"weight":2.97},
{"Node_id":661,"weight":4.1513},
{"Node_id":662,"weight":2.9031},
{"Node_id":663,"weight":1.5197},
{"Node_id":664,"weight":3.4356},
{"Node_id":665,"weight":4.4538},
{"Node_id":666,"weight":3.2507},
{"Node_id":667,"weight":1.4775},
{"Node_id":668,"weight":3.6595},
{"Node_id":669,"weight":1.4769},
{"Node_id":670,"weight":4.7832},
{"Node_id":671,"weight":1.8354},
{"Node_id":672,"weight":2.7857},
{"Node_id":673,"weight":3.3468},
{"Node_id":674,"weight":4.284},
{"Node_id":675,"weight":1.8643},
{"Node_id":676,"weight":2.1354},
{"Node_id":677,"weight":1.8153},
{"Node_id":681,"weight":2.1774},
{"Node_id":682,"weight":4.0049},
{"Node_id":683,"weight":2.9444},
{"Node_id":684,"weight":2.6466},
{"Node_id":685,"weight":2.1796},
{"Node_id":686,"weight":3.3079},
{"Node_id":687,"weight":3.562},
{"Node_id":688,"weight":1.6164},
{"Node_id":689,"weight":1.9915},
{"Node_id":690,"weight":2.4994},
{"Node_id":691,"weight":2.6022},
{"Node_id":692,"weight":1.5603},
{"Node_id":693,"weight":2.2716},
{"Node_id":694,"weight":3.3287},
{"Node_id":695,"weight":1.7543},
{"Node_id":696,"weight":3.3468},
{"Node_id":697,"weight":1.9098},
{"Node_id":698,"weight":1.8078},
{"Node_id":699,"weight":2.4519},
{"Node_id":700,"weight":3.3138},
{"Node_id":701,"weight":2.6434},
{"Node_id":702,"weight":2.9939},
{"Node_id":703,"weight":1.8379},
{"Node_id":704,"weight":1.7711},
{"Node_id":705,"weight":3.0072},
{"Node_id":706,"weight":1.5485},
{"Node_id":707,"weight":1.4585},
{"Node_id":708,"weight":3.1222},
{"Node_id":710,"weight":2.6321},
{"Node_id":712,"weight":3.5694},
{"Node_id":713,"weight":3.1026},
{"Node_id":714,"weight":2.4315},
{"Node_id":715,"weight":1.4868},
{"Node_id":716,"weight":1.6785},
{"Node_id":717,"weight":2.2576},
{"Node_id":718,"weight":3.1625},
{"Node_id":719,"weight":1.827},
{"Node_id":720,"weight":2.3814},
{"Node_id":721,"weight":2.6761},
{"Node_id":722,"weight":1.7988},
{"Node_id":723,"weight":5.9118},
{"Node_id":724,"weight":2.4342},
{"Node_id":725,"weight":1.4461},
{"Node_id":726,"weight":3.4356},
{"Node_id":742,"weight":1.4982},
{"Node_id":743,"weight":2.3827},
{"Node_id":744,"weight":2.1514},
{"Node_id":745,"weight":1.421},
{"Node_id":746,"weight":4.2546},
{"Node_id":747,"weight":2.889},
{"Node_id":748,"weight":2.6162},
{"Node_id":749,"weight":1.5899},
{"Node_id":750,"weight":1.4941},
{"Node_id":751,"weight":4.508},
{"Node_id":752,"weight":2.9984},
{"Node_id":753,"weight":2.2084},
{"Node_id":754,"weight":2.6401},
{"Node_id":755,"weight":3.105},
{"Node_id":756,"weight":2.1145},
{"Node_id":757,"weight":2.1197},
{"Node_id":758,"weight":1.9161},
{"Node_id":795,"weight":2.1145},
{"Node_id":796,"weight":1.7105},
{"Node_id":797,"weight":2.1239},
{"Node_id":798,"weight":1.8834},
{"Node_id":799,"weight":2.7115},
{"Node_id":800,"weight":2.3597},
{"Node_id":801,"weight":1.6383},
{"Node_id":802,"weight":1.4624},
{"Node_id":803,"weight":3.6392},
{"Node_id":804,"weight":1.7338},
{"Node_id":805,"weight":4.3776},
{"Node_id":806,"weight":1.7089},
{"Node_id":807,"weight":1.4789},
{"Node_id":808,"weight":3.2591},
{"Node_id":809,"weight":3.3871},
{"Node_id":810,"weight":2.9277},
{"Node_id":811,"weight":4.5653},
{"Node_id":812,"weight":3.2178},
{"Node_id":813,"weight":2.321},
{"Node_id":814,"weight":2.2073},
{"Node_id":815,"weight":1.5779},
{"Node_id":816,"weight":3.8085},
{"Node_id":817,"weight":1.6186},
{"Node_id":818,"weight":6.8113},
{"Node_id":819,"weight":1.6179},
{"Node_id":820,"weight":1.7377},
{"Node_id":821,"weight":2.4588},
{"Node_id":822,"weight":1.6478},
{"Node_id":823,"weight":1.5231},
{"Node_id":824,"weight":2.342},
{"Node_id":825,"weight":1.4644},
{"Node_id":826,"weight":2.0595},
{"Node_id":827,"weight":2.2681},
{"Node_id":829,"weight":1.5109},
{"Node_id":830,"weight":2.4519},
{"Node_id":831,"weight":1.7105},
{"Node_id":834,"weight":3.3871},
{"Node_id":835,"weight":1.5807},
{"Node_id":836,"weight":2.7586},
{"Node_id":837,"weight":2.885},
{"Node_id":838,"weight":4.5653},
{"Node_id":839,"weight":3.3683},
{"Node_id":840,"weight":2.7374},
{"Node_id":843,"weight":2.0485},
{"Node_id":844,"weight":1.8261},
{"Node_id":845,"weight":2.9593},
{"Node_id":846,"weight":2.0565},
{"Node_id":847,"weight":2.5123},
{"Node_id":848,"weight":1.4121},
{"Node_id":849,"weight":2.2061},
{"Node_id":850,"weight":1.7136},
{"Node_id":851,"weight":2.2799},
{"Node_id":852,"weight":1.7182},
{"Node_id":853,"weight":1.6486},
{"Node_id":854,"weight":3.5435},
{"Node_id":855,"weight":2.0605},
{"Node_id":856,"weight":3.6233},
{"Node_id":859,"weight":2.6242},
{"Node_id":860,"weight":1.5771},
{"Node_id":861,"weight":1.5402},
{"Node_id":862,"weight":3.2591},
{"Node_id":863,"weight":1.6754},
{"Node_id":864,"weight":1.5238},
{"Node_id":865,"weight":2.0096},
{"Node_id":866,"weight":2.8381},
{"Node_id":867,"weight":2.1155},
{"Node_id":868,"weight":1.5687},
{"Node_id":869,"weight":1.4014},
{"Node_id":870,"weight":1.7417},
{"Node_id":871,"weight":2.3699},
{"Node_id":872,"weight":2.0029},
{"Node_id":873,"weight":1.4962},
{"Node_id":874,"weight":1.6078},
{"Node_id":875,"weight":1.7857},
{"Node_id":876,"weight":3.562},
{"Node_id":877,"weight":2.8633},
{"Node_id":881,"weight":1.9259},
{"Node_id":882,"weight":2.6662},
{"Node_id":883,"weight":3.5326},
{"Node_id":884,"weight":4.0163},
{"Node_id":885,"weight":3.226},
{"Node_id":886,"weight":1.7051},
{"Node_id":887,"weight":2.9113},
{"Node_id":888,"weight":1.8913},
{"Node_id":891,"weight":1.6085},
{"Node_id":892,"weight":1.5999},
{"Node_id":893,"weight":3.0738},
{"Node_id":894,"weight":1.5878},
{"Node_id":986,"weight":3.0117},
{"Node_id":987,"weight":2.2907},
{"Node_id":988,"weight":1.4868},
{"Node_id":989,"weight":1.4396},
{"Node_id":990,"weight":2.4437},
{"Node_id":991,"weight":2.0038},
{"Node_id":992,"weight":3.5398},
{"Node_id":993,"weight":1.8379},
{"Node_id":994,"weight":1.3907},
{"Node_id":995,"weight":3.0786},
{"Node_id":996,"weight":4.0049},
{"Node_id":997,"weight":3.4969},
{"Node_id":998,"weight":1.7841},
{"Node_id":999,"weight":2.4966},
{"Node_id":1000,"weight":4.9126},
{"Node_id":1001,"weight":3.562},
{"Node_id":1002,"weight":4.9548},
{"Node_id":1003,"weight":4.7592},
{"Node_id":1004,"weight":2.1873},
{"Node_id":1005,"weight":2.2219},
{"Node_id":1006,"weight":1.789},
{"Node_id":1007,"weight":2.0367},
{"Node_id":1015,"weight":1.4572},
{"Node_id":1119,"weight":2.4994},
{"Node_id":1120,"weight":5.4448},
{"Node_id":1121,"weight":1.7988},
{"Node_id":1122,"weight":1.6412},
{"Node_id":1123,"weight":1.4802},
{"Node_id":1124,"weight":1.4683},
{"Node_id":1125,"weight":4.0634},
{"Node_id":1126,"weight":2.895},
{"Node_id":1127,"weight":3.3347},
{"Node_id":1128,"weight":1.6508},
{"Node_id":1129,"weight":3.3777},
{"Node_id":1130,"weight":2.9072},
{"Node_id":1131,"weight":1.4178},
{"Node_id":1132,"weight":2.4881},
{"Node_id":1133,"weight":2.3788},
{"Node_id":1134,"weight":2.9614},
{"Node_id":1135,"weight":1.6664},
{"Node_id":1136,"weight":1.7963},
{"Node_id":1137,"weight":1.9143},
{"Node_id":1138,"weight":1.6523},
{"Node_id":1139,"weight":1.6538},
{"Node_id":1140,"weight":1.9036},
{"Node_id":1141,"weight":1.7776},
{"Node_id":1142,"weight":3.3999},
{"Node_id":1143,"weight":2.3584},
{"Node_id":1144,"weight":2.1785},
{"Node_id":1145,"weight":2.5224},
{"Node_id":1146,"weight":2.4601},
{"Node_id":1147,"weight":1.7074},
{"Node_id":1148,"weight":1.8834},
{"Node_id":1149,"weight":1.8921},
{"Node_id":1150,"weight":1.39},
{"Node_id":1151,"weight":2.2106},
{"Node_id":1152,"weight":1.9241},
{"Node_id":1153,"weight":1.6627},
{"Node_id":1154,"weight":3.0667},
{"Node_id":1155,"weight":2.0605},
{"Node_id":1156,"weight":2.2895},
{"Node_id":1157,"weight":1.43},
{"Node_id":1158,"weight":2.4698},
{"Node_id":1159,"weight":2.7694},
{"Node_id":1160,"weight":1.6982},
{"Node_id":1161,"weight":2.4505},
{"Node_id":1162,"weight":2.8305},
{"Node_id":1163,"weight":1.7825},
{"Node_id":1216,"weight":1.702},
{"Node_id":1217,"weight":1.9152},
{"Node_id":1222,"weight":2.5137},
{"Node_id":1283,"weight":2.9133},
{"Node_id":1284,"weight":1.4185},
{"Node_id":1299,"weight":1.4546},
{"Node_id":1300,"weight":1.6186},
{"Node_id":1301,"weight":2.4754},
{"Node_id":1302,"weight":1.8756},
{"Node_id":1328,"weight":1.4217},
{"Node_id":1329,"weight":1.7647},
{"Node_id":1365,"weight":1.5701},
{"Node_id":1366,"weight":1.8404},
{"Node_id":1483,"weight":1.9532},
{"Node_id":1575,"weight":2.3063},
{"Node_id":1576,"weight":1.6868},
{"Node_id":1578,"weight":1.7825},
{"Node_id":1609,"weight":3.2071},
{"Node_id":1610,"weight":1.7988},
{"Node_id":1612,"weight":1.7043},
{"Node_id":1613,"weight":5.11},
{"Node_id":1705,"weight":3.3529},
{"Node_id":1748,"weight":2.658},
{"Node_id":1749,"weight":2.2657},
{"Node_id":1750,"weight":1.6921},
{"Node_id":1751,"weight":4.1778},
{"Node_id":1752,"weight":1.7711},
{"Node_id":1755,"weight":3.2098},
{"Node_id":1764,"weight":5.9496},
{"Node_id":1765,"weight":2.0407},
{"Node_id":1766,"weight":1.7448},
{"Node_id":1791,"weight":1.5589},
{"Node_id":1792,"weight":2.7098},
{"Node_id":1908,"weight":1.7543},
{"Node_id":1909,"weight":1.9746},
{"Node_id":1982,"weight":1.4729},
{"Node_id":1983,"weight":1.7575},
{"Node_id":1984,"weight":2.936},
{"Node_id":1986,"weight":1.4749},
{"Node_id":2004,"weight":2.4754},
{"Node_id":2005,"weight":2.4302},
{"Node_id":2045,"weight":1.7898},
{"Node_id":2046,"weight":1.7043},
{"Node_id":2047,"weight":1.6612},
{"Node_id":2048,"weight":1.8669},
{"Node_id":2049,"weight":1.6762},
{"Node_id":2050,"weight":2.2208},
{"Node_id":2051,"weight":3.0297},
{"Node_id":2052,"weight":2.4262},
{"Node_id":2053,"weight":2.4155},
{"Node_id":2054,"weight":3.2017},
{"Node_id":2055,"weight":2.4866},
{"Node_id":2056,"weight":2.9939},
{"Node_id":2057,"weight":4.4538},
{"Node_id":2058,"weight":2.1796},
{"Node_id":2059,"weight":1.8523},
{"Node_id":2060,"weight":2.0038},
{"Node_id":2061,"weight":1.9934},
{"Node_id":2062,"weight":1.5652},
{"Node_id":2063,"weight":1.6792},
{"Node_id":2064,"weight":1.561},
{"Node_id":2065,"weight":1.5892},
{"Node_id":2066,"weight":1.6006},
{"Node_id":2067,"weight":1.7377},
{"Node_id":2068,"weight":2.3321},
{"Node_id":2069,"weight":2.0202},
{"Node_id":2070,"weight":4.284},
{"Node_id":2071,"weight":3.4969},
{"Node_id":2072,"weight":1.5736},
{"Node_id":2073,"weight":1.7857},
{"Node_id":2074,"weight":2.3271},
{"Node_id":2075,"weight":1.873},
{"Node_id":2076,"weight":2.0685},
{"Node_id":2077,"weight":1.8506},
{"Node_id":2078,"weight":2.5609},
{"Node_id":2079,"weight":1.6034},
{"Node_id":2081,"weight":3.3808},
{"Node_id":2082,"weight":2.2599},
{"Node_id":2083,"weight":3.6801},
{"Node_id":2084,"weight":5.1441},
{"Node_id":2085,"weight":4.0396},
{"Node_id":2086,"weight":2.1611},
{"Node_id":2087,"weight":4.7832},
{"Node_id":2088,"weight":3.4258},
{"Node_id":2089,"weight":2.6662},
{"Node_id":2090,"weight":2.4208},
{"Node_id":2091,"weight":1.5687},
{"Node_id":2092,"weight":2.8191},
{"Node_id":2093,"weight":1.4935},
{"Node_id":2094,"weight":1.7362},
{"Node_id":2095,"weight":1.7808},
{"Node_id":2096,"weight":2.1503},
{"Node_id":2097,"weight":6.1637},
{"Node_id":2098,"weight":1.9359},
{"Node_id":2099,"weight":3.3287},
{"Node_id":2100,"weight":3.0458},
{"Node_id":2101,"weight":2.1165},
{"Node_id":2102,"weight":1.5022},
{"Node_id":2103,"weight":2.5066},
{"Node_id":2107,"weight":2.4089},
{"Node_id":2108,"weight":1.7615},
{"Node_id":2109,"weight":1.4995},
{"Node_id":2110,"weight":1.9597},
{"Node_id":2111,"weight":2.955},
{"Node_id":2115,"weight":1.6634},
{"Node_id":2161,"weight":1.6883},
{"Node_id":2164,"weight":4.2331},
{"Node_id":2186,"weight":2.1062},
{"Node_id":2187,"weight":1.5949},
{"Node_id":2188,"weight":2.0705},
{"Node_id":2189,"weight":5.1441},
{"Node_id":2190,"weight":1.9018},
{"Node_id":2191,"weight":1.5582},
{"Node_id":2192,"weight":1.9477},
{"Node_id":2193,"weight":3.4095},
{"Node_id":2194,"weight":1.798},
{"Node_id":2195,"weight":3.8132},
{"Node_id":2196,"weight":5.1794},
{"Node_id":2197,"weight":8.1114},
{"Node_id":2198,"weight":3.5732},
{"Node_id":2199,"weight":6.5699},
{"Node_id":2200,"weight":1.8506},
{"Node_id":2201,"weight":3.2098},
{"Node_id":2202,"weight":2.1665},
{"Node_id":2203,"weight":1.6056},
{"Node_id":2204,"weight":4.5653},
{"Node_id":2205,"weight":2.0959},
{"Node_id":2206,"weight":3.1099},
{"Node_id":2207,"weight":2.2907},
{"Node_id":2208,"weight":5.2734},
{"Node_id":2209,"weight":3.8372},
{"Node_id":2210,"weight":1.6649},
{"Node_id":2211,"weight":2.5775},
{"Node_id":2212,"weight":3.0929},
{"Node_id":2213,"weight":1.7036},
{"Node_id":2214,"weight":2.5297},
{"Node_id":2215,"weight":1.917},
{"Node_id":2216,"weight":1.5416},
{"Node_id":2217,"weight":2.5913},
{"Node_id":2218,"weight":2.2006},
{"Node_id":2219,"weight":2.2073},
{"Node_id":2220,"weight":1.7346},
{"Node_id":2221,"weight":1.7252},
{"Node_id":2222,"weight":2.2871},
{"Node_id":2223,"weight":2.375},
{"Node_id":2224,"weight":1.9487},
{"Node_id":2225,"weight":2.5684},
{"Node_id":2226,"weight":2.4221},
{"Node_id":2227,"weight":1.6523},
{"Node_id":2228,"weight":2.1031},
{"Node_id":2229,"weight":1.7607},
{"Node_id":2230,"weight":1.4045},
{"Node_id":2231,"weight":2.3321},
{"Node_id":2232,"weight":3.5146},
{"Node_id":2233,"weight":3.7991},
{"Node_id":2234,"weight":2.5534},
{"Node_id":2235,"weight":2.2028},
{"Node_id":2236,"weight":1.9896},
{"Node_id":2237,"weight":1.8843},
{"Node_id":2238,"weight":2.8381},
{"Node_id":2239,"weight":1.5076},
{"Node_id":2240,"weight":2.184},
{"Node_id":2241,"weight":2.0416},
{"Node_id":2242,"weight":3.7579},
{"Node_id":2243,"weight":1.9296},
{"Node_id":2244,"weight":2.1093},
{"Node_id":2245,"weight":2.7876},
{"Node_id":2246,"weight":2.2657},
{"Node_id":2247,"weight":3.1651},
{"Node_id":2248,"weight":4.0163},
{"Node_id":2249,"weight":2.0192},
{"Node_id":2250,"weight":2.6678},
{"Node_id":2251,"weight":2.4768},
{"Node_id":2252,"weight":1.5245},
{"Node_id":2253,"weight":4.7954},
{"Node_id":2254,"weight":1.9896},
{"Node_id":2255,"weight":2.3075},
{"Node_id":2256,"weight":2.5023},
{"Node_id":2257,"weight":1.421},
{"Node_id":2258,"weight":1.7151},
{"Node_id":2259,"weight":1.5575},
{"Node_id":2260,"weight":1.9634},
{"Node_id":2261,"weight":1.4178},
{"Node_id":2262,"weight":4.6469},
{"Node_id":2263,"weight":1.9232},
{"Node_id":2303,"weight":3.1651},
{"Node_id":2319,"weight":2.0231},
{"Node_id":2320,"weight":1.5779},
{"Node_id":2323,"weight":1.597},
{"Node_id":2324,"weight":1.7881},
{"Node_id":2325,"weight":2.474},
{"Node_id":2326,"weight":5.077},
{"Node_id":2327,"weight":2.0887},
{"Node_id":2328,"weight":2.7766},
{"Node_id":2329,"weight":2.5929},
{"Node_id":2335,"weight":3.6843},
{"Node_id":2336,"weight":2.6037},
{"Node_id":2342,"weight":4.7832},
{"Node_id":2351,"weight":3.6233},
{"Node_id":2352,"weight":2.5341},
{"Node_id":2353,"weight":2.6482},
{"Node_id":2354,"weight":2.2095},
{"Node_id":2355,"weight":2.2634},
{"Node_id":2356,"weight":1.653},
{"Node_id":2357,"weight":1.397},
{"Node_id":2358,"weight":2.5166},
{"Node_id":2359,"weight":1.9468},
{"Node_id":2360,"weight":2.0338},
{"Node_id":2361,"weight":1.7528},
{"Node_id":2362,"weight":1.53},
{"Node_id":2437,"weight":1.8128},
{"Node_id":2438,"weight":2.9808},
{"Node_id":2439,"weight":4.2402},
{"Node_id":2440,"weight":1.935},
{"Node_id":2441,"weight":1.6792},
{"Node_id":2442,"weight":3.2591},
{"Node_id":2443,"weight":1.6538},
{"Node_id":2444,"weight":2.1568},
{"Node_id":2445,"weight":3.1781},
{"Node_id":2446,"weight":2.881},
{"Node_id":2447,"weight":1.4848},
{"Node_id":2448,"weight":1.5793},
{"Node_id":2449,"weight":3.1833},
{"Node_id":2450,"weight":2.7857},
{"Node_id":2451,"weight":1.659},
{"Node_id":2452,"weight":1.6754},
{"Node_id":2453,"weight":1.7575},
{"Node_id":2454,"weight":2.2955},
{"Node_id":2455,"weight":2.0202},
{"Node_id":2456,"weight":2.7235},
{"Node_id":2457,"weight":2.1796},
{"Node_id":2458,"weight":2.7339},
{"Node_id":2459,"weight":3.3967},
{"Node_id":2460,"weight":2.4208},
{"Node_id":2461,"weight":1.5652},
{"Node_id":2462,"weight":2.6945},
{"Node_id":2463,"weight":4.1064},
{"Node_id":2464,"weight":1.5715},
{"Node_id":2465,"weight":1.4723},
{"Node_id":2466,"weight":3.0435},
{"Node_id":2467,"weight":1.5259},
{"Node_id":2468,"weight":2.1312},
{"Node_id":2469,"weight":1.5002},
{"Node_id":2470,"weight":6.3182},
{"Node_id":2471,"weight":2.0745},
{"Node_id":2472,"weight":1.4822},
{"Node_id":2473,"weight":1.4848},
{"Node_id":2474,"weight":2.0436},
{"Node_id":2475,"weight":1.9905},
{"Node_id":2476,"weight":2.4852},
{"Node_id":2477,"weight":1.8643},
{"Node_id":2478,"weight":3.1651},
{"Node_id":2479,"weight":3.7357},
{"Node_id":2480,"weight":1.3932},
{"Node_id":2481,"weight":1.4975},
{"Node_id":2482,"weight":1.8037},
{"Node_id":2483,"weight":1.5963},
{"Node_id":2484,"weight":2.5224},
{"Node_id":2485,"weight":3.842},
{"Node_id":2486,"weight":2.1622},
{"Node_id":2487,"weight":1.8515},
{"Node_id":2488,"weight":5.8401},
{"Node_id":2489,"weight":1.6906},
{"Node_id":2490,"weight":1.7736},
{"Node_id":2491,"weight":1.9296},
{"Node_id":2492,"weight":2.7857},
{"Node_id":2493,"weight":2.3546},
{"Node_id":2494,"weight":3.776},
{"Node_id":2495,"weight":4.0694},
{"Node_id":2496,"weight":2.4671},
{"Node_id":2497,"weight":2.173},
{"Node_id":2498,"weight":1.752},
{"Node_id":2499,"weight":2.0038},
{"Node_id":2500,"weight":1.4371},
{"Node_id":2501,"weight":2.7081},
{"Node_id":2502,"weight":1.4835},
{"Node_id":2503,"weight":1.9962},
{"Node_id":2504,"weight":2.727},
{"Node_id":2505,"weight":2.2517},
{"Node_id":2506,"weight":2.3648},
{"Node_id":2507,"weight":3.596},
{"Node_id":2508,"weight":2.6257},
{"Node_id":2509,"weight":2.4275},
{"Node_id":2510,"weight":1.9277},
{"Node_id":2511,"weight":2.3866},
{"Node_id":2512,"weight":5.3992},
{"Node_id":2513,"weight":1.4624},
{"Node_id":2514,"weight":1.5485},
{"Node_id":2515,"weight":2.3395},
{"Node_id":2516,"weight":1.8895},
{"Node_id":2517,"weight":2.4588},
{"Node_id":2518,"weight":2.2799},
{"Node_id":2519,"weight":2.8652},
{"Node_id":2520,"weight":1.5062},
{"Node_id":2521,"weight":1.4881},
{"Node_id":2522,"weight":1.5842},
{"Node_id":2523,"weight":1.4921},
{"Node_id":2524,"weight":1.8078},
{"Node_id":2525,"weight":1.776},
{"Node_id":2526,"weight":3.305},
{"Node_id":2527,"weight":2.5959},
{"Node_id":2528,"weight":1.6974},
{"Node_id":2529,"weight":2.2196},
{"Node_id":2530,"weight":1.4848},
{"Node_id":2531,"weight":2.881},
{"Node_id":2532,"weight":1.7401},
{"Node_id":2533,"weight":2.3234},
{"Node_id":2534,"weight":1.6208},
{"Node_id":2535,"weight":2.6563},
{"Node_id":2536,"weight":1.6486},
{"Node_id":2537,"weight":1.9332},
{"Node_id":2538,"weight":1.8523},
{"Node_id":2539,"weight":2.8229},
{"Node_id":2540,"weight":2.5579},
{"Node_id":2541,"weight":2.6401},
{"Node_id":2562,"weight":2.0907},
{"Node_id":2563,"weight":6.0725},
{"Node_id":2564,"weight":2.8574},
{"Node_id":2565,"weight":1.4178},
{"Node_id":2566,"weight":1.5992},
{"Node_id":2567,"weight":2.1719},
{"Node_id":2568,"weight":1.5035},
{"Node_id":2569,"weight":1.3882},
{"Node_id":2570,"weight":2.2576},
{"Node_id":2571,"weight":3.3652},
{"Node_id":2572,"weight":2.5254},
{"Node_id":2573,"weight":1.7105},
{"Node_id":2574,"weight":4.8458},
{"Node_id":2575,"weight":2.2552},
{"Node_id":2576,"weight":1.3988},
{"Node_id":2577,"weight":1.4172},
{"Node_id":2578,"weight":1.6523},
{"Node_id":2579,"weight":1.7963},
{"Node_id":2580,"weight":4.1002},
{"Node_id":2581,"weight":2.5066},
{"Node_id":2582,"weight":2.5385},
{"Node_id":2583,"weight":2.877},
{"Node_id":2584,"weight":1.9523},
{"Node_id":2585,"weight":2.5714},
{"Node_id":2586,"weight":1.4565},
{"Node_id":2587,"weight":1.744},
{"Node_id":2588,"weight":1.6732},
{"Node_id":2589,"weight":1.798},
{"Node_id":2590,"weight":1.9305},
{"Node_id":2591,"weight":1.4229},
{"Node_id":2592,"weight":1.543},
{"Node_id":2593,"weight":4.1711},
{"Node_id":2594,"weight":2.6711},
{"Node_id":2595,"weight":2.205},
{"Node_id":2596,"weight":3.1347},
{"Node_id":2597,"weight":1.4815},
{"Node_id":2598,"weight":1.752},
{"Node_id":2599,"weight":3.0252},
{"Node_id":2600,"weight":1.6368},
{"Node_id":2601,"weight":2.9593},
{"Node_id":2602,"weight":3.1964},
{"Node_id":2603,"weight":2.0565},
{"Node_id":2604,"weight":1.9296},
{"Node_id":2605,"weight":1.8136},
{"Node_id":2606,"weight":2.2242},
{"Node_id":2607,"weight":2.3571},
{"Node_id":2608,"weight":3.8038},
{"Node_id":2609,"weight":2.0938},
{"Node_id":2610,"weight":2.0745},
{"Node_id":2611,"weight":2.5123},
{"Node_id":2612,"weight":1.5786},
{"Node_id":2613,"weight":1.726},
{"Node_id":2614,"weight":1.4663},
{"Node_id":2615,"weight":2.6563},
{"Node_id":2616,"weight":1.4147},
{"Node_id":2617,"weight":2.9011},
{"Node_id":2618,"weight":5.2347},
{"Node_id":2619,"weight":3.4095},
{"Node_id":2620,"weight":3.4225},
{"Node_id":2621,"weight":1.8557},
{"Node_id":2622,"weight":2.6498},
{"Node_id":2623,"weight":2.1134},
{"Node_id":2624,"weight":2.366},
{"Node_id":2625,"weight":1.9395},
{"Node_id":2626,"weight":3.1859},
{"Node_id":2627,"weight":2.2907},
{"Node_id":2628,"weight":1.8337},
{"Node_id":2629,"weight":1.5652},
{"Node_id":2630,"weight":2.543},
{"Node_id":2631,"weight":5.8061},
{"Node_id":2632,"weight":3.6969},
{"Node_id":2633,"weight":2.1774},
{"Node_id":2634,"weight":1.4795},
{"Node_id":2635,"weight":1.3944},
{"Node_id":2636,"weight":2.3222},
{"Node_id":2637,"weight":1.8012},
{"Node_id":2638,"weight":5.2933},
{"Node_id":2639,"weight":3.3079},
{"Node_id":2640,"weight":4.4278},
{"Node_id":2641,"weight":1.5652},
{"Node_id":2642,"weight":2.5944},
{"Node_id":2643,"weight":2.0856},
{"Node_id":2644,"weight":1.5029},
{"Node_id":2645,"weight":2.8751},
{"Node_id":2646,"weight":1.5361},
{"Node_id":2647,"weight":3.2342},
{"Node_id":2648,"weight":1.9432},
{"Node_id":2649,"weight":1.639},
{"Node_id":2650,"weight":2.0436},
{"Node_id":2653,"weight":5.7105},
{"Node_id":2690,"weight":1.8834},
{"Node_id":2691,"weight":1.6657},
{"Node_id":2692,"weight":2.0918},
{"Node_id":2693,"weight":4.8588},
{"Node_id":2694,"weight":2.9257},
{"Node_id":2695,"weight":3.4323},
{"Node_id":2705,"weight":1.8756},
{"Node_id":2761,"weight":4.1982},
{"Node_id":2762,"weight":3.6392},
{"Node_id":2763,"weight":1.9727},
{"Node_id":2764,"weight":5.7414},
{"Node_id":2765,"weight":3.0929},
{"Node_id":2766,"weight":2.3609},
{"Node_id":2767,"weight":1.7113},
{"Node_id":2768,"weight":1.4268},
{"Node_id":2771,"weight":2.9896},
{"Node_id":2772,"weight":2.0938},
{"Node_id":2773,"weight":3.6718},
{"Node_id":2774,"weight":2.1124},
{"Node_id":2775,"weight":2.5519},
{"Node_id":2776,"weight":2.3445},
{"Node_id":2777,"weight":1.5527},
{"Node_id":2778,"weight":1.752},
{"Node_id":2779,"weight":2.7658},
{"Node_id":2780,"weight":1.9241},
{"Node_id":2781,"weight":1.8506},
{"Node_id":2782,"weight":2.4951},
{"Node_id":2783,"weight":3.3168},
{"Node_id":2784,"weight":1.9368},
{"Node_id":2785,"weight":2.2599},
{"Node_id":2786,"weight":1.8532},
{"Node_id":2787,"weight":2.2379},
{"Node_id":2788,"weight":1.8379},
{"Node_id":2789,"weight":3.6718},
{"Node_id":2790,"weight":1.6317},
{"Node_id":2791,"weight":3.7624},
{"Node_id":2792,"weight":1.5617},
{"Node_id":2793,"weight":1.8566},
{"Node_id":2794,"weight":1.8575},
{"Node_id":2795,"weight":1.6013},
{"Node_id":2797,"weight":3.2648},
{"Node_id":2799,"weight":2.508},
{"Node_id":2800,"weight":1.4198},
{"Node_id":2801,"weight":2.4478},
{"Node_id":2802,"weight":1.4474},
{"Node_id":2803,"weight":3.0229},
{"Node_id":2804,"weight":2.0377},
{"Node_id":2805,"weight":1.5218},
{"Node_id":3038,"weight":4.833},
{"Node_id":3039,"weight":1.5485},
{"Node_id":3040,"weight":2.3063},
{"Node_id":3041,"weight":1.8957},
{"Node_id":3042,"weight":1.8045},
{"Node_id":3043,"weight":3.1422},
{"Node_id":3044,"weight":4.1914},
{"Node_id":3045,"weight":4.3534},
{"Node_id":3046,"weight":1.6302},
{"Node_id":3047,"weight":1.8738},
{"Node_id":3048,"weight":1.5245},
{"Node_id":3049,"weight":5.0294},
{"Node_id":3050,"weight":1.5807},
{"Node_id":3051,"weight":3.8716},
{"Node_id":3052,"weight":2.2907},
{"Node_id":3053,"weight":2.6612},
{"Node_id":3054,"weight":2.2061},
{"Node_id":3055,"weight":1.5218},
{"Node_id":3056,"weight":2.2017},
{"Node_id":3057,"weight":5.3771},
{"Node_id":3058,"weight":2.3918},
{"Node_id":3059,"weight":1.5327},
{"Node_id":3060,"weight":1.5527},
{"Node_id":3061,"weight":2.2448},
{"Node_id":3062,"weight":2.1752},
{"Node_id":3205,"weight":5.2347},
{"Node_id":3206,"weight":1.9606},
{"Node_id":3207,"weight":1.7719},
{"Node_id":3208,"weight":1.4474},
{"Node_id":3209,"weight":2.4768},
{"Node_id":3220,"weight":1.7417},
{"Node_id":3221,"weight":2.9808},
{"Node_id":3222,"weight":4.3534},
{"Node_id":3223,"weight":2.2529},
{"Node_id":3224,"weight":1.4128},
{"Node_id":3225,"weight":1.5992},
{"Node_id":3226,"weight":1.6762},
{"Node_id":3227,"weight":2.0212},
{"Node_id":3228,"weight":3.0389},
{"Node_id":3229,"weight":3.3377},
{"Node_id":3230,"weight":2.1578},
{"Node_id":3274,"weight":2.6337},
{"Node_id":3275,"weight":1.7448},
{"Node_id":3276,"weight":1.6331},
{"Node_id":3277,"weight":2.0397},
{"Node_id":3278,"weight":1.7464},
{"Node_id":3279,"weight":1.9802},
{"Node_id":3280,"weight":2.027},
{"Node_id":3281,"weight":1.5828},
{"Node_id":3282,"weight":3.0504},
{"Node_id":3283,"weight":1.4281},
{"Node_id":3284,"weight":2.1557},
{"Node_id":3285,"weight":1.7881},
{"Node_id":3295,"weight":1.575},
{"Node_id":3296,"weight":2.1884},
{"Node_id":3341,"weight":4.212},
{"Node_id":3342,"weight":3.5326},
{"Node_id":3343,"weight":3.248},
{"Node_id":3344,"weight":1.4526},
{"Node_id":3345,"weight":1.4565},
{"Node_id":3346,"weight":2.1093},
{"Node_id":3384,"weight":2.9917},
{"Node_id":3385,"weight":1.5779},
{"Node_id":3386,"weight":2.1503},
{"Node_id":3387,"weight":1.465},
{"Node_id":3388,"weight":1.9811},
{"Node_id":3389,"weight":1.4526},
{"Node_id":3390,"weight":1.5771},
{"Node_id":3391,"weight":1.8062},
{"Node_id":3392,"weight":2.0125},
{"Node_id":3393,"weight":5.7414},
{"Node_id":3394,"weight":4.1318},
{"Node_id":3395,"weight":2.5371},
{"Node_id":3396,"weight":2.1323},
{"Node_id":3397,"weight":1.4223},
{"Node_id":3398,"weight":4.3858},
{"Node_id":3399,"weight":4.4364},
{"Node_id":3400,"weight":1.4064},
{"Node_id":3401,"weight":1.4533},
{"Node_id":3402,"weight":1.513},
{"Node_id":3403,"weight":1.7036},
{"Node_id":3404,"weight":2.1218},
{"Node_id":3405,"weight":4.4451},
{"Node_id":3406,"weight":1.6538},
{"Node_id":3407,"weight":2.2185},
{"Node_id":3408,"weight":1.7535},
{"Node_id":3409,"weight":2.102},
{"Node_id":3410,"weight":1.397},
{"Node_id":3411,"weight":2.0685},
{"Node_id":3412,"weight":1.8851},
{"Node_id":3413,"weight":1.8379},
{"Node_id":3414,"weight":5.6515},
{"Node_id":3415,"weight":1.8992},
{"Node_id":3416,"weight":1.7939},
{"Node_id":3417,"weight":2.0125},
{"Node_id":3418,"weight":2.5594},
{"Node_id":3419,"weight":1.7244},
{"Node_id":3420,"weight":3.6969},
{"Node_id":3421,"weight":3.1703},
{"Node_id":3422,"weight":1.5184},
{"Node_id":3423,"weight":1.3869},
{"Node_id":3424,"weight":2.1829},
{"Node_id":3425,"weight":2.2196},
{"Node_id":3426,"weight":1.9597},
{"Node_id":3427,"weight":2.8477},
{"Node_id":3428,"weight":1.6694},
{"Node_id":3429,"weight":3.577},
{"Node_id":3430,"weight":2.889},
{"Node_id":3431,"weight":2.885},
{"Node_id":3432,"weight":1.5259},
{"Node_id":3433,"weight":3.8567},
{"Node_id":3434,"weight":3.3079},
{"Node_id":3435,"weight":1.8354},
{"Node_id":3436,"weight":1.7736},
{"Node_id":3437,"weight":3.714},
{"Node_id":3438,"weight":1.8371},
{"Node_id":3439,"weight":2.9808},
{"Node_id":3440,"weight":2.9614},
{"Node_id":3441,"weight":3.4934},
{"Node_id":3442,"weight":1.3882},
{"Node_id":3443,"weight":1.7623},
{"Node_id":3444,"weight":2.3711},
{"Node_id":3445,"weight":1.4313},
{"Node_id":3446,"weight":1.5527},
{"Node_id":3447,"weight":2.2599},
{"Node_id":3448,"weight":2.0029},
{"Node_id":3449,"weight":2.6596},
{"Node_id":3450,"weight":1.9359},
{"Node_id":3451,"weight":2.9381},
{"Node_id":3452,"weight":2.9174},
{"Node_id":3453,"weight":1.6171},
{"Node_id":3454,"weight":1.8103},
{"Node_id":3455,"weight":1.5334},
{"Node_id":3456,"weight":2.887},
{"Node_id":3457,"weight":1.8186},
{"Node_id":3458,"weight":1.9542},
{"Node_id":3469,"weight":1.6785},
{"Node_id":3470,"weight":3.0006},
{"Node_id":3471,"weight":2.1785},
{"Node_id":3472,"weight":3.0786},
{"Node_id":3473,"weight":3.8275},
{"Node_id":3474,"weight":1.7881},
{"Node_id":3475,"weight":3.055},
{"Node_id":3476,"weight":1.9662},
{"Node_id":3477,"weight":2.4671},
{"Node_id":3478,"weight":3.2905},
{"Node_id":3479,"weight":1.901},
{"Node_id":3480,"weight":1.9802},
{"Node_id":3481,"weight":1.9802},
{"Node_id":3482,"weight":7.8236},
{"Node_id":3484,"weight":1.8021},
{"Node_id":3486,"weight":1.6913},
{"Node_id":3487,"weight":2.645},
{"Node_id":3488,"weight":4.0163},
{"Node_id":3489,"weight":1.4915},
{"Node_id":3490,"weight":1.5347},
{"Node_id":3491,"weight":2.6531},
{"Node_id":3492,"weight":2.2611},
{"Node_id":3571,"weight":4.3454},
{"Node_id":3572,"weight":2.8248},
{"Node_id":3575,"weight":2.4994},
{"Node_id":3576,"weight":1.748},
{"Node_id":3577,"weight":1.4855},
{"Node_id":3578,"weight":2.764},
{"Node_id":3579,"weight":1.8721},
{"Node_id":3580,"weight":2.4492},
{"Node_id":3581,"weight":1.8904},
{"Node_id":3582,"weight":1.9783},
{"Node_id":3583,"weight":1.6508},
{"Node_id":3584,"weight":2.1302},
{"Node_id":3585,"weight":2.4356},
{"Node_id":3586,"weight":2.0897},
{"Node_id":3587,"weight":3.1322},
{"Node_id":3588,"weight":1.956},
{"Node_id":3589,"weight":4.5362},
{"Node_id":3590,"weight":2.8574},
{"Node_id":3591,"weight":1.925},
{"Node_id":3592,"weight":3.2314},
{"Node_id":3593,"weight":4.6053},
{"Node_id":3594,"weight":2.7839},
{"Node_id":3595,"weight":1.5177},
{"Node_id":3596,"weight":1.414},
{"Node_id":3597,"weight":1.7496},
{"Node_id":3598,"weight":2.0318},
{"Node_id":3599,"weight":3.2424},
{"Node_id":3600,"weight":1.8756},
{"Node_id":3664,"weight":2.5371},
{"Node_id":3665,"weight":1.414},
{"Node_id":3666,"weight":2.4643},
{"Node_id":3667,"weight":1.8278},
{"Node_id":3695,"weight":1.8128},
{"Node_id":3696,"weight":1.4461},
{"Node_id":3697,"weight":2.0446},
{"Node_id":3698,"weight":2.5821},
{"Node_id":3699,"weight":3.4761},
{"Node_id":3700,"weight":1.5062},
{"Node_id":3701,"weight":2.0989},
{"Node_id":3702,"weight":2.3788},
{"Node_id":3703,"weight":1.5485},
{"Node_id":3704,"weight":4.4108},
{"Node_id":3705,"weight":1.6951},
{"Node_id":3706,"weight":1.827},
{"Node_id":3707,"weight":1.4384},
{"Node_id":3708,"weight":2.7551},
{"Node_id":3709,"weight":1.7409},
{"Node_id":3710,"weight":2.1333},
{"Node_id":3711,"weight":1.9634},
{"Node_id":3712,"weight":1.8111},
{"Node_id":3713,"weight":2.7604},
{"Node_id":3714,"weight":1.5779},
{"Node_id":3715,"weight":4.1383},
{"Node_id":3716,"weight":1.4565},
{"Node_id":3717,"weight":3.6233},
{"Node_id":3718,"weight":1.7599},
{"Node_id":3719,"weight":2.5806},
{"Node_id":3720,"weight":1.4096},
{"Node_id":3721,"weight":3.9072},
{"Node_id":3722,"weight":1.8211},
{"Node_id":3723,"weight":2.5312},
{"Node_id":3724,"weight":1.8037},
{"Node_id":3725,"weight":2.9657},
{"Node_id":3726,"weight":2.6514},
{"Node_id":3727,"weight":1.4229},
{"Node_id":3728,"weight":2.7132},
{"Node_id":3729,"weight":1.8404},
{"Node_id":3730,"weight":1.9332},
{"Node_id":3731,"weight":2.5867},
{"Node_id":3732,"weight":1.6694},
{"Node_id":3733,"weight":4.119},
{"Node_id":3734,"weight":2.4937},
{"Node_id":3735,"weight":3.9992},
{"Node_id":3736,"weight":1.9268},
{"Node_id":3737,"weight":1.4351},
{"Node_id":3738,"weight":1.5361},
{"Node_id":3739,"weight":1.6501},
{"Node_id":3740,"weight":1.9001},
{"Node_id":3741,"weight":3.7401},
{"Node_id":3742,"weight":2.1961},
{"Node_id":3766,"weight":1.5396},
{"Node_id":3767,"weight":1.4409},
{"Node_id":3768,"weight":6.0299},
{"Node_id":3769,"weight":1.8037},
{"Node_id":3770,"weight":2.1939},
{"Node_id":3771,"weight":1.5143},
{"Node_id":3772,"weight":1.8203},
{"Node_id":3773,"weight":1.5055},
{"Node_id":3774,"weight":1.8575},
{"Node_id":3775,"weight":2.2402},
{"Node_id":3776,"weight":4.8588},
{"Node_id":3777,"weight":1.4274},
{"Node_id":3778,"weight":2.0948},
{"Node_id":3779,"weight":2.1503},
{"Node_id":3780,"weight":2.1051},
{"Node_id":3781,"weight":1.726},
{"Node_id":3782,"weight":1.9395},
{"Node_id":3783,"weight":1.3982},
{"Node_id":3784,"weight":3.248},
{"Node_id":3785,"weight":1.5687},
{"Node_id":3786,"weight":2.3395},
{"Node_id":3787,"weight":1.6128},
{"Node_id":3788,"weight":1.3919},
{"Node_id":3789,"weight":1.5568},
{"Node_id":3790,"weight":1.6361},
{"Node_id":3791,"weight":2.6928},
{"Node_id":3792,"weight":2.891},
{"Node_id":3793,"weight":2.6844},
{"Node_id":3794,"weight":7.1301},
{"Node_id":3795,"weight":1.9597},
{"Node_id":3801,"weight":1.893},
{"Node_id":3802,"weight":3.9176},
{"Node_id":3803,"weight":2.3198},
{"Node_id":3804,"weight":2.6678},
{"Node_id":3805,"weight":2.0948},
{"Node_id":3806,"weight":1.8592},
{"Node_id":3807,"weight":4.7357},
{"Node_id":3808,"weight":2.3309},
{"Node_id":3809,"weight":1.4185},
{"Node_id":3810,"weight":1.7615},
{"Node_id":3811,"weight":1.4644},
{"Node_id":3812,"weight":3.1729},
{"Node_id":3813,"weight":2.6794},
{"Node_id":3814,"weight":2.97},
{"Node_id":3815,"weight":1.4611},
{"Node_id":3822,"weight":2.6777},
{"Node_id":3823,"weight":1.7043},
{"Node_id":3824,"weight":2.0877},
{"Node_id":3825,"weight":1.822},
{"Node_id":3826,"weight":3.1755},
{"Node_id":3827,"weight":1.6244},
{"Node_id":3828,"weight":1.5389},
{"Node_id":3829,"weight":2.0907},
{"Node_id":3830,"weight":1.843},
{"Node_id":3831,"weight":3.5732},
{"Node_id":3832,"weight":1.7971},
{"Node_id":3833,"weight":2.9962},
{"Node_id":3834,"weight":2.3198},
{"Node_id":3835,"weight":2.4275},
{"Node_id":3836,"weight":1.4835},
{"Node_id":3837,"weight":1.6501},
{"Node_id":3838,"weight":1.832},
{"Node_id":3839,"weight":1.39},
{"Node_id":3840,"weight":2.3358},
{"Node_id":3841,"weight":1.9662},
{"Node_id":3842,"weight":1.6815},
{"Node_id":3843,"weight":1.9802},
{"Node_id":3844,"weight":3.5253},
{"Node_id":3845,"weight":2.7986},
{"Node_id":3846,"weight":2.6744},
{"Node_id":3847,"weight":2.5224},
{"Node_id":3848,"weight":3.7624},
{"Node_id":3849,"weight":3.0786},
{"Node_id":3850,"weight":2.0565},
{"Node_id":3852,"weight":2.5327},
{"Node_id":3855,"weight":2.7912},
{"Node_id":3857,"weight":3.8372},
{"Node_id":3858,"weight":2.5975},
{"Node_id":3859,"weight":2.3546},
{"Node_id":3860,"weight":1.9459},
{"Node_id":3863,"weight":2.2529},
{"Node_id":3864,"weight":4.2546},
{"Node_id":3865,"weight":3.3777},
{"Node_id":3866,"weight":2.6289},
{"Node_id":3867,"weight":1.7719},
{"Node_id":3868,"weight":2.8324},
{"Node_id":3869,"weight":1.8843},
{"Node_id":3870,"weight":2.0877},
{"Node_id":3871,"weight":2.5929},
{"Node_id":3872,"weight":1.6777},
{"Node_id":3873,"weight":4.2915},
{"Node_id":3874,"weight":1.4409},
{"Node_id":3875,"weight":1.4644},
{"Node_id":3876,"weight":3.3591},
{"Node_id":3877,"weight":2.1884},
{"Node_id":3878,"weight":2.9298},
{"Node_id":3879,"weight":3.4761},
{"Node_id":3880,"weight":4.4988},
{"Node_id":3881,"weight":3.7669},
{"Node_id":3882,"weight":2.1525},
{"Node_id":3958,"weight":2.7676},
{"Node_id":3959,"weight":1.8878},
{"Node_id":3960,"weight":3.7313},
{"Node_id":3961,"weight":2.2599},
{"Node_id":3962,"weight":4.0514},
{"Node_id":3963,"weight":2.9195},
{"Node_id":3964,"weight":1.7728},
{"Node_id":3965,"weight":1.3976},
{"Node_id":3966,"weight":1.7504},
{"Node_id":3967,"weight":1.6853},
{"Node_id":3968,"weight":1.9868},
{"Node_id":3969,"weight":2.1589},
{"Node_id":3970,"weight":2.3149},
{"Node_id":3971,"weight":2.3879},
{"Node_id":3972,"weight":4.8458},
{"Node_id":3973,"weight":1.4915},
{"Node_id":3974,"weight":2.239},
{"Node_id":3975,"weight":2.1643},
{"Node_id":3976,"weight":2.5489},
{"Node_id":3977,"weight":1.6649},
{"Node_id":3978,"weight":1.6702},
{"Node_id":3979,"weight":3.5657},
{"Node_id":3980,"weight":1.9783},
{"Node_id":3981,"weight":1.7939},
{"Node_id":3982,"weight":5.3771},
{"Node_id":3983,"weight":2.0456},
{"Node_id":3984,"weight":3.4969},
{"Node_id":3985,"weight":2.0456},
{"Node_id":3987,"weight":2.6827},
{"Node_id":3989,"weight":2.4288},
{"Node_id":3996,"weight":3.4727},
{"Node_id":3997,"weight":2.0948},
{"Node_id":3998,"weight":2.0525},
{"Node_id":3999,"weight":5.0609},
{"Node_id":4000,"weight":4.3066},
{"Node_id":4001,"weight":3.1099},
{"Node_id":4002,"weight":2.6131},
{"Node_id":4003,"weight":1.8245},
{"Node_id":4004,"weight":1.8245},
{"Node_id":4005,"weight":1.4455},
{"Node_id":4032,"weight":2.145},
{"Node_id":4033,"weight":3.055},
{"Node_id":4034,"weight":3.8518},
{"Node_id":4104,"weight":1.5252},
{"Node_id":4105,"weight":1.9487},
{"Node_id":4106,"weight":1.513},
{"Node_id":4107,"weight":1.6597},
{"Node_id":4108,"weight":2.2402},
{"Node_id":4109,"weight":3.2342},
{"Node_id":4110,"weight":2.2787},
{"Node_id":4111,"weight":2.173},
{"Node_id":4112,"weight":4.3297},
{"Node_id":4113,"weight":2.7586},
{"Node_id":4114,"weight":1.8295},
{"Node_id":4115,"weight":2.6596},
{"Node_id":4116,"weight":2.3508},
{"Node_id":4117,"weight":5.2734},
{"Node_id":4118,"weight":3.9072},
{"Node_id":4119,"weight":5.7732},
{"Node_id":4120,"weight":1.3951},
{"Node_id":4146,"weight":3.2205},
{"Node_id":4147,"weight":1.5779},
{"Node_id":4148,"weight":3.9495},
{"Node_id":4149,"weight":2.0918},
{"Node_id":4150,"weight":1.7833},
{"Node_id":4151,"weight":1.4795},
{"Node_id":4152,"weight":1.3907},
{"Node_id":4153,"weight":1.5694},
{"Node_id":4154,"weight":1.6762},
{"Node_id":4155,"weight":2.8267},
{"Node_id":4156,"weight":2.1785},
{"Node_id":4157,"weight":1.6171},
{"Node_id":4158,"weight":1.3882},
{"Node_id":4159,"weight":4.7242},
{"Node_id":4160,"weight":2.5415},
{"Node_id":4161,"weight":2.0397},
{"Node_id":4162,"weight":1.58},
{"Node_id":4163,"weight":1.5437},
{"Node_id":4164,"weight":1.8295},
{"Node_id":4165,"weight":2.4698},
{"Node_id":4166,"weight":1.9305},
{"Node_id":4167,"weight":3.8132},
{"Node_id":4168,"weight":1.9036},
{"Node_id":4169,"weight":1.8054},
{"Node_id":4170,"weight":1.6244},
{"Node_id":4171,"weight":1.5506},
{"Node_id":4172,"weight":1.8851},
{"Node_id":4173,"weight":1.6471},
{"Node_id":4174,"weight":3.1912},
{"Node_id":4175,"weight":1.5687},
{"Node_id":4176,"weight":1.4598},
{"Node_id":4177,"weight":2.2344},
{"Node_id":4178,"weight":2.0048},
{"Node_id":4179,"weight":2.5094},
{"Node_id":4180,"weight":2.1796},
{"Node_id":4181,"weight":2.2425},
{"Node_id":4182,"weight":5.5957},
{"Node_id":4183,"weight":3.1912},
{"Node_id":4198,"weight":1.7623},
{"Node_id":4199,"weight":1.4481},
{"Node_id":4200,"weight":1.5096},
{"Node_id":4201,"weight":1.4422},
{"Node_id":4202,"weight":4.7592},
{"Node_id":4203,"weight":2.2129},
{"Node_id":4287,"weight":3.1651},
{"Node_id":4288,"weight":2.3284},
{"Node_id":4289,"weight":2.0067},
{"Node_id":4290,"weight":1.5793},
{"Node_id":4291,"weight":2.3358},
{"Node_id":4326,"weight":1.4172},
{"Node_id":4354,"weight":3.7313},
{"Node_id":4355,"weight":1.7206},
{"Node_id":4356,"weight":2.9529},
{"Node_id":4391,"weight":1.3932},
{"Node_id":4394,"weight":4.5751},
{"Node_id":4396,"weight":3.0929},
{"Node_id":4401,"weight":2.9786},
{"Node_id":4445,"weight":1.822},
{"Node_id":4446,"weight":1.7464},
{"Node_id":4449,"weight":1.4487},
{"Node_id":4473,"weight":1.3913},
{"Node_id":4474,"weight":1.3963},
{"Node_id":4475,"weight":2.3918},
{"Node_id":4495,"weight":1.5779},
{"Node_id":4560,"weight":2.8458},
{"Node_id":4686,"weight":1.4591},
{"Node_id":4687,"weight":4.0049},
{"Node_id":4688,"weight":1.793},
{"Node_id":4713,"weight":1.6936},
{"Node_id":4714,"weight":2.0212},
{"Node_id":4715,"weight":4.5653},
{"Node_id":4717,"weight":2.0077},
{"Node_id":4824,"weight":1.8379},
{"Node_id":4825,"weight":1.9802},
{"Node_id":4827,"weight":3.6352},
{"Node_id":4828,"weight":2.1323},
{"Node_id":4829,"weight":4.1982},
{"Node_id":4852,"weight":1.9746},
{"Node_id":4853,"weight":3.1651},
{"Node_id":4854,"weight":2.5023},
{"Node_id":4864,"weight":1.8834},
{"Node_id":4865,"weight":1.4121},
{"Node_id":4899,"weight":2.5268},
{"Node_id":4900,"weight":1.469},
{"Node_id":4901,"weight":2.8229},
{"Node_id":4902,"weight":3.3197},
{"Node_id":4903,"weight":3.5289},
{"Node_id":4904,"weight":1.6013},
{"Node_id":4905,"weight":1.5204},
{"Node_id":4906,"weight":3.5807},
{"Node_id":4907,"weight":2.0605},
{"Node_id":4908,"weight":1.7036},
{"Node_id":4909,"weight":1.7206},
{"Node_id":4910,"weight":2.1302},
{"Node_id":4911,"weight":1.7881},
{"Node_id":4912,"weight":1.7159},
{"Node_id":4913,"weight":4.3297},
{"Node_id":4914,"weight":1.6493},
{"Node_id":4915,"weight":1.7206},
{"Node_id":4918,"weight":1.5624},
{"Node_id":4919,"weight":1.6013},
{"Node_id":4920,"weight":4.6363},
{"Node_id":4921,"weight":1.631},
{"Node_id":4922,"weight":2.764},
{"Node_id":4923,"weight":1.9877},
{"Node_id":4924,"weight":2.5852},
{"Node_id":4925,"weight":1.793},
{"Node_id":4926,"weight":3.0621},
{"Node_id":4927,"weight":2.7029},
{"Node_id":4928,"weight":3.504},
{"Node_id":4929,"weight":1.6553},
{"Node_id":4930,"weight":1.5715},
{"Node_id":4931,"weight":1.9423},
{"Node_id":4932,"weight":1.4481},
{"Node_id":4933,"weight":1.4494},
{"Node_id":4934,"weight":1.5575},
{"Node_id":4935,"weight":5.045},
{"Node_id":4936,"weight":2.1687},
{"Node_id":4937,"weight":1.9915},
{"Node_id":4938,"weight":2.7132},
{"Node_id":4939,"weight":1.9296},
{"Node_id":4940,"weight":2.1072},
{"Node_id":4941,"weight":3.842},
{"Node_id":4942,"weight":1.9259},
{"Node_id":4943,"weight":2.2344},
{"Node_id":4944,"weight":1.5757},
{"Node_id":4945,"weight":2.9852},
{"Node_id":4946,"weight":2.102},
{"Node_id":4947,"weight":1.9423},
{"Node_id":4948,"weight":1.8557},
{"Node_id":4949,"weight":2.2517},
{"Node_id":4950,"weight":2.6911},
{"Node_id":4951,"weight":4.1513},
{"Node_id":4952,"weight":2.9786},
{"Node_id":4953,"weight":5.5957},
{"Node_id":4954,"weight":1.8362},
{"Node_id":4955,"weight":2.7201},
{"Node_id":4956,"weight":2.1796},
{"Node_id":4957,"weight":1.8904},
{"Node_id":4958,"weight":3.2992},
{"Node_id":4959,"weight":1.9764},
{"Node_id":4960,"weight":1.7963},
{"Node_id":4961,"weight":2.1},
{"Node_id":4962,"weight":2.3321},
{"Node_id":4963,"weight":2.3584},
{"Node_id":4964,"weight":3.0574},
{"Node_id":4965,"weight":2.3866},
{"Node_id":4966,"weight":1.5245},
{"Node_id":4967,"weight":1.8387},
{"Node_id":4968,"weight":3.4095},
{"Node_id":4969,"weight":1.9943},
{"Node_id":4970,"weight":1.5722},
{"Node_id":5048,"weight":2.0416},
{"Node_id":5049,"weight":2.127},
{"Node_id":5050,"weight":2.6811},
{"Node_id":5051,"weight":1.8695},
{"Node_id":5052,"weight":2.0309},
{"Node_id":5053,"weight":2.1124},
{"Node_id":5054,"weight":4.5653},
{"Node_id":5055,"weight":2.3996},
{"Node_id":5056,"weight":1.4881},
{"Node_id":5057,"weight":2.7287},
{"Node_id":5058,"weight":3.0905},
{"Node_id":5059,"weight":2.0887},
{"Node_id":5060,"weight":1.4513},
{"Node_id":5065,"weight":4.3534},
{"Node_id":5066,"weight":1.4416},
{"Node_id":5076,"weight":1.9423},
{"Node_id":5077,"weight":2.0745},
{"Node_id":5078,"weight":2.5852},
{"Node_id":5080,"weight":2.7046},
{"Node_id":5081,"weight":1.7703},
{"Node_id":5082,"weight":1.4875},
{"Node_id":5083,"weight":1.6288},
{"Node_id":5091,"weight":1.7639},
{"Node_id":5093,"weight":2.3408},
{"Node_id":5096,"weight":3.4624},
{"Node_id":5097,"weight":1.4147},
{"Node_id":5098,"weight":1.552},
{"Node_id":5099,"weight":3.0139},
{"Node_id":5100,"weight":4.1064},
{"Node_id":5101,"weight":3.6595},
{"Node_id":5102,"weight":1.7276},
{"Node_id":5103,"weight":3.3347},
{"Node_id":5133,"weight":2.4533},
{"Node_id":5134,"weight":2.4221},
{"Node_id":5135,"weight":2.9011},
{"Node_id":5136,"weight":2.274},
{"Node_id":5137,"weight":2.8691},
{"Node_id":5138,"weight":1.397},
{"Node_id":5139,"weight":1.8992},
{"Node_id":5140,"weight":1.5157},
{"Node_id":5141,"weight":2.8496},
{"Node_id":5142,"weight":1.8295},
{"Node_id":5143,"weight":1.6273},
{"Node_id":5209,"weight":1.699},
{"Node_id":5210,"weight":2.1176},
{"Node_id":5214,"weight":2.126},
{"Node_id":5215,"weight":1.6567},
{"Node_id":5217,"weight":2.7462},
{"Node_id":5218,"weight":2.1796},
{"Node_id":5219,"weight":2.1218},
{"Node_id":5220,"weight":1.532},
{"Node_id":5221,"weight":2.8496},
{"Node_id":5222,"weight":3.8038},
{"Node_id":5223,"weight":1.9241},
{"Node_id":5224,"weight":3.5004},
{"Node_id":5225,"weight":2.3635},
{"Node_id":5226,"weight":1.4513},
{"Node_id":5227,"weight":1.5218},
{"Node_id":5228,"weight":1.6951},
{"Node_id":5229,"weight":1.9089},
{"Node_id":5233,"weight":3.0857},
{"Node_id":5234,"weight":2.5852},
{"Node_id":5235,"weight":4.7242},
{"Node_id":5236,"weight":1.956},
{"Node_id":5237,"weight":2.8535},
{"Node_id":5238,"weight":2.1972},
{"Node_id":5239,"weight":2.3609},
{"Node_id":5240,"weight":3.1347},
{"Node_id":5241,"weight":1.9981},
{"Node_id":5242,"weight":4.9264},
{"Node_id":5243,"weight":2.2979},
{"Node_id":5244,"weight":3.5217},
{"Node_id":5245,"weight":2.4909},
{"Node_id":5246,"weight":1.5191},
{"Node_id":5247,"weight":2.1302},
{"Node_id":5248,"weight":1.6967},
{"Node_id":5249,"weight":2.61},
{"Node_id":5250,"weight":2.1493},
{"Node_id":5251,"weight":2.2895},
{"Node_id":5252,"weight":3.1075},
{"Node_id":5253,"weight":1.5444},
{"Node_id":5254,"weight":1.5177},
{"Node_id":5255,"weight":1.4683},
{"Node_id":5256,"weight":2.001},
{"Node_id":5257,"weight":1.4888},
{"Node_id":5258,"weight":1.587},
{"Node_id":5259,"weight":2.5714},
{"Node_id":5260,"weight":1.5527},
{"Node_id":5261,"weight":2.7894},
{"Node_id":5262,"weight":1.4147},
{"Node_id":5263,"weight":1.6739},
{"Node_id":5264,"weight":1.7906},
{"Node_id":5265,"weight":6.264},
{"Node_id":5266,"weight":2.4075},
{"Node_id":5269,"weight":1.5136},
{"Node_id":5270,"weight":3.7806},
{"Node_id":5271,"weight":6.2126},
{"Node_id":5272,"weight":3.0072},
{"Node_id":5273,"weight":3.8275},
{"Node_id":5274,"weight":3.5362},
{"Node_id":5275,"weight":1.9287},
{"Node_id":5276,"weight":2.5836},
{"Node_id":5277,"weight":2.0202},
{"Node_id":5278,"weight":1.9305},
{"Node_id":5279,"weight":1.4749},
{"Node_id":5280,"weight":2.2967},
{"Node_id":5281,"weight":2.9195},
{"Node_id":5373,"weight":2.3271},
{"Node_id":5374,"weight":1.7535},
{"Node_id":5376,"weight":1.9395},
{"Node_id":5377,"weight":1.4134},
{"Node_id":5390,"weight":1.8678},
{"Node_id":5391,"weight":2.2084},
{"Node_id":5392,"weight":1.8095},
{"Node_id":5393,"weight":2.9215},
{"Node_id":5394,"weight":2.7218},
{"Node_id":5395,"weight":1.8404},
{"Node_id":5396,"weight":1.3944},
{"Node_id":5397,"weight":2.2587},
{"Node_id":5398,"weight":1.7074},
{"Node_id":5399,"weight":3.776},
{"Node_id":5400,"weight":4.6363},
{"Node_id":5401,"weight":3.9936},
{"Node_id":5402,"weight":2.231},
{"Node_id":5403,"weight":1.7028},
{"Node_id":5404,"weight":1.9386},
{"Node_id":5405,"weight":1.7144},
{"Node_id":5406,"weight":1.6442},
{"Node_id":5411,"weight":1.4191},
{"Node_id":5412,"weight":1.6229},
{"Node_id":5413,"weight":1.7417},
{"Node_id":5414,"weight":3.6636},
{"Node_id":5415,"weight":1.6853},
{"Node_id":5416,"weight":2.2402},
{"Node_id":5417,"weight":5.4217},
{"Node_id":5418,"weight":1.4217},
{"Node_id":5419,"weight":2.0928},
{"Node_id":5439,"weight":2.3234},
{"Node_id":5458,"weight":5.3555},
{"Node_id":5459,"weight":2.441},
{"Node_id":5460,"weight":1.5506},
{"Node_id":5461,"weight":2.9874},
{"Node_id":5472,"weight":1.6442},
{"Node_id":5473,"weight":1.3869},
{"Node_id":5474,"weight":1.7036},
{"Node_id":5475,"weight":1.789},
{"Node_id":5476,"weight":1.5687},
{"Node_id":5477,"weight":2.2253},
{"Node_id":5478,"weight":3.2619},
{"Node_id":5479,"weight":3.0252},
{"Node_id":5482,"weight":1.6777},
{"Node_id":5484,"weight":4.4451},
{"Node_id":5487,"weight":1.9542},
{"Node_id":5495,"weight":1.886},
{"Node_id":5496,"weight":2.0887},
{"Node_id":5499,"weight":3.5398},
{"Node_id":5500,"weight":2.3699},
{"Node_id":5503,"weight":1.6545},
{"Node_id":5504,"weight":1.9905},
{"Node_id":5505,"weight":2.1312},
{"Node_id":5506,"weight":1.9386},
{"Node_id":5518,"weight":1.6013},
{"Node_id":5519,"weight":2.2705},
{"Node_id":5520,"weight":2.3259},
{"Node_id":5521,"weight":1.5015},
{"Node_id":5522,"weight":1.6339},
{"Node_id":5523,"weight":4.4716},
{"Node_id":5524,"weight":2.0897},
{"Node_id":5525,"weight":2.1665},
{"Node_id":5526,"weight":2.5836},
{"Node_id":5527,"weight":1.9578},
{"Node_id":5528,"weight":3.7991},
{"Node_id":5529,"weight":2.3559},
{"Node_id":5530,"weight":2.3996},
{"Node_id":5531,"weight":1.4982},
{"Node_id":5532,"weight":1.6605},
{"Node_id":5533,"weight":1.9802},
{"Node_id":5534,"weight":2.2129},
{"Node_id":5535,"weight":2.9215},
{"Node_id":5536,"weight":2.5944},
{"Node_id":5540,"weight":2.1072},
{"Node_id":5541,"weight":2.8477},
{"Node_id":5542,"weight":1.4526},
{"Node_id":5543,"weight":1.7711},
{"Node_id":5544,"weight":1.8021},
{"Node_id":5608,"weight":2.9133},
{"Node_id":5609,"weight":1.5076},
{"Node_id":5610,"weight":2.3622},
{"Node_id":5611,"weight":2.9423},
{"Node_id":5612,"weight":2.9874},
{"Node_id":5613,"weight":2.0826},
{"Node_id":5614,"weight":1.726},
{"Node_id":5615,"weight":1.7433},
{"Node_id":5616,"weight":2.223},
{"Node_id":5617,"weight":2.7081},
{"Node_id":5618,"weight":2.936},
{"Node_id":5620,"weight":2.7132},
{"Node_id":5622,"weight":1.9905},
{"Node_id":5623,"weight":1.9018},
{"Node_id":5624,"weight":4.1711},
{"Node_id":5625,"weight":1.4683},
{"Node_id":5626,"weight":2.0695},
{"Node_id":5627,"weight":1.3907},
{"Node_id":5628,"weight":4.7015},
{"Node_id":5630,"weight":1.5863},
{"Node_id":5633,"weight":2.5297},
{"Node_id":5648,"weight":3.8085},
{"Node_id":5649,"weight":1.3894},
{"Node_id":5650,"weight":4.6053},
{"Node_id":5651,"weight":4.4896},
{"Node_id":5652,"weight":3.4591},
{"Node_id":5653,"weight":2.2859},
{"Node_id":5654,"weight":1.5076},
{"Node_id":5655,"weight":1.6085},
{"Node_id":5656,"weight":1.4134},
{"Node_id":5657,"weight":2.0555},
{"Node_id":5659,"weight":1.7252},
{"Node_id":5661,"weight":1.9615},
{"Node_id":5662,"weight":2.1397},
{"Node_id":5663,"weight":2.885},
{"Node_id":5664,"weight":2.3673},
{"Node_id":5665,"weight":1.9359},
{"Node_id":5668,"weight":1.812},
{"Node_id":5669,"weight":2.3471},
{"Node_id":5670,"weight":2.1525},
{"Node_id":5671,"weight":2.2979},
{"Node_id":5672,"weight":4.9264},
{"Node_id":5673,"weight":3.4591},
{"Node_id":5674,"weight":3.4865},
{"Node_id":5675,"weight":2.2716},
{"Node_id":5676,"weight":1.5878},
{"Node_id":5677,"weight":4.9126},
{"Node_id":5678,"weight":1.3951},
{"Node_id":5679,"weight":2.2599},
{"Node_id":5680,"weight":2.1983},
{"Node_id":5681,"weight":1.6694},
{"Node_id":5682,"weight":2.0836},
{"Node_id":5683,"weight":1.8532},
{"Node_id":5684,"weight":2.5564},
{"Node_id":5685,"weight":2.4089},
{"Node_id":5686,"weight":2.1514},
{"Node_id":5687,"weight":2.4262},
{"Node_id":5690,"weight":2.4089},
{"Node_id":5691,"weight":3.1247},
{"Node_id":5694,"weight":1.7639},
{"Node_id":5695,"weight":2.6962},
{"Node_id":5706,"weight":1.5471},
{"Node_id":5707,"weight":1.6898},
{"Node_id":5708,"weight":1.3951},
{"Node_id":5709,"weight":1.6449},
{"Node_id":5710,"weight":2.0705},
{"Node_id":5711,"weight":1.8575},
{"Node_id":5712,"weight":3.2178},
{"Node_id":5713,"weight":2.6337},
{"Node_id":5714,"weight":2.5489},
{"Node_id":5715,"weight":2.0635},
{"Node_id":5716,"weight":2.6194},
{"Node_id":5717,"weight":1.656},
{"Node_id":5718,"weight":2.1939},
{"Node_id":5719,"weight":1.5694},
{"Node_id":5720,"weight":1.7631},
{"Node_id":5721,"weight":1.4255},
{"Node_id":5722,"weight":3.9441},
{"Node_id":5723,"weight":1.4268},
{"Node_id":5724,"weight":1.4403},
{"Node_id":5725,"weight":2.7081},
{"Node_id":5726,"weight":1.6383},
{"Node_id":5727,"weight":1.4808},
{"Node_id":5728,"weight":1.7496},
{"Node_id":5729,"weight":4.9989},
{"Node_id":5730,"weight":1.6672},
{"Node_id":5731,"weight":2.7115},
{"Node_id":5732,"weight":1.4875},
{"Node_id":5733,"weight":1.6412},
{"Node_id":5734,"weight":2.0655},
{"Node_id":5735,"weight":1.6694},
{"Node_id":5736,"weight":1.5771},
{"Node_id":5737,"weight":1.86},
{"Node_id":5738,"weight":5.7732},
{"Node_id":5739,"weight":4.2402},
{"Node_id":5740,"weight":2.5594},
{"Node_id":5741,"weight":6.1171},
{"Node_id":5777,"weight":2.2196},
{"Node_id":5778,"weight":2.6178},
{"Node_id":5779,"weight":4.5951},
{"Node_id":5780,"weight":3.7898},
{"Node_id":5781,"weight":2.9678},
{"Node_id":5818,"weight":1.7315},
{"Node_id":5819,"weight":1.8103},
{"Node_id":5820,"weight":2.6695},
{"Node_id":5821,"weight":1.5673},
{"Node_id":5822,"weight":3.5732},
{"Node_id":5823,"weight":2.0338},
{"Node_id":5824,"weight":2.8652},
{"Node_id":5825,"weight":2.3395},
{"Node_id":5826,"weight":2.4574},
{"Node_id":5827,"weight":3.1099},
{"Node_id":5828,"weight":2.5944},
{"Node_id":5829,"weight":2.1557},
{"Node_id":5830,"weight":3.449},
{"Node_id":5831,"weight":3.7991},
{"Node_id":5832,"weight":1.8712},
{"Node_id":5833,"weight":5.3992},
{"Node_id":5834,"weight":1.8913},
{"Node_id":5838,"weight":1.9359},
{"Node_id":5839,"weight":1.4306},
{"Node_id":5840,"weight":3.3438},
{"Node_id":5841,"weight":3.1807},
{"Node_id":5842,"weight":1.467},
{"Node_id":5843,"weight":3.0095},
{"Node_id":5844,"weight":3.226},
{"Node_id":5845,"weight":2.6084},
{"Node_id":5846,"weight":2.5224},
{"Node_id":5847,"weight":2.0645},
{"Node_id":5848,"weight":1.5513},
{"Node_id":5849,"weight":2.5745},
{"Node_id":5850,"weight":1.4756},
{"Node_id":5879,"weight":2.4451},
{"Node_id":5880,"weight":2.239},
{"Node_id":5881,"weight":2.879},
{"Node_id":5882,"weight":1.879},
{"Node_id":5883,"weight":3.8469},
{"Node_id":5884,"weight":1.9662},
{"Node_id":5885,"weight":1.5849},
{"Node_id":5886,"weight":1.8387},
{"Node_id":5887,"weight":1.4326},
{"Node_id":5888,"weight":2.401},
{"Node_id":5899,"weight":1.5062},
{"Node_id":5900,"weight":2.3609},
{"Node_id":5901,"weight":1.7752},
{"Node_id":5902,"weight":2.0115},
{"Node_id":5903,"weight":1.8087},
{"Node_id":5904,"weight":1.4396},
{"Node_id":5905,"weight":2.1862},
{"Node_id":5906,"weight":2.0846},
{"Node_id":5907,"weight":3.1148},
{"Node_id":5908,"weight":1.5252},
{"Node_id":5909,"weight":4.2546},
{"Node_id":5910,"weight":4.0514},
{"Node_id":5911,"weight":2.6482},
{"Node_id":5912,"weight":1.983},
{"Node_id":5913,"weight":1.712},
{"Node_id":5914,"weight":6.6441},
{"Node_id":5915,"weight":2.7166},
{"Node_id":5993,"weight":3.7898},
{"Node_id":5994,"weight":1.9736},
{"Node_id":5997,"weight":1.4941},
{"Node_id":5998,"weight":3.504},
{"Node_id":5999,"weight":1.5715},
{"Node_id":6000,"weight":3.3652},
{"Node_id":6001,"weight":2.6645},
{"Node_id":6002,"weight":4.0634},
{"Node_id":6003,"weight":3.2178},
{"Node_id":6004,"weight":2.3003},
{"Node_id":6005,"weight":2.6695},
{"Node_id":6006,"weight":4.3614},
{"Node_id":6007,"weight":6.1171},
{"Node_id":6008,"weight":2.3699},
{"Node_id":6009,"weight":3.7806},
{"Node_id":6010,"weight":2.2219},
{"Node_id":6011,"weight":3.6352},
{"Node_id":6012,"weight":1.6171},
{"Node_id":6013,"weight":3.9713},
{"Node_id":6014,"weight":1.983},
{"Node_id":6015,"weight":2.4866},
{"Node_id":6016,"weight":1.5603},
{"Node_id":6017,"weight":5.6232},
{"Node_id":6018,"weight":3.5075},
{"Node_id":6022,"weight":1.4435},
{"Node_id":6023,"weight":1.9708},
{"Node_id":6024,"weight":1.7385},
{"Node_id":6025,"weight":2.1546},
{"Node_id":6032,"weight":2.0545},
{"Node_id":6033,"weight":3.3591},
{"Node_id":6034,"weight":2.0318},
{"Node_id":6035,"weight":3.7624},
{"Node_id":6036,"weight":2.0918},
{"Node_id":6037,"weight":3.4624},
{"Node_id":6038,"weight":2.6353},
{"Node_id":6039,"weight":2.0755},
{"Node_id":6040,"weight":2.6353},
{"Node_id":6041,"weight":1.4795},
{"Node_id":6042,"weight":1.7599},
{"Node_id":6043,"weight":1.4306},
{"Node_id":6044,"weight":1.78},
{"Node_id":6045,"weight":2.0221},
{"Node_id":6046,"weight":1.4332},
{"Node_id":6047,"weight":2.8248},
{"Node_id":6048,"weight":3.2452},
{"Node_id":6051,"weight":4.0049},
{"Node_id":6052,"weight":2.0595},
{"Node_id":6053,"weight":3.1912},
{"Node_id":6057,"weight":1.5743},
{"Node_id":6058,"weight":3.9713},
{"Node_id":6059,"weight":1.6929},
{"Node_id":6089,"weight":1.5828},
{"Node_id":6090,"weight":2.0309},
{"Node_id":6091,"weight":1.4663},
{"Node_id":6092,"weight":1.7082},
{"Node_id":6093,"weight":1.4928},
{"Node_id":6097,"weight":1.5231},
{"Node_id":6098,"weight":2.8116},
{"Node_id":6099,"weight":1.5062},
{"Node_id":6100,"weight":2.7166},
{"Node_id":6101,"weight":2.3458},
{"Node_id":6102,"weight":2.5181},
{"Node_id":6103,"weight":2.7857},
{"Node_id":6104,"weight":1.6739},
{"Node_id":6105,"weight":2.2646},
{"Node_id":6106,"weight":4.9548},
{"Node_id":6107,"weight":3.4456},
{"Node_id":6108,"weight":1.7028},
{"Node_id":6109,"weight":2.0348},
{"Node_id":6110,"weight":2.5066},
{"Node_id":6111,"weight":1.68},
{"Node_id":6112,"weight":1.9802},
{"Node_id":6113,"weight":4.2331},
{"Node_id":6114,"weight":2.2106},
{"Node_id":6115,"weight":2.3699},
{"Node_id":6116,"weight":4.2619},
{"Node_id":6117,"weight":2.2017},
{"Node_id":6118,"weight":2.441},
{"Node_id":6119,"weight":1.602},
{"Node_id":6120,"weight":2.1939},
{"Node_id":6123,"weight":2.4342},
{"Node_id":6124,"weight":1.9161},
{"Node_id":6127,"weight":2.0625},
{"Node_id":6128,"weight":2.4712},
{"Node_id":6129,"weight":2.4698},
{"Node_id":6130,"weight":2.645},
{"Node_id":6131,"weight":2.0348},
{"Node_id":6132,"weight":2.3173},
{"Node_id":6133,"weight":3.6595},
{"Node_id":6134,"weight":1.5143},
{"Node_id":6135,"weight":1.6739},
{"Node_id":6136,"weight":2.0735},
{"Node_id":6137,"weight":1.5506},
{"Node_id":6138,"weight":3.0343},
{"Node_id":6139,"weight":2.5474},
{"Node_id":6140,"weight":1.5701},
{"Node_id":6141,"weight":2.0358},
{"Node_id":6142,"weight":3.9441},
{"Node_id":6143,"weight":2.5385},
{"Node_id":6144,"weight":1.866},
{"Node_id":6145,"weight":1.8506},
{"Node_id":6146,"weight":2.877},
{"Node_id":6147,"weight":1.5204},
{"Node_id":6226,"weight":1.7776},
{"Node_id":6227,"weight":2.8613},
{"Node_id":6228,"weight":1.5934},
{"Node_id":6253,"weight":2.6563},
{"Node_id":6254,"weight":1.8261},
{"Node_id":6255,"weight":3.5435},
{"Node_id":6256,"weight":1.5464},
{"Node_id":6257,"weight":1.6006},
{"Node_id":6333,"weight":1.8286},
{"Node_id":6334,"weight":2.1407},
{"Node_id":6335,"weight":2.4115},
{"Node_id":6336,"weight":2.5297},
{"Node_id":6337,"weight":1.7639},
{"Node_id":6369,"weight":1.3982},
{"Node_id":6370,"weight":2.5699},
{"Node_id":6371,"weight":1.7005},
{"Node_id":6428,"weight":3.005},
{"Node_id":6429,"weight":1.5035},
{"Node_id":6474,"weight":6.3182},
{"Node_id":6475,"weight":1.7512},
{"Node_id":6476,"weight":5.5957},
{"Node_id":6477,"weight":1.4749},
{"Node_id":6478,"weight":4.1846},
{"Node_id":6479,"weight":2.9571},
{"Node_id":6480,"weight":1.4507},
{"Node_id":6481,"weight":4.4988},
{"Node_id":6482,"weight":2.0715},
{"Node_id":6483,"weight":1.7528},
{"Node_id":6484,"weight":1.6747},
{"Node_id":6485,"weight":1.6295},
{"Node_id":6486,"weight":3.3871},
{"Node_id":6487,"weight":1.9551},
{"Node_id":6488,"weight":2.6006},
{"Node_id":6491,"weight":1.6936},
{"Node_id":6492,"weight":2.1103},
{"Node_id":6493,"weight":2.1376},
{"Node_id":6494,"weight":1.6405},
{"Node_id":6495,"weight":2.4671},
{"Node_id":6496,"weight":1.5423},
{"Node_id":6497,"weight":1.4624},
{"Node_id":6498,"weight":6.3182},
{"Node_id":6499,"weight":1.8695},
{"Node_id":6500,"weight":2.0289},
{"Node_id":6502,"weight":4.1318},
{"Node_id":6524,"weight":2.2529},
{"Node_id":6527,"weight":1.6361},
{"Node_id":6529,"weight":5.7105},
{"Node_id":6549,"weight":3.6352},
{"Node_id":6550,"weight":3.356},
{"Node_id":6551,"weight":2.61},
{"Node_id":6552,"weight":1.8992},
{"Node_id":6554,"weight":3.9124},
{"Node_id":6557,"weight":1.5109},
{"Node_id":6560,"weight":2.1535},
{"Node_id":6561,"weight":3.2818},
{"Node_id":6562,"weight":3.9713},
{"Node_id":6563,"weight":1.7623},
{"Node_id":6564,"weight":4.3297},
{"Node_id":6565,"weight":2.0585},
{"Node_id":6566,"weight":2.5474},
{"Node_id":6567,"weight":2.184},
{"Node_id":6568,"weight":2.1643},
{"Node_id":6569,"weight":3.6115},
{"Node_id":6570,"weight":1.854},
{"Node_id":6571,"weight":2.7515},
{"Node_id":6572,"weight":1.8738},
{"Node_id":6573,"weight":2.0846},
{"Node_id":6576,"weight":2.1983},
{"Node_id":6577,"weight":1.5666},
{"Node_id":6578,"weight":3.9658},
{"Node_id":6579,"weight":1.886},
{"Node_id":6580,"weight":1.7955},
{"Node_id":6581,"weight":2.3173},
{"Node_id":6582,"weight":1.9441},
{"Node_id":6583,"weight":1.5279},
{"Node_id":6584,"weight":2.2017},
{"Node_id":6585,"weight":1.5204},
{"Node_id":6586,"weight":2.6596},
{"Node_id":6587,"weight":2.9939},
{"Node_id":6588,"weight":1.5764},
{"Node_id":6589,"weight":1.5123},
{"Node_id":6590,"weight":2.5729},
{"Node_id":6591,"weight":2.1578},
{"Node_id":6592,"weight":2.1407},
{"Node_id":6593,"weight":1.6353},
{"Node_id":6594,"weight":2.3892},
{"Node_id":6595,"weight":2.3039},
{"Node_id":6596,"weight":2.7046},
{"Node_id":6597,"weight":1.6164},
{"Node_id":6598,"weight":1.8295},
{"Node_id":6599,"weight":3.6273},
{"Node_id":6600,"weight":2.9195},
{"Node_id":6605,"weight":1.8566},
{"Node_id":6606,"weight":2.2483},
{"Node_id":6607,"weight":2.2174},
{"Node_id":6608,"weight":2.3533},
{"Node_id":6609,"weight":3.0028},
{"Node_id":6610,"weight":1.5471},
{"Node_id":6611,"weight":3.2017},
{"Node_id":6612,"weight":2.366},
{"Node_id":6613,"weight":2.9195},
{"Node_id":6614,"weight":2.6466},
{"Node_id":6615,"weight":3.416},
{"Node_id":6616,"weight":1.4236},
{"Node_id":6617,"weight":4.0455},
{"Node_id":6618,"weight":2.1687},
{"Node_id":6619,"weight":1.8635},
{"Node_id":6620,"weight":2.7201},
{"Node_id":6621,"weight":1.4968},
{"Node_id":6622,"weight":1.5631},
{"Node_id":6623,"weight":2.6482},
{"Node_id":6624,"weight":2.2811},
{"Node_id":6625,"weight":3.5884},
{"Node_id":6626,"weight":1.9746},
{"Node_id":6627,"weight":3.449},
{"Node_id":6628,"weight":1.9332},
{"Node_id":6629,"weight":2.223},
{"Node_id":6630,"weight":2.7931},
{"Node_id":6637,"weight":1.4928},
{"Node_id":6640,"weight":2.1051},
{"Node_id":6641,"weight":3.1124},
{"Node_id":6642,"weight":3.1002},
{"Node_id":6643,"weight":2.2028},
{"Node_id":6644,"weight":3.9124},
{"Node_id":6645,"weight":3.8372},
{"Node_id":6646,"weight":2.7694},
{"Node_id":6647,"weight":4.0574},
{"Node_id":6648,"weight":7.418},
{"Node_id":6651,"weight":2.4288},
{"Node_id":6652,"weight":4.0514},
{"Node_id":6653,"weight":1.5293},
{"Node_id":6654,"weight":1.5396},
{"Node_id":6658,"weight":2.4329},
{"Node_id":6674,"weight":2.4155},
{"Node_id":6677,"weight":8.1114},
{"Node_id":6678,"weight":1.6434},
{"Node_id":6681,"weight":2.0067},
{"Node_id":6682,"weight":2.0019},
{"Node_id":6683,"weight":3.6432},
{"Node_id":6684,"weight":2.1884},
{"Node_id":6685,"weight":2.2174},
{"Node_id":6686,"weight":2.0836},
{"Node_id":6687,"weight":2.0289},
{"Node_id":6688,"weight":2.6777},
{"Node_id":6689,"weight":2.9465},
{"Node_id":6690,"weight":1.5927},
{"Node_id":6711,"weight":1.7013},
{"Node_id":6712,"weight":2.4356},
{"Node_id":6713,"weight":1.6747},
{"Node_id":6714,"weight":1.4736},
{"Node_id":6715,"weight":2.1145},
{"Node_id":6716,"weight":1.5029},
{"Node_id":6717,"weight":1.5409},
{"Node_id":6718,"weight":1.8669},
{"Node_id":6719,"weight":3.8227},
{"Node_id":6720,"weight":1.7409},
{"Node_id":6721,"weight":2.6037},
{"Node_id":6722,"weight":2.7912},
{"Node_id":6723,"weight":1.9468},
{"Node_id":6724,"weight":4.9989},
{"Node_id":6725,"weight":1.4855},
{"Node_id":6726,"weight":1.843},
{"Node_id":6727,"weight":1.8773},
{"Node_id":6728,"weight":2.8633},
{"Node_id":6729,"weight":6.3182},
{"Node_id":6730,"weight":2.2196},
{"Node_id":6731,"weight":3.1002},
{"Node_id":6732,"weight":1.5306},
{"Node_id":6733,"weight":3.3591},
{"Node_id":6734,"weight":1.5347},
{"Node_id":6735,"weight":1.4468},
{"Node_id":6736,"weight":1.6649},
{"Node_id":6737,"weight":1.7599},
{"Node_id":6738,"weight":2.2425},
{"Node_id":6739,"weight":2.0615},
{"Node_id":6740,"weight":1.3875},
{"Node_id":6741,"weight":2.321},
{"Node_id":6742,"weight":4.4538},
{"Node_id":6743,"weight":1.4789},
{"Node_id":6744,"weight":1.4572},
{"Node_id":6745,"weight":2.6678},
{"Node_id":6746,"weight":6.5008},
{"Node_id":6747,"weight":5.4685},
{"Node_id":6748,"weight":1.7575},
{"Node_id":6749,"weight":1.9662},
{"Node_id":6750,"weight":1.532},
{"Node_id":6751,"weight":1.5002},
{"Node_id":6752,"weight":1.4578},
{"Node_id":6753,"weight":4.3858},
{"Node_id":6756,"weight":3.2876},
{"Node_id":6757,"weight":3.6885},
{"Node_id":6758,"weight":2.0058},
{"Node_id":6759,"weight":2.0397},
{"Node_id":6760,"weight":1.6523},
{"Node_id":6761,"weight":6.4362},
{"Node_id":6762,"weight":1.86},
{"Node_id":6763,"weight":1.6959},
{"Node_id":6764,"weight":2.1643},
{"Node_id":6765,"weight":1.5736},
{"Node_id":6883,"weight":1.6822},
{"Node_id":6884,"weight":1.9395},
{"Node_id":6885,"weight":1.5245},
{"Node_id":6886,"weight":3.6554},
{"Node_id":6887,"weight":3.3714},
{"Node_id":6890,"weight":1.4585},
{"Node_id":6891,"weight":2.0705},
{"Node_id":6945,"weight":1.6982},
{"Node_id":6946,"weight":2.1093},
{"Node_id":6947,"weight":2.2669},
{"Node_id":6948,"weight":2.521},
{"Node_id":6949,"weight":1.9839},
{"Node_id":6950,"weight":2.4248},
{"Node_id":6951,"weight":1.752},
{"Node_id":6952,"weight":2.576},
{"Node_id":7008,"weight":2.4383},
{"Node_id":7009,"weight":1.9934},
{"Node_id":7010,"weight":1.8913},
{"Node_id":7011,"weight":4.4108},
{"Node_id":7012,"weight":1.9597},
{"Node_id":7013,"weight":1.659},
{"Node_id":7020,"weight":1.9223},
{"Node_id":7021,"weight":2.0173},
{"Node_id":7022,"weight":3.9604},
{"Node_id":7131,"weight":2.579},
{"Node_id":7132,"weight":2.205},
{"Node_id":7133,"weight":3.504},
{"Node_id":7134,"weight":1.4624},
{"Node_id":7141,"weight":5.8753},
{"Node_id":7142,"weight":2.7046},
{"Node_id":7143,"weight":1.4422},
{"Node_id":7144,"weight":3.4899},
{"Node_id":7145,"weight":2.6995},
{"Node_id":7146,"weight":3.0833},
{"Node_id":7147,"weight":1.6501},
{"Node_id":7148,"weight":2.5609},
{"Node_id":7149,"weight":2.4049},
{"Node_id":7150,"weight":2.2276},
{"Node_id":7151,"weight":3.248},
{"Node_id":7152,"weight":2.1376},
{"Node_id":7153,"weight":1.5694},
{"Node_id":7154,"weight":1.901},
{"Node_id":7155,"weight":1.9792},
{"Node_id":7156,"weight":1.9487},
{"Node_id":7157,"weight":3.1026},
{"Node_id":7158,"weight":1.4172},
{"Node_id":7165,"weight":3.1807},
{"Node_id":7166,"weight":3.0762},
{"Node_id":7167,"weight":4.1383},
{"Node_id":7168,"weight":1.683},
{"Node_id":7169,"weight":2.4615},
{"Node_id":7170,"weight":1.719},
{"Node_id":7171,"weight":2.214},
{"Node_id":7172,"weight":1.7639},
{"Node_id":7173,"weight":1.4709},
{"Node_id":7174,"weight":2.0725},
{"Node_id":7175,"weight":1.517},
{"Node_id":7176,"weight":1.6747},
{"Node_id":7180,"weight":3.4356},
{"Node_id":7181,"weight":3.3871},
{"Node_id":7182,"weight":2.027},
{"Node_id":7183,"weight":3.714},
{"Node_id":7184,"weight":2.3112},
{"Node_id":7185,"weight":1.6605},
{"Node_id":7186,"weight":1.9886},
{"Node_id":7187,"weight":4.7832},
{"Node_id":7188,"weight":1.9377},
{"Node_id":7189,"weight":1.8128},
{"Node_id":7200,"weight":3.1938},
{"Node_id":7201,"weight":2.5415},
{"Node_id":7202,"weight":1.5548},
{"Node_id":7203,"weight":1.5807},
{"Node_id":7204,"weight":2.2356},
{"Node_id":7205,"weight":2.3136},
{"Node_id":7206,"weight":1.7607},
{"Node_id":7207,"weight":3.4356},
{"Node_id":7208,"weight":2.6728},
{"Node_id":7209,"weight":1.628},
{"Node_id":7210,"weight":1.5225},
{"Node_id":7213,"weight":3.7054},
{"Node_id":7232,"weight":3.4865},
{"Node_id":7233,"weight":4.226},
{"Node_id":7234,"weight":2.7857},
{"Node_id":7270,"weight":1.6875},
{"Node_id":7271,"weight":4.6793},
{"Node_id":7272,"weight":1.6792},
{"Node_id":7273,"weight":2.0775},
{"Node_id":7274,"weight":2.6777},
{"Node_id":7275,"weight":3.2619},
{"Node_id":7276,"weight":1.6288},
{"Node_id":7277,"weight":4.8458},
{"Node_id":7278,"weight":1.822},
{"Node_id":7279,"weight":2.6482},
{"Node_id":7280,"weight":4.9264},
{"Node_id":7281,"weight":1.4115},
{"Node_id":7282,"weight":5.11},
{"Node_id":7283,"weight":3.3777},
{"Node_id":7284,"weight":2.2413},
{"Node_id":7285,"weight":2.5195},
{"Node_id":7286,"weight":3.3347},
{"Node_id":7287,"weight":2.1557},
{"Node_id":7288,"weight":1.4921},
{"Node_id":7289,"weight":3.1447},
{"Node_id":7290,"weight":1.6657},
{"Node_id":7291,"weight":3.9604},
{"Node_id":7292,"weight":2.5254},
{"Node_id":7293,"weight":5.2159},
{"Node_id":7294,"weight":2.1546},
{"Node_id":7295,"weight":2.3124},
{"Node_id":7296,"weight":1.5143},
{"Node_id":7297,"weight":3.6718},
{"Node_id":7298,"weight":2.576},
{"Node_id":7299,"weight":2.3879},
{"Node_id":7300,"weight":3.3903},
{"Node_id":7301,"weight":5.1975},
{"Node_id":7302,"weight":2.9402},
{"Node_id":7303,"weight":2.2752},
{"Node_id":7304,"weight":2.342},
{"Node_id":7305,"weight":3.3529},
{"Node_id":7306,"weight":1.5423},
{"Node_id":7307,"weight":2.9593},
{"Node_id":7308,"weight":1.6754},
{"Node_id":7309,"weight":3.3621},
{"Node_id":7310,"weight":1.8396},
{"Node_id":7311,"weight":2.2634},
{"Node_id":7365,"weight":2.2775},
{"Node_id":7366,"weight":2.2859},
{"Node_id":7367,"weight":2.4574},
{"Node_id":7368,"weight":3.0006},
{"Node_id":7369,"weight":2.3149},
{"Node_id":7370,"weight":2.5181},
{"Node_id":7371,"weight":1.5327},
{"Node_id":7372,"weight":1.5143},
{"Node_id":7373,"weight":2.5729},
{"Node_id":7484,"weight":2.9962},
{"Node_id":7493,"weight":1.4306},
{"Node_id":7495,"weight":2.173},
{"Node_id":7496,"weight":2.9786},
{"Node_id":7497,"weight":2.7322},
{"Node_id":7498,"weight":1.4185},
{"Node_id":7499,"weight":3.1124},
{"Node_id":7502,"weight":2.1386},
{"Node_id":7503,"weight":2.1665},
{"Node_id":7713,"weight":3.105},
{"Node_id":7714,"weight":2.3699},
{"Node_id":7715,"weight":3.3317},
{"Node_id":7716,"weight":1.5109},
{"Node_id":7719,"weight":3.4258},
{"Node_id":7720,"weight":1.6777},
{"Node_id":7721,"weight":1.5029},
{"Node_id":7722,"weight":2.6979},
{"Node_id":7723,"weight":3.3347},
{"Node_id":7724,"weight":2.1482},
{"Node_id":7725,"weight":2.397},
{"Node_id":7726,"weight":2.9765},
{"Node_id":7727,"weight":1.9588},
{"Node_id":7771,"weight":2.3763},
{"Node_id":7772,"weight":1.4229},
{"Node_id":7773,"weight":3.3347},
{"Node_id":7774,"weight":2.5867},
{"Node_id":7775,"weight":1.9404},
{"Node_id":7776,"weight":1.8904},
{"Node_id":7777,"weight":2.4089},
{"Node_id":7778,"weight":2.2494},
{"Node_id":7779,"weight":2.0318},
{"Node_id":7780,"weight":3.8132},
{"Node_id":7781,"weight":2.5579},
{"Node_id":7782,"weight":1.9107},
{"Node_id":7783,"weight":1.4396},
{"Node_id":7784,"weight":2.1632},
{"Node_id":7785,"weight":2.481},
{"Node_id":7786,"weight":3.0667},
{"Node_id":7787,"weight":2.3711},
{"Node_id":7788,"weight":2.1654},
{"Node_id":7789,"weight":1.7213},
{"Node_id":7790,"weight":2.274},
{"Node_id":7791,"weight":1.8387},
{"Node_id":7792,"weight":2.2657},
{"Node_id":7793,"weight":2.3259},
{"Node_id":7794,"weight":2.9215},
{"Node_id":7795,"weight":1.4975},
{"Node_id":7832,"weight":1.532},
{"Node_id":7833,"weight":3.5845},
{"Node_id":7834,"weight":1.9551},
{"Node_id":7835,"weight":2.1752},
{"Node_id":7836,"weight":1.8816},
{"Node_id":7837,"weight":2.7374},
{"Node_id":7838,"weight":1.4026},
{"Node_id":7839,"weight":2.9571},
{"Node_id":7840,"weight":5.4217},
{"Node_id":7841,"weight":1.3888},
{"Node_id":7842,"weight":4.5951},
{"Node_id":7843,"weight":1.9551},
{"Node_id":7844,"weight":3.8918},
{"Node_id":7845,"weight":1.4611},
{"Node_id":7846,"weight":1.7151},
{"Node_id":7847,"weight":1.4166},
{"Node_id":7848,"weight":3.9992},
{"Node_id":7855,"weight":2.5519},
{"Node_id":7859,"weight":4.226},
{"Node_id":7860,"weight":1.5527},
{"Node_id":7861,"weight":2.0555},
{"Node_id":7898,"weight":3.416},
{"Node_id":7899,"weight":2.8516},
{"Node_id":7900,"weight":2.0856},
{"Node_id":7901,"weight":2.0745},
{"Node_id":7902,"weight":2.0959},
{"Node_id":7903,"weight":2.1482},
{"Node_id":7904,"weight":1.568},
{"Node_id":7905,"weight":3.0435},
{"Node_id":7906,"weight":1.5701},
{"Node_id":7907,"weight":2.0755},
{"Node_id":7908,"weight":1.5589},
{"Node_id":7909,"weight":1.4261},
{"Node_id":7910,"weight":2.9444},
{"Node_id":7911,"weight":2.474},
{"Node_id":7912,"weight":2.4615},
{"Node_id":7913,"weight":1.615},
{"Node_id":7915,"weight":3.4795},
{"Node_id":7916,"weight":3.0905},
{"Node_id":7919,"weight":2.5564},
{"Node_id":7920,"weight":1.3982},
{"Node_id":7921,"weight":2.1249},
{"Node_id":7922,"weight":2.61},
{"Node_id":7923,"weight":4.9126},
{"Node_id":7924,"weight":2.599},
{"Node_id":7925,"weight":1.532},
{"Node_id":7926,"weight":1.7268},
{"Node_id":7927,"weight":1.465},
{"Node_id":7928,"weight":2.5239},
{"Node_id":7929,"weight":1.9179},
{"Node_id":7945,"weight":3.1885},
{"Node_id":7946,"weight":2.7115},
{"Node_id":7947,"weight":2.9529},
{"Node_id":7948,"weight":3.6115},
{"Node_id":7949,"weight":4.0221},
{"Node_id":7950,"weight":2.7166},
{"Node_id":7951,"weight":1.421},
{"Node_id":7952,"weight":2.8023},
{"Node_id":7953,"weight":2.0407},
{"Node_id":7954,"weight":3.0905},
{"Node_id":7955,"weight":3.3999},
{"Node_id":7956,"weight":2.2775},
{"Node_id":7957,"weight":2.4657},
{"Node_id":7961,"weight":1.8878},
{"Node_id":7962,"weight":2.8613},
{"Node_id":7963,"weight":2.0397},
{"Node_id":7964,"weight":2.145},
{"Node_id":8000,"weight":1.6997},
{"Node_id":8001,"weight":1.8965},
{"Node_id":8002,"weight":3.1807},
{"Node_id":8030,"weight":2.6257},
{"Node_id":8031,"weight":3.9441},
{"Node_id":8032,"weight":1.3988},
{"Node_id":8033,"weight":2.6645},
{"Node_id":8034,"weight":1.6493},
{"Node_id":8035,"weight":4.8203},
{"Node_id":8036,"weight":2.0856},
{"Node_id":8114,"weight":1.8379},
{"Node_id":8115,"weight":4.0279},
{"Node_id":8116,"weight":2.6563},
{"Node_id":8117,"weight":1.4604},
{"Node_id":8118,"weight":1.7583},
{"Node_id":8119,"weight":3.7313},
{"Node_id":8135,"weight":1.6442},
{"Node_id":8136,"weight":2.3983},
{"Node_id":8138,"weight":1.4249},
{"Node_id":8140,"weight":2.3571},
{"Node_id":8141,"weight":2.5283},
{"Node_id":8142,"weight":2.5459},
{"Node_id":8143,"weight":1.656},
{"Node_id":8144,"weight":3.0667},
{"Node_id":8145,"weight":3.1472},
{"Node_id":8160,"weight":1.7583},
{"Node_id":8161,"weight":3.1755},
{"Node_id":8178,"weight":1.7881},
{"Node_id":8179,"weight":4.4538},
{"Node_id":8180,"weight":1.8128},
{"Node_id":8181,"weight":5.4927},
{"Node_id":8182,"weight":1.8278},
{"Node_id":8183,"weight":1.7841},
{"Node_id":8184,"weight":2.3371},
{"Node_id":8185,"weight":1.9953},
{"Node_id":8186,"weight":3.7226},
{"Node_id":8187,"weight":4.4192},
{"Node_id":8188,"weight":1.8825},
{"Node_id":8189,"weight":1.8421},
{"Node_id":8200,"weight":1.469},
{"Node_id":8201,"weight":2.9657},
{"Node_id":8202,"weight":2.6894},
{"Node_id":8203,"weight":2.7339},
{"Node_id":8204,"weight":3.5472},
{"Node_id":8205,"weight":3.2507},
{"Node_id":8206,"weight":2.7115},
{"Node_id":8207,"weight":3.7535},
{"Node_id":8208,"weight":2.4102},
{"Node_id":8209,"weight":1.8337},
{"Node_id":8210,"weight":6.8113},
{"Node_id":8211,"weight":1.6732},
{"Node_id":8226,"weight":2.4181},
{"Node_id":8227,"weight":3.2178},
{"Node_id":8228,"weight":1.4166},
{"Node_id":8229,"weight":2.3483},
{"Node_id":8233,"weight":3.4624},
{"Node_id":8234,"weight":2.0959},
{"Node_id":8235,"weight":1.9606},
{"Node_id":8236,"weight":1.6515},
{"Node_id":8237,"weight":1.5002},
{"Node_id":8238,"weight":1.5534},
{"Node_id":8239,"weight":2.5254},
{"Node_id":8240,"weight":2.6353},
{"Node_id":8241,"weight":2.4262},
{"Node_id":8242,"weight":2.4248},
{"Node_id":8243,"weight":2.5519},
{"Node_id":8356,"weight":2.2943},
{"Node_id":8357,"weight":5.7105},
{"Node_id":8358,"weight":2.5609},
{"Node_id":8359,"weight":2.1983},
{"Node_id":8360,"weight":1.7417},
{"Node_id":8361,"weight":2.1113},
{"Node_id":8395,"weight":5.077},
{"Node_id":8396,"weight":2.2764},
{"Node_id":8397,"weight":6.4362},
{"Node_id":8398,"weight":1.3944},
{"Node_id":8399,"weight":2.0525},
{"Node_id":8400,"weight":3.0481},
{"Node_id":8401,"weight":4.5951},
{"Node_id":8402,"weight":2.9444},
{"Node_id":8403,"weight":1.4242},
{"Node_id":8404,"weight":3.0072},
{"Node_id":8405,"weight":2.7287},
{"Node_id":8406,"weight":1.726},
{"Node_id":8407,"weight":2.4505},
{"Node_id":8408,"weight":2.3408},
{"Node_id":8409,"weight":3.449},
{"Node_id":8410,"weight":5.0141},
{"Node_id":8411,"weight":3.2704},
{"Node_id":8412,"weight":1.7151},
{"Node_id":8413,"weight":2.0565},
{"Node_id":8414,"weight":5.8753},
{"Node_id":8415,"weight":1.4995},
{"Node_id":8416,"weight":2.599},
{"Node_id":8417,"weight":1.793},
{"Node_id":8418,"weight":3.3683},
{"Node_id":8419,"weight":1.9699},
{"Node_id":8420,"weight":2.5975},
{"Node_id":8421,"weight":2.1461},
{"Node_id":8422,"weight":1.4565},
{"Node_id":8423,"weight":2.4464},
{"Node_id":8424,"weight":2.4288},
{"Node_id":8425,"weight":1.4198},
{"Node_id":8426,"weight":1.5548},
{"Node_id":8427,"weight":2.5821},
{"Node_id":8428,"weight":1.5002},
{"Node_id":8429,"weight":3.4934},
{"Node_id":8430,"weight":3.1075},
{"Node_id":8431,"weight":1.9089},
{"Node_id":8432,"weight":2.4881},
{"Node_id":8433,"weight":1.4941},
{"Node_id":8434,"weight":1.8145},
{"Node_id":8435,"weight":1.7776},
{"Node_id":8436,"weight":7.418},
{"Node_id":8437,"weight":2.145},
{"Node_id":8438,"weight":3.3871},
{"Node_id":8439,"weight":2.881},
{"Node_id":8442,"weight":1.6419},
{"Node_id":8444,"weight":3.1912},
{"Node_id":8445,"weight":3.3438},
{"Node_id":8446,"weight":4.3143},
{"Node_id":8447,"weight":1.6368},
{"Node_id":8449,"weight":2.205},
{"Node_id":8450,"weight":1.7825},
{"Node_id":8452,"weight":3.2287},
{"Node_id":8469,"weight":2.1386},
{"Node_id":8470,"weight":1.4915},
{"Node_id":8471,"weight":3.248},
{"Node_id":8472,"weight":2.173},
{"Node_id":8473,"weight":2.7569},
{"Node_id":8474,"weight":1.6085},
{"Node_id":8475,"weight":3.1885},
{"Node_id":8476,"weight":1.6099},
{"Node_id":8477,"weight":4.0514},
{"Node_id":8478,"weight":2.16},
{"Node_id":8479,"weight":2.0765},
{"Node_id":8480,"weight":2.4796},
{"Node_id":8483,"weight":1.7097},
{"Node_id":8484,"weight":1.5701},
{"Node_id":8485,"weight":1.7393},
{"Node_id":8486,"weight":3.9936},
{"Node_id":8487,"weight":1.5225},
{"Node_id":8488,"weight":2.0775},
{"Node_id":8489,"weight":1.8228},
{"Node_id":8490,"weight":2.2811},
{"Node_id":8491,"weight":1.8869},
{"Node_id":8492,"weight":1.5942},
{"Node_id":8493,"weight":1.6099},
{"Node_id":8494,"weight":1.5177},
{"Node_id":8495,"weight":1.6027},
{"Node_id":8496,"weight":1.5204},
{"Node_id":8497,"weight":2.2471},
{"Node_id":8498,"weight":1.6523},
{"Node_id":8499,"weight":5.0141},
{"Node_id":8500,"weight":2.7766},
{"Node_id":8501,"weight":4.833},
{"Node_id":8502,"weight":2.2084},
{"Node_id":8503,"weight":3.6392},
{"Node_id":8504,"weight":2.7876},
{"Node_id":8505,"weight":4.7474},
{"Node_id":8508,"weight":0.1294},
{"Node_id":8509,"weight":1.2721},
{"Node_id":8510,"weight":3.2676},
{"Node_id":8515,"weight":1.4204},
{"Node_id":8516,"weight":0.4561},
{"Node_id":8523,"weight":2.5166},
{"Node_id":8531,"weight":1.6822},
{"Node_id":8556,"weight":0.7598},
{"Node_id":8582,"weight":4.0878},
{"Node_id":8589,"weight":3.7011},
{"Node_id":8602,"weight":3.429},
{"Node_id":8605,"weight":0.3437},
{"Node_id":40891,"weight":1.9214},
{"Node_id":40895,"weight":2.184},
{"Node_id":40896,"weight":3.483},
{"Node_id":40897,"weight":2.2799},
{"Node_id":40900,"weight":2.5051},
{"Node_id":40902,"weight":2.3015},
{"Node_id":40903,"weight":2.2634},
{"Node_id":40910,"weight":1.4319},
{"Node_id":40918,"weight":1.6936},
{"Node_id":40943,"weight":1.5736},
{"Node_id":40970,"weight":2.4866},
{"Node_id":40977,"weight":1.744},
{"Node_id":40984,"weight":2.5852},
{"Node_id":40990,"weight":1.3976},
{"Node_id":40991,"weight":1.5513},
{"Node_id":40993,"weight":1.5492},
{"Node_id":40994,"weight":2.0456},
{"Node_id":40995,"weight":1.7036},
{"Node_id":40996,"weight":2.0595},
{"Node_id":40997,"weight":4.7954},
{"Node_id":40998,"weight":1.4217},
{"Node_id":40999,"weight":1.8421},
{"Node_id":41000,"weight":1.8421},
{"Node_id":41001,"weight":1.4624},
{"Node_id":41002,"weight":3.429},
{"Node_id":41003,"weight":2.764},
{"Node_id":41004,"weight":2.001},
{"Node_id":41005,"weight":1.6353},
{"Node_id":41006,"weight":1.4539},
{"Node_id":41007,"weight":4.219},
{"Node_id":41008,"weight":3.0667},
{"Node_id":41009,"weight":4.226},
{"Node_id":41010,"weight":1.5361},
{"Node_id":41011,"weight":4.226},
{"Node_id":41012,"weight":1.3944},
{"Node_id":41013,"weight":3.562},
{"Node_id":41014,"weight":1.86},
{"Node_id":41015,"weight":1.5458},
{"Node_id":41016,"weight":1.6898},
{"Node_id":41017,"weight":2.9031},
{"Node_id":41018,"weight":2.456},
{"Node_id":41019,"weight":1.5949},
{"Node_id":41023,"weight":1.5638},
{"Node_id":41024,"weight":1.4875},
{"Node_id":41025,"weight":2.7839},
{"Node_id":41026,"weight":1.7583},
{"Node_id":41027,"weight":2.4102},
{"Node_id":41032,"weight":7.6004},
{"Node_id":41033,"weight":1.6034},
{"Node_id":41034,"weight":1.9197},
{"Node_id":41035,"weight":1.5259},
{"Node_id":41036,"weight":1.8421},
{"Node_id":41037,"weight":1.9532},
{"Node_id":41038,"weight":2.1928},
{"Node_id":41039,"weight":1.6493},
{"Node_id":41040,"weight":1.9395},
{"Node_id":41041,"weight":2.3983},
{"Node_id":41042,"weight":2.2634},
{"Node_id":41043,"weight":2.2253},
{"Node_id":41044,"weight":3.9176},
{"Node_id":41045,"weight":2.4369},
{"Node_id":41046,"weight":2.3271},
{"Node_id":41047,"weight":3.1026},
{"Node_id":41048,"weight":1.5764},
{"Node_id":41049,"weight":1.7097},
{"Node_id":41050,"weight":2.7115},
{"Node_id":41055,"weight":1.4261},
{"Node_id":41056,"weight":4.2766},
{"Node_id":41057,"weight":6.0725},
{"Node_id":41058,"weight":3.2397},
{"Node_id":41059,"weight":2.3763},
{"Node_id":41060,"weight":5.2159},
{"Node_id":41061,"weight":2.6006},
{"Node_id":41062,"weight":2.7857},
{"Node_id":41063,"weight":3.3714},
{"Node_id":41064,"weight":1.5666},
{"Node_id":41065,"weight":2.6612},
{"Node_id":41066,"weight":1.886},
{"Node_id":41067,"weight":1.866},
{"Node_id":41068,"weight":1.5327},
{"Node_id":41069,"weight":2.1218},
{"Node_id":41070,"weight":1.5123},
{"Node_id":41071,"weight":3.596},
{"Node_id":41072,"weight":1.7013},
{"Node_id":41073,"weight":2.0348},
{"Node_id":41074,"weight":2.887},
{"Node_id":41075,"weight":2.2287},
{"Node_id":41082,"weight":5.8753},
{"Node_id":41085,"weight":1.6405},
{"Node_id":41196,"weight":1.7136},
{"Node_id":41197,"weight":1.6875},
{"Node_id":41198,"weight":3.3227},
{"Node_id":41199,"weight":3.2733},
{"Node_id":41222,"weight":1.854},
{"Node_id":41251,"weight":1.7833},
{"Node_id":41252,"weight":2.5882},
{"Node_id":41253,"weight":1.3919},
{"Node_id":41254,"weight":1.4358},
{"Node_id":41256,"weight":2.983},
{"Node_id":41296,"weight":1.9287},
{"Node_id":41297,"weight":6.0725},
{"Node_id":41302,"weight":3.8766},
{"Node_id":41486,"weight":2.3371},
{"Node_id":41491,"weight":1.4631},
{"Node_id":41522,"weight":2.8172},
{"Node_id":41696,"weight":3.2424},
{"Node_id":41697,"weight":4.0049},
{"Node_id":41699,"weight":4.508},
{"Node_id":41701,"weight":4.3776},
{"Node_id":41704,"weight":1.7167},
{"Node_id":41713,"weight":1.4281},
{"Node_id":41714,"weight":2.0887},
{"Node_id":41947,"weight":2.806},
{"Node_id":41948,"weight":5.077},
{"Node_id":41949,"weight":1.4178},
{"Node_id":41950,"weight":4.1064},
{"Node_id":41951,"weight":2.0695},
{"Node_id":41952,"weight":1.6085},
{"Node_id":41953,"weight":2.2196},
{"Node_id":41954,"weight":1.6027},
{"Node_id":41955,"weight":2.0907},
{"Node_id":41956,"weight":2.9635},
{"Node_id":41957,"weight":3.9549},
{"Node_id":41958,"weight":1.4474},
{"Node_id":41959,"weight":1.7051},
{"Node_id":41960,"weight":2.3996},
{"Node_id":41961,"weight":1.7433},
{"Node_id":41962,"weight":2.1807},
{"Node_id":41963,"weight":2.3866},
{"Node_id":41964,"weight":1.3919},
{"Node_id":41965,"weight":2.0928},
{"Node_id":41969,"weight":1.8481},
{"Node_id":41970,"weight":2.0938},
{"Node_id":41971,"weight":1.9615},
{"Node_id":41972,"weight":2.0299},
{"Node_id":41973,"weight":2.3433},
{"Node_id":41974,"weight":1.7159},
{"Node_id":41975,"weight":2.5504},
{"Node_id":41976,"weight":2.9765},
{"Node_id":41977,"weight":2.5519},
{"Node_id":41978,"weight":1.8523},
{"Node_id":41979,"weight":2.3648},
{"Node_id":41980,"weight":3.2876},
{"Node_id":41983,"weight":1.4481},
{"Node_id":41984,"weight":1.4384},
{"Node_id":41985,"weight":5.2933},
{"Node_id":41986,"weight":1.4313},
{"Node_id":41987,"weight":3.3287},
{"Node_id":41988,"weight":1.9305},
{"Node_id":41989,"weight":4.8078},
{"Node_id":41990,"weight":2.5195},
{"Node_id":41991,"weight":1.3882},
{"Node_id":41992,"weight":3.2151},
{"Node_id":41993,"weight":2.3271},
{"Node_id":41994,"weight":1.6208},
{"Node_id":41995,"weight":4.6469},
{"Node_id":41996,"weight":2.2943}]