[{"Node_id":0,"weight":1.4147},
{"Node_id":1,"weight":3.2071},
{"Node_id":2,"weight":3.5146},
{"Node_id":3,"weight":1.5856},
{"Node_id":4,"weight":2.0212},
{"Node_id":5,"weight":1.7679},
{"Node_id":6,"weight":1.9505},
{"Node_id":7,"weight":3.3935},
{"Node_id":8,"weight":2.0086},
{"Node_id":9,"weight":6.5008},
{"Node_id":10,"weight":1.8295},
{"Node_id":11,"weight":2.1103},
{"Node_id":12,"weight":2.2506},
{"Node_id":13,"weight":1.8328},
{"Node_id":14,"weight":1.7354},
{"Node_id":15,"weight":1.7599},
{"Node_id":16,"weight":3.7945},
{"Node_id":17,"weight":2.205},
{"Node_id":18,"weight":4.0221},
{"Node_id":19,"weight":1.7939},
{"Node_id":20,"weight":3.4969},
{"Node_id":21,"weight":1.9811},
{"Node_id":22,"weight":1.6627},
{"Node_id":23,"weight":2.6226},
{"Node_id":24,"weight":1.9643},
{"Node_id":25,"weight":1.7283},
{"Node_id":26,"weight":2.8343},
{"Node_id":27,"weight":2.3483},
{"Node_id":28,"weight":1.7898},
{"Node_id":29,"weight":1.7768},
{"Node_id":30,"weight":1.7559},
{"Node_id":31,"weight":2.5459},
{"Node_id":32,"weight":3.4591},
{"Node_id":33,"weight":1.4782},
{"Node_id":34,"weight":2.4102},
{"Node_id":35,"weight":4.3858},
{"Node_id":36,"weight":1.6339},
{"Node_id":37,"weight":2.3222},
{"Node_id":38,"weight":2.9072},
{"Node_id":39,"weight":1.9718},
{"Node_id":40,"weight":5.8753},
{"Node_id":41,"weight":3.4356},
{"Node_id":42,"weight":1.7671},
{"Node_id":43,"weight":1.4026},
{"Node_id":44,"weight":1.7472},
{"Node_id":45,"weight":1.8421},
{"Node_id":46,"weight":2.806},
{"Node_id":47,"weight":2.184},
{"Node_id":48,"weight":3.9441},
{"Node_id":49,"weight":1.4775},
{"Node_id":50,"weight":1.5807},
{"Node_id":51,"weight":2.877},
{"Node_id":52,"weight":1.9152},
{"Node_id":53,"weight":2.9133},
{"Node_id":54,"weight":1.4185},
{"Node_id":55,"weight":2.1386},
{"Node_id":56,"weight":2.9381},
{"Node_id":57,"weight":2.8594},
{"Node_id":58,"weight":2.0},
{"Node_id":59,"weight":2.4396},
{"Node_id":60,"weight":2.1482},
{"Node_id":61,"weight":1.8782},
{"Node_id":62,"weight":3.429},
{"Node_id":63,"weight":2.893},
{"Node_id":64,"weight":1.4749},
{"Node_id":65,"weight":1.6974},
{"Node_id":66,"weight":2.4519},
{"Node_id":67,"weight":1.4736},
{"Node_id":68,"weight":1.822},
{"Node_id":69,"weight":1.4546},
{"Node_id":70,"weight":1.6186},
{"Node_id":71,"weight":2.4754},
{"Node_id":72,"weight":1.8756},
{"Node_id":82,"weight":1.8178},
{"Node_id":86,"weight":2.0125},
{"Node_id":87,"weight":1.8278},
{"Node_id":91,"weight":1.4908},
{"Node_id":97,"weight":1.6545},
{"Node_id":101,"weight":1.4217},
{"Node_id":102,"weight":1.7647},
{"Node_id":103,"weight":2.3234},
{"Node_id":105,"weight":2.2564},
{"Node_id":108,"weight":1.9134},
{"Node_id":112,"weight":2.3533},
{"Node_id":117,"weight":2.1439},
{"Node_id":123,"weight":1.4742},
{"Node_id":130,"weight":2.5624},
{"Node_id":137,"weight":2.2185},
{"Node_id":138,"weight":1.5701},
{"Node_id":139,"weight":1.8404},
{"Node_id":140,"weight":2.4588},
{"Node_id":142,"weight":1.5659},
{"Node_id":145,"weight":1.5361},
{"Node_id":149,"weight":4.3534},
{"Node_id":153,"weight":3.0667},
{"Node_id":154,"weight":2.5445},
{"Node_id":158,"weight":1.6845},
{"Node_id":160,"weight":1.7299},
{"Node_id":164,"weight":5.0141},
{"Node_id":166,"weight":1.8128},
{"Node_id":167,"weight":1.8566},
{"Node_id":171,"weight":3.2124},
{"Node_id":173,"weight":3.4127},
{"Node_id":174,"weight":1.5708},
{"Node_id":175,"weight":1.9868},
{"Node_id":179,"weight":2.3788},
{"Node_id":181,"weight":1.6121},
{"Node_id":182,"weight":2.1578},
{"Node_id":184,"weight":3.9335},
{"Node_id":188,"weight":1.4306},
{"Node_id":190,"weight":2.8574},
{"Node_id":191,"weight":4.7242},
{"Node_id":193,"weight":1.6891},
{"Node_id":194,"weight":1.6186},
{"Node_id":198,"weight":2.6466},
{"Node_id":200,"weight":2.2705},
{"Node_id":201,"weight":3.776},
{"Node_id":203,"weight":1.5279},
{"Node_id":204,"weight":2.7748},
{"Node_id":205,"weight":2.2716},
{"Node_id":209,"weight":1.8965},
{"Node_id":211,"weight":3.2071},
{"Node_id":212,"weight":4.1579},
{"Node_id":214,"weight":2.1851},
{"Node_id":215,"weight":2.4923},
{"Node_id":216,"weight":1.452},
{"Node_id":217,"weight":2.1145},
{"Node_id":221,"weight":5.1616},
{"Node_id":223,"weight":1.5666},
{"Node_id":224,"weight":1.9332},
{"Node_id":226,"weight":1.8712},
{"Node_id":227,"weight":4.2619},
{"Node_id":228,"weight":2.145},
{"Node_id":229,"weight":2.955},
{"Node_id":230,"weight":4.394},
{"Node_id":234,"weight":2.1535},
{"Node_id":236,"weight":2.0077},
{"Node_id":237,"weight":4.8988},
{"Node_id":239,"weight":2.7339},
{"Node_id":240,"weight":2.3088},
{"Node_id":241,"weight":1.8029},
{"Node_id":242,"weight":2.3161},
{"Node_id":244,"weight":1.4474},
{"Node_id":248,"weight":3.7579},
{"Node_id":250,"weight":2.6417},
{"Node_id":251,"weight":3.5472},
{"Node_id":253,"weight":1.6042},
{"Node_id":254,"weight":1.6179},
{"Node_id":255,"weight":1.6412},
{"Node_id":256,"weight":1.7276},
{"Node_id":258,"weight":1.5729},
{"Node_id":259,"weight":1.9532},
{"Node_id":262,"weight":1.7752},
{"Node_id":264,"weight":1.5042},
{"Node_id":265,"weight":1.9179},
{"Node_id":267,"weight":5.2159},
{"Node_id":268,"weight":4.3066},
{"Node_id":269,"weight":2.6194},
{"Node_id":271,"weight":3.5999},
{"Node_id":272,"weight":1.6092},
{"Node_id":273,"weight":1.8808},
{"Node_id":276,"weight":2.1333},
{"Node_id":277,"weight":1.9886},
{"Node_id":278,"weight":2.7949},
{"Node_id":282,"weight":2.2622},
{"Node_id":283,"weight":3.356},
{"Node_id":284,"weight":3.2761},
{"Node_id":289,"weight":1.9098},
{"Node_id":290,"weight":6.0299},
{"Node_id":291,"weight":1.7354},
{"Node_id":297,"weight":2.5137},
{"Node_id":298,"weight":1.8404},
{"Node_id":299,"weight":2.3853},
{"Node_id":306,"weight":2.1072},
{"Node_id":307,"weight":4.4896},
{"Node_id":308,"weight":1.5575},
{"Node_id":314,"weight":2.3371},
{"Node_id":316,"weight":2.1546},
{"Node_id":317,"weight":2.2494},
{"Node_id":318,"weight":1.4795},
{"Node_id":324,"weight":1.4461},
{"Node_id":327,"weight":2.1093},
{"Node_id":328,"weight":3.9388},
{"Node_id":329,"weight":1.5293},
{"Node_id":335,"weight":1.5471},
{"Node_id":338,"weight":3.6312},
{"Node_id":339,"weight":1.5225},
{"Node_id":340,"weight":1.4448},
{"Node_id":346,"weight":2.4128},
{"Node_id":351,"weight":2.3063},
{"Node_id":352,"weight":1.6868},
{"Node_id":354,"weight":1.7825},
{"Node_id":356,"weight":1.5736},
{"Node_id":357,"weight":1.4921},
{"Node_id":359,"weight":2.9277},
{"Node_id":360,"weight":2.3711},
{"Node_id":361,"weight":4.7128},
{"Node_id":363,"weight":1.7315},
{"Node_id":364,"weight":1.6056},
{"Node_id":365,"weight":2.2705},
{"Node_id":366,"weight":1.9125},
{"Node_id":368,"weight":2.2991},
{"Node_id":369,"weight":1.452},
{"Node_id":370,"weight":2.0029},
{"Node_id":371,"weight":2.1503},
{"Node_id":372,"weight":3.7011},
{"Node_id":374,"weight":1.7947},
{"Node_id":375,"weight":2.1439},
{"Node_id":376,"weight":3.1833},
{"Node_id":377,"weight":1.5771},
{"Node_id":379,"weight":1.9027},
{"Node_id":381,"weight":5.4685},
{"Node_id":382,"weight":1.789},
{"Node_id":383,"weight":3.0072},
{"Node_id":384,"weight":2.6911},
{"Node_id":387,"weight":3.2071},
{"Node_id":388,"weight":1.7988},
{"Node_id":389,"weight":1.5116},
{"Node_id":390,"weight":1.7043},
{"Node_id":391,"weight":5.11},
{"Node_id":392,"weight":1.5464},
{"Node_id":393,"weight":3.8567},
{"Node_id":394,"weight":4.8853},
{"Node_id":395,"weight":1.4507},
{"Node_id":396,"weight":2.0989},
{"Node_id":397,"weight":2.5944},
{"Node_id":399,"weight":4.1448},
{"Node_id":400,"weight":1.893},
{"Node_id":401,"weight":1.8286},
{"Node_id":403,"weight":1.5313},
{"Node_id":404,"weight":1.4007},
{"Node_id":405,"weight":1.8652},
{"Node_id":406,"weight":2.8731},
{"Node_id":408,"weight":1.7647},
{"Node_id":410,"weight":3.5362},
{"Node_id":411,"weight":1.4598},
{"Node_id":412,"weight":1.5913},
{"Node_id":414,"weight":1.4756},
{"Node_id":416,"weight":2.231},
{"Node_id":417,"weight":1.5603},
{"Node_id":418,"weight":3.3999},
{"Node_id":419,"weight":3.0275},
{"Node_id":421,"weight":2.3931},
{"Node_id":423,"weight":2.3346},
{"Node_id":424,"weight":2.0436},
{"Node_id":425,"weight":3.3683},
{"Node_id":426,"weight":1.7276},
{"Node_id":428,"weight":2.4505},
{"Node_id":430,"weight":4.9126},
{"Node_id":431,"weight":3.3777},
{"Node_id":432,"weight":1.9868},
{"Node_id":433,"weight":1.5382},
{"Node_id":434,"weight":1.9905},
{"Node_id":436,"weight":5.0141},
{"Node_id":438,"weight":3.511},
{"Node_id":441,"weight":4.4364},
{"Node_id":442,"weight":1.8549},
{"Node_id":443,"weight":2.1302},
{"Node_id":445,"weight":2.7427},
{"Node_id":447,"weight":2.9593},
{"Node_id":450,"weight":2.5944},
{"Node_id":451,"weight":1.5638},
{"Node_id":452,"weight":2.1643},
{"Node_id":453,"weight":3.2648},
{"Node_id":455,"weight":2.2265},
{"Node_id":457,"weight":2.1093},
{"Node_id":460,"weight":1.6679},
{"Node_id":461,"weight":2.3788},
{"Node_id":462,"weight":1.4591},
{"Node_id":463,"weight":2.6777},
{"Node_id":464,"weight":1.4928},
{"Node_id":466,"weight":2.2811},
{"Node_id":468,"weight":4.2619},
{"Node_id":471,"weight":2.0887},
{"Node_id":472,"weight":1.5499},
{"Node_id":474,"weight":4.6155},
{"Node_id":475,"weight":2.1082},
{"Node_id":476,"weight":1.7914},
{"Node_id":478,"weight":3.6312},
{"Node_id":480,"weight":1.8328},
{"Node_id":483,"weight":1.9459},
{"Node_id":484,"weight":3.0715},
{"Node_id":486,"weight":2.8324},
{"Node_id":487,"weight":3.3529},
{"Node_id":508,"weight":1.6361},
{"Node_id":514,"weight":2.0115},
{"Node_id":515,"weight":1.8764},
{"Node_id":521,"weight":1.5327},
{"Node_id":529,"weight":3.3652},
{"Node_id":533,"weight":2.658},
{"Node_id":534,"weight":2.2657},
{"Node_id":535,"weight":1.6921},
{"Node_id":536,"weight":4.1778},
{"Node_id":537,"weight":1.7711},
{"Node_id":538,"weight":2.401},
{"Node_id":539,"weight":2.5066},
{"Node_id":540,"weight":3.2098},
{"Node_id":541,"weight":1.8974},
{"Node_id":542,"weight":3.7011},
{"Node_id":543,"weight":1.5042},
{"Node_id":544,"weight":2.0134},
{"Node_id":545,"weight":2.1386},
{"Node_id":546,"weight":2.8248},
{"Node_id":547,"weight":1.6582},
{"Node_id":548,"weight":2.5371},
{"Node_id":549,"weight":5.9496},
{"Node_id":550,"weight":2.0407},
{"Node_id":551,"weight":3.0343},
{"Node_id":552,"weight":1.7448},
{"Node_id":553,"weight":1.5603},
{"Node_id":556,"weight":2.2163},
{"Node_id":560,"weight":1.4862},
{"Node_id":565,"weight":1.7784},
{"Node_id":570,"weight":1.4338},
{"Node_id":571,"weight":2.2095},
{"Node_id":578,"weight":1.4908},
{"Node_id":585,"weight":2.0535},
{"Node_id":586,"weight":1.5589},
{"Node_id":587,"weight":2.7098},
{"Node_id":590,"weight":3.4795},
{"Node_id":592,"weight":1.6523},
{"Node_id":593,"weight":2.6162},
{"Node_id":595,"weight":2.0077},
{"Node_id":596,"weight":3.9936},
{"Node_id":599,"weight":1.4064},
{"Node_id":600,"weight":1.5049},
{"Node_id":604,"weight":1.5218},
{"Node_id":605,"weight":1.3919},
{"Node_id":610,"weight":1.4928},
{"Node_id":611,"weight":2.5415},
{"Node_id":617,"weight":2.1323},
{"Node_id":618,"weight":2.0077},
{"Node_id":623,"weight":1.7448},
{"Node_id":625,"weight":4.8853},
{"Node_id":626,"weight":2.9852},
{"Node_id":631,"weight":4.4896},
{"Node_id":632,"weight":1.4559},
{"Node_id":634,"weight":9.223372E18},
{"Node_id":635,"weight":2.1397},
{"Node_id":640,"weight":2.6178},
{"Node_id":641,"weight":2.0775},
{"Node_id":642,"weight":1.8808},
{"Node_id":644,"weight":1.4223},
{"Node_id":645,"weight":2.4142},
{"Node_id":650,"weight":1.9953},
{"Node_id":652,"weight":5.0609},
{"Node_id":655,"weight":2.0856},
{"Node_id":656,"weight":2.1557},
{"Node_id":661,"weight":2.205},
{"Node_id":667,"weight":9.2102},
{"Node_id":668,"weight":1.5197},
{"Node_id":673,"weight":1.7425},
{"Node_id":680,"weight":4.2692},
{"Node_id":681,"weight":2.4115},
{"Node_id":686,"weight":1.6508},
{"Node_id":694,"weight":2.2587},
{"Node_id":695,"weight":1.9188},
{"Node_id":700,"weight":2.1862},
{"Node_id":707,"weight":2.8191},
{"Node_id":709,"weight":1.7543},
{"Node_id":710,"weight":1.9746},
{"Node_id":720,"weight":1.9532},
{"Node_id":724,"weight":3.2151},
{"Node_id":729,"weight":1.8886},
{"Node_id":731,"weight":1.7615},
{"Node_id":735,"weight":1.6959},
{"Node_id":738,"weight":2.2174},
{"Node_id":742,"weight":2.4342},
{"Node_id":745,"weight":1.6974},
{"Node_id":750,"weight":2.4248},
{"Node_id":753,"weight":2.5898},
{"Node_id":759,"weight":1.6427},
{"Node_id":762,"weight":2.1103},
{"Node_id":765,"weight":2.7931},
{"Node_id":769,"weight":1.7736},
{"Node_id":772,"weight":2.887},
{"Node_id":775,"weight":2.7029},
{"Node_id":778,"weight":2.6305},
{"Node_id":779,"weight":2.6911},
{"Node_id":780,"weight":2.9529},
{"Node_id":781,"weight":2.3635},
{"Node_id":783,"weight":1.8756},
{"Node_id":787,"weight":2.3609},
{"Node_id":788,"weight":2.0289},
{"Node_id":789,"weight":1.4729},
{"Node_id":790,"weight":1.7575},
{"Node_id":791,"weight":2.936},
{"Node_id":793,"weight":1.4749},
{"Node_id":795,"weight":1.5334},
{"Node_id":797,"weight":2.1429},
{"Node_id":798,"weight":2.4396},
{"Node_id":800,"weight":2.2811},
{"Node_id":801,"weight":1.6208},
{"Node_id":802,"weight":1.7906},
{"Node_id":804,"weight":6.264},
{"Node_id":805,"weight":1.8029},
{"Node_id":807,"weight":1.3982},
{"Node_id":809,"weight":2.5594},
{"Node_id":812,"weight":1.7354},
{"Node_id":813,"weight":2.4754},
{"Node_id":814,"weight":2.4302},
{"Node_id":815,"weight":1.414},
{"Node_id":817,"weight":2.5283},
{"Node_id":820,"weight":4.7474},
{"Node_id":824,"weight":3.5884},
{"Node_id":829,"weight":2.3635},
{"Node_id":835,"weight":1.8447},
{"Node_id":842,"weight":1.5548},
{"Node_id":850,"weight":1.7377},
{"Node_id":859,"weight":2.5975},
{"Node_id":870,"weight":1.7898},
{"Node_id":871,"weight":1.7043},
{"Node_id":872,"weight":1.6612},
{"Node_id":873,"weight":1.8669},
{"Node_id":874,"weight":1.6762},
{"Node_id":875,"weight":2.2208},
{"Node_id":876,"weight":3.0297},
{"Node_id":877,"weight":2.4262},
{"Node_id":878,"weight":2.4155},
{"Node_id":879,"weight":3.2017},
{"Node_id":880,"weight":2.4866},
{"Node_id":881,"weight":2.9939},
{"Node_id":882,"weight":4.4538},
{"Node_id":883,"weight":2.1796},
{"Node_id":884,"weight":1.8523},
{"Node_id":885,"weight":2.0038},
{"Node_id":886,"weight":1.9934},
{"Node_id":887,"weight":1.5652},
{"Node_id":888,"weight":1.6792},
{"Node_id":889,"weight":1.561},
{"Node_id":890,"weight":1.5892},
{"Node_id":891,"weight":1.6006},
{"Node_id":892,"weight":1.7377},
{"Node_id":893,"weight":2.3321},
{"Node_id":894,"weight":2.0202},
{"Node_id":895,"weight":4.284},
{"Node_id":896,"weight":3.4969},
{"Node_id":897,"weight":1.5736},
{"Node_id":898,"weight":1.7857},
{"Node_id":899,"weight":2.3271},
{"Node_id":900,"weight":1.873},
{"Node_id":901,"weight":2.0685},
{"Node_id":902,"weight":1.8506},
{"Node_id":903,"weight":2.5609},
{"Node_id":904,"weight":1.6034},
{"Node_id":905,"weight":2.0358},
{"Node_id":906,"weight":3.3808},
{"Node_id":907,"weight":2.2599},
{"Node_id":908,"weight":3.6801},
{"Node_id":909,"weight":5.1441},
{"Node_id":910,"weight":4.0396},
{"Node_id":911,"weight":2.1611},
{"Node_id":912,"weight":4.7832},
{"Node_id":913,"weight":3.4258},
{"Node_id":914,"weight":2.6662},
{"Node_id":915,"weight":2.4208},
{"Node_id":916,"weight":1.5687},
{"Node_id":917,"weight":2.8191},
{"Node_id":918,"weight":1.4935},
{"Node_id":919,"weight":1.7362},
{"Node_id":920,"weight":1.7808},
{"Node_id":921,"weight":2.1503},
{"Node_id":922,"weight":6.1637},
{"Node_id":923,"weight":1.9359},
{"Node_id":924,"weight":3.3287},
{"Node_id":925,"weight":3.0458},
{"Node_id":926,"weight":2.1165},
{"Node_id":927,"weight":1.5022},
{"Node_id":928,"weight":2.5066},
{"Node_id":931,"weight":1.4281},
{"Node_id":932,"weight":2.4089},
{"Node_id":933,"weight":1.7615},
{"Node_id":934,"weight":1.4995},
{"Node_id":935,"weight":1.9597},
{"Node_id":936,"weight":2.955},
{"Node_id":939,"weight":2.4235},
{"Node_id":940,"weight":1.6634},
{"Node_id":946,"weight":1.9915},
{"Node_id":949,"weight":1.6273},
{"Node_id":953,"weight":2.7986},
{"Node_id":958,"weight":6.0725},
{"Node_id":964,"weight":3.8275},
{"Node_id":971,"weight":2.1302},
{"Node_id":976,"weight":2.2129},
{"Node_id":977,"weight":1.683},
{"Node_id":978,"weight":3.3621},
{"Node_id":979,"weight":3.4692},
{"Node_id":983,"weight":2.9635},
{"Node_id":984,"weight":1.8965},
{"Node_id":986,"weight":1.6883},
{"Node_id":989,"weight":4.2331},
{"Node_id":991,"weight":2.5474},
{"Node_id":994,"weight":4.1711},
{"Node_id":996,"weight":1.4128},
{"Node_id":998,"weight":1.6951},
{"Node_id":1000,"weight":2.9133},
{"Node_id":1003,"weight":2.7712},
{"Node_id":1005,"weight":1.5184},
{"Node_id":1009,"weight":2.0397},
{"Node_id":1011,"weight":4.4278},
{"Node_id":1014,"weight":3.2676},
{"Node_id":1016,"weight":2.1062},
{"Node_id":1017,"weight":1.5949},
{"Node_id":1018,"weight":2.0705},
{"Node_id":1019,"weight":5.1441},
{"Node_id":1020,"weight":1.9018},
{"Node_id":1021,"weight":1.5582},
{"Node_id":1022,"weight":1.9477},
{"Node_id":1023,"weight":3.4095},
{"Node_id":1024,"weight":1.798},
{"Node_id":1025,"weight":3.8132},
{"Node_id":1026,"weight":5.1794},
{"Node_id":1027,"weight":8.1114},
{"Node_id":1028,"weight":3.5732},
{"Node_id":1029,"weight":6.5699},
{"Node_id":1030,"weight":1.8506},
{"Node_id":1031,"weight":3.2098},
{"Node_id":1032,"weight":2.1665},
{"Node_id":1033,"weight":1.6056},
{"Node_id":1034,"weight":4.5653},
{"Node_id":1035,"weight":2.0959},
{"Node_id":1036,"weight":3.1099},
{"Node_id":1037,"weight":2.2907},
{"Node_id":1038,"weight":5.2734},
{"Node_id":1039,"weight":3.8372},
{"Node_id":1040,"weight":1.6649},
{"Node_id":1041,"weight":2.5775},
{"Node_id":1042,"weight":3.0929},
{"Node_id":1043,"weight":1.7036},
{"Node_id":1044,"weight":2.5297},
{"Node_id":1045,"weight":1.917},
{"Node_id":1046,"weight":1.5416},
{"Node_id":1047,"weight":2.5913},
{"Node_id":1048,"weight":2.2006},
{"Node_id":1049,"weight":2.2073},
{"Node_id":1050,"weight":1.7346},
{"Node_id":1051,"weight":1.7252},
{"Node_id":1052,"weight":2.2871},
{"Node_id":1053,"weight":2.375},
{"Node_id":1054,"weight":1.9487},
{"Node_id":1055,"weight":2.5684},
{"Node_id":1056,"weight":2.4221},
{"Node_id":1057,"weight":1.6523},
{"Node_id":1058,"weight":2.1031},
{"Node_id":1059,"weight":1.7607},
{"Node_id":1060,"weight":1.4045},
{"Node_id":1061,"weight":2.3321},
{"Node_id":1062,"weight":3.5146},
{"Node_id":1063,"weight":3.7991},
{"Node_id":1064,"weight":2.5534},
{"Node_id":1065,"weight":2.2028},
{"Node_id":1066,"weight":1.9896},
{"Node_id":1067,"weight":1.8843},
{"Node_id":1068,"weight":2.8381},
{"Node_id":1069,"weight":1.5076},
{"Node_id":1070,"weight":2.184},
{"Node_id":1071,"weight":2.0416},
{"Node_id":1072,"weight":3.7579},
{"Node_id":1073,"weight":1.9296},
{"Node_id":1074,"weight":2.1093},
{"Node_id":1075,"weight":2.7876},
{"Node_id":1076,"weight":2.2657},
{"Node_id":1077,"weight":3.1651},
{"Node_id":1078,"weight":4.0163},
{"Node_id":1079,"weight":2.0192},
{"Node_id":1080,"weight":2.6678},
{"Node_id":1081,"weight":2.4768},
{"Node_id":1082,"weight":1.5245},
{"Node_id":1083,"weight":4.7954},
{"Node_id":1084,"weight":1.9896},
{"Node_id":1085,"weight":2.3075},
{"Node_id":1086,"weight":2.5023},
{"Node_id":1087,"weight":1.421},
{"Node_id":1088,"weight":1.7151},
{"Node_id":1089,"weight":1.5575},
{"Node_id":1090,"weight":1.9634},
{"Node_id":1091,"weight":1.4178},
{"Node_id":1092,"weight":4.6469},
{"Node_id":1093,"weight":1.9232},
{"Node_id":1094,"weight":1.8635},
{"Node_id":1095,"weight":2.7676},
{"Node_id":1096,"weight":5.1975},
{"Node_id":1097,"weight":2.31},
{"Node_id":1098,"weight":2.2967},
{"Node_id":1099,"weight":1.7198},
{"Node_id":1100,"weight":3.7669},
{"Node_id":1101,"weight":2.1186},
{"Node_id":1102,"weight":1.8974},
{"Node_id":1103,"weight":1.4533},
{"Node_id":1104,"weight":2.3931},
{"Node_id":1106,"weight":2.0134},
{"Node_id":1107,"weight":1.9934},
{"Node_id":1108,"weight":1.9542},
{"Node_id":1109,"weight":4.1711},
{"Node_id":1111,"weight":2.5312},
{"Node_id":1112,"weight":4.1002},
{"Node_id":1113,"weight":5.2159},
{"Node_id":1114,"weight":2.8613},
{"Node_id":1115,"weight":1.5842},
{"Node_id":1117,"weight":1.7575},
{"Node_id":1118,"weight":1.4448},
{"Node_id":1119,"weight":2.9092},
{"Node_id":1120,"weight":2.1578},
{"Node_id":1121,"weight":3.9072},
{"Node_id":1122,"weight":2.1862},
{"Node_id":1124,"weight":4.5458},
{"Node_id":1125,"weight":1.7097},
{"Node_id":1126,"weight":1.3913},
{"Node_id":1127,"weight":5.4448},
{"Node_id":1128,"weight":2.1072},
{"Node_id":1129,"weight":1.7464},
{"Node_id":1130,"weight":2.7235},
{"Node_id":1131,"weight":3.483},
{"Node_id":1132,"weight":3.6843},
{"Node_id":1133,"weight":2.3699},
{"Node_id":1136,"weight":3.1651},
{"Node_id":1139,"weight":1.9625},
{"Node_id":1141,"weight":2.8023},
{"Node_id":1144,"weight":3.776},
{"Node_id":1146,"weight":2.0515},
{"Node_id":1148,"weight":1.5561},
{"Node_id":1150,"weight":1.7841},
{"Node_id":1151,"weight":1.4578},
{"Node_id":1152,"weight":2.0231},
{"Node_id":1153,"weight":1.5779},
{"Node_id":1154,"weight":3.7715},
{"Node_id":1155,"weight":1.5035},
{"Node_id":1156,"weight":1.597},
{"Node_id":1157,"weight":1.7881},
{"Node_id":1158,"weight":2.474},
{"Node_id":1159,"weight":5.077},
{"Node_id":1160,"weight":2.0887},
{"Node_id":1161,"weight":2.7766},
{"Node_id":1162,"weight":2.5929},
{"Node_id":1163,"weight":2.0816},
{"Node_id":1164,"weight":2.1906},
{"Node_id":1165,"weight":1.8609},
{"Node_id":1166,"weight":1.6694},
{"Node_id":1167,"weight":2.6945},
{"Node_id":1168,"weight":3.6843},
{"Node_id":1169,"weight":2.6037},
{"Node_id":1172,"weight":3.4356},
{"Node_id":1174,"weight":3.5999},
{"Node_id":1175,"weight":4.7832},
{"Node_id":1177,"weight":1.9441},
{"Node_id":1178,"weight":2.1397},
{"Node_id":1179,"weight":4.3858},
{"Node_id":1180,"weight":1.5863},
{"Node_id":1181,"weight":1.7873},
{"Node_id":1182,"weight":1.4448},
{"Node_id":1183,"weight":2.9743},
{"Node_id":1185,"weight":3.6233},
{"Node_id":1186,"weight":2.5341},
{"Node_id":1187,"weight":2.6482},
{"Node_id":1188,"weight":2.2095},
{"Node_id":1189,"weight":2.2634},
{"Node_id":1190,"weight":1.653},
{"Node_id":1191,"weight":1.397},
{"Node_id":1192,"weight":2.5166},
{"Node_id":1193,"weight":1.9468},
{"Node_id":1194,"weight":2.0338},
{"Node_id":1195,"weight":1.7528},
{"Node_id":1196,"weight":1.53},
{"Node_id":1199,"weight":2.5699},
{"Node_id":1201,"weight":3.8969},
{"Node_id":1202,"weight":1.8087},
{"Node_id":1204,"weight":2.5023},
{"Node_id":1205,"weight":2.6498},
{"Node_id":1206,"weight":1.9514},
{"Node_id":1208,"weight":2.8516},
{"Node_id":1209,"weight":2.4023},
{"Node_id":1210,"weight":1.4204},
{"Node_id":1211,"weight":1.9634},
{"Node_id":1213,"weight":3.356},
{"Node_id":1214,"weight":1.832},
{"Node_id":1215,"weight":2.366},
{"Node_id":1216,"weight":2.1557},
{"Node_id":1217,"weight":3.1912},
{"Node_id":1219,"weight":1.561},
{"Node_id":1220,"weight":1.7488},
{"Node_id":1221,"weight":1.5786},
{"Node_id":1222,"weight":2.0585},
{"Node_id":1223,"weight":2.9808},
{"Node_id":1224,"weight":3.4899},
{"Node_id":1226,"weight":2.0918},
{"Node_id":1227,"weight":2.6242},
{"Node_id":1228,"weight":2.6979},
{"Node_id":1229,"weight":2.366},
{"Node_id":1230,"weight":1.893},
{"Node_id":1231,"weight":3.5362},
{"Node_id":1234,"weight":2.0625},
{"Node_id":1235,"weight":1.5055},
{"Node_id":1236,"weight":2.5137},
{"Node_id":1237,"weight":2.7392},
{"Node_id":1238,"weight":1.5136},
{"Node_id":1239,"weight":3.0715},
{"Node_id":1242,"weight":2.4342},
{"Node_id":1243,"weight":1.414},
{"Node_id":1244,"weight":2.4574},
{"Node_id":1245,"weight":5.3992},
{"Node_id":1246,"weight":1.4995},
{"Node_id":1247,"weight":2.748},
{"Node_id":1251,"weight":1.9905},
{"Node_id":1252,"weight":1.7323},
{"Node_id":1253,"weight":6.6441},
{"Node_id":1254,"weight":4.226},
{"Node_id":1255,"weight":2.2506},
{"Node_id":1256,"weight":1.5506},
{"Node_id":1259,"weight":1.5942},
{"Node_id":1261,"weight":1.4975},
{"Node_id":1262,"weight":2.1031},
{"Node_id":1263,"weight":1.7315},
{"Node_id":1264,"weight":4.0574},
{"Node_id":1265,"weight":2.9215},
{"Node_id":1266,"weight":2.9808},
{"Node_id":1269,"weight":1.8652},
{"Node_id":1270,"weight":3.7991},
{"Node_id":1271,"weight":1.8128},
{"Node_id":1272,"weight":2.9808},
{"Node_id":1273,"weight":4.2402},
{"Node_id":1274,"weight":1.935},
{"Node_id":1275,"weight":1.6792},
{"Node_id":1276,"weight":3.2591},
{"Node_id":1277,"weight":1.6538},
{"Node_id":1278,"weight":2.1568},
{"Node_id":1279,"weight":3.1781},
{"Node_id":1280,"weight":2.881},
{"Node_id":1281,"weight":1.4848},
{"Node_id":1282,"weight":1.5793},
{"Node_id":1283,"weight":3.1833},
{"Node_id":1284,"weight":2.7857},
{"Node_id":1285,"weight":1.659},
{"Node_id":1286,"weight":1.6754},
{"Node_id":1287,"weight":1.7575},
{"Node_id":1288,"weight":2.2955},
{"Node_id":1289,"weight":2.0202},
{"Node_id":1290,"weight":2.7235},
{"Node_id":1291,"weight":2.1796},
{"Node_id":1292,"weight":2.7339},
{"Node_id":1293,"weight":3.3967},
{"Node_id":1294,"weight":2.4208},
{"Node_id":1295,"weight":1.5652},
{"Node_id":1296,"weight":2.6945},
{"Node_id":1297,"weight":4.1064},
{"Node_id":1298,"weight":1.5715},
{"Node_id":1299,"weight":1.4723},
{"Node_id":1300,"weight":3.0435},
{"Node_id":1301,"weight":1.5259},
{"Node_id":1302,"weight":2.1312},
{"Node_id":1303,"weight":1.5002},
{"Node_id":1304,"weight":6.3182},
{"Node_id":1305,"weight":2.0745},
{"Node_id":1306,"weight":1.4822},
{"Node_id":1307,"weight":1.4848},
{"Node_id":1308,"weight":2.0436},
{"Node_id":1309,"weight":1.9905},
{"Node_id":1310,"weight":2.4852},
{"Node_id":1311,"weight":1.8643},
{"Node_id":1312,"weight":3.1651},
{"Node_id":1313,"weight":3.7357},
{"Node_id":1314,"weight":1.3932},
{"Node_id":1315,"weight":1.4975},
{"Node_id":1316,"weight":1.8037},
{"Node_id":1317,"weight":1.5963},
{"Node_id":1318,"weight":2.5224},
{"Node_id":1319,"weight":3.842},
{"Node_id":1320,"weight":2.1622},
{"Node_id":1321,"weight":1.8515},
{"Node_id":1322,"weight":5.8401},
{"Node_id":1323,"weight":1.6906},
{"Node_id":1324,"weight":1.7736},
{"Node_id":1325,"weight":1.9296},
{"Node_id":1326,"weight":2.7857},
{"Node_id":1327,"weight":2.3546},
{"Node_id":1328,"weight":3.776},
{"Node_id":1329,"weight":4.0694},
{"Node_id":1330,"weight":2.4671},
{"Node_id":1331,"weight":2.173},
{"Node_id":1332,"weight":1.752},
{"Node_id":1333,"weight":2.0038},
{"Node_id":1334,"weight":1.4371},
{"Node_id":1335,"weight":2.7081},
{"Node_id":1336,"weight":1.4835},
{"Node_id":1337,"weight":1.9962},
{"Node_id":1338,"weight":2.727},
{"Node_id":1339,"weight":2.2517},
{"Node_id":1340,"weight":2.3648},
{"Node_id":1341,"weight":3.596},
{"Node_id":1342,"weight":2.6257},
{"Node_id":1343,"weight":2.4275},
{"Node_id":1344,"weight":1.9277},
{"Node_id":1345,"weight":2.3866},
{"Node_id":1346,"weight":5.3992},
{"Node_id":1347,"weight":1.4624},
{"Node_id":1348,"weight":1.5485},
{"Node_id":1349,"weight":2.3395},
{"Node_id":1350,"weight":1.8895},
{"Node_id":1351,"weight":2.4588},
{"Node_id":1352,"weight":2.2799},
{"Node_id":1353,"weight":2.8652},
{"Node_id":1354,"weight":1.5062},
{"Node_id":1355,"weight":1.4881},
{"Node_id":1356,"weight":1.5842},
{"Node_id":1357,"weight":1.4921},
{"Node_id":1358,"weight":1.8078},
{"Node_id":1359,"weight":1.776},
{"Node_id":1360,"weight":3.305},
{"Node_id":1361,"weight":2.5959},
{"Node_id":1362,"weight":1.6974},
{"Node_id":1363,"weight":2.2196},
{"Node_id":1364,"weight":1.4848},
{"Node_id":1365,"weight":2.881},
{"Node_id":1366,"weight":1.7401},
{"Node_id":1367,"weight":2.3234},
{"Node_id":1368,"weight":1.6208},
{"Node_id":1369,"weight":2.6563},
{"Node_id":1370,"weight":1.6486},
{"Node_id":1371,"weight":1.9332},
{"Node_id":1372,"weight":1.8523},
{"Node_id":1373,"weight":2.8229},
{"Node_id":1374,"weight":2.5579},
{"Node_id":1375,"weight":2.6401},
{"Node_id":1376,"weight":1.5272},
{"Node_id":1377,"weight":1.5368},
{"Node_id":1378,"weight":4.8078},
{"Node_id":1379,"weight":1.9868},
{"Node_id":1381,"weight":1.9287},
{"Node_id":1382,"weight":1.5049},
{"Node_id":1384,"weight":1.5977},
{"Node_id":1385,"weight":2.5489},
{"Node_id":1386,"weight":2.1928},
{"Node_id":1388,"weight":2.3776},
{"Node_id":1389,"weight":2.2799},
{"Node_id":1390,"weight":2.4369},
{"Node_id":1391,"weight":3.0881},
{"Node_id":1392,"weight":1.4565},
{"Node_id":1393,"weight":2.0816},
{"Node_id":1394,"weight":2.7784},
{"Node_id":1396,"weight":2.0907},
{"Node_id":1397,"weight":6.0725},
{"Node_id":1398,"weight":2.8574},
{"Node_id":1399,"weight":1.4178},
{"Node_id":1400,"weight":1.5992},
{"Node_id":1401,"weight":2.1719},
{"Node_id":1402,"weight":1.5035},
{"Node_id":1403,"weight":1.3882},
{"Node_id":1404,"weight":2.2576},
{"Node_id":1405,"weight":3.3652},
{"Node_id":1406,"weight":2.5254},
{"Node_id":1407,"weight":1.7105},
{"Node_id":1408,"weight":4.8458},
{"Node_id":1409,"weight":2.2552},
{"Node_id":1410,"weight":1.3988},
{"Node_id":1411,"weight":1.4172},
{"Node_id":1412,"weight":1.6523},
{"Node_id":1413,"weight":1.7963},
{"Node_id":1414,"weight":4.1002},
{"Node_id":1415,"weight":2.5066},
{"Node_id":1416,"weight":2.5385},
{"Node_id":1417,"weight":2.877},
{"Node_id":1418,"weight":1.9523},
{"Node_id":1419,"weight":2.5714},
{"Node_id":1420,"weight":1.4565},
{"Node_id":1421,"weight":1.744},
{"Node_id":1422,"weight":1.6732},
{"Node_id":1423,"weight":1.798},
{"Node_id":1424,"weight":1.9305},
{"Node_id":1425,"weight":1.4229},
{"Node_id":1426,"weight":1.543},
{"Node_id":1427,"weight":4.1711},
{"Node_id":1428,"weight":2.6711},
{"Node_id":1429,"weight":2.205},
{"Node_id":1430,"weight":3.1347},
{"Node_id":1431,"weight":1.4815},
{"Node_id":1432,"weight":1.752},
{"Node_id":1433,"weight":3.0252},
{"Node_id":1434,"weight":1.6368},
{"Node_id":1435,"weight":2.9593},
{"Node_id":1436,"weight":3.1964},
{"Node_id":1437,"weight":2.0565},
{"Node_id":1438,"weight":1.9296},
{"Node_id":1439,"weight":1.8136},
{"Node_id":1440,"weight":2.2242},
{"Node_id":1441,"weight":2.3571},
{"Node_id":1442,"weight":3.8038},
{"Node_id":1443,"weight":2.0938},
{"Node_id":1444,"weight":2.0745},
{"Node_id":1445,"weight":2.5123},
{"Node_id":1446,"weight":1.5786},
{"Node_id":1447,"weight":1.726},
{"Node_id":1448,"weight":1.4663},
{"Node_id":1449,"weight":2.6563},
{"Node_id":1450,"weight":1.4147},
{"Node_id":1451,"weight":2.9011},
{"Node_id":1452,"weight":5.2347},
{"Node_id":1453,"weight":3.4095},
{"Node_id":1454,"weight":3.4225},
{"Node_id":1455,"weight":1.8557},
{"Node_id":1456,"weight":2.6498},
{"Node_id":1457,"weight":2.1134},
{"Node_id":1458,"weight":2.366},
{"Node_id":1459,"weight":1.9395},
{"Node_id":1460,"weight":3.1859},
{"Node_id":1461,"weight":2.2907},
{"Node_id":1462,"weight":1.8337},
{"Node_id":1463,"weight":1.5652},
{"Node_id":1464,"weight":2.543},
{"Node_id":1465,"weight":5.8061},
{"Node_id":1466,"weight":3.6969},
{"Node_id":1467,"weight":2.1774},
{"Node_id":1468,"weight":1.4795},
{"Node_id":1469,"weight":1.3944},
{"Node_id":1470,"weight":2.3222},
{"Node_id":1471,"weight":1.8012},
{"Node_id":1472,"weight":5.2933},
{"Node_id":1473,"weight":3.3079},
{"Node_id":1474,"weight":4.4278},
{"Node_id":1475,"weight":1.5652},
{"Node_id":1476,"weight":2.5944},
{"Node_id":1477,"weight":2.0856},
{"Node_id":1478,"weight":1.5029},
{"Node_id":1479,"weight":2.8751},
{"Node_id":1480,"weight":1.5361},
{"Node_id":1481,"weight":3.2342},
{"Node_id":1482,"weight":1.9432},
{"Node_id":1483,"weight":1.639},
{"Node_id":1484,"weight":2.0436},
{"Node_id":1487,"weight":5.7105},
{"Node_id":1490,"weight":2.0019},
{"Node_id":1492,"weight":3.9124},
{"Node_id":1495,"weight":1.7841},
{"Node_id":1499,"weight":2.5975},
{"Node_id":1502,"weight":2.1418},
{"Node_id":1504,"weight":1.9098},
{"Node_id":1507,"weight":1.4242},
{"Node_id":1510,"weight":2.5913},
{"Node_id":1513,"weight":1.6822},
{"Node_id":1517,"weight":3.5004},
{"Node_id":1520,"weight":1.4096},
{"Node_id":1524,"weight":1.8834},
{"Node_id":1525,"weight":1.6657},
{"Node_id":1526,"weight":2.0918},
{"Node_id":1527,"weight":4.8588},
{"Node_id":1528,"weight":2.9257},
{"Node_id":1529,"weight":3.4323},
{"Node_id":1535,"weight":1.6258},
{"Node_id":1538,"weight":2.5913},
{"Node_id":1539,"weight":2.0154},
{"Node_id":1540,"weight":1.8756},
{"Node_id":1568,"weight":1.5423},
{"Node_id":1575,"weight":2.5254},
{"Node_id":1576,"weight":1.8808},
{"Node_id":1583,"weight":2.8496},
{"Node_id":1584,"weight":1.8178},
{"Node_id":1592,"weight":1.8153},
{"Node_id":1593,"weight":2.4302},
{"Node_id":1595,"weight":2.2611},
{"Node_id":1596,"weight":4.1982},
{"Node_id":1597,"weight":3.6392},
{"Node_id":1598,"weight":1.9727},
{"Node_id":1599,"weight":5.7414},
{"Node_id":1600,"weight":3.0929},
{"Node_id":1601,"weight":2.3609},
{"Node_id":1602,"weight":1.7113},
{"Node_id":1603,"weight":1.4268},
{"Node_id":1606,"weight":2.9896},
{"Node_id":1607,"weight":2.0938},
{"Node_id":1608,"weight":3.6718},
{"Node_id":1609,"weight":2.1124},
{"Node_id":1610,"weight":2.5519},
{"Node_id":1611,"weight":2.3445},
{"Node_id":1612,"weight":1.5527},
{"Node_id":1613,"weight":1.752},
{"Node_id":1614,"weight":2.7658},
{"Node_id":1615,"weight":1.9241},
{"Node_id":1616,"weight":1.8506},
{"Node_id":1617,"weight":2.4951},
{"Node_id":1618,"weight":3.3168},
{"Node_id":1619,"weight":1.9368},
{"Node_id":1620,"weight":2.2599},
{"Node_id":1621,"weight":1.8532},
{"Node_id":1622,"weight":2.2379},
{"Node_id":1623,"weight":1.8379},
{"Node_id":1624,"weight":3.6718},
{"Node_id":1625,"weight":1.6317},
{"Node_id":1626,"weight":3.7624},
{"Node_id":1627,"weight":1.5617},
{"Node_id":1628,"weight":1.8566},
{"Node_id":1629,"weight":1.8575},
{"Node_id":1630,"weight":1.6013},
{"Node_id":1632,"weight":3.2648},
{"Node_id":1634,"weight":2.508},
{"Node_id":1635,"weight":1.4198},
{"Node_id":1636,"weight":2.4478},
{"Node_id":1637,"weight":3.0184},
{"Node_id":1638,"weight":1.4474},
{"Node_id":1639,"weight":3.0229},
{"Node_id":1640,"weight":2.9529},
{"Node_id":1641,"weight":2.0377},
{"Node_id":1642,"weight":1.5218},
{"Node_id":1645,"weight":2.0555},
{"Node_id":1647,"weight":1.8261},
{"Node_id":1648,"weight":2.887},
{"Node_id":1650,"weight":1.7898},
{"Node_id":1651,"weight":3.3999},
{"Node_id":1652,"weight":2.0545},
{"Node_id":1654,"weight":2.0928},
{"Node_id":1655,"weight":2.0105},
{"Node_id":1656,"weight":1.5582},
{"Node_id":1659,"weight":2.6466},
{"Node_id":1660,"weight":1.4134},
{"Node_id":1661,"weight":1.8186},
{"Node_id":1665,"weight":3.5922},
{"Node_id":1666,"weight":1.8371},
{"Node_id":1667,"weight":2.5564},
{"Node_id":1670,"weight":1.4293},
{"Node_id":1672,"weight":2.2028},
{"Node_id":1673,"weight":3.2905},
{"Node_id":1674,"weight":3.7357},
{"Node_id":1677,"weight":1.6368},
{"Node_id":1678,"weight":1.9188},
{"Node_id":1680,"weight":5.045},
{"Node_id":1681,"weight":3.3168},
{"Node_id":1682,"weight":2.5356},
{"Node_id":1685,"weight":3.8817},
{"Node_id":1686,"weight":2.7839},
{"Node_id":1689,"weight":1.9395},
{"Node_id":1690,"weight":1.4915},
{"Node_id":1691,"weight":1.6936},
{"Node_id":1694,"weight":3.3746},
{"Node_id":1695,"weight":3.3871},
{"Node_id":1699,"weight":1.8843},
{"Node_id":1700,"weight":1.45},
{"Node_id":1701,"weight":2.2847},
{"Node_id":1704,"weight":1.4442},
{"Node_id":1705,"weight":2.9381},
{"Node_id":1710,"weight":1.9662},
{"Node_id":1711,"weight":1.6324},
{"Node_id":1712,"weight":1.7456},
{"Node_id":1715,"weight":1.6717},
{"Node_id":1716,"weight":1.5927},
{"Node_id":1722,"weight":3.1964},
{"Node_id":1723,"weight":1.5069},
{"Node_id":1724,"weight":2.2219},
{"Node_id":1727,"weight":2.3027},
{"Node_id":1728,"weight":3.4063},
{"Node_id":1740,"weight":2.4895},
{"Node_id":1743,"weight":2.2118},
{"Node_id":1747,"weight":1.45},
{"Node_id":1752,"weight":1.656},
{"Node_id":1755,"weight":2.1503},
{"Node_id":1758,"weight":1.4703},
{"Node_id":1761,"weight":3.1148},
{"Node_id":1765,"weight":1.5715},
{"Node_id":1768,"weight":1.5771},
{"Node_id":1770,"weight":2.1093},
{"Node_id":1773,"weight":3.2847},
{"Node_id":1776,"weight":1.8211},
{"Node_id":1778,"weight":1.8992},
{"Node_id":1782,"weight":1.5863},
{"Node_id":1785,"weight":1.4789},
{"Node_id":1787,"weight":1.5541},
{"Node_id":1792,"weight":2.3905},
{"Node_id":1795,"weight":2.2859},
{"Node_id":1797,"weight":4.1002},
{"Node_id":1803,"weight":1.6739},
{"Node_id":1806,"weight":1.4591},
{"Node_id":1808,"weight":2.2344},
{"Node_id":1815,"weight":1.854},
{"Node_id":1818,"weight":2.3027},
{"Node_id":1820,"weight":1.8617},
{"Node_id":1825,"weight":2.5094},
{"Node_id":1828,"weight":2.8535},
{"Node_id":1831,"weight":1.5382},
{"Node_id":1833,"weight":1.812},
{"Node_id":1838,"weight":2.401},
{"Node_id":1839,"weight":6.8113},
{"Node_id":1842,"weight":2.2265},
{"Node_id":1845,"weight":2.5474},
{"Node_id":1847,"weight":1.4948},
{"Node_id":1852,"weight":4.3858},
{"Node_id":1853,"weight":4.3614},
{"Node_id":1854,"weight":3.1807},
{"Node_id":1857,"weight":1.7988},
{"Node_id":1860,"weight":1.8128},
{"Node_id":1862,"weight":2.9174},
{"Node_id":1867,"weight":3.6352},
{"Node_id":1869,"weight":1.9395},
{"Node_id":1873,"weight":2.3711},
{"Node_id":1874,"weight":4.0221},
{"Node_id":1876,"weight":4.1127},
{"Node_id":1878,"weight":2.0615},
{"Node_id":1883,"weight":3.9549},
{"Node_id":1889,"weight":4.833},
{"Node_id":1890,"weight":1.5485},
{"Node_id":1891,"weight":2.3063},
{"Node_id":1892,"weight":1.8957},
{"Node_id":1893,"weight":1.8045},
{"Node_id":1894,"weight":3.1422},
{"Node_id":1895,"weight":4.1914},
{"Node_id":1896,"weight":4.3534},
{"Node_id":1897,"weight":1.6302},
{"Node_id":1898,"weight":1.8738},
{"Node_id":1899,"weight":1.5245},
{"Node_id":1900,"weight":5.0294},
{"Node_id":1901,"weight":1.5807},
{"Node_id":1902,"weight":3.8716},
{"Node_id":1903,"weight":2.2907},
{"Node_id":1904,"weight":2.6612},
{"Node_id":1905,"weight":2.2061},
{"Node_id":1906,"weight":1.5218},
{"Node_id":1907,"weight":2.2017},
{"Node_id":1908,"weight":5.3771},
{"Node_id":1909,"weight":2.3918},
{"Node_id":1910,"weight":1.5327},
{"Node_id":1911,"weight":1.5527},
{"Node_id":1912,"weight":2.2448},
{"Node_id":1913,"weight":2.1752},
{"Node_id":1914,"weight":3.0953},
{"Node_id":1916,"weight":3.1651},
{"Node_id":1919,"weight":1.8103},
{"Node_id":1923,"weight":2.3458},
{"Node_id":1927,"weight":4.1778},
{"Node_id":1928,"weight":2.1155},
{"Node_id":1932,"weight":1.8678},
{"Node_id":1933,"weight":4.8458},
{"Node_id":1934,"weight":2.7218},
{"Node_id":1938,"weight":1.5828},
{"Node_id":1939,"weight":2.0685},
{"Node_id":1940,"weight":4.2051},
{"Node_id":1941,"weight":2.7218},
{"Node_id":1945,"weight":2.9743},
{"Node_id":1946,"weight":2.4155},
{"Node_id":1947,"weight":5.3343},
{"Node_id":1948,"weight":1.5416},
{"Node_id":1949,"weight":2.6861},
{"Node_id":1953,"weight":8.517},
{"Node_id":1954,"weight":3.0095},
{"Node_id":1955,"weight":2.0416},
{"Node_id":1956,"weight":1.9839},
{"Node_id":1957,"weight":1.5561},
{"Node_id":1958,"weight":1.7971},
{"Node_id":1962,"weight":2.474},
{"Node_id":1963,"weight":1.7663},
{"Node_id":1964,"weight":3.0857},
{"Node_id":1965,"weight":1.4921},
{"Node_id":1966,"weight":1.7671},
{"Node_id":1967,"weight":4.4024},
{"Node_id":1968,"weight":1.9652},
{"Node_id":1972,"weight":1.7097},
{"Node_id":1973,"weight":1.6142},
{"Node_id":1974,"weight":2.1972},
{"Node_id":1975,"weight":2.6678},
{"Node_id":1976,"weight":1.4026},
{"Node_id":1977,"weight":2.2764},
{"Node_id":1978,"weight":2.342},
{"Node_id":1982,"weight":2.1197},
{"Node_id":1983,"weight":1.5347},
{"Node_id":1984,"weight":3.279},
{"Node_id":1985,"weight":1.8515},
{"Node_id":1986,"weight":1.5177},
{"Node_id":1987,"weight":2.401},
{"Node_id":1988,"weight":3.2205},
{"Node_id":1989,"weight":4.1254},
{"Node_id":1993,"weight":2.0836},
{"Node_id":1994,"weight":1.5197},
{"Node_id":1995,"weight":1.7825},
{"Node_id":1996,"weight":3.2818},
{"Node_id":1997,"weight":2.3853},
{"Node_id":1998,"weight":1.7074},
{"Node_id":1999,"weight":1.43},
{"Node_id":2001,"weight":3.1912},
{"Node_id":2005,"weight":1.7841},
{"Node_id":2006,"weight":1.4422},
{"Node_id":2007,"weight":2.8191},
{"Node_id":2008,"weight":3.1833},
{"Node_id":2009,"weight":3.3168},
{"Node_id":2010,"weight":2.5066},
{"Node_id":2011,"weight":2.4881},
{"Node_id":2013,"weight":1.6244},
{"Node_id":2014,"weight":1.9532},
{"Node_id":2018,"weight":1.3894},
{"Node_id":2019,"weight":1.5444},
{"Node_id":2020,"weight":2.223},
{"Node_id":2021,"weight":2.3222},
{"Node_id":2022,"weight":3.3197},
{"Node_id":2023,"weight":2.274},
{"Node_id":2024,"weight":2.4356},
{"Node_id":2026,"weight":1.822},
{"Node_id":2027,"weight":1.8583},
{"Node_id":2028,"weight":2.4221},
{"Node_id":2032,"weight":3.2314},
{"Node_id":2033,"weight":1.7151},
{"Node_id":2034,"weight":2.7063},
{"Node_id":2035,"weight":3.9282},
{"Node_id":2036,"weight":1.9934},
{"Node_id":2037,"weight":1.4377},
{"Node_id":2038,"weight":2.0836},
{"Node_id":2040,"weight":1.7089},
{"Node_id":2041,"weight":1.7276},
{"Node_id":2042,"weight":5.5429},
{"Node_id":2043,"weight":1.4371},
{"Node_id":2047,"weight":5.2159},
{"Node_id":2048,"weight":4.9989},
{"Node_id":2049,"weight":4.6053},
{"Node_id":2050,"weight":1.712},
{"Node_id":2051,"weight":1.5389},
{"Node_id":2052,"weight":5.4217},
{"Node_id":2053,"weight":1.7906},
{"Node_id":2055,"weight":1.7198},
{"Node_id":2056,"weight":1.5327},
{"Node_id":2057,"weight":3.2619},
{"Node_id":2059,"weight":5.2347},
{"Node_id":2060,"weight":1.9606},
{"Node_id":2061,"weight":1.7719},
{"Node_id":2062,"weight":1.4474},
{"Node_id":2063,"weight":2.4768},
{"Node_id":2073,"weight":1.8396},
{"Node_id":2074,"weight":1.7417},
{"Node_id":2075,"weight":2.9808},
{"Node_id":2076,"weight":4.3534},
{"Node_id":2077,"weight":2.2529},
{"Node_id":2078,"weight":1.4128},
{"Node_id":2079,"weight":1.5992},
{"Node_id":2080,"weight":1.6762},
{"Node_id":2081,"weight":2.0212},
{"Node_id":2082,"weight":3.0389},
{"Node_id":2083,"weight":3.3377},
{"Node_id":2084,"weight":2.1578},
{"Node_id":2085,"weight":2.5684},
{"Node_id":2086,"weight":3.1222},
{"Node_id":2087,"weight":4.0939},
{"Node_id":2088,"weight":2.5913},
{"Node_id":2090,"weight":1.9792},
{"Node_id":2091,"weight":2.0948},
{"Node_id":2093,"weight":2.9113},
{"Node_id":2094,"weight":1.9699},
{"Node_id":2095,"weight":1.9953},
{"Node_id":2097,"weight":3.7401},
{"Node_id":2098,"weight":1.7639},
{"Node_id":2099,"weight":1.5265},
{"Node_id":2100,"weight":3.6038},
{"Node_id":2102,"weight":1.5963},
{"Node_id":2103,"weight":2.3112},
{"Node_id":2104,"weight":3.1523},
{"Node_id":2105,"weight":2.6434},
{"Node_id":2106,"weight":2.3711},
{"Node_id":2108,"weight":2.6194},
{"Node_id":2109,"weight":1.3995},
{"Node_id":2110,"weight":1.7401},
{"Node_id":2111,"weight":2.9765},
{"Node_id":2112,"weight":2.0685},
{"Node_id":2113,"weight":1.4644},
{"Node_id":2115,"weight":1.6208},
{"Node_id":2116,"weight":1.39},
{"Node_id":2117,"weight":1.9597},
{"Node_id":2118,"weight":2.5836},
{"Node_id":2119,"weight":1.402},
{"Node_id":2120,"weight":2.1082},
{"Node_id":2121,"weight":5.5957},
{"Node_id":2122,"weight":1.8515},
{"Node_id":2123,"weight":1.4928},
{"Node_id":2124,"weight":2.1344},
{"Node_id":2125,"weight":2.4181},
{"Node_id":2126,"weight":2.1884},
{"Node_id":2127,"weight":2.1},
{"Node_id":2129,"weight":2.6337},
{"Node_id":2130,"weight":1.7448},
{"Node_id":2131,"weight":1.6331},
{"Node_id":2132,"weight":2.0397},
{"Node_id":2133,"weight":1.7464},
{"Node_id":2134,"weight":1.9802},
{"Node_id":2135,"weight":2.027},
{"Node_id":2136,"weight":1.5828},
{"Node_id":2137,"weight":3.0504},
{"Node_id":2138,"weight":1.4281},
{"Node_id":2139,"weight":2.1557},
{"Node_id":2140,"weight":1.7881},
{"Node_id":2146,"weight":1.6575},
{"Node_id":2149,"weight":3.2342},
{"Node_id":2150,"weight":2.645},
{"Node_id":2151,"weight":1.575},
{"Node_id":2152,"weight":2.1884},
{"Node_id":2153,"weight":3.3317},
{"Node_id":2154,"weight":1.5089},
{"Node_id":2155,"weight":3.2044},
{"Node_id":2156,"weight":1.7005},
{"Node_id":2157,"weight":1.9505},
{"Node_id":2158,"weight":2.658},
{"Node_id":2159,"weight":1.7703},
{"Node_id":2160,"weight":2.9257},
{"Node_id":2161,"weight":1.5368},
{"Node_id":2162,"weight":2.7445},
{"Node_id":2163,"weight":1.9962},
{"Node_id":2164,"weight":3.4095},
{"Node_id":2165,"weight":1.4578},
{"Node_id":2166,"weight":2.31},
{"Node_id":2167,"weight":2.4951},
{"Node_id":2168,"weight":1.4468},
{"Node_id":2169,"weight":2.0231},
{"Node_id":2170,"weight":2.3445},
{"Node_id":2171,"weight":4.9989},
{"Node_id":2172,"weight":1.4631},
{"Node_id":2173,"weight":5.5957},
{"Node_id":2174,"weight":1.7504},
{"Node_id":2175,"weight":1.5513},
{"Node_id":2176,"weight":1.5764},
{"Node_id":2177,"weight":2.4049},
{"Node_id":2178,"weight":4.4896},
{"Node_id":2179,"weight":3.8567},
{"Node_id":2180,"weight":1.5708},
{"Node_id":2181,"weight":1.5582},
{"Node_id":2182,"weight":3.8616},
{"Node_id":2183,"weight":1.513},
{"Node_id":2184,"weight":5.4448},
{"Node_id":2185,"weight":2.7322},
{"Node_id":2186,"weight":1.4077},
{"Node_id":2187,"weight":6.0725},
{"Node_id":2188,"weight":1.6868},
{"Node_id":2189,"weight":1.4229},
{"Node_id":2190,"weight":2.9423},
{"Node_id":2191,"weight":1.7784},
{"Node_id":2192,"weight":2.0585},
{"Node_id":2193,"weight":1.8506},
{"Node_id":2194,"weight":1.9634},
{"Node_id":2195,"weight":1.702},
{"Node_id":2196,"weight":1.9588},
{"Node_id":2197,"weight":4.212},
{"Node_id":2198,"weight":3.5326},
{"Node_id":2199,"weight":3.248},
{"Node_id":2200,"weight":1.4526},
{"Node_id":2201,"weight":1.4565},
{"Node_id":2202,"weight":2.1093},
{"Node_id":2208,"weight":2.3763},
{"Node_id":2211,"weight":2.0605},
{"Node_id":2215,"weight":1.5191},
{"Node_id":2217,"weight":1.9072},
{"Node_id":2220,"weight":2.4275},
{"Node_id":2222,"weight":2.0241},
{"Node_id":2226,"weight":3.7624},
{"Node_id":2228,"weight":2.9678},
{"Node_id":2233,"weight":1.5596},
{"Node_id":2235,"weight":1.4901},
{"Node_id":2238,"weight":2.1493},
{"Node_id":2240,"weight":2.9917},
{"Node_id":2241,"weight":1.5779},
{"Node_id":2242,"weight":2.1503},
{"Node_id":2243,"weight":1.465},
{"Node_id":2244,"weight":1.9811},
{"Node_id":2245,"weight":1.4526},
{"Node_id":2246,"weight":1.5771},
{"Node_id":2247,"weight":1.8062},
{"Node_id":2248,"weight":2.0125},
{"Node_id":2249,"weight":5.7414},
{"Node_id":2250,"weight":4.1318},
{"Node_id":2251,"weight":2.5371},
{"Node_id":2252,"weight":2.1323},
{"Node_id":2253,"weight":1.4223},
{"Node_id":2254,"weight":4.3858},
{"Node_id":2255,"weight":4.4364},
{"Node_id":2256,"weight":1.4064},
{"Node_id":2257,"weight":1.4533},
{"Node_id":2258,"weight":1.513},
{"Node_id":2259,"weight":1.7036},
{"Node_id":2260,"weight":2.1218},
{"Node_id":2261,"weight":4.4451},
{"Node_id":2262,"weight":1.6538},
{"Node_id":2263,"weight":2.2185},
{"Node_id":2264,"weight":1.7535},
{"Node_id":2265,"weight":2.102},
{"Node_id":2266,"weight":1.397},
{"Node_id":2267,"weight":2.0685},
{"Node_id":2268,"weight":1.8851},
{"Node_id":2269,"weight":1.8379},
{"Node_id":2270,"weight":5.6515},
{"Node_id":2271,"weight":1.8992},
{"Node_id":2272,"weight":1.7939},
{"Node_id":2273,"weight":2.0125},
{"Node_id":2274,"weight":2.5594},
{"Node_id":2275,"weight":1.7244},
{"Node_id":2276,"weight":3.6969},
{"Node_id":2277,"weight":3.1703},
{"Node_id":2278,"weight":1.5184},
{"Node_id":2279,"weight":1.3869},
{"Node_id":2280,"weight":2.1829},
{"Node_id":2281,"weight":2.2196},
{"Node_id":2282,"weight":1.9597},
{"Node_id":2283,"weight":2.8477},
{"Node_id":2284,"weight":1.6694},
{"Node_id":2285,"weight":3.577},
{"Node_id":2286,"weight":2.889},
{"Node_id":2287,"weight":2.885},
{"Node_id":2288,"weight":1.5259},
{"Node_id":2289,"weight":3.8567},
{"Node_id":2290,"weight":3.3079},
{"Node_id":2291,"weight":1.8354},
{"Node_id":2292,"weight":1.7736},
{"Node_id":2293,"weight":3.714},
{"Node_id":2294,"weight":1.8371},
{"Node_id":2295,"weight":2.9808},
{"Node_id":2296,"weight":2.9614},
{"Node_id":2297,"weight":3.4934},
{"Node_id":2298,"weight":1.3882},
{"Node_id":2299,"weight":1.7623},
{"Node_id":2300,"weight":2.3711},
{"Node_id":2301,"weight":1.4313},
{"Node_id":2302,"weight":1.5527},
{"Node_id":2303,"weight":2.2599},
{"Node_id":2304,"weight":2.0029},
{"Node_id":2305,"weight":2.6596},
{"Node_id":2306,"weight":1.9359},
{"Node_id":2307,"weight":2.9381},
{"Node_id":2308,"weight":2.9174},
{"Node_id":2309,"weight":1.6171},
{"Node_id":2310,"weight":1.8103},
{"Node_id":2311,"weight":1.5334},
{"Node_id":2312,"weight":2.887},
{"Node_id":2313,"weight":1.8186},
{"Node_id":2314,"weight":1.9542},
{"Node_id":2325,"weight":1.6785},
{"Node_id":2326,"weight":3.0006},
{"Node_id":2327,"weight":2.1785},
{"Node_id":2328,"weight":3.0786},
{"Node_id":2329,"weight":3.8275},
{"Node_id":2330,"weight":1.7881},
{"Node_id":2331,"weight":3.055},
{"Node_id":2332,"weight":1.9662},
{"Node_id":2333,"weight":2.4671},
{"Node_id":2334,"weight":3.2905},
{"Node_id":2335,"weight":1.901},
{"Node_id":2336,"weight":1.9802},
{"Node_id":2337,"weight":1.9802},
{"Node_id":2338,"weight":7.8236},
{"Node_id":2340,"weight":1.8021},
{"Node_id":2342,"weight":1.6913},
{"Node_id":2343,"weight":2.645},
{"Node_id":2344,"weight":4.0163},
{"Node_id":2345,"weight":1.4915},
{"Node_id":2346,"weight":1.5347},
{"Node_id":2347,"weight":2.6531},
{"Node_id":2348,"weight":2.2611},
{"Node_id":2354,"weight":2.9508},
{"Node_id":2357,"weight":1.9625},
{"Node_id":2358,"weight":3.4456},
{"Node_id":2361,"weight":1.4121},
{"Node_id":2362,"weight":2.7569},
{"Node_id":2363,"weight":5.11},
{"Node_id":2366,"weight":2.3309},
{"Node_id":2367,"weight":1.4468},
{"Node_id":2368,"weight":4.8588},
{"Node_id":2369,"weight":2.1218},
{"Node_id":2372,"weight":2.5327},
{"Node_id":2373,"weight":1.5286},
{"Node_id":2374,"weight":2.1708},
{"Node_id":2375,"weight":1.7792},
{"Node_id":2376,"weight":1.5835},
{"Node_id":2379,"weight":2.0575},
{"Node_id":2380,"weight":1.9662},
{"Node_id":2381,"weight":1.4249},
{"Node_id":2382,"weight":1.9072},
{"Node_id":2383,"weight":1.8635},
{"Node_id":2384,"weight":2.7183},
{"Node_id":2387,"weight":2.1665},
{"Node_id":2388,"weight":2.3944},
{"Node_id":2389,"weight":1.8447},
{"Node_id":2390,"weight":6.1171},
{"Node_id":2391,"weight":2.5564},
{"Node_id":2392,"weight":1.7663},
{"Node_id":2393,"weight":1.9962},
{"Node_id":2396,"weight":1.6317},
{"Node_id":2397,"weight":2.0989},
{"Node_id":2398,"weight":3.1222},
{"Node_id":2399,"weight":2.3737},
{"Node_id":2400,"weight":2.0125},
{"Node_id":2401,"weight":3.6352},
{"Node_id":2402,"weight":5.2539},
{"Node_id":2403,"weight":2.8613},
{"Node_id":2406,"weight":2.6894},
{"Node_id":2407,"weight":1.6215},
{"Node_id":2408,"weight":2.1796},
{"Node_id":2409,"weight":2.6962},
{"Node_id":2410,"weight":2.2611},
{"Node_id":2411,"weight":1.5368},
{"Node_id":2412,"weight":1.5211},
{"Node_id":2413,"weight":1.789},
{"Node_id":2414,"weight":2.2185},
{"Node_id":2417,"weight":1.6157},
{"Node_id":2418,"weight":4.0455},
{"Node_id":2419,"weight":2.9174},
{"Node_id":2420,"weight":2.4519},
{"Node_id":2421,"weight":3.5075},
{"Node_id":2422,"weight":1.5225},
{"Node_id":2423,"weight":1.9953},
{"Node_id":2424,"weight":2.214},
{"Node_id":2425,"weight":2.1312},
{"Node_id":2426,"weight":2.1568},
{"Node_id":2427,"weight":4.3454},
{"Node_id":2428,"weight":2.8248},
{"Node_id":2431,"weight":2.4994},
{"Node_id":2432,"weight":1.748},
{"Node_id":2433,"weight":1.4855},
{"Node_id":2434,"weight":2.764},
{"Node_id":2435,"weight":1.8721},
{"Node_id":2436,"weight":2.4492},
{"Node_id":2437,"weight":1.8904},
{"Node_id":2438,"weight":1.9783},
{"Node_id":2439,"weight":1.6508},
{"Node_id":2440,"weight":2.1302},
{"Node_id":2441,"weight":2.4356},
{"Node_id":2442,"weight":2.0897},
{"Node_id":2443,"weight":3.1322},
{"Node_id":2444,"weight":1.956},
{"Node_id":2445,"weight":4.5362},
{"Node_id":2446,"weight":2.8574},
{"Node_id":2447,"weight":1.925},
{"Node_id":2448,"weight":3.2314},
{"Node_id":2449,"weight":4.6053},
{"Node_id":2450,"weight":2.7839},
{"Node_id":2451,"weight":1.5177},
{"Node_id":2452,"weight":1.414},
{"Node_id":2453,"weight":1.7496},
{"Node_id":2454,"weight":2.0318},
{"Node_id":2455,"weight":3.2424},
{"Node_id":2456,"weight":1.8756},
{"Node_id":2484,"weight":2.4657},
{"Node_id":2491,"weight":1.7671},
{"Node_id":2499,"weight":1.5069},
{"Node_id":2508,"weight":1.8455},
{"Node_id":2511,"weight":1.4442},
{"Node_id":2514,"weight":2.5519},
{"Node_id":2515,"weight":1.6346},
{"Node_id":2516,"weight":2.8343},
{"Node_id":2518,"weight":8.517},
{"Node_id":2521,"weight":1.6508},
{"Node_id":2524,"weight":2.5371},
{"Node_id":2525,"weight":1.414},
{"Node_id":2526,"weight":2.4643},
{"Node_id":2527,"weight":1.8278},
{"Node_id":2528,"weight":2.5867},
{"Node_id":2529,"weight":3.2992},
{"Node_id":2530,"weight":2.5137},
{"Node_id":2531,"weight":1.5701},
{"Node_id":2532,"weight":4.4192},
{"Node_id":2533,"weight":1.4287},
{"Node_id":2534,"weight":2.5836},
{"Node_id":2535,"weight":1.4422},
{"Node_id":2536,"weight":2.4712},
{"Node_id":2537,"weight":3.6154},
{"Node_id":2538,"weight":1.4749},
{"Node_id":2539,"weight":2.1546},
{"Node_id":2540,"weight":2.727},
{"Node_id":2541,"weight":2.8751},
{"Node_id":2542,"weight":3.9604},
{"Node_id":2543,"weight":2.2705},
{"Node_id":2544,"weight":3.6352},
{"Node_id":2545,"weight":1.7663},
{"Node_id":2546,"weight":1.7082},
{"Node_id":2547,"weight":1.8515},
{"Node_id":2548,"weight":3.4865},
{"Node_id":2549,"weight":1.6027},
{"Node_id":2550,"weight":3.4865},
{"Node_id":2551,"weight":1.9027},
{"Node_id":2552,"weight":3.0621},
{"Node_id":2553,"weight":1.6092},
{"Node_id":2554,"weight":2.0897},
{"Node_id":2555,"weight":1.8128},
{"Node_id":2556,"weight":1.4461},
{"Node_id":2557,"weight":2.0446},
{"Node_id":2558,"weight":2.5821},
{"Node_id":2559,"weight":3.4761},
{"Node_id":2560,"weight":1.5062},
{"Node_id":2561,"weight":2.0989},
{"Node_id":2562,"weight":2.3788},
{"Node_id":2563,"weight":1.5485},
{"Node_id":2564,"weight":4.4108},
{"Node_id":2565,"weight":1.6951},
{"Node_id":2566,"weight":1.827},
{"Node_id":2567,"weight":1.4384},
{"Node_id":2568,"weight":2.7551},
{"Node_id":2569,"weight":1.7409},
{"Node_id":2570,"weight":2.1333},
{"Node_id":2571,"weight":1.9634},
{"Node_id":2572,"weight":1.8111},
{"Node_id":2573,"weight":2.7604},
{"Node_id":2574,"weight":1.5779},
{"Node_id":2575,"weight":4.1383},
{"Node_id":2576,"weight":1.4565},
{"Node_id":2577,"weight":3.6233},
{"Node_id":2578,"weight":1.7599},
{"Node_id":2579,"weight":2.5806},
{"Node_id":2580,"weight":1.4096},
{"Node_id":2581,"weight":3.9072},
{"Node_id":2582,"weight":1.8211},
{"Node_id":2583,"weight":2.5312},
{"Node_id":2584,"weight":1.8037},
{"Node_id":2585,"weight":2.9657},
{"Node_id":2586,"weight":2.6514},
{"Node_id":2587,"weight":1.4229},
{"Node_id":2588,"weight":2.7132},
{"Node_id":2589,"weight":1.8404},
{"Node_id":2590,"weight":1.9332},
{"Node_id":2591,"weight":2.5867},
{"Node_id":2592,"weight":1.6694},
{"Node_id":2593,"weight":4.119},
{"Node_id":2594,"weight":2.4937},
{"Node_id":2595,"weight":3.9992},
{"Node_id":2596,"weight":1.9268},
{"Node_id":2597,"weight":1.4351},
{"Node_id":2598,"weight":1.5361},
{"Node_id":2599,"weight":1.6501},
{"Node_id":2600,"weight":1.9001},
{"Node_id":2601,"weight":3.7401},
{"Node_id":2602,"weight":1.4293},
{"Node_id":2603,"weight":2.1961},
{"Node_id":2604,"weight":2.7876},
{"Node_id":2607,"weight":1.3995},
{"Node_id":2611,"weight":2.5283},
{"Node_id":2616,"weight":1.8161},
{"Node_id":2622,"weight":0.1294},
{"Node_id":2623,"weight":1.2721},
{"Node_id":2624,"weight":3.2676},
{"Node_id":2626,"weight":2.8691},
{"Node_id":2629,"weight":1.4204},
{"Node_id":2630,"weight":0.4561},
{"Node_id":2631,"weight":2.7046},
{"Node_id":2634,"weight":1.62},
{"Node_id":2636,"weight":0.6955},
{"Node_id":2637,"weight":2.5166},
{"Node_id":2638,"weight":5.4448},
{"Node_id":2640,"weight":0.6239},
{"Node_id":2644,"weight":1.9569},
{"Node_id":2645,"weight":1.6822},
{"Node_id":2652,"weight":2.0755},
{"Node_id":2654,"weight":0.4084},
{"Node_id":2655,"weight":2.3185},
{"Node_id":2666,"weight":1.2448},
{"Node_id":2670,"weight":0.7598},
{"Node_id":2673,"weight":1.827},
{"Node_id":2696,"weight":4.0878},
{"Node_id":2699,"weight":2.1741},
{"Node_id":2700,"weight":0.6803},
{"Node_id":2703,"weight":3.7011},
{"Node_id":2709,"weight":4.8588},
{"Node_id":2713,"weight":1.7089},
{"Node_id":2715,"weight":0.2302},
{"Node_id":2716,"weight":3.429},
{"Node_id":2719,"weight":0.3437},
{"Node_id":2720,"weight":0.2294},
{"Node_id":2726,"weight":0.3602},
{"Node_id":2728,"weight":1.6128},
{"Node_id":2730,"weight":4.8988},
{"Node_id":2731,"weight":1.7535},
{"Node_id":2732,"weight":0.6678},
{"Node_id":2733,"weight":1.0465},
{"Node_id":2754,"weight":1.1859},
{"Node_id":2760,"weight":0.3174},
{"Node_id":2764,"weight":0.9346},
{"Node_id":2765,"weight":2.5195},
{"Node_id":2766,"weight":1.0997},
{"Node_id":2768,"weight":0.3293},
{"Node_id":2773,"weight":0.3756},
{"Node_id":2775,"weight":0.5849},
{"Node_id":2777,"weight":0.0532},
{"Node_id":2783,"weight":0.2408},
{"Node_id":2785,"weight":0.9982},
{"Node_id":2787,"weight":0.2884},
{"Node_id":2791,"weight":0.9714},
{"Node_id":2794,"weight":0.2745},
{"Node_id":2796,"weight":0.1141},
{"Node_id":2798,"weight":0.4879},
{"Node_id":2801,"weight":0.1322},
{"Node_id":2924,"weight":1.8379},
{"Node_id":3704,"weight":1.8904},
{"Node_id":3708,"weight":0.9494},
{"Node_id":3709,"weight":1.39},
{"Node_id":3710,"weight":2.9896},
{"Node_id":3712,"weight":4.3694},
{"Node_id":3713,"weight":1.8878},
{"Node_id":3714,"weight":1.033},
{"Node_id":3715,"weight":2.1333},
{"Node_id":3716,"weight":0.6682},
{"Node_id":3722,"weight":0.7773},
{"Node_id":3725,"weight":1.3081},
{"Node_id":3730,"weight":0.1378},
{"Node_id":3732,"weight":2.4356},
{"Node_id":3736,"weight":1.2727},
{"Node_id":3738,"weight":0.8217},
{"Node_id":3739,"weight":1.139},
{"Node_id":3741,"weight":0.2152},
{"Node_id":3743,"weight":1.2791},
{"Node_id":3745,"weight":0.1987},
{"Node_id":3748,"weight":5.4927},
{"Node_id":3749,"weight":2.7586},
{"Node_id":3750,"weight":0.1463},
{"Node_id":3754,"weight":1.1521},
{"Node_id":3756,"weight":2.6547},
{"Node_id":3768,"weight":3.6677},
{"Node_id":3776,"weight":1.2208},
{"Node_id":3777,"weight":1.901},
{"Node_id":3783,"weight":0.7713},
{"Node_id":3784,"weight":0.3789},
{"Node_id":3790,"weight":1.5561},
{"Node_id":3794,"weight":0.7662},
{"Node_id":3835,"weight":1.0906},
{"Node_id":3836,"weight":0.4583},
{"Node_id":3838,"weight":0.6745},
{"Node_id":3841,"weight":1.1703},
{"Node_id":3842,"weight":0.2189},
{"Node_id":3843,"weight":0.4243},
{"Node_id":3847,"weight":1.3004},
{"Node_id":3850,"weight":0.054},
{"Node_id":3852,"weight":1.7504},
{"Node_id":3853,"weight":1.6501},
{"Node_id":3856,"weight":0.5147},
{"Node_id":3858,"weight":0.795},
{"Node_id":3862,"weight":2.6162},
{"Node_id":3864,"weight":1.5265},
{"Node_id":3867,"weight":1.5008},
{"Node_id":17755,"weight":1.9214},
{"Node_id":17759,"weight":2.184},
{"Node_id":17760,"weight":3.483},
{"Node_id":17761,"weight":2.2799},
{"Node_id":17763,"weight":1.9802},
{"Node_id":17764,"weight":2.5051},
{"Node_id":17766,"weight":2.3015},
{"Node_id":17767,"weight":2.2634},
{"Node_id":17768,"weight":2.4994},
{"Node_id":17771,"weight":1.6493},
{"Node_id":17773,"weight":2.0367},
{"Node_id":17774,"weight":1.4319},
{"Node_id":17775,"weight":3.8918},
{"Node_id":17777,"weight":1.8825},
{"Node_id":17781,"weight":2.321},
{"Node_id":17782,"weight":1.6936},
{"Node_id":17787,"weight":2.4195},
{"Node_id":17789,"weight":1.8203},
{"Node_id":17791,"weight":2.184},
{"Node_id":17792,"weight":1.7036},
{"Node_id":17797,"weight":2.7912},
{"Node_id":17803,"weight":3.7945},
{"Node_id":17807,"weight":1.5736},
{"Node_id":17808,"weight":1.9597},
{"Node_id":17810,"weight":1.4474},
{"Node_id":17812,"weight":2.0241},
{"Node_id":17834,"weight":2.4866},
{"Node_id":17837,"weight":3.2124},
{"Node_id":17838,"weight":2.5123},
{"Node_id":17841,"weight":1.744},
{"Node_id":17845,"weight":1.8643},
{"Node_id":17847,"weight":1.7036},
{"Node_id":17848,"weight":2.5852},
{"Node_id":17851,"weight":3.9713},
{"Node_id":17853,"weight":2.0212},
{"Node_id":17854,"weight":1.3976},
{"Node_id":17855,"weight":1.5513},
{"Node_id":17857,"weight":1.5492},
{"Node_id":17858,"weight":2.0456},
{"Node_id":17860,"weight":2.0595},
{"Node_id":17864,"weight":1.8421},
{"Node_id":17866,"weight":3.429},
{"Node_id":17868,"weight":2.001},
{"Node_id":17869,"weight":1.6353},
{"Node_id":17870,"weight":1.4539},
{"Node_id":17871,"weight":4.219},
{"Node_id":17888,"weight":1.5638},
{"Node_id":17892,"weight":2.4102},
{"Node_id":17898,"weight":1.6034},
{"Node_id":17902,"weight":1.9532},
{"Node_id":17903,"weight":2.1928},
{"Node_id":17904,"weight":1.6493},
{"Node_id":17906,"weight":2.3983},
{"Node_id":17911,"weight":2.3271},
{"Node_id":17913,"weight":1.5764},
{"Node_id":17915,"weight":2.7115},
{"Node_id":17921,"weight":4.2766},
{"Node_id":17923,"weight":3.2397},
{"Node_id":17925,"weight":5.2159},
{"Node_id":17929,"weight":1.5666},
{"Node_id":17932,"weight":1.866},
{"Node_id":17934,"weight":2.1218},
{"Node_id":17936,"weight":3.596},
{"Node_id":17939,"weight":2.887},
{"Node_id":18063,"weight":3.3227},
{"Node_id":18605,"weight":2.0887},
{"Node_id":18844,"weight":2.2196},
{"Node_id":18847,"weight":2.9635},
{"Node_id":18848,"weight":3.9549},
{"Node_id":18849,"weight":1.4474},
{"Node_id":18851,"weight":2.3996},
{"Node_id":18852,"weight":1.7433},
{"Node_id":18853,"weight":2.1807},
{"Node_id":18854,"weight":2.3866},
{"Node_id":18855,"weight":1.3919},
{"Node_id":18861,"weight":2.0938},
{"Node_id":18864,"weight":2.3433},
{"Node_id":18867,"weight":2.5504},
{"Node_id":18869,"weight":2.5519},
{"Node_id":18871,"weight":2.3648},
{"Node_id":18875,"weight":1.4481},
{"Node_id":18877,"weight":5.2933},
{"Node_id":18878,"weight":1.4313},
{"Node_id":18880,"weight":1.9305},
{"Node_id":18882,"weight":2.5195},
{"Node_id":18884,"weight":3.2151},
{"Node_id":18885,"weight":2.3271},
{"Node_id":18887,"weight":4.6469},
{"Node_id":18888,"weight":2.2943},
{"Node_id":18889,"weight":3.4523},
{"Node_id":18893,"weight":1.6142},
{"Node_id":18895,"weight":3.0006},
{"Node_id":18907,"weight":3.4225},
{"Node_id":18913,"weight":1.8704},
{"Node_id":18915,"weight":1.452},
{"Node_id":18916,"weight":3.6677},
{"Node_id":18918,"weight":1.6405},
{"Node_id":18922,"weight":1.6627},
{"Node_id":18923,"weight":3.1173},
{"Node_id":18927,"weight":2.9786},
{"Node_id":18929,"weight":1.7151},
{"Node_id":18933,"weight":1.7448},
{"Node_id":18974,"weight":1.4822},
{"Node_id":18975,"weight":3.7852},
{"Node_id":18977,"weight":2.1218},
{"Node_id":18980,"weight":5.9496},
{"Node_id":18981,"weight":2.1961},
{"Node_id":18982,"weight":1.86},
{"Node_id":18986,"weight":4.1711},
{"Node_id":18989,"weight":2.4629},
{"Node_id":18991,"weight":4.6259},
{"Node_id":18992,"weight":4.5555},
{"Node_id":18995,"weight":1.8921},
{"Node_id":18997,"weight":1.4261},
{"Node_id":19001,"weight":1.4815},
{"Node_id":19003,"weight":1.5451},
{"Node_id":19006,"weight":2.579},
{"Node_id":19009,"weight":1.5361},
{"Node_id":19010,"weight":1.8371},
{"Node_id":19011,"weight":3.4591},
{"Node_id":19012,"weight":2.5654},
{"Node_id":19015,"weight":7.8236},
{"Node_id":19017,"weight":2.2185},
{"Node_id":19018,"weight":2.1503},
{"Node_id":19020,"weight":3.3999},
{"Node_id":19021,"weight":2.3136},
{"Node_id":19022,"weight":1.5849},
{"Node_id":19023,"weight":2.1207},
{"Node_id":19024,"weight":1.5218},
{"Node_id":19025,"weight":2.4075},
{"Node_id":19027,"weight":2.9487},
{"Node_id":19028,"weight":1.5225},
{"Node_id":19029,"weight":2.2494},
{"Node_id":19030,"weight":2.5669},
{"Node_id":19031,"weight":3.2452},
{"Node_id":19032,"weight":2.8439},
{"Node_id":19033,"weight":2.3371},
{"Node_id":19034,"weight":1.3913},
{"Node_id":19035,"weight":4.3066},
{"Node_id":19036,"weight":2.7712},
{"Node_id":19037,"weight":5.077},
{"Node_id":19038,"weight":1.9386},
{"Node_id":19039,"weight":3.3903},
{"Node_id":19040,"weight":1.7736},
{"Node_id":19041,"weight":2.7115},
{"Node_id":19042,"weight":1.7151},
{"Node_id":19043,"weight":1.5764},
{"Node_id":19044,"weight":2.2425},
{"Node_id":19045,"weight":2.0144},
{"Node_id":19046,"weight":1.4955},
{"Node_id":19047,"weight":1.4364},
{"Node_id":19048,"weight":1.7639},
{"Node_id":19049,"weight":4.872},
{"Node_id":19051,"weight":1.4338},
{"Node_id":19053,"weight":2.2967},
{"Node_id":19054,"weight":1.4855},
{"Node_id":19055,"weight":3.0297},
{"Node_id":19056,"weight":1.421},
{"Node_id":19057,"weight":1.9487},
{"Node_id":19058,"weight":2.6434},
{"Node_id":19059,"weight":1.6777},
{"Node_id":19060,"weight":1.5008},
{"Node_id":19061,"weight":2.9765},
{"Node_id":19062,"weight":1.7082},
{"Node_id":19063,"weight":2.4168},
{"Node_id":19064,"weight":6.0725},
{"Node_id":19065,"weight":2.6305},
{"Node_id":19066,"weight":4.7242},
{"Node_id":19067,"weight":2.0505},
{"Node_id":19068,"weight":2.9174},
{"Node_id":19070,"weight":4.9989},
{"Node_id":19071,"weight":3.6513},
{"Node_id":19074,"weight":1.8387},
{"Node_id":19075,"weight":3.7357},
{"Node_id":19079,"weight":6.3754},
{"Node_id":19080,"weight":1.7059},
{"Node_id":19084,"weight":3.8969},
{"Node_id":19085,"weight":2.4062},
{"Node_id":19086,"weight":1.8895},
{"Node_id":19090,"weight":5.8061},
{"Node_id":19092,"weight":1.6883},
{"Node_id":19093,"weight":2.1589},
{"Node_id":19097,"weight":3.2287},
{"Node_id":19099,"weight":1.737},
{"Node_id":19100,"weight":3.5435},
{"Node_id":19101,"weight":2.6385},
{"Node_id":19105,"weight":2.0816},
{"Node_id":19107,"weight":1.5575},
{"Node_id":19108,"weight":3.3257},
{"Node_id":19109,"weight":1.5729},
{"Node_id":19110,"weight":2.1939},
{"Node_id":19114,"weight":2.0585},
{"Node_id":19116,"weight":2.1525},
{"Node_id":19117,"weight":5.3771},
{"Node_id":19119,"weight":3.562},
{"Node_id":19120,"weight":3.6392},
{"Node_id":19124,"weight":2.7622},
{"Node_id":19126,"weight":2.7029},
{"Node_id":19127,"weight":2.1611},
{"Node_id":19130,"weight":2.0086},
{"Node_id":19131,"weight":2.4796},
{"Node_id":19135,"weight":2.2955},
{"Node_id":19137,"weight":1.8532},
{"Node_id":19138,"weight":1.9432},
{"Node_id":19141,"weight":2.2073},
{"Node_id":19142,"weight":2.895},
{"Node_id":19143,"weight":3.7446},
{"Node_id":19147,"weight":1.7151},
{"Node_id":19149,"weight":2.2494},
{"Node_id":19150,"weight":2.6596},
{"Node_id":19153,"weight":2.1676},
{"Node_id":19155,"weight":2.3944},
{"Node_id":19156,"weight":2.0299},
{"Node_id":19160,"weight":2.881},
{"Node_id":19162,"weight":1.7417},
{"Node_id":19163,"weight":6.4362},
{"Node_id":19166,"weight":2.4615},
{"Node_id":19169,"weight":1.6486},
{"Node_id":19170,"weight":1.4908},
{"Node_id":19174,"weight":2.3112},
{"Node_id":19176,"weight":1.7711},
{"Node_id":19177,"weight":3.0006},
{"Node_id":19180,"weight":3.9495},
{"Node_id":19184,"weight":4.6363},
{"Node_id":19185,"weight":1.7074},
{"Node_id":19189,"weight":2.7427},
{"Node_id":19191,"weight":2.5549},
{"Node_id":19192,"weight":2.5037},
{"Node_id":19195,"weight":7.8236},
{"Node_id":19199,"weight":1.744},
{"Node_id":19200,"weight":2.1589},
{"Node_id":19201,"weight":4.4108},
{"Node_id":19205,"weight":2.4726},
{"Node_id":19207,"weight":1.602},
{"Node_id":19208,"weight":1.9063},
{"Node_id":19211,"weight":1.6486},
{"Node_id":19215,"weight":1.5506},
{"Node_id":19217,"weight":3.3683},
{"Node_id":19218,"weight":1.6434},
{"Node_id":19222,"weight":1.8472},
{"Node_id":19224,"weight":2.4275},
{"Node_id":19225,"weight":2.481},
{"Node_id":19228,"weight":1.9072},
{"Node_id":19232,"weight":1.9395},
{"Node_id":19235,"weight":2.6777},
{"Node_id":19236,"weight":3.4523},
{"Node_id":19240,"weight":2.3321},
{"Node_id":19242,"weight":4.7954},
{"Node_id":19243,"weight":2.0221},
{"Node_id":19246,"weight":4.872},
{"Node_id":19250,"weight":2.7201},
{"Node_id":19254,"weight":3.5922},
{"Node_id":19255,"weight":3.5472},
{"Node_id":19259,"weight":1.4995},
{"Node_id":19261,"weight":2.3711},
{"Node_id":19262,"weight":4.8203},
{"Node_id":19265,"weight":2.9072},
{"Node_id":19269,"weight":1.6754},
{"Node_id":19273,"weight":1.8913},
{"Node_id":19274,"weight":2.2494},
{"Node_id":19275,"weight":2.8731},
{"Node_id":19279,"weight":2.7712},
{"Node_id":19281,"weight":2.2436},
{"Node_id":19282,"weight":1.9821},
{"Node_id":19285,"weight":1.6627},
{"Node_id":19289,"weight":1.5416},
{"Node_id":19293,"weight":3.1372},
{"Node_id":19294,"weight":1.587},
{"Node_id":19296,"weight":5.4217},
{"Node_id":19297,"weight":5.5429},
{"Node_id":19298,"weight":2.5534},
{"Node_id":19299,"weight":1.4223},
{"Node_id":19300,"weight":2.2728},
{"Node_id":19301,"weight":3.3377},
{"Node_id":19367,"weight":2.6995},
{"Node_id":19369,"weight":5.045},
{"Node_id":19370,"weight":3.8766},
{"Node_id":19371,"weight":1.719},
{"Node_id":19372,"weight":1.7354},
{"Node_id":19373,"weight":2.4768},
{"Node_id":19374,"weight":1.7198},
{"Node_id":19375,"weight":2.0416},
{"Node_id":19376,"weight":1.6982},
{"Node_id":19377,"weight":3.6076},
{"Node_id":19378,"weight":3.4523},
{"Node_id":19379,"weight":3.6273},
{"Node_id":19380,"weight":3.7401},
{"Node_id":19381,"weight":2.0338},
{"Node_id":19382,"weight":1.6906},
{"Node_id":19383,"weight":3.6718},
{"Node_id":19384,"weight":2.1418},
{"Node_id":19385,"weight":1.6419},
{"Node_id":19386,"weight":1.8549},
{"Node_id":19387,"weight":2.0212},
{"Node_id":19388,"weight":3.3808},
{"Node_id":19389,"weight":3.8469},
{"Node_id":19390,"weight":3.305},
{"Node_id":19391,"weight":1.4742},
{"Node_id":19392,"weight":1.4881},
{"Node_id":19393,"weight":1.9523},
{"Node_id":19394,"weight":1.5464},
{"Node_id":19395,"weight":2.0575},
{"Node_id":19396,"weight":1.7922},
{"Node_id":19399,"weight":4.1579},
{"Node_id":19400,"weight":1.615},
{"Node_id":19401,"weight":5.4927},
{"Node_id":19404,"weight":3.7446},
{"Node_id":19407,"weight":3.5075},
{"Node_id":19408,"weight":1.7472},
{"Node_id":19409,"weight":1.4001},
{"Node_id":19410,"weight":3.6885},
{"Node_id":19411,"weight":2.5519},
{"Node_id":19412,"weight":1.8145},
{"Node_id":19413,"weight":3.8372},
{"Node_id":19414,"weight":2.0615},
{"Node_id":19415,"weight":2.0785},
{"Node_id":19416,"weight":2.1654},
{"Node_id":19417,"weight":1.6114},
{"Node_id":19418,"weight":1.812},
{"Node_id":19419,"weight":1.9143},
{"Node_id":19420,"weight":1.7567},
{"Node_id":19421,"weight":2.1862},
{"Node_id":19422,"weight":2.1906},
{"Node_id":19423,"weight":2.7357},
{"Node_id":19424,"weight":2.9465},
{"Node_id":19425,"weight":2.1249},
{"Node_id":19426,"weight":3.6432},
{"Node_id":19427,"weight":5.1441},
{"Node_id":19428,"weight":5.2734},
{"Node_id":19429,"weight":3.0978},
{"Node_id":19430,"weight":3.8132},
{"Node_id":19431,"weight":5.045},
{"Node_id":19432,"weight":2.401},
{"Node_id":19433,"weight":2.101},
{"Node_id":19434,"weight":1.515},
{"Node_id":19435,"weight":2.9072},
{"Node_id":19436,"weight":1.8575},
{"Node_id":19437,"weight":3.0644},
{"Node_id":19438,"weight":3.0366},
{"Node_id":19439,"weight":2.3039},
{"Node_id":19440,"weight":1.7849},
{"Node_id":19441,"weight":3.0184},
{"Node_id":19442,"weight":1.886},
{"Node_id":19443,"weight":2.0038},
{"Node_id":19444,"weight":2.025},
{"Node_id":19454,"weight":1.9206},
{"Node_id":19455,"weight":2.4329},
{"Node_id":19456,"weight":3.9658},
{"Node_id":19457,"weight":2.5579},
{"Node_id":19458,"weight":2.0192},
{"Node_id":19461,"weight":2.8135},
{"Node_id":19462,"weight":2.8381},
{"Node_id":19463,"weight":2.889},
{"Node_id":19464,"weight":2.0338},
{"Node_id":19465,"weight":3.0667},
{"Node_id":19466,"weight":1.9323},
{"Node_id":19467,"weight":1.7237},
{"Node_id":19468,"weight":1.7599},
{"Node_id":19469,"weight":2.3015},
{"Node_id":19470,"weight":1.4881},
{"Node_id":19471,"weight":1.3988},
{"Node_id":19472,"weight":2.9786},
{"Node_id":19473,"weight":3.3652},
{"Node_id":19474,"weight":2.6337},
{"Node_id":19475,"weight":1.5485},
{"Node_id":19476,"weight":2.5297},
{"Node_id":19477,"weight":1.5327},
{"Node_id":19478,"weight":1.7663},
{"Node_id":19479,"weight":1.9423},
{"Node_id":19480,"weight":1.4422},
{"Node_id":19481,"weight":1.5885},
{"Node_id":19482,"weight":1.5729},
{"Node_id":19483,"weight":1.5306},
{"Node_id":19484,"weight":2.7409},
{"Node_id":19485,"weight":1.8012},
{"Node_id":19486,"weight":4.8588},
{"Node_id":19487,"weight":2.7218},
{"Node_id":19488,"weight":3.0297},
{"Node_id":19489,"weight":3.2098},
{"Node_id":19490,"weight":1.5638},
{"Node_id":19491,"weight":1.5764},
{"Node_id":19492,"weight":2.4478},
{"Node_id":19493,"weight":2.0989},
{"Node_id":19494,"weight":1.8886},
{"Node_id":19495,"weight":1.7736},
{"Node_id":19496,"weight":2.3259},
{"Node_id":19497,"weight":2.2379},
{"Node_id":19498,"weight":4.0221},
{"Node_id":19499,"weight":1.5771},
{"Node_id":19500,"weight":2.1134},
{"Node_id":19501,"weight":3.0229},
{"Node_id":19502,"weight":3.9658},
{"Node_id":19503,"weight":1.7551},
{"Node_id":19504,"weight":1.5793},
{"Node_id":19505,"weight":2.6928},
{"Node_id":19506,"weight":1.4828},
{"Node_id":19507,"weight":3.2452},
{"Node_id":19508,"weight":1.9652},
{"Node_id":19509,"weight":1.7128},
{"Node_id":19510,"weight":2.7063},
{"Node_id":19511,"weight":4.5851},
{"Node_id":19512,"weight":1.4147},
{"Node_id":19513,"weight":1.6657},
{"Node_id":19514,"weight":1.4052},
{"Node_id":19515,"weight":1.6324},
{"Node_id":19516,"weight":2.8711},
{"Node_id":19517,"weight":5.0933},
{"Node_id":19518,"weight":1.5659},
{"Node_id":19519,"weight":1.4782},
{"Node_id":19520,"weight":2.6761},
{"Node_id":19521,"weight":2.4796},
{"Node_id":19522,"weight":2.6337},
{"Node_id":19523,"weight":5.4927},
{"Node_id":19526,"weight":2.0928},
{"Node_id":19535,"weight":1.4862},
{"Node_id":19536,"weight":1.4435},
{"Node_id":19537,"weight":4.8458},
{"Node_id":19538,"weight":2.1622},
{"Node_id":19539,"weight":1.8253},
{"Node_id":19540,"weight":2.1928},
{"Node_id":19541,"weight":1.587},
{"Node_id":19542,"weight":1.656},
{"Node_id":19543,"weight":2.4684},
{"Node_id":19544,"weight":3.511},
{"Node_id":19545,"weight":1.5368},
{"Node_id":19546,"weight":1.6027},
{"Node_id":19547,"weight":1.733},
{"Node_id":19548,"weight":1.8609},
{"Node_id":19551,"weight":3.6312},
{"Node_id":19552,"weight":2.3699},
{"Node_id":19553,"weight":2.6928},
{"Node_id":19554,"weight":3.3903},
{"Node_id":19555,"weight":2.2943},
{"Node_id":19558,"weight":1.9597},
{"Node_id":19559,"weight":2.1376},
{"Node_id":19560,"weight":2.6147},
{"Node_id":19561,"weight":2.0485},
{"Node_id":19562,"weight":1.8438},
{"Node_id":19563,"weight":2.97},
{"Node_id":19564,"weight":4.1513},
{"Node_id":19565,"weight":2.9031},
{"Node_id":19566,"weight":1.5197},
{"Node_id":19567,"weight":3.4356},
{"Node_id":19568,"weight":4.4538},
{"Node_id":19569,"weight":3.2507},
{"Node_id":19570,"weight":1.4775},
{"Node_id":19571,"weight":3.6595},
{"Node_id":19572,"weight":1.4769},
{"Node_id":19573,"weight":4.7832},
{"Node_id":19574,"weight":1.8354},
{"Node_id":19575,"weight":2.7857},
{"Node_id":19576,"weight":3.3468},
{"Node_id":19577,"weight":4.284},
{"Node_id":19578,"weight":1.8643},
{"Node_id":19579,"weight":2.1354},
{"Node_id":19580,"weight":1.8153},
{"Node_id":19583,"weight":2.5882},
{"Node_id":19584,"weight":2.1774},
{"Node_id":19585,"weight":4.0049},
{"Node_id":19586,"weight":2.9444},
{"Node_id":19587,"weight":2.6466},
{"Node_id":19588,"weight":2.1796},
{"Node_id":19589,"weight":3.3079},
{"Node_id":19590,"weight":3.562},
{"Node_id":19591,"weight":1.6164},
{"Node_id":19592,"weight":1.9915},
{"Node_id":19593,"weight":2.4994},
{"Node_id":19594,"weight":2.6022},
{"Node_id":19595,"weight":1.5603},
{"Node_id":19596,"weight":2.2716},
{"Node_id":19597,"weight":3.3287},
{"Node_id":19598,"weight":1.7543},
{"Node_id":19599,"weight":3.3468},
{"Node_id":19600,"weight":1.9098},
{"Node_id":19601,"weight":1.8078},
{"Node_id":19602,"weight":2.4519},
{"Node_id":19603,"weight":3.3138},
{"Node_id":19604,"weight":2.6434},
{"Node_id":19605,"weight":2.9939},
{"Node_id":19606,"weight":1.8379},
{"Node_id":19607,"weight":1.7711},
{"Node_id":19608,"weight":3.0072},
{"Node_id":19609,"weight":1.5485},
{"Node_id":19610,"weight":1.4585},
{"Node_id":19611,"weight":3.1222},
{"Node_id":19612,"weight":2.1752},
{"Node_id":19613,"weight":2.6321},
{"Node_id":19614,"weight":2.7183},
{"Node_id":19615,"weight":3.5694},
{"Node_id":19616,"weight":3.1026},
{"Node_id":19617,"weight":2.4315},
{"Node_id":19618,"weight":1.4868},
{"Node_id":19619,"weight":1.6785},
{"Node_id":19620,"weight":2.2576},
{"Node_id":19621,"weight":3.1625},
{"Node_id":19622,"weight":1.827},
{"Node_id":19623,"weight":2.3814},
{"Node_id":19624,"weight":2.6761},
{"Node_id":19625,"weight":1.7988},
{"Node_id":19626,"weight":5.9118},
{"Node_id":19627,"weight":2.4342},
{"Node_id":19628,"weight":1.4461},
{"Node_id":19629,"weight":3.4356},
{"Node_id":19644,"weight":2.0019},
{"Node_id":19645,"weight":1.4982},
{"Node_id":19646,"weight":2.3827},
{"Node_id":19647,"weight":2.1514},
{"Node_id":19648,"weight":1.421},
{"Node_id":19649,"weight":4.2546},
{"Node_id":19650,"weight":2.889},
{"Node_id":19651,"weight":2.6162},
{"Node_id":19652,"weight":1.5899},
{"Node_id":19653,"weight":1.4941},
{"Node_id":19654,"weight":4.508},
{"Node_id":19655,"weight":2.9984},
{"Node_id":19656,"weight":2.2084},
{"Node_id":19657,"weight":2.6401},
{"Node_id":19658,"weight":3.105},
{"Node_id":19659,"weight":2.1145},
{"Node_id":19660,"weight":2.1197},
{"Node_id":19661,"weight":1.9161},
{"Node_id":19697,"weight":2.4643},
{"Node_id":19698,"weight":2.1145},
{"Node_id":19699,"weight":1.7105},
{"Node_id":19700,"weight":2.1239},
{"Node_id":19701,"weight":1.8834},
{"Node_id":19702,"weight":2.7115},
{"Node_id":19703,"weight":2.3597},
{"Node_id":19704,"weight":1.6383},
{"Node_id":19705,"weight":1.4624},
{"Node_id":19706,"weight":3.6392},
{"Node_id":19707,"weight":1.7338},
{"Node_id":19708,"weight":4.3776},
{"Node_id":19709,"weight":1.7089},
{"Node_id":19710,"weight":1.4789},
{"Node_id":19711,"weight":3.2591},
{"Node_id":19712,"weight":3.3871},
{"Node_id":19713,"weight":2.9277},
{"Node_id":19714,"weight":4.5653},
{"Node_id":19715,"weight":3.2178},
{"Node_id":19716,"weight":2.321},
{"Node_id":19717,"weight":2.2073},
{"Node_id":19718,"weight":1.5779},
{"Node_id":19719,"weight":3.8085},
{"Node_id":19720,"weight":1.6186},
{"Node_id":19721,"weight":6.8113},
{"Node_id":19722,"weight":1.6179},
{"Node_id":19723,"weight":1.7377},
{"Node_id":19724,"weight":2.4588},
{"Node_id":19725,"weight":1.6478},
{"Node_id":19726,"weight":1.5231},
{"Node_id":19727,"weight":2.342},
{"Node_id":19728,"weight":1.4644},
{"Node_id":19729,"weight":2.0595},
{"Node_id":19730,"weight":2.2681},
{"Node_id":19732,"weight":1.5109},
{"Node_id":19733,"weight":2.4519},
{"Node_id":19734,"weight":1.7105},
{"Node_id":19737,"weight":3.3871},
{"Node_id":19738,"weight":1.5807},
{"Node_id":19739,"weight":2.7586},
{"Node_id":19740,"weight":2.885},
{"Node_id":19741,"weight":4.5653},
{"Node_id":19742,"weight":3.3683},
{"Node_id":19743,"weight":2.7374},
{"Node_id":19746,"weight":2.0485},
{"Node_id":19747,"weight":1.8261},
{"Node_id":19748,"weight":2.9593},
{"Node_id":19749,"weight":2.0565},
{"Node_id":19750,"weight":2.5123},
{"Node_id":19751,"weight":1.4121},
{"Node_id":19752,"weight":2.2061},
{"Node_id":19753,"weight":1.7136},
{"Node_id":19754,"weight":2.2799},
{"Node_id":19755,"weight":1.7182},
{"Node_id":19756,"weight":1.6486},
{"Node_id":19757,"weight":3.5435},
{"Node_id":19758,"weight":2.0605},
{"Node_id":19759,"weight":3.6233},
{"Node_id":19762,"weight":2.6242},
{"Node_id":19763,"weight":1.5771},
{"Node_id":19764,"weight":1.5402},
{"Node_id":19765,"weight":3.2591},
{"Node_id":19766,"weight":1.6754},
{"Node_id":19767,"weight":1.5238},
{"Node_id":19768,"weight":2.0096},
{"Node_id":19769,"weight":2.8381},
{"Node_id":19770,"weight":2.1155},
{"Node_id":19771,"weight":1.5687},
{"Node_id":19772,"weight":1.4014},
{"Node_id":19773,"weight":1.7417},
{"Node_id":19774,"weight":2.3699},
{"Node_id":19775,"weight":2.0029},
{"Node_id":19776,"weight":1.4962},
{"Node_id":19777,"weight":1.6078},
{"Node_id":19778,"weight":1.7857},
{"Node_id":19779,"weight":3.562},
{"Node_id":19780,"weight":2.8633},
{"Node_id":19784,"weight":1.9259},
{"Node_id":19785,"weight":2.6662},
{"Node_id":19786,"weight":3.5326},
{"Node_id":19787,"weight":4.0163},
{"Node_id":19788,"weight":3.226},
{"Node_id":19789,"weight":1.7051},
{"Node_id":19790,"weight":2.9113},
{"Node_id":19791,"weight":1.8913},
{"Node_id":19794,"weight":1.6085},
{"Node_id":19795,"weight":1.5999},
{"Node_id":19796,"weight":3.0738},
{"Node_id":19797,"weight":1.5878},
{"Node_id":19889,"weight":3.0117},
{"Node_id":19890,"weight":2.2907},
{"Node_id":19891,"weight":1.4868},
{"Node_id":19892,"weight":1.4396},
{"Node_id":19893,"weight":2.4437},
{"Node_id":19894,"weight":2.0038},
{"Node_id":19895,"weight":3.5398},
{"Node_id":19896,"weight":1.8379},
{"Node_id":19897,"weight":1.3907},
{"Node_id":19898,"weight":3.0786},
{"Node_id":19899,"weight":4.0049},
{"Node_id":19900,"weight":3.4969},
{"Node_id":19901,"weight":1.7841},
{"Node_id":19902,"weight":2.4966},
{"Node_id":19903,"weight":4.9126},
{"Node_id":19904,"weight":3.562},
{"Node_id":19905,"weight":4.9548},
{"Node_id":19906,"weight":4.7592},
{"Node_id":19907,"weight":2.1873},
{"Node_id":19908,"weight":2.2219},
{"Node_id":19909,"weight":1.789},
{"Node_id":19910,"weight":2.0367},
{"Node_id":19911,"weight":3.2905},
{"Node_id":19912,"weight":2.5959},
{"Node_id":19913,"weight":4.7015},
{"Node_id":19914,"weight":1.6837},
{"Node_id":19915,"weight":2.5474},
{"Node_id":19916,"weight":2.8004},
{"Node_id":19917,"weight":3.0184},
{"Node_id":19918,"weight":1.4572},
{"Node_id":19963,"weight":3.2733},
{"Node_id":19972,"weight":1.414},
{"Node_id":19982,"weight":4.1002},
{"Node_id":19984,"weight":1.5231},
{"Node_id":19993,"weight":2.0387},
{"Node_id":19995,"weight":1.7028},
{"Node_id":20005,"weight":5.6232},
{"Node_id":20007,"weight":1.7679},
{"Node_id":20018,"weight":2.1546},
{"Node_id":20020,"weight":4.1579},
{"Node_id":20023,"weight":2.0595},
{"Node_id":20025,"weight":2.4994},
{"Node_id":20026,"weight":5.4448},
{"Node_id":20027,"weight":1.7988},
{"Node_id":20028,"weight":1.6412},
{"Node_id":20029,"weight":1.4802},
{"Node_id":20030,"weight":1.4683},
{"Node_id":20031,"weight":4.0634},
{"Node_id":20032,"weight":2.895},
{"Node_id":20033,"weight":3.3347},
{"Node_id":20034,"weight":1.6508},
{"Node_id":20035,"weight":3.3777},
{"Node_id":20036,"weight":2.9072},
{"Node_id":20037,"weight":1.4178},
{"Node_id":20038,"weight":2.4881},
{"Node_id":20039,"weight":2.3788},
{"Node_id":20040,"weight":2.9614},
{"Node_id":20041,"weight":1.6664},
{"Node_id":20042,"weight":1.7963},
{"Node_id":20043,"weight":1.9143},
{"Node_id":20044,"weight":1.6523},
{"Node_id":20045,"weight":1.6538},
{"Node_id":20046,"weight":1.9036},
{"Node_id":20047,"weight":1.7776},
{"Node_id":20048,"weight":3.3999},
{"Node_id":20049,"weight":2.3584},
{"Node_id":20050,"weight":2.1785},
{"Node_id":20051,"weight":2.5224},
{"Node_id":20052,"weight":2.4601},
{"Node_id":20053,"weight":1.7074},
{"Node_id":20054,"weight":1.8834},
{"Node_id":20055,"weight":1.8921},
{"Node_id":20056,"weight":1.39},
{"Node_id":20057,"weight":2.2106},
{"Node_id":20058,"weight":1.9241},
{"Node_id":20059,"weight":1.6627},
{"Node_id":20060,"weight":3.0667},
{"Node_id":20061,"weight":2.0605},
{"Node_id":20062,"weight":2.2895},
{"Node_id":20063,"weight":1.43},
{"Node_id":20064,"weight":2.4698},
{"Node_id":20065,"weight":2.7694},
{"Node_id":20066,"weight":1.6982},
{"Node_id":20067,"weight":2.4505},
{"Node_id":20068,"weight":2.8305},
{"Node_id":20069,"weight":1.7825},
{"Node_id":20091,"weight":1.5042},
{"Node_id":20097,"weight":1.7543},
{"Node_id":20104,"weight":2.0655},
{"Node_id":20112,"weight":2.4275},
{"Node_id":20121,"weight":3.1347},
{"Node_id":20126,"weight":1.702},
{"Node_id":20127,"weight":1.9152},
{"Node_id":20128,"weight":2.5371},
{"Node_id":20129,"weight":2.3559},
{"Node_id":20130,"weight":6.2126},
{"Node_id":20131,"weight":1.9849},
{"Node_id":20132,"weight":2.5137},
{"Node_id":20133,"weight":2.0846},
{"Node_id":20134,"weight":2.7357},
{"Node_id":20135,"weight":2.7081},
{"Node_id":20136,"weight":2.027},
{"Node_id":20137,"weight":1.9277},
{"Node_id":20138,"weight":1.7816},
{"Node_id":20139,"weight":2.2811}]