[{"Node_id":4478,"weight":1.9214},
{"Node_id":4482,"weight":2.184},
{"Node_id":4483,"weight":3.483},
{"Node_id":4484,"weight":2.2799},
{"Node_id":4487,"weight":2.5051},
{"Node_id":4489,"weight":2.3015},
{"Node_id":4490,"weight":2.2634},
{"Node_id":4497,"weight":1.4319},
{"Node_id":4505,"weight":1.6936},
{"Node_id":4530,"weight":1.5736},
{"Node_id":4557,"weight":2.4866},
{"Node_id":4564,"weight":1.744},
{"Node_id":4571,"weight":2.5852},
{"Node_id":4577,"weight":1.3976},
{"Node_id":4578,"weight":1.5513},
{"Node_id":4580,"weight":1.5492},
{"Node_id":4587,"weight":1.8421},
{"Node_id":4591,"weight":2.001},
{"Node_id":4592,"weight":1.6353},
{"Node_id":4625,"weight":2.1928},
{"Node_id":4635,"weight":1.5764},
{"Node_id":4643,"weight":4.2766},
{"Node_id":4647,"weight":5.2159},
{"Node_id":4651,"weight":1.5666},
{"Node_id":4654,"weight":1.866},
{"Node_id":4785,"weight":3.3227},
{"Node_id":5301,"weight":2.0887},
{"Node_id":5540,"weight":2.2196},
{"Node_id":5544,"weight":3.9549},
{"Node_id":5545,"weight":1.4474},
{"Node_id":5548,"weight":1.7433},
{"Node_id":5550,"weight":2.3866},
{"Node_id":5560,"weight":2.3433},
{"Node_id":5564,"weight":2.5519},
{"Node_id":5566,"weight":2.3648},
{"Node_id":5572,"weight":5.2933},
{"Node_id":5575,"weight":1.9305},
{"Node_id":5580,"weight":2.3271},
{"Node_id":5582,"weight":4.6469},
{"Node_id":5584,"weight":3.4523},
{"Node_id":5588,"weight":1.6142},
{"Node_id":5611,"weight":3.6677},
{"Node_id":5618,"weight":3.1173},
{"Node_id":5622,"weight":2.9786},
{"Node_id":5670,"weight":3.7852},
{"Node_id":5672,"weight":2.1218},
{"Node_id":5675,"weight":5.9496},
{"Node_id":5692,"weight":1.4261},
{"Node_id":5696,"weight":1.4815},
{"Node_id":5701,"weight":2.579},
{"Node_id":5721,"weight":2.2494},
{"Node_id":5722,"weight":2.5669},
{"Node_id":5725,"weight":2.3371},
{"Node_id":5744,"weight":1.4855},
{"Node_id":5749,"weight":1.6777},
{"Node_id":5986,"weight":5.4217},
{"Node_id":6050,"weight":5.045},
{"Node_id":6061,"weight":3.7401},
{"Node_id":6073,"weight":1.4881},
{"Node_id":6076,"weight":2.0575},
{"Node_id":6077,"weight":1.7922},
{"Node_id":6110,"weight":3.0978},
{"Node_id":6111,"weight":3.8132},
{"Node_id":6118,"weight":3.0644},
{"Node_id":6143,"weight":2.8381},
{"Node_id":6155,"weight":2.6337},
{"Node_id":6156,"weight":1.5485},
{"Node_id":6200,"weight":1.4782},
{"Node_id":6221,"weight":2.1928},
{"Node_id":6248,"weight":3.4356},
{"Node_id":6250,"weight":3.2507},
{"Node_id":6268,"weight":2.6466},
{"Node_id":6269,"weight":2.1796},
{"Node_id":6294,"weight":2.6321},
{"Node_id":6328,"weight":2.1514},
{"Node_id":6337,"weight":2.2084},
{"Node_id":6381,"weight":2.1239},
{"Node_id":6390,"weight":1.7089},
{"Node_id":6393,"weight":3.3871},
{"Node_id":6394,"weight":2.9277},
{"Node_id":6413,"weight":1.5109},
{"Node_id":6414,"weight":2.4519},
{"Node_id":6415,"weight":1.7105},
{"Node_id":6420,"weight":2.7586},
{"Node_id":6430,"weight":2.0565},
{"Node_id":6447,"weight":1.6754},
{"Node_id":6451,"weight":2.1155},
{"Node_id":6476,"weight":1.5999},
{"Node_id":6578,"weight":1.3907},
{"Node_id":6586,"weight":4.9548},
{"Node_id":6722,"weight":1.6523},
{"Node_id":6737,"weight":1.6627},
{"Node_id":6744,"weight":1.6982},
{"Node_id":6745,"weight":2.4505},
{"Node_id":6747,"weight":1.7825},
{"Node_id":6884,"weight":1.6186},
{"Node_id":6950,"weight":1.8404},
{"Node_id":7067,"weight":1.9532},
{"Node_id":7159,"weight":2.3063},
{"Node_id":7160,"weight":1.6868},
{"Node_id":7162,"weight":1.7825},
{"Node_id":7193,"weight":3.2071},
{"Node_id":7194,"weight":1.7988},
{"Node_id":7196,"weight":1.7043},
{"Node_id":7197,"weight":5.11},
{"Node_id":7289,"weight":3.3529},
{"Node_id":7332,"weight":2.658},
{"Node_id":7333,"weight":2.2657},
{"Node_id":7334,"weight":1.6921},
{"Node_id":7335,"weight":4.1778},
{"Node_id":7336,"weight":1.7711},
{"Node_id":7339,"weight":3.2098},
{"Node_id":7348,"weight":5.9496},
{"Node_id":7349,"weight":2.0407},
{"Node_id":7350,"weight":1.7448},
{"Node_id":7375,"weight":1.5589},
{"Node_id":7376,"weight":2.7098},
{"Node_id":7492,"weight":1.7543},
{"Node_id":7493,"weight":1.9746},
{"Node_id":7566,"weight":1.4729},
{"Node_id":7567,"weight":1.7575},
{"Node_id":7568,"weight":2.936},
{"Node_id":7570,"weight":1.4749},
{"Node_id":7588,"weight":2.4754},
{"Node_id":7589,"weight":2.4302},
{"Node_id":7629,"weight":1.7898},
{"Node_id":7630,"weight":1.7043},
{"Node_id":7631,"weight":1.6612},
{"Node_id":7632,"weight":1.8669},
{"Node_id":7633,"weight":1.6762},
{"Node_id":7634,"weight":2.2208},
{"Node_id":7635,"weight":3.0297},
{"Node_id":7636,"weight":2.4262},
{"Node_id":7637,"weight":2.4155},
{"Node_id":7638,"weight":3.2017},
{"Node_id":7639,"weight":2.4866},
{"Node_id":7640,"weight":2.9939},
{"Node_id":7641,"weight":4.4538},
{"Node_id":7642,"weight":2.1796},
{"Node_id":7643,"weight":1.8523},
{"Node_id":7644,"weight":2.0038},
{"Node_id":7645,"weight":1.9934},
{"Node_id":7646,"weight":1.5652},
{"Node_id":7647,"weight":1.6792},
{"Node_id":7648,"weight":1.561},
{"Node_id":7649,"weight":1.5892},
{"Node_id":7650,"weight":1.6006},
{"Node_id":7651,"weight":1.7377},
{"Node_id":7652,"weight":2.3321},
{"Node_id":7653,"weight":2.0202},
{"Node_id":7654,"weight":4.284},
{"Node_id":7655,"weight":3.4969},
{"Node_id":7656,"weight":1.5736},
{"Node_id":7657,"weight":1.7857},
{"Node_id":7658,"weight":2.3271},
{"Node_id":7659,"weight":1.873},
{"Node_id":7660,"weight":2.0685},
{"Node_id":7661,"weight":1.8506},
{"Node_id":7662,"weight":2.5609},
{"Node_id":7663,"weight":1.6034},
{"Node_id":7665,"weight":3.3808},
{"Node_id":7666,"weight":2.2599},
{"Node_id":7667,"weight":3.6801},
{"Node_id":7668,"weight":5.1441},
{"Node_id":7669,"weight":4.0396},
{"Node_id":7670,"weight":2.1611},
{"Node_id":7671,"weight":4.7832},
{"Node_id":7672,"weight":3.4258},
{"Node_id":7673,"weight":2.6662},
{"Node_id":7674,"weight":2.4208},
{"Node_id":7675,"weight":1.5687},
{"Node_id":7676,"weight":2.8191},
{"Node_id":7677,"weight":1.4935},
{"Node_id":7678,"weight":1.7362},
{"Node_id":7679,"weight":1.7808},
{"Node_id":7680,"weight":2.1503},
{"Node_id":7681,"weight":6.1637},
{"Node_id":7682,"weight":1.9359},
{"Node_id":7683,"weight":3.3287},
{"Node_id":7684,"weight":3.0458},
{"Node_id":7685,"weight":2.1165},
{"Node_id":7686,"weight":1.5022},
{"Node_id":7687,"weight":2.5066},
{"Node_id":7691,"weight":2.4089},
{"Node_id":7692,"weight":1.7615},
{"Node_id":7693,"weight":1.4995},
{"Node_id":7694,"weight":1.9597},
{"Node_id":7695,"weight":2.955},
{"Node_id":7699,"weight":1.6634},
{"Node_id":7745,"weight":1.6883},
{"Node_id":7748,"weight":4.2331},
{"Node_id":7770,"weight":2.1062},
{"Node_id":7771,"weight":1.5949},
{"Node_id":7772,"weight":2.0705},
{"Node_id":7773,"weight":5.1441},
{"Node_id":7774,"weight":1.9018},
{"Node_id":7775,"weight":1.5582},
{"Node_id":7776,"weight":1.9477},
{"Node_id":7777,"weight":3.4095},
{"Node_id":7778,"weight":1.798},
{"Node_id":7779,"weight":3.8132},
{"Node_id":7780,"weight":5.1794},
{"Node_id":7781,"weight":8.1114},
{"Node_id":7782,"weight":3.5732},
{"Node_id":7783,"weight":6.5699},
{"Node_id":7784,"weight":1.8506},
{"Node_id":7785,"weight":3.2098},
{"Node_id":7786,"weight":2.1665},
{"Node_id":7787,"weight":1.6056},
{"Node_id":7788,"weight":4.5653},
{"Node_id":7789,"weight":2.0959},
{"Node_id":7790,"weight":3.1099},
{"Node_id":7791,"weight":2.2907},
{"Node_id":7792,"weight":5.2734},
{"Node_id":7793,"weight":3.8372},
{"Node_id":7794,"weight":1.6649},
{"Node_id":7795,"weight":2.5775},
{"Node_id":7796,"weight":3.0929},
{"Node_id":7797,"weight":1.7036},
{"Node_id":7798,"weight":2.5297},
{"Node_id":7799,"weight":1.917},
{"Node_id":7800,"weight":1.5416},
{"Node_id":7801,"weight":2.5913},
{"Node_id":7802,"weight":2.2006},
{"Node_id":7803,"weight":2.2073},
{"Node_id":7804,"weight":1.7346},
{"Node_id":7805,"weight":1.7252},
{"Node_id":7806,"weight":2.2871},
{"Node_id":7807,"weight":2.375},
{"Node_id":7808,"weight":1.9487},
{"Node_id":7809,"weight":2.5684},
{"Node_id":7810,"weight":2.4221},
{"Node_id":7811,"weight":1.6523},
{"Node_id":7812,"weight":2.1031},
{"Node_id":7813,"weight":1.7607},
{"Node_id":7814,"weight":1.4045},
{"Node_id":7815,"weight":2.3321},
{"Node_id":7816,"weight":3.5146},
{"Node_id":7817,"weight":3.7991},
{"Node_id":7818,"weight":2.5534},
{"Node_id":7819,"weight":2.2028},
{"Node_id":7820,"weight":1.9896},
{"Node_id":7821,"weight":1.8843},
{"Node_id":7822,"weight":2.8381},
{"Node_id":7823,"weight":1.5076},
{"Node_id":7824,"weight":2.184},
{"Node_id":7825,"weight":2.0416},
{"Node_id":7826,"weight":3.7579},
{"Node_id":7827,"weight":1.9296},
{"Node_id":7828,"weight":2.1093},
{"Node_id":7829,"weight":2.7876},
{"Node_id":7830,"weight":2.2657},
{"Node_id":7831,"weight":3.1651},
{"Node_id":7832,"weight":4.0163},
{"Node_id":7833,"weight":2.0192},
{"Node_id":7834,"weight":2.6678},
{"Node_id":7835,"weight":2.4768},
{"Node_id":7836,"weight":1.5245},
{"Node_id":7837,"weight":4.7954},
{"Node_id":7838,"weight":1.9896},
{"Node_id":7839,"weight":2.3075},
{"Node_id":7840,"weight":2.5023},
{"Node_id":7841,"weight":1.421},
{"Node_id":7842,"weight":1.7151},
{"Node_id":7843,"weight":1.5575},
{"Node_id":7844,"weight":1.9634},
{"Node_id":7845,"weight":1.4178},
{"Node_id":7846,"weight":4.6469},
{"Node_id":7847,"weight":1.9232},
{"Node_id":7887,"weight":3.1651},
{"Node_id":7903,"weight":2.0231},
{"Node_id":7904,"weight":1.5779},
{"Node_id":7907,"weight":1.597},
{"Node_id":7908,"weight":1.7881},
{"Node_id":7909,"weight":2.474},
{"Node_id":7910,"weight":5.077},
{"Node_id":7911,"weight":2.0887},
{"Node_id":7912,"weight":2.7766},
{"Node_id":7913,"weight":2.5929},
{"Node_id":7919,"weight":3.6843},
{"Node_id":7920,"weight":2.6037},
{"Node_id":7926,"weight":4.7832},
{"Node_id":7935,"weight":3.6233},
{"Node_id":7936,"weight":2.5341},
{"Node_id":7937,"weight":2.6482},
{"Node_id":7938,"weight":2.2095},
{"Node_id":7939,"weight":2.2634},
{"Node_id":7940,"weight":1.653},
{"Node_id":7941,"weight":1.397},
{"Node_id":7942,"weight":2.5166},
{"Node_id":7943,"weight":1.9468},
{"Node_id":7944,"weight":2.0338},
{"Node_id":7945,"weight":1.7528},
{"Node_id":7946,"weight":1.53},
{"Node_id":8021,"weight":1.8128},
{"Node_id":8022,"weight":2.9808},
{"Node_id":8023,"weight":4.2402},
{"Node_id":8024,"weight":1.935},
{"Node_id":8025,"weight":1.6792},
{"Node_id":8026,"weight":3.2591},
{"Node_id":8027,"weight":1.6538},
{"Node_id":8028,"weight":2.1568},
{"Node_id":8029,"weight":3.1781},
{"Node_id":8030,"weight":2.881},
{"Node_id":8031,"weight":1.4848},
{"Node_id":8032,"weight":1.5793},
{"Node_id":8033,"weight":3.1833},
{"Node_id":8034,"weight":2.7857},
{"Node_id":8035,"weight":1.659},
{"Node_id":8036,"weight":1.6754},
{"Node_id":8037,"weight":1.7575},
{"Node_id":8038,"weight":2.2955},
{"Node_id":8039,"weight":2.0202},
{"Node_id":8040,"weight":2.7235},
{"Node_id":8041,"weight":2.1796},
{"Node_id":8042,"weight":2.7339},
{"Node_id":8043,"weight":3.3967},
{"Node_id":8044,"weight":2.4208},
{"Node_id":8045,"weight":1.5652},
{"Node_id":8046,"weight":2.6945},
{"Node_id":8047,"weight":4.1064},
{"Node_id":8048,"weight":1.5715},
{"Node_id":8049,"weight":1.4723},
{"Node_id":8050,"weight":3.0435},
{"Node_id":8051,"weight":1.5259},
{"Node_id":8052,"weight":2.1312},
{"Node_id":8053,"weight":1.5002},
{"Node_id":8054,"weight":6.3182},
{"Node_id":8055,"weight":2.0745},
{"Node_id":8056,"weight":1.4822},
{"Node_id":8057,"weight":1.4848},
{"Node_id":8058,"weight":2.0436},
{"Node_id":8059,"weight":1.9905},
{"Node_id":8060,"weight":2.4852},
{"Node_id":8061,"weight":1.8643},
{"Node_id":8062,"weight":3.1651},
{"Node_id":8063,"weight":3.7357},
{"Node_id":8064,"weight":1.3932},
{"Node_id":8065,"weight":1.4975},
{"Node_id":8066,"weight":1.8037},
{"Node_id":8067,"weight":1.5963},
{"Node_id":8068,"weight":2.5224},
{"Node_id":8069,"weight":3.842},
{"Node_id":8070,"weight":2.1622},
{"Node_id":8071,"weight":1.8515},
{"Node_id":8072,"weight":5.8401},
{"Node_id":8073,"weight":1.6906},
{"Node_id":8074,"weight":1.7736},
{"Node_id":8075,"weight":1.9296},
{"Node_id":8076,"weight":2.7857},
{"Node_id":8077,"weight":2.3546},
{"Node_id":8078,"weight":3.776},
{"Node_id":8079,"weight":4.0694},
{"Node_id":8080,"weight":2.4671},
{"Node_id":8081,"weight":2.173},
{"Node_id":8082,"weight":1.752},
{"Node_id":8083,"weight":2.0038},
{"Node_id":8084,"weight":1.4371},
{"Node_id":8085,"weight":2.7081},
{"Node_id":8086,"weight":1.4835},
{"Node_id":8087,"weight":1.9962},
{"Node_id":8088,"weight":2.727},
{"Node_id":8089,"weight":2.2517},
{"Node_id":8090,"weight":2.3648},
{"Node_id":8091,"weight":3.596},
{"Node_id":8092,"weight":2.6257},
{"Node_id":8093,"weight":2.4275},
{"Node_id":8094,"weight":1.9277},
{"Node_id":8095,"weight":2.3866},
{"Node_id":8096,"weight":5.3992},
{"Node_id":8097,"weight":1.4624},
{"Node_id":8098,"weight":1.5485},
{"Node_id":8099,"weight":2.3395},
{"Node_id":8100,"weight":1.8895},
{"Node_id":8101,"weight":2.4588},
{"Node_id":8102,"weight":2.2799},
{"Node_id":8103,"weight":2.8652},
{"Node_id":8104,"weight":1.5062},
{"Node_id":8105,"weight":1.4881},
{"Node_id":8106,"weight":1.5842},
{"Node_id":8107,"weight":1.4921},
{"Node_id":8108,"weight":1.8078},
{"Node_id":8109,"weight":1.776},
{"Node_id":8110,"weight":3.305},
{"Node_id":8111,"weight":2.5959},
{"Node_id":8112,"weight":1.6974},
{"Node_id":8113,"weight":2.2196},
{"Node_id":8114,"weight":1.4848},
{"Node_id":8115,"weight":2.881},
{"Node_id":8116,"weight":1.7401},
{"Node_id":8117,"weight":2.3234},
{"Node_id":8118,"weight":1.6208},
{"Node_id":8119,"weight":2.6563},
{"Node_id":8120,"weight":1.6486},
{"Node_id":8121,"weight":1.9332},
{"Node_id":8122,"weight":1.8523},
{"Node_id":8123,"weight":2.8229},
{"Node_id":8124,"weight":2.5579},
{"Node_id":8125,"weight":2.6401},
{"Node_id":8146,"weight":2.0907},
{"Node_id":8147,"weight":6.0725},
{"Node_id":8148,"weight":2.8574},
{"Node_id":8149,"weight":1.4178},
{"Node_id":8150,"weight":1.5992},
{"Node_id":8151,"weight":2.1719},
{"Node_id":8152,"weight":1.5035},
{"Node_id":8153,"weight":1.3882},
{"Node_id":8154,"weight":2.2576},
{"Node_id":8155,"weight":3.3652},
{"Node_id":8156,"weight":2.5254},
{"Node_id":8157,"weight":1.7105},
{"Node_id":8158,"weight":4.8458},
{"Node_id":8159,"weight":2.2552},
{"Node_id":8160,"weight":1.3988},
{"Node_id":8161,"weight":1.4172},
{"Node_id":8162,"weight":1.6523},
{"Node_id":8163,"weight":1.7963},
{"Node_id":8164,"weight":4.1002},
{"Node_id":8165,"weight":2.5066},
{"Node_id":8166,"weight":2.5385},
{"Node_id":8167,"weight":2.877},
{"Node_id":8168,"weight":1.9523},
{"Node_id":8169,"weight":2.5714},
{"Node_id":8170,"weight":1.4565},
{"Node_id":8171,"weight":1.744},
{"Node_id":8172,"weight":1.6732},
{"Node_id":8173,"weight":1.798},
{"Node_id":8174,"weight":1.9305},
{"Node_id":8175,"weight":1.4229},
{"Node_id":8176,"weight":1.543},
{"Node_id":8177,"weight":4.1711},
{"Node_id":8178,"weight":2.6711},
{"Node_id":8179,"weight":2.205},
{"Node_id":8180,"weight":3.1347},
{"Node_id":8181,"weight":1.4815},
{"Node_id":8182,"weight":1.752},
{"Node_id":8183,"weight":3.0252},
{"Node_id":8184,"weight":1.6368},
{"Node_id":8185,"weight":2.9593},
{"Node_id":8186,"weight":3.1964},
{"Node_id":8187,"weight":2.0565},
{"Node_id":8188,"weight":1.9296},
{"Node_id":8189,"weight":1.8136},
{"Node_id":8190,"weight":2.2242},
{"Node_id":8191,"weight":2.3571},
{"Node_id":8192,"weight":3.8038},
{"Node_id":8193,"weight":2.0938},
{"Node_id":8194,"weight":2.0745},
{"Node_id":8195,"weight":2.5123},
{"Node_id":8196,"weight":1.5786},
{"Node_id":8197,"weight":1.726},
{"Node_id":8198,"weight":1.4663},
{"Node_id":8199,"weight":2.6563},
{"Node_id":8200,"weight":1.4147},
{"Node_id":8201,"weight":2.9011},
{"Node_id":8202,"weight":5.2347},
{"Node_id":8203,"weight":3.4095},
{"Node_id":8204,"weight":3.4225},
{"Node_id":8205,"weight":1.8557},
{"Node_id":8206,"weight":2.6498},
{"Node_id":8207,"weight":2.1134},
{"Node_id":8208,"weight":2.366},
{"Node_id":8209,"weight":1.9395},
{"Node_id":8210,"weight":3.1859},
{"Node_id":8211,"weight":2.2907},
{"Node_id":8212,"weight":1.8337},
{"Node_id":8213,"weight":1.5652},
{"Node_id":8214,"weight":2.543},
{"Node_id":8215,"weight":5.8061},
{"Node_id":8216,"weight":3.6969},
{"Node_id":8217,"weight":2.1774},
{"Node_id":8218,"weight":1.4795},
{"Node_id":8219,"weight":1.3944},
{"Node_id":8220,"weight":2.3222},
{"Node_id":8221,"weight":1.8012},
{"Node_id":8222,"weight":5.2933},
{"Node_id":8223,"weight":3.3079},
{"Node_id":8224,"weight":4.4278},
{"Node_id":8225,"weight":1.5652},
{"Node_id":8226,"weight":2.5944},
{"Node_id":8227,"weight":2.0856},
{"Node_id":8228,"weight":1.5029},
{"Node_id":8229,"weight":2.8751},
{"Node_id":8230,"weight":1.5361},
{"Node_id":8231,"weight":3.2342},
{"Node_id":8232,"weight":1.9432},
{"Node_id":8233,"weight":1.639},
{"Node_id":8234,"weight":2.0436},
{"Node_id":8237,"weight":5.7105},
{"Node_id":8274,"weight":1.8834},
{"Node_id":8275,"weight":1.6657},
{"Node_id":8276,"weight":2.0918},
{"Node_id":8277,"weight":4.8588},
{"Node_id":8278,"weight":2.9257},
{"Node_id":8279,"weight":3.4323},
{"Node_id":8289,"weight":1.8756},
{"Node_id":8345,"weight":4.1982},
{"Node_id":8346,"weight":3.6392},
{"Node_id":8347,"weight":1.9727},
{"Node_id":8348,"weight":5.7414},
{"Node_id":8349,"weight":3.0929},
{"Node_id":8350,"weight":2.3609},
{"Node_id":8351,"weight":1.7113},
{"Node_id":8352,"weight":1.4268},
{"Node_id":8355,"weight":2.9896},
{"Node_id":8356,"weight":2.0938},
{"Node_id":8357,"weight":3.6718},
{"Node_id":8358,"weight":2.1124},
{"Node_id":8359,"weight":2.5519},
{"Node_id":8360,"weight":2.3445},
{"Node_id":8361,"weight":1.5527},
{"Node_id":8362,"weight":1.752},
{"Node_id":8363,"weight":2.7658},
{"Node_id":8364,"weight":1.9241},
{"Node_id":8365,"weight":1.8506},
{"Node_id":8366,"weight":2.4951},
{"Node_id":8367,"weight":3.3168},
{"Node_id":8368,"weight":1.9368},
{"Node_id":8369,"weight":2.2599},
{"Node_id":8370,"weight":1.8532},
{"Node_id":8371,"weight":2.2379},
{"Node_id":8372,"weight":1.8379},
{"Node_id":8373,"weight":3.6718},
{"Node_id":8374,"weight":1.6317},
{"Node_id":8375,"weight":3.7624},
{"Node_id":8376,"weight":1.5617},
{"Node_id":8377,"weight":1.8566},
{"Node_id":8378,"weight":1.8575},
{"Node_id":8379,"weight":1.6013},
{"Node_id":8381,"weight":3.2648},
{"Node_id":8383,"weight":2.508},
{"Node_id":8384,"weight":1.4198},
{"Node_id":8385,"weight":2.4478},
{"Node_id":8386,"weight":1.4474},
{"Node_id":8387,"weight":3.0229},
{"Node_id":8388,"weight":2.0377},
{"Node_id":8389,"weight":1.5218},
{"Node_id":8622,"weight":4.833},
{"Node_id":8623,"weight":1.5485},
{"Node_id":8624,"weight":2.3063},
{"Node_id":8625,"weight":1.8957},
{"Node_id":8626,"weight":1.8045},
{"Node_id":8627,"weight":3.1422},
{"Node_id":8628,"weight":4.1914},
{"Node_id":8629,"weight":4.3534},
{"Node_id":8630,"weight":1.6302},
{"Node_id":8631,"weight":1.8738},
{"Node_id":8632,"weight":1.5245},
{"Node_id":8633,"weight":5.0294},
{"Node_id":8634,"weight":1.5807},
{"Node_id":8635,"weight":3.8716},
{"Node_id":8636,"weight":2.2907},
{"Node_id":8637,"weight":2.6612},
{"Node_id":8638,"weight":2.2061},
{"Node_id":8639,"weight":1.5218},
{"Node_id":8640,"weight":2.2017},
{"Node_id":8641,"weight":5.3771},
{"Node_id":8642,"weight":2.3918},
{"Node_id":8643,"weight":1.5327},
{"Node_id":8644,"weight":1.5527},
{"Node_id":8645,"weight":2.2448},
{"Node_id":8646,"weight":2.1752},
{"Node_id":8789,"weight":5.2347},
{"Node_id":8790,"weight":1.9606},
{"Node_id":8791,"weight":1.7719},
{"Node_id":8792,"weight":1.4474},
{"Node_id":8793,"weight":2.4768},
{"Node_id":8804,"weight":1.7417},
{"Node_id":8805,"weight":2.9808},
{"Node_id":8806,"weight":4.3534},
{"Node_id":8807,"weight":2.2529},
{"Node_id":8808,"weight":1.4128},
{"Node_id":8809,"weight":1.5992},
{"Node_id":8810,"weight":1.6762},
{"Node_id":8811,"weight":2.0212},
{"Node_id":8812,"weight":3.0389},
{"Node_id":8813,"weight":3.3377},
{"Node_id":8814,"weight":2.1578},
{"Node_id":8858,"weight":2.6337},
{"Node_id":8859,"weight":1.7448},
{"Node_id":8860,"weight":1.6331},
{"Node_id":8861,"weight":2.0397},
{"Node_id":8862,"weight":1.7464},
{"Node_id":8863,"weight":1.9802},
{"Node_id":8864,"weight":2.027},
{"Node_id":8865,"weight":1.5828},
{"Node_id":8866,"weight":3.0504},
{"Node_id":8867,"weight":1.4281},
{"Node_id":8868,"weight":2.1557},
{"Node_id":8869,"weight":1.7881},
{"Node_id":8879,"weight":1.575},
{"Node_id":8880,"weight":2.1884},
{"Node_id":8925,"weight":4.212},
{"Node_id":8926,"weight":3.5326},
{"Node_id":8927,"weight":3.248},
{"Node_id":8928,"weight":1.4526},
{"Node_id":8929,"weight":1.4565},
{"Node_id":8930,"weight":2.1093},
{"Node_id":8968,"weight":2.9917},
{"Node_id":8969,"weight":1.5779},
{"Node_id":8970,"weight":2.1503},
{"Node_id":8971,"weight":1.465},
{"Node_id":8972,"weight":1.9811},
{"Node_id":8973,"weight":1.4526},
{"Node_id":8974,"weight":1.5771},
{"Node_id":8975,"weight":1.8062},
{"Node_id":8976,"weight":2.0125},
{"Node_id":8977,"weight":5.7414},
{"Node_id":8978,"weight":4.1318},
{"Node_id":8979,"weight":2.5371},
{"Node_id":8980,"weight":2.1323},
{"Node_id":8981,"weight":1.4223},
{"Node_id":8982,"weight":4.3858},
{"Node_id":8983,"weight":4.4364},
{"Node_id":8984,"weight":1.4064},
{"Node_id":8985,"weight":1.4533},
{"Node_id":8986,"weight":1.513},
{"Node_id":8987,"weight":1.7036},
{"Node_id":8988,"weight":2.1218},
{"Node_id":8989,"weight":4.4451},
{"Node_id":8990,"weight":1.6538},
{"Node_id":8991,"weight":2.2185},
{"Node_id":8992,"weight":1.7535},
{"Node_id":8993,"weight":2.102},
{"Node_id":8994,"weight":1.397},
{"Node_id":8995,"weight":2.0685},
{"Node_id":8996,"weight":1.8851},
{"Node_id":8997,"weight":1.8379},
{"Node_id":8998,"weight":5.6515},
{"Node_id":8999,"weight":1.8992},
{"Node_id":9000,"weight":1.7939},
{"Node_id":9001,"weight":2.0125},
{"Node_id":9002,"weight":2.5594},
{"Node_id":9003,"weight":1.7244},
{"Node_id":9004,"weight":3.6969},
{"Node_id":9005,"weight":3.1703},
{"Node_id":9006,"weight":1.5184},
{"Node_id":9007,"weight":1.3869},
{"Node_id":9008,"weight":2.1829},
{"Node_id":9009,"weight":2.2196},
{"Node_id":9010,"weight":1.9597},
{"Node_id":9011,"weight":2.8477},
{"Node_id":9012,"weight":1.6694},
{"Node_id":9013,"weight":3.577},
{"Node_id":9014,"weight":2.889},
{"Node_id":9015,"weight":2.885},
{"Node_id":9016,"weight":1.5259},
{"Node_id":9017,"weight":3.8567},
{"Node_id":9018,"weight":3.3079},
{"Node_id":9019,"weight":1.8354},
{"Node_id":9020,"weight":1.7736},
{"Node_id":9021,"weight":3.714},
{"Node_id":9022,"weight":1.8371},
{"Node_id":9023,"weight":2.9808},
{"Node_id":9024,"weight":2.9614},
{"Node_id":9025,"weight":3.4934},
{"Node_id":9026,"weight":1.3882},
{"Node_id":9027,"weight":1.7623},
{"Node_id":9028,"weight":2.3711},
{"Node_id":9029,"weight":1.4313},
{"Node_id":9030,"weight":1.5527},
{"Node_id":9031,"weight":2.2599},
{"Node_id":9032,"weight":2.0029},
{"Node_id":9033,"weight":2.6596},
{"Node_id":9034,"weight":1.9359},
{"Node_id":9035,"weight":2.9381},
{"Node_id":9036,"weight":2.9174},
{"Node_id":9037,"weight":1.6171},
{"Node_id":9038,"weight":1.8103},
{"Node_id":9039,"weight":1.5334},
{"Node_id":9040,"weight":2.887},
{"Node_id":9041,"weight":1.8186},
{"Node_id":9042,"weight":1.9542},
{"Node_id":9053,"weight":1.6785},
{"Node_id":9054,"weight":3.0006},
{"Node_id":9055,"weight":2.1785},
{"Node_id":9056,"weight":3.0786},
{"Node_id":9057,"weight":3.8275},
{"Node_id":9058,"weight":1.7881},
{"Node_id":9059,"weight":3.055},
{"Node_id":9060,"weight":1.9662},
{"Node_id":9061,"weight":2.4671},
{"Node_id":9062,"weight":3.2905},
{"Node_id":9063,"weight":1.901},
{"Node_id":9064,"weight":1.9802},
{"Node_id":9065,"weight":1.9802},
{"Node_id":9066,"weight":7.8236},
{"Node_id":9068,"weight":1.8021},
{"Node_id":9070,"weight":1.6913},
{"Node_id":9071,"weight":2.645},
{"Node_id":9072,"weight":4.0163},
{"Node_id":9073,"weight":1.4915},
{"Node_id":9074,"weight":1.5347},
{"Node_id":9075,"weight":2.6531},
{"Node_id":9076,"weight":2.2611},
{"Node_id":9155,"weight":4.3454},
{"Node_id":9156,"weight":2.8248},
{"Node_id":9159,"weight":2.4994},
{"Node_id":9160,"weight":1.748},
{"Node_id":9161,"weight":1.4855},
{"Node_id":9162,"weight":2.764},
{"Node_id":9163,"weight":1.8721},
{"Node_id":9164,"weight":2.4492},
{"Node_id":9165,"weight":1.8904},
{"Node_id":9166,"weight":1.9783},
{"Node_id":9167,"weight":1.6508},
{"Node_id":9168,"weight":2.1302},
{"Node_id":9169,"weight":2.4356},
{"Node_id":9170,"weight":2.0897},
{"Node_id":9171,"weight":3.1322},
{"Node_id":9172,"weight":1.956},
{"Node_id":9173,"weight":4.5362},
{"Node_id":9174,"weight":2.8574},
{"Node_id":9175,"weight":1.925},
{"Node_id":9176,"weight":3.2314},
{"Node_id":9177,"weight":4.6053},
{"Node_id":9178,"weight":2.7839},
{"Node_id":9179,"weight":1.5177},
{"Node_id":9180,"weight":1.414},
{"Node_id":9181,"weight":1.7496},
{"Node_id":9182,"weight":2.0318},
{"Node_id":9183,"weight":3.2424},
{"Node_id":9184,"weight":1.8756},
{"Node_id":9248,"weight":2.5371},
{"Node_id":9249,"weight":1.414},
{"Node_id":9250,"weight":2.4643},
{"Node_id":9251,"weight":1.8278},
{"Node_id":9279,"weight":1.8128},
{"Node_id":9280,"weight":1.4461},
{"Node_id":9281,"weight":2.0446},
{"Node_id":9282,"weight":2.5821},
{"Node_id":9283,"weight":3.4761},
{"Node_id":9284,"weight":1.5062},
{"Node_id":9285,"weight":2.0989},
{"Node_id":9286,"weight":2.3788},
{"Node_id":9287,"weight":1.5485},
{"Node_id":9288,"weight":4.4108},
{"Node_id":9289,"weight":1.6951},
{"Node_id":9290,"weight":1.827},
{"Node_id":9291,"weight":1.4384},
{"Node_id":9292,"weight":2.7551},
{"Node_id":9293,"weight":1.7409},
{"Node_id":9294,"weight":2.1333},
{"Node_id":9295,"weight":1.9634},
{"Node_id":9296,"weight":1.8111},
{"Node_id":9297,"weight":2.7604},
{"Node_id":9298,"weight":1.5779},
{"Node_id":9299,"weight":4.1383},
{"Node_id":9300,"weight":1.4565},
{"Node_id":9301,"weight":3.6233},
{"Node_id":9302,"weight":1.7599},
{"Node_id":9303,"weight":2.5806},
{"Node_id":9304,"weight":1.4096},
{"Node_id":9305,"weight":3.9072},
{"Node_id":9306,"weight":1.8211},
{"Node_id":9307,"weight":2.5312},
{"Node_id":9308,"weight":1.8037},
{"Node_id":9309,"weight":2.9657},
{"Node_id":9310,"weight":2.6514},
{"Node_id":9311,"weight":1.4229},
{"Node_id":9312,"weight":2.7132},
{"Node_id":9313,"weight":1.8404},
{"Node_id":9314,"weight":1.9332},
{"Node_id":9315,"weight":2.5867},
{"Node_id":9316,"weight":1.6694},
{"Node_id":9317,"weight":4.119},
{"Node_id":9318,"weight":2.4937},
{"Node_id":9319,"weight":3.9992},
{"Node_id":9320,"weight":1.9268},
{"Node_id":9321,"weight":1.4351},
{"Node_id":9322,"weight":1.5361},
{"Node_id":9323,"weight":1.6501},
{"Node_id":9324,"weight":1.9001},
{"Node_id":9325,"weight":3.7401},
{"Node_id":9326,"weight":2.1961},
{"Node_id":9339,"weight":0.1294},
{"Node_id":9340,"weight":1.2721},
{"Node_id":9341,"weight":3.2676},
{"Node_id":9346,"weight":1.4204},
{"Node_id":9347,"weight":0.4561},
{"Node_id":9354,"weight":2.5166},
{"Node_id":9362,"weight":1.6822},
{"Node_id":9387,"weight":0.7598},
{"Node_id":9413,"weight":4.0878},
{"Node_id":9420,"weight":3.7011},
{"Node_id":9433,"weight":3.429},
{"Node_id":9436,"weight":0.3437},
{"Node_id":9443,"weight":0.3602},
{"Node_id":9447,"weight":4.8988},
{"Node_id":9448,"weight":1.7535},
{"Node_id":9482,"weight":2.5195},
{"Node_id":9492,"weight":0.5849},
{"Node_id":9500,"weight":0.2408},
{"Node_id":9504,"weight":0.2884},
{"Node_id":9508,"weight":0.9714},
{"Node_id":9511,"weight":0.2745},
{"Node_id":9641,"weight":1.8379},
{"Node_id":10425,"weight":1.39},
{"Node_id":10426,"weight":2.9896},
{"Node_id":10429,"weight":1.8878},
{"Node_id":10431,"weight":2.1333},
{"Node_id":10441,"weight":1.3081},
{"Node_id":10446,"weight":0.1378},
{"Node_id":10448,"weight":2.4356},
{"Node_id":10454,"weight":0.8217},
{"Node_id":10457,"weight":0.2152},
{"Node_id":10464,"weight":5.4927},
{"Node_id":10466,"weight":0.1463},
{"Node_id":10470,"weight":1.1521},
{"Node_id":10493,"weight":1.901},
{"Node_id":10500,"weight":0.3789},
{"Node_id":10552,"weight":0.4583},
{"Node_id":10554,"weight":0.6745},
{"Node_id":10557,"weight":1.1703},
{"Node_id":10574,"weight":0.795},
{"Node_id":10578,"weight":2.6162},
{"Node_id":10583,"weight":1.5008},
{"Node_id":10606,"weight":1.0299},
{"Node_id":10607,"weight":2.508},
{"Node_id":10610,"weight":1.014},
{"Node_id":10631,"weight":2.1676},
{"Node_id":10873,"weight":1.6114},
{"Node_id":10946,"weight":0.5941},
{"Node_id":10957,"weight":0.5117},
{"Node_id":10969,"weight":1.4064},
{"Node_id":10972,"weight":4.833},
{"Node_id":10973,"weight":0.7291},
{"Node_id":11006,"weight":2.2646},
{"Node_id":11007,"weight":0.6517},
{"Node_id":11014,"weight":0.3146},
{"Node_id":11039,"weight":3.0458},
{"Node_id":11051,"weight":2.1578},
{"Node_id":11052,"weight":1.5942},
{"Node_id":11117,"weight":2.7339},
{"Node_id":11144,"weight":1.789},
{"Node_id":11146,"weight":2.3309},
{"Node_id":11164,"weight":0.9464},
{"Node_id":11165,"weight":0.0748},
{"Node_id":11189,"weight":0.2088},
{"Node_id":11191,"weight":2.401},
{"Node_id":11224,"weight":0.9455},
{"Node_id":11233,"weight":1.2345},
{"Node_id":11286,"weight":0.1523},
{"Node_id":11289,"weight":0.7773},
{"Node_id":11290,"weight":0.5262},
{"Node_id":11308,"weight":2.0645},
{"Node_id":11309,"weight":0.0324},
{"Node_id":11310,"weight":2.6385},
{"Node_id":11315,"weight":0.3917},
{"Node_id":11325,"weight":0.5066},
{"Node_id":11342,"weight":1.2174},
{"Node_id":11346,"weight":3.2178},
{"Node_id":11371,"weight":0.2908},
{"Node_id":11620,"weight":3.5884},
{"Node_id":11635,"weight":4.7474},
{"Node_id":11642,"weight":0.4934},
{"Node_id":11643,"weight":0.4243},
{"Node_id":11645,"weight":3.3621},
{"Node_id":11786,"weight":6.6441}]