[{"Inferred_node_ids":[6994],"Node_id":6808},
{"Inferred_node_ids":[6938],"Node_id":6809},
{"Inferred_node_ids":[6953],"Node_id":6810},
{"Inferred_node_ids":[6921],"Node_id":6811},
{"Inferred_node_ids":[6948],"Node_id":6812},
{"Inferred_node_ids":[6972],"Node_id":6813},
{"Inferred_node_ids":[6989],"Node_id":6814},
{"Inferred_node_ids":[6936],"Node_id":96612},
{"Inferred_node_ids":[6990],"Node_id":96613},
{"Inferred_node_ids":[6968],"Node_id":96614},
{"Inferred_node_ids":[6930],"Node_id":96615},
{"Inferred_node_ids":[6964],"Node_id":96616},
{"Inferred_node_ids":[7000],"Node_id":96617},
{"Inferred_node_ids":[6977],"Node_id":96618},
{"Inferred_node_ids":[6958],"Node_id":97463},
{"Inferred_node_ids":[7001],"Node_id":97464},
{"Inferred_node_ids":[6954],"Node_id":97465},
{"Inferred_node_ids":[6917],"Node_id":97466},
{"Inferred_node_ids":[6935],"Node_id":97467},
{"Inferred_node_ids":[7004],"Node_id":97468},
{"Inferred_node_ids":[6976],"Node_id":97638},
{"Inferred_node_ids":[6997],"Node_id":97639},
{"Inferred_node_ids":[6934],"Node_id":97640},
{"Inferred_node_ids":[6927],"Node_id":97641},
{"Inferred_node_ids":[6988],"Node_id":97642},
{"Inferred_node_ids":[6925],"Node_id":97643},
{"Inferred_node_ids":[6971],"Node_id":97644},
{"Inferred_node_ids":[6960],"Node_id":97646},
{"Inferred_node_ids":[6951],"Node_id":97647},
{"Inferred_node_ids":[6923],"Node_id":97648},
{"Inferred_node_ids":[6913],"Node_id":97649},
{"Inferred_node_ids":[6955],"Node_id":97650},
{"Inferred_node_ids":[6983],"Node_id":97651},
{"Inferred_node_ids":[6965],"Node_id":97652},
{"Inferred_node_ids":[6940],"Node_id":97653},
{"Inferred_node_ids":[6942],"Node_id":97654},
{"Inferred_node_ids":[6979],"Node_id":97655},
{"Inferred_node_ids":[6946],"Node_id":97656},
{"Inferred_node_ids":[6918],"Node_id":97657},
{"Inferred_node_ids":[6912],"Node_id":100088},
{"Inferred_node_ids":[6973],"Node_id":100089},
{"Inferred_node_ids":[6996],"Node_id":100090},
{"Inferred_node_ids":[6966],"Node_id":100091},
{"Inferred_node_ids":[6933],"Node_id":100092},
{"Inferred_node_ids":[6928],"Node_id":100093},
{"Inferred_node_ids":[6957],"Node_id":102563},
{"Inferred_node_ids":[6939],"Node_id":102564},
{"Inferred_node_ids":[6992],"Node_id":102565},
{"Inferred_node_ids":[6947],"Node_id":102566},
{"Inferred_node_ids":[7007],"Node_id":102567},
{"Inferred_node_ids":[6985],"Node_id":102568},
{"Inferred_node_ids":[6952],"Node_id":102569},
{"Inferred_node_ids":[6929],"Node_id":102570},
{"Inferred_node_ids":[6975],"Node_id":102601},
{"Inferred_node_ids":[6941],"Node_id":102602},
{"Inferred_node_ids":[6998],"Node_id":102603},
{"Inferred_node_ids":[6937],"Node_id":102604},
{"Inferred_node_ids":[6999],"Node_id":102605},
{"Inferred_node_ids":[6995],"Node_id":102607},
{"Inferred_node_ids":[6922],"Node_id":102608},
{"Inferred_node_ids":[6962],"Node_id":102609},
{"Inferred_node_ids":[6993],"Node_id":102610},
{"Inferred_node_ids":[6967],"Node_id":102611},
{"Inferred_node_ids":[6978],"Node_id":102612},
{"Inferred_node_ids":[7002],"Node_id":103606},
{"Inferred_node_ids":[6944],"Node_id":103607},
{"Inferred_node_ids":[6969],"Node_id":103608},
{"Inferred_node_ids":[6943],"Node_id":133635},
{"Inferred_node_ids":[6980],"Node_id":133636},
{"Inferred_node_ids":[6970],"Node_id":133637},
{"Inferred_node_ids":[6961],"Node_id":133638},
{"Inferred_node_ids":[6974],"Node_id":133639},
{"Inferred_node_ids":[6914],"Node_id":133640},
{"Inferred_node_ids":[6950],"Node_id":133641},
{"Inferred_node_ids":[6981],"Node_id":133642},
{"Inferred_node_ids":[6919],"Node_id":133643},
{"Inferred_node_ids":[6931],"Node_id":133644},
{"Inferred_node_ids":[6924],"Node_id":133645},
{"Inferred_node_ids":[6982],"Node_id":133646},
{"Inferred_node_ids":[7005],"Node_id":133855},
{"Inferred_node_ids":[7006],"Node_id":133856},
{"Inferred_node_ids":[6949],"Node_id":133857},
{"Inferred_node_ids":[6926],"Node_id":133858},
{"Inferred_node_ids":[6963],"Node_id":133859},
{"Inferred_node_ids":[6991],"Node_id":133861},
{"Inferred_node_ids":[7003],"Node_id":133862},
{"Inferred_node_ids":[6987],"Node_id":133863},
{"Inferred_node_ids":[6932],"Node_id":133865},
{"Inferred_node_ids":[6945],"Node_id":133866},
{"Inferred_node_ids":[6920],"Node_id":133867},
{"Inferred_node_ids":[6956],"Node_id":133868},
{"Inferred_node_ids":[6915],"Node_id":133869},
{"Inferred_node_ids":[6916],"Node_id":133871},
{"Inferred_node_ids":[6986],"Node_id":133872},
{"Inferred_node_ids":[6959],"Node_id":133873},
{"Inferred_node_ids":[6984],"Node_id":133874}]