[{"p":"P54","wikiID":NULL,"s":"Q18765","Node_id":6912,"weight":0.27322,"o":"Q3873511","polarity":FALSE},
{"p":"P54","wikiID":NULL,"s":"Q5024","Node_id":6913,"weight":0.29072002,"o":"Q3873511","polarity":FALSE},
{"p":"P54","wikiID":NULL,"s":"Q122346","Node_id":6914,"weight":0.20367,"o":"Q3873511","polarity":FALSE},
{"p":"P54","wikiID":NULL,"s":"Q122346","Node_id":6915,"weight":0.38275,"o":"Q3873511","polarity":FALSE},
{"p":"P54","wikiID":NULL,"s":"Q122346","Node_id":6916,"weight":0.16193,"o":"Q3873511","polarity":FALSE},
{"p":"P54","wikiID":NULL,"s":"Q5024","Node_id":6917,"weight":0.23918,"o":"Q3873511","polarity":FALSE},
{"p":"P54","wikiID":NULL,"s":"Q5024","Node_id":6918,"weight":0.18913,"o":"Q3873511","polarity":FALSE},
{"p":"P54","wikiID":NULL,"s":"Q122346","Node_id":6919,"weight":0.1873,"o":"Q3873511","polarity":FALSE},
{"p":"P54","wikiID":NULL,"s":"Q122346","Node_id":6920,"weight":0.21654001,"o":"Q3873511","polarity":FALSE},
{"p":"P54","wikiID":NULL,"s":"Q1918","Node_id":6921,"weight":0.12027,"o":"Q3873511","polarity":FALSE},
{"p":"P54","wikiID":NULL,"s":"Q31377","Node_id":6922,"weight":0.19268,"o":"Q3873511","polarity":FALSE},
{"p":"P54","wikiID":NULL,"s":"Q5024","Node_id":6923,"weight":0.26844,"o":"Q3873511","polarity":FALSE},
{"p":"P54","wikiID":NULL,"s":"Q122346","Node_id":6924,"weight":0.15729001,"o":"Q3873511","polarity":FALSE},
{"p":"P54","wikiID":NULL,"s":"Q5024","Node_id":6925,"weight":0.14995,"o":"Q3873511","polarity":FALSE},
{"p":"P54","wikiID":NULL,"s":"Q122346","Node_id":6926,"weight":0.23866001,"o":"Q3873511","polarity":FALSE},
{"p":"P54","wikiID":NULL,"s":"Q5024","Node_id":6927,"weight":0.3483,"o":"Q3873511","polarity":FALSE},
{"p":"P54","wikiID":NULL,"s":"Q18765","Node_id":6928,"weight":0.21503,"o":"Q3873511","polarity":FALSE},
{"p":"P54","wikiID":NULL,"s":"Q31377","Node_id":6929,"weight":0.16433999,"o":"Q3873511","polarity":FALSE},
{"p":"P54","wikiID":NULL,"s":"Q1918","Node_id":6930,"weight":0.297,"o":"Q3873511","polarity":FALSE},
{"p":"P54","wikiID":NULL,"s":"Q122346","Node_id":6931,"weight":0.20407,"o":"Q3873511","polarity":FALSE},
{"p":"P54","wikiID":NULL,"s":"Q122346","Node_id":6932,"weight":0.16085,"o":"Q3873511","polarity":FALSE},
{"p":"P54","wikiID":NULL,"s":"Q18765","Node_id":6933,"weight":0.17136,"o":"Q3873511","polarity":FALSE},
{"p":"P54","wikiID":NULL,"s":"Q5024","Node_id":6934,"weight":0.17206,"o":"Q3873511","polarity":FALSE},
{"p":"P54","wikiID":NULL,"s":"Q5024","Node_id":6935,"weight":0.33078998,"o":"Q3873511","polarity":FALSE},
{"p":"P54","wikiID":NULL,"s":"Q1918","Node_id":6936,"weight":0.28750998,"o":"Q3873511","polarity":FALSE},
{"p":"P54","wikiID":NULL,"s":"Q31377","Node_id":6937,"weight":0.30297,"o":"Q3873511","polarity":FALSE},
{"p":"P54","wikiID":NULL,"s":"Q1918","Node_id":6938,"weight":0.33745998,"o":"Q3873511","polarity":FALSE},
{"p":"P54","wikiID":NULL,"s":"Q31377","Node_id":6939,"weight":0.14761999,"o":"Q3873511","polarity":FALSE},
{"p":"P54","wikiID":NULL,"s":"Q5024","Node_id":6940,"weight":0.16754,"o":"Q3873511","polarity":FALSE},
{"p":"P54","wikiID":NULL,"s":"Q31377","Node_id":6941,"weight":0.29215,"o":"Q3873511","polarity":FALSE},
{"p":"P54","wikiID":NULL,"s":"Q5024","Node_id":6942,"weight":0.14552,"o":"Q3873511","polarity":FALSE},
{"p":"P54","wikiID":NULL,"s":"Q122346","Node_id":6943,"weight":0.40514,"o":"Q3873511","polarity":FALSE},
{"p":"P54","wikiID":NULL,"s":"Q39209","Node_id":6944,"weight":0.27586,"o":"Q3873511","polarity":FALSE},
{"p":"P54","wikiID":NULL,"s":"Q122346","Node_id":6945,"weight":0.24464,"o":"Q3873511","polarity":FALSE},
{"p":"P54","wikiID":NULL,"s":"Q5024","Node_id":6946,"weight":0.15444,"o":"Q3873511","polarity":FALSE},
{"p":"P54","wikiID":NULL,"s":"Q31377","Node_id":6947,"weight":0.25445002,"o":"Q3873511","polarity":FALSE},
{"p":"P54","wikiID":NULL,"s":"Q1918","Node_id":6948,"weight":0.05083,"o":"Q3873511","polarity":FALSE},
{"p":"P54","wikiID":NULL,"s":"Q122346","Node_id":6949,"weight":0.32847,"o":"Q3873511","polarity":FALSE},
{"p":"P54","wikiID":NULL,"s":"Q122346","Node_id":6950,"weight":0.17792,"o":"Q3873511","polarity":FALSE},
{"p":"P54","wikiID":NULL,"s":"Q5024","Node_id":6951,"weight":0.27551,"o":"Q3873511","polarity":FALSE},
{"p":"P54","wikiID":NULL,"s":"Q31377","Node_id":6952,"weight":0.16258,"o":"Q3873511","polarity":FALSE},
{"p":"P54","wikiID":NULL,"s":"Q1918","Node_id":6953,"weight":0.45173997,"o":"Q3873511","polarity":FALSE},
{"p":"P54","wikiID":NULL,"s":"Q5024","Node_id":6954,"weight":0.20048001,"o":"Q3873511","polarity":FALSE},
{"p":"P54","wikiID":NULL,"s":"Q5024","Node_id":6955,"weight":0.16237,"o":"Q3873511","polarity":FALSE},
{"p":"P54","wikiID":NULL,"s":"Q122346","Node_id":6956,"weight":0.33468002,"o":"Q3873511","polarity":FALSE},
{"p":"P54","wikiID":NULL,"s":"Q31377","Node_id":6957,"weight":0.30389,"o":"Q3873511","polarity":FALSE},
{"p":"P54","wikiID":NULL,"s":"Q5024","Node_id":6958,"weight":0.63754,"o":"Q3873511","polarity":FALSE},
{"p":"P54","wikiID":NULL,"s":"Q122346","Node_id":6959,"weight":0.14268,"o":"Q3873511","polarity":FALSE},
{"p":"P54","wikiID":NULL,"s":"Q5024","Node_id":6960,"weight":0.48203,"o":"Q3873511","polarity":FALSE},
{"p":"P54","wikiID":NULL,"s":"Q122346","Node_id":6961,"weight":0.25445002,"o":"Q3873511","polarity":FALSE},
{"p":"P54","wikiID":NULL,"s":"Q31377","Node_id":6962,"weight":0.14474,"o":"Q3873511","polarity":FALSE},
{"p":"P54","wikiID":NULL,"s":"Q122346","Node_id":6963,"weight":0.2366,"o":"Q3873511","polarity":FALSE},
{"p":"P54","wikiID":NULL,"s":"Q1918","Node_id":6964,"weight":0.24519,"o":"Q3873511","polarity":FALSE},
{"p":"P54","wikiID":NULL,"s":"Q5024","Node_id":6965,"weight":0.23075,"o":"Q3873511","polarity":FALSE},
{"p":"P54","wikiID":NULL,"s":"Q18765","Node_id":6966,"weight":0.26744002,"o":"Q3873511","polarity":FALSE},
{"p":"P54","wikiID":NULL,"s":"Q31377","Node_id":6967,"weight":0.20585,"o":"Q3873511","polarity":FALSE},
{"p":"P54","wikiID":NULL,"s":"Q1918","Node_id":6968,"weight":0.21343999,"o":"Q3873511","polarity":FALSE},
{"p":"P54","wikiID":NULL,"s":"Q39209","Node_id":6969,"weight":0.22774999,"o":"Q3873511","polarity":FALSE},
{"p":"P54","wikiID":NULL,"s":"Q122346","Node_id":6970,"weight":0.21895,"o":"Q3873511","polarity":FALSE},
{"p":"P54","wikiID":NULL,"s":"Q5024","Node_id":6971,"weight":0.32479998,"o":"Q3873511","polarity":FALSE},
{"p":"P54","wikiID":NULL,"s":"Q1918","Node_id":6972,"weight":0.28305,"o":"Q3873511","polarity":FALSE},
{"p":"P54","wikiID":NULL,"s":"Q18765","Node_id":6973,"weight":0.26273,"o":"Q3873511","polarity":FALSE},
{"p":"P54","wikiID":NULL,"s":"Q122346","Node_id":6974,"weight":0.15603,"o":"Q3873511","polarity":FALSE},
{"p":"P54","wikiID":NULL,"s":"Q31377","Node_id":6975,"weight":0.15341,"o":"Q3873511","polarity":FALSE},
{"p":"P54","wikiID":NULL,"s":"Q5024","Node_id":6976,"weight":0.35922,"o":"Q3873511","polarity":FALSE},
{"p":"P54","wikiID":NULL,"s":"Q1918","Node_id":6977,"weight":0.46576,"o":"Q3873511","polarity":FALSE},
{"p":"P54","wikiID":NULL,"s":"Q31377","Node_id":6978,"weight":0.20019,"o":"Q3873511","polarity":FALSE},
{"p":"P54","wikiID":NULL,"s":"Q5024","Node_id":6979,"weight":0.37669,"o":"Q3873511","polarity":FALSE},
{"p":"P54","wikiID":NULL,"s":"Q122346","Node_id":6980,"weight":0.20826001,"o":"Q3873511","polarity":FALSE},
{"p":"P54","wikiID":NULL,"s":"Q122346","Node_id":6981,"weight":0.13932,"o":"Q3873511","polarity":FALSE},
{"p":"P54","wikiID":NULL,"s":"Q122346","Node_id":6982,"weight":0.24075,"o":"Q3873511","polarity":FALSE},
{"p":"P54","wikiID":NULL,"s":"Q5024","Node_id":6983,"weight":0.20348,"o":"Q3873511","polarity":FALSE},
{"p":"P54","wikiID":NULL,"s":"Q122346","Node_id":6984,"weight":0.2891,"o":"Q3873511","polarity":FALSE},
{"p":"P54","wikiID":NULL,"s":"Q31377","Node_id":6985,"weight":0.15368,"o":"Q3873511","polarity":FALSE},
{"p":"P54","wikiID":NULL,"s":"Q122346","Node_id":6986,"weight":0.22871001,"o":"Q3873511","polarity":FALSE},
{"p":"P54","wikiID":NULL,"s":"Q122346","Node_id":6987,"weight":0.34094998,"o":"Q3873511","polarity":FALSE},
{"p":"P54","wikiID":NULL,"s":"Q5024","Node_id":6988,"weight":0.21343999,"o":"Q3873511","polarity":FALSE},
{"p":"P54","wikiID":NULL,"s":"Q1918","Node_id":6989,"weight":0.02949,"o":"Q3873511","polarity":FALSE},
{"p":"P54","wikiID":NULL,"s":"Q1918","Node_id":6990,"weight":0.15197,"o":"Q3873511","polarity":FALSE},
{"p":"P54","wikiID":NULL,"s":"Q122346","Node_id":6991,"weight":0.42546,"o":"Q3873511","polarity":FALSE},
{"p":"P54","wikiID":NULL,"s":"Q31377","Node_id":6992,"weight":0.14881,"o":"Q3873511","polarity":FALSE},
{"p":"P54","wikiID":NULL,"s":"Q31377","Node_id":6993,"weight":0.51269,"o":"Q3873511","polarity":FALSE},
{"p":"P54","wikiID":NULL,"s":"Q1918","Node_id":6994,"weight":0.25821,"o":"Q3873511","polarity":FALSE},
{"p":"P54","wikiID":NULL,"s":"Q31377","Node_id":6995,"weight":0.27322,"o":"Q3873511","polarity":FALSE},
{"p":"P54","wikiID":NULL,"s":"Q18765","Node_id":6996,"weight":0.1656,"o":"Q3873511","polarity":FALSE},
{"p":"P54","wikiID":NULL,"s":"Q5024","Node_id":6997,"weight":0.35472,"o":"Q3873511","polarity":FALSE},
{"p":"P54","wikiID":NULL,"s":"Q31377","Node_id":6998,"weight":0.20515001,"o":"Q3873511","polarity":FALSE},
{"p":"P54","wikiID":NULL,"s":"Q31377","Node_id":6999,"weight":0.17662999,"o":"Q3873511","polarity":FALSE},
{"p":"P54","wikiID":NULL,"s":"Q1918","Node_id":7000,"weight":0.56515,"o":"Q3873511","polarity":FALSE},
{"p":"P54","wikiID":NULL,"s":"Q5024","Node_id":7001,"weight":0.17059,"o":"Q3873511","polarity":FALSE},
{"p":"P54","wikiID":NULL,"s":"Q39209","Node_id":7002,"weight":0.24275,"o":"Q3873511","polarity":FALSE},
{"p":"P54","wikiID":NULL,"s":"Q122346","Node_id":7003,"weight":0.14058,"o":"Q3873511","polarity":FALSE},
{"p":"P54","wikiID":NULL,"s":"Q5024","Node_id":7004,"weight":0.38968998,"o":"Q3873511","polarity":FALSE},
{"p":"P54","wikiID":NULL,"s":"Q122346","Node_id":7005,"weight":0.15136,"o":"Q3873511","polarity":FALSE},
{"p":"P54","wikiID":NULL,"s":"Q122346","Node_id":7006,"weight":0.35508,"o":"Q3873511","polarity":FALSE},
{"p":"P54","wikiID":NULL,"s":"Q31377","Node_id":7007,"weight":0.26305002,"o":"Q3873511","polarity":FALSE}]