[{"Node_id":9988,"weight":1.9214},
{"Node_id":9992,"weight":2.184},
{"Node_id":9993,"weight":3.483},
{"Node_id":9994,"weight":2.2799},
{"Node_id":9997,"weight":2.5051},
{"Node_id":9999,"weight":2.3015},
{"Node_id":10000,"weight":2.2634},
{"Node_id":10007,"weight":1.4319},
{"Node_id":10015,"weight":1.6936},
{"Node_id":10040,"weight":1.5736},
{"Node_id":10067,"weight":2.4866},
{"Node_id":10074,"weight":1.744},
{"Node_id":10081,"weight":2.5852},
{"Node_id":10087,"weight":1.3976},
{"Node_id":10088,"weight":1.5513},
{"Node_id":10090,"weight":1.5492},
{"Node_id":10097,"weight":1.8421},
{"Node_id":10101,"weight":2.001},
{"Node_id":10102,"weight":1.6353},
{"Node_id":10135,"weight":2.1928},
{"Node_id":10145,"weight":1.5764},
{"Node_id":10153,"weight":4.2766},
{"Node_id":10157,"weight":5.2159},
{"Node_id":10161,"weight":1.5666},
{"Node_id":10164,"weight":1.866},
{"Node_id":10295,"weight":3.3227},
{"Node_id":10811,"weight":2.0887},
{"Node_id":11050,"weight":2.2196},
{"Node_id":11054,"weight":3.9549},
{"Node_id":11055,"weight":1.4474},
{"Node_id":11058,"weight":1.7433},
{"Node_id":11060,"weight":2.3866},
{"Node_id":11070,"weight":2.3433},
{"Node_id":11074,"weight":2.5519},
{"Node_id":11076,"weight":2.3648},
{"Node_id":11082,"weight":5.2933},
{"Node_id":11085,"weight":1.9305},
{"Node_id":11090,"weight":2.3271},
{"Node_id":11092,"weight":4.6469},
{"Node_id":11094,"weight":3.4523},
{"Node_id":11098,"weight":1.6142},
{"Node_id":11121,"weight":3.6677},
{"Node_id":11128,"weight":3.1173},
{"Node_id":11132,"weight":2.9786},
{"Node_id":11180,"weight":3.7852},
{"Node_id":11182,"weight":2.1218},
{"Node_id":11185,"weight":5.9496},
{"Node_id":11202,"weight":1.4261},
{"Node_id":11206,"weight":1.4815},
{"Node_id":11211,"weight":2.579},
{"Node_id":11231,"weight":2.2494},
{"Node_id":11232,"weight":2.5669},
{"Node_id":11235,"weight":2.3371},
{"Node_id":11254,"weight":1.4855},
{"Node_id":11259,"weight":1.6777},
{"Node_id":11496,"weight":5.4217},
{"Node_id":11560,"weight":5.045},
{"Node_id":11571,"weight":3.7401},
{"Node_id":11583,"weight":1.4881},
{"Node_id":11586,"weight":2.0575},
{"Node_id":11587,"weight":1.7922},
{"Node_id":11620,"weight":3.0978},
{"Node_id":11621,"weight":3.8132},
{"Node_id":11628,"weight":3.0644},
{"Node_id":11653,"weight":2.8381},
{"Node_id":11665,"weight":2.6337},
{"Node_id":11666,"weight":1.5485},
{"Node_id":11710,"weight":1.4782},
{"Node_id":11731,"weight":2.1928},
{"Node_id":11758,"weight":3.4356},
{"Node_id":11760,"weight":3.2507},
{"Node_id":11778,"weight":2.6466},
{"Node_id":11779,"weight":2.1796},
{"Node_id":11804,"weight":2.6321},
{"Node_id":11838,"weight":2.1514},
{"Node_id":11847,"weight":2.2084},
{"Node_id":11891,"weight":2.1239},
{"Node_id":11900,"weight":1.7089},
{"Node_id":11903,"weight":3.3871},
{"Node_id":11904,"weight":2.9277},
{"Node_id":11923,"weight":1.5109},
{"Node_id":11924,"weight":2.4519},
{"Node_id":11925,"weight":1.7105},
{"Node_id":11930,"weight":2.7586},
{"Node_id":11940,"weight":2.0565},
{"Node_id":11957,"weight":1.6754},
{"Node_id":11961,"weight":2.1155},
{"Node_id":11986,"weight":1.5999},
{"Node_id":12088,"weight":1.3907},
{"Node_id":12096,"weight":4.9548},
{"Node_id":12232,"weight":1.6523},
{"Node_id":12247,"weight":1.6627},
{"Node_id":12254,"weight":1.6982},
{"Node_id":12255,"weight":2.4505},
{"Node_id":12257,"weight":1.7825},
{"Node_id":12394,"weight":1.6186},
{"Node_id":13003,"weight":1.9746},
{"Node_id":13141,"weight":1.6612},
{"Node_id":13159,"weight":1.5892},
{"Node_id":13161,"weight":1.7377},
{"Node_id":13162,"weight":2.3321},
{"Node_id":13172,"weight":2.5609},
{"Node_id":13196,"weight":1.5022},
{"Node_id":13197,"weight":2.5066},
{"Node_id":13291,"weight":8.1114},
{"Node_id":13299,"weight":2.0959},
{"Node_id":13303,"weight":3.8372},
{"Node_id":13322,"weight":2.1031},
{"Node_id":13352,"weight":1.7151},
{"Node_id":13447,"weight":2.6482},
{"Node_id":13453,"weight":1.9468},
{"Node_id":13532,"weight":2.9808},
{"Node_id":13535,"weight":1.6792},
{"Node_id":13545,"weight":1.659},
{"Node_id":13555,"weight":1.5652},
{"Node_id":13556,"weight":2.6945},
{"Node_id":13558,"weight":1.5715},
{"Node_id":13559,"weight":1.4723},
{"Node_id":13560,"weight":3.0435},
{"Node_id":13566,"weight":1.4822},
{"Node_id":13568,"weight":2.0436},
{"Node_id":13583,"weight":1.6906},
{"Node_id":13584,"weight":1.7736},
{"Node_id":13586,"weight":2.7857},
{"Node_id":13587,"weight":2.3546},
{"Node_id":13589,"weight":4.0694},
{"Node_id":13600,"weight":2.3648},
{"Node_id":13601,"weight":3.596},
{"Node_id":13609,"weight":2.3395},
{"Node_id":13611,"weight":2.4588},
{"Node_id":13613,"weight":2.8652},
{"Node_id":13614,"weight":1.5062},
{"Node_id":13619,"weight":1.776},
{"Node_id":13622,"weight":1.6974},
{"Node_id":13629,"weight":2.6563},
{"Node_id":13630,"weight":1.6486},
{"Node_id":13631,"weight":1.9332},
{"Node_id":13662,"weight":1.5035},
{"Node_id":13663,"weight":1.3882},
{"Node_id":13665,"weight":3.3652},
{"Node_id":13670,"weight":1.3988},
{"Node_id":13674,"weight":4.1002},
{"Node_id":13692,"weight":1.752},
{"Node_id":13693,"weight":3.0252},
{"Node_id":13700,"weight":2.2242},
{"Node_id":13704,"weight":2.0745},
{"Node_id":13712,"weight":5.2347},
{"Node_id":13720,"weight":3.1859},
{"Node_id":13741,"weight":3.2342},
{"Node_id":13786,"weight":2.0918},
{"Node_id":13787,"weight":4.8588},
{"Node_id":13874,"weight":1.9241},
{"Node_id":13880,"weight":1.8532},
{"Node_id":13895,"weight":2.4478},
{"Node_id":13896,"weight":1.4474},
{"Node_id":13897,"weight":3.0229},
{"Node_id":13899,"weight":1.5218},
{"Node_id":14135,"weight":1.8957},
{"Node_id":14138,"weight":4.1914},
{"Node_id":14143,"weight":5.0294},
{"Node_id":14149,"weight":1.5218},
{"Node_id":14320,"weight":1.6762},
{"Node_id":14322,"weight":3.0389},
{"Node_id":14369,"weight":1.7448},
{"Node_id":14375,"weight":1.5828},
{"Node_id":14478,"weight":2.9917},
{"Node_id":14482,"weight":1.9811},
{"Node_id":14484,"weight":1.5771},
{"Node_id":14485,"weight":1.8062},
{"Node_id":14486,"weight":2.0125},
{"Node_id":14502,"weight":1.7535},
{"Node_id":14507,"weight":1.8379},
{"Node_id":14517,"weight":1.3869},
{"Node_id":14536,"weight":1.3882},
{"Node_id":14545,"weight":2.9381},
{"Node_id":14572,"weight":3.2905},
{"Node_id":14573,"weight":1.901},
{"Node_id":14576,"weight":7.8236},
{"Node_id":14583,"weight":1.4915},
{"Node_id":14666,"weight":2.8248},
{"Node_id":14676,"weight":1.9783},
{"Node_id":14677,"weight":1.6508},
{"Node_id":14690,"weight":1.414},
{"Node_id":14692,"weight":2.0318},
{"Node_id":14758,"weight":2.5371},
{"Node_id":14759,"weight":1.414},
{"Node_id":14806,"weight":1.8111},
{"Node_id":14849,"weight":0.1294},
{"Node_id":14850,"weight":1.2721},
{"Node_id":14851,"weight":3.2676},
{"Node_id":14856,"weight":1.4204},
{"Node_id":14857,"weight":0.4561},
{"Node_id":14864,"weight":2.5166},
{"Node_id":14872,"weight":1.6822},
{"Node_id":14897,"weight":0.7598},
{"Node_id":14923,"weight":4.0878},
{"Node_id":14930,"weight":3.7011},
{"Node_id":14943,"weight":3.429},
{"Node_id":14946,"weight":0.3437},
{"Node_id":14953,"weight":0.3602},
{"Node_id":14957,"weight":4.8988},
{"Node_id":14958,"weight":1.7535},
{"Node_id":14992,"weight":2.5195},
{"Node_id":15002,"weight":0.5849},
{"Node_id":15010,"weight":0.2408},
{"Node_id":15014,"weight":0.2884},
{"Node_id":15018,"weight":0.9714},
{"Node_id":15021,"weight":0.2745},
{"Node_id":15151,"weight":1.8379},
{"Node_id":15935,"weight":1.39},
{"Node_id":15936,"weight":2.9896},
{"Node_id":15939,"weight":1.8878},
{"Node_id":15941,"weight":2.1333},
{"Node_id":15951,"weight":1.3081},
{"Node_id":15956,"weight":0.1378},
{"Node_id":15958,"weight":2.4356},
{"Node_id":15964,"weight":0.8217},
{"Node_id":15967,"weight":0.2152},
{"Node_id":15974,"weight":5.4927},
{"Node_id":15976,"weight":0.1463},
{"Node_id":15980,"weight":1.1521},
{"Node_id":16003,"weight":1.901},
{"Node_id":16010,"weight":0.3789},
{"Node_id":16062,"weight":0.4583},
{"Node_id":16064,"weight":0.6745},
{"Node_id":16067,"weight":1.1703},
{"Node_id":16084,"weight":0.795},
{"Node_id":16088,"weight":2.6162},
{"Node_id":16093,"weight":1.5008},
{"Node_id":16116,"weight":1.0299},
{"Node_id":16117,"weight":2.508},
{"Node_id":16120,"weight":1.014},
{"Node_id":16141,"weight":2.1676},
{"Node_id":16383,"weight":1.6114},
{"Node_id":16456,"weight":0.5941},
{"Node_id":16467,"weight":0.5117},
{"Node_id":16479,"weight":1.4064},
{"Node_id":16482,"weight":4.833},
{"Node_id":16483,"weight":0.7291},
{"Node_id":16516,"weight":2.2646},
{"Node_id":16517,"weight":0.6517},
{"Node_id":16524,"weight":0.3146},
{"Node_id":16549,"weight":3.0458},
{"Node_id":16561,"weight":2.1578},
{"Node_id":16562,"weight":1.5942},
{"Node_id":16627,"weight":2.7339},
{"Node_id":16654,"weight":1.789},
{"Node_id":16656,"weight":2.3309},
{"Node_id":16674,"weight":0.9464},
{"Node_id":16675,"weight":0.0748},
{"Node_id":16699,"weight":0.2088},
{"Node_id":16701,"weight":2.401},
{"Node_id":16734,"weight":0.9455},
{"Node_id":16743,"weight":1.2345},
{"Node_id":16796,"weight":0.1523},
{"Node_id":16799,"weight":0.7773},
{"Node_id":16800,"weight":0.5262},
{"Node_id":16818,"weight":2.0645},
{"Node_id":16819,"weight":0.0324},
{"Node_id":16820,"weight":2.6385},
{"Node_id":16825,"weight":0.3917},
{"Node_id":16835,"weight":0.5066},
{"Node_id":16852,"weight":1.2174},
{"Node_id":16856,"weight":3.2178},
{"Node_id":16881,"weight":0.2908},
{"Node_id":17130,"weight":3.5884},
{"Node_id":17145,"weight":4.7474},
{"Node_id":17152,"weight":0.4934},
{"Node_id":17153,"weight":0.4243},
{"Node_id":17155,"weight":3.3621},
{"Node_id":17296,"weight":6.6441},
{"Node_id":17933,"weight":2.0105},
{"Node_id":18095,"weight":2.0183},
{"Node_id":18113,"weight":0.6522},
{"Node_id":18115,"weight":0.405},
{"Node_id":18116,"weight":0.74},
{"Node_id":18126,"weight":1.2213},
{"Node_id":18150,"weight":1.9496},
{"Node_id":18151,"weight":4.0634},
{"Node_id":18250,"weight":1.597},
{"Node_id":18258,"weight":1.6063},
{"Node_id":18262,"weight":0.7295},
{"Node_id":18281,"weight":2.5008},
{"Node_id":18311,"weight":1.0981},
{"Node_id":18410,"weight":0.3265},
{"Node_id":18416,"weight":1.1407},
{"Node_id":18495,"weight":0.4968},
{"Node_id":18498,"weight":2.4049},
{"Node_id":18518,"weight":0.3269},
{"Node_id":18521,"weight":0.3031},
{"Node_id":18522,"weight":1.9188},
{"Node_id":18523,"weight":1.2339},
{"Node_id":18529,"weight":2.321},
{"Node_id":18546,"weight":0.2424},
{"Node_id":18547,"weight":3.7357},
{"Node_id":18549,"weight":4.0694},
{"Node_id":18550,"weight":1.0094},
{"Node_id":18552,"weight":1.5984},
{"Node_id":18563,"weight":0.8944},
{"Node_id":18572,"weight":0.6821},
{"Node_id":18574,"weight":1.167},
{"Node_id":18576,"weight":0.6946},
{"Node_id":18577,"weight":2.1939},
{"Node_id":18582,"weight":0.8978},
{"Node_id":18592,"weight":1.3075},
{"Node_id":18593,"weight":1.4941},
{"Node_id":18594,"weight":0.7639},
{"Node_id":18625,"weight":1.047},
{"Node_id":18626,"weight":1.3714},
{"Node_id":18628,"weight":3.3746},
{"Node_id":18633,"weight":1.2832},
{"Node_id":18637,"weight":0.3685},
{"Node_id":18655,"weight":0.2201},
{"Node_id":18656,"weight":1.1942},
{"Node_id":18663,"weight":2.2943},
{"Node_id":18667,"weight":0.4276},
{"Node_id":18675,"weight":2.7551},
{"Node_id":18683,"weight":0.5902},
{"Node_id":18704,"weight":1.1494},
{"Node_id":18749,"weight":0.0528},
{"Node_id":18838,"weight":0.0228},
{"Node_id":18844,"weight":1.3794},
{"Node_id":18859,"weight":0.3064},
{"Node_id":18860,"weight":2.4089},
{"Node_id":18861,"weight":0.2096},
{"Node_id":18862,"weight":0.3789},
{"Node_id":18863,"weight":1.5116},
{"Node_id":18865,"weight":2.895},
{"Node_id":19115,"weight":1.6121},
{"Node_id":19118,"weight":0.6151},
{"Node_id":19123,"weight":1.119},
{"Node_id":19129,"weight":0.4515},
{"Node_id":19303,"weight":1.9625},
{"Node_id":19305,"weight":0.612},
{"Node_id":19359,"weight":2.7357},
{"Node_id":19463,"weight":0.281},
{"Node_id":19467,"weight":0.5797},
{"Node_id":19469,"weight":1.4835},
{"Node_id":19470,"weight":2.6761},
{"Node_id":19471,"weight":0.4009},
{"Node_id":19487,"weight":1.3334},
{"Node_id":19492,"weight":1.4975},
{"Node_id":19502,"weight":1.9081},
{"Node_id":19521,"weight":1.5306},
{"Node_id":19530,"weight":0.1121},
{"Node_id":19557,"weight":0.8274},
{"Node_id":19561,"weight":2.1103},
{"Node_id":19568,"weight":0.3722},
{"Node_id":19651,"weight":3.5362},
{"Node_id":19661,"weight":1.4982},
{"Node_id":19675,"weight":0.7866},
{"Node_id":19677,"weight":0.056},
{"Node_id":19747,"weight":0.8071},
{"Node_id":19748,"weight":1.7623},
{"Node_id":19795,"weight":1.9259}]