[{"Inferred_node_ids":[14645],"Node_id":10276},
{"Inferred_node_ids":[14644],"Node_id":10277},
{"Inferred_node_ids":[14643],"Node_id":10278},
{"Inferred_node_ids":[14641],"Node_id":10279},
{"Inferred_node_ids":[14655],"Node_id":10280},
{"Inferred_node_ids":[14637],"Node_id":10281},
{"Inferred_node_ids":[14640],"Node_id":10282},
{"Inferred_node_ids":[14661],"Node_id":11127},
{"Inferred_node_ids":[14668],"Node_id":11128},
{"Inferred_node_ids":[14650],"Node_id":11129},
{"Inferred_node_ids":[14647],"Node_id":11130},
{"Inferred_node_ids":[14651],"Node_id":11131},
{"Inferred_node_ids":[14667],"Node_id":11132},
{"Inferred_node_ids":[14658],"Node_id":11302},
{"Inferred_node_ids":[14665],"Node_id":11303},
{"Inferred_node_ids":[14657],"Node_id":11304},
{"Inferred_node_ids":[14648],"Node_id":11305},
{"Inferred_node_ids":[14652],"Node_id":11307},
{"Inferred_node_ids":[14663],"Node_id":11308},
{"Inferred_node_ids":[14670],"Node_id":11309},
{"Inferred_node_ids":[14656],"Node_id":11310},
{"Inferred_node_ids":[14636],"Node_id":11311},
{"Inferred_node_ids":[14666],"Node_id":11312},
{"Inferred_node_ids":[14671],"Node_id":11313},
{"Inferred_node_ids":[14669],"Node_id":11314},
{"Inferred_node_ids":[14654],"Node_id":11315},
{"Inferred_node_ids":[14642],"Node_id":11316},
{"Inferred_node_ids":[14646],"Node_id":11317},
{"Inferred_node_ids":[14638],"Node_id":11318},
{"Inferred_node_ids":[14653],"Node_id":11319},
{"Inferred_node_ids":[14662],"Node_id":11320},
{"Inferred_node_ids":[14639],"Node_id":13752},
{"Inferred_node_ids":[14660],"Node_id":13753},
{"Inferred_node_ids":[14664],"Node_id":13754},
{"Inferred_node_ids":[14649],"Node_id":13755},
{"Inferred_node_ids":[14659],"Node_id":13757}]