[{"Node_id":6435,"weight":1.9214},
{"Node_id":6439,"weight":2.184},
{"Node_id":6440,"weight":3.483},
{"Node_id":6441,"weight":2.2799},
{"Node_id":6443,"weight":1.9802},
{"Node_id":6444,"weight":2.5051},
{"Node_id":6446,"weight":2.3015},
{"Node_id":6447,"weight":2.2634},
{"Node_id":6448,"weight":2.4994},
{"Node_id":6451,"weight":1.6493},
{"Node_id":6453,"weight":2.0367},
{"Node_id":6454,"weight":1.4319},
{"Node_id":6455,"weight":3.8918},
{"Node_id":6457,"weight":1.8825},
{"Node_id":6461,"weight":2.321},
{"Node_id":6462,"weight":1.6936},
{"Node_id":6467,"weight":2.4195},
{"Node_id":6469,"weight":1.8203},
{"Node_id":6471,"weight":2.184},
{"Node_id":6472,"weight":1.7036},
{"Node_id":6477,"weight":2.7912},
{"Node_id":6483,"weight":3.7945},
{"Node_id":6487,"weight":1.5736},
{"Node_id":6488,"weight":1.9597},
{"Node_id":6490,"weight":1.4474},
{"Node_id":6492,"weight":2.0241},
{"Node_id":6514,"weight":2.4866},
{"Node_id":6517,"weight":3.2124},
{"Node_id":6518,"weight":2.5123},
{"Node_id":6521,"weight":1.744},
{"Node_id":6525,"weight":1.8643},
{"Node_id":6527,"weight":1.7036},
{"Node_id":6528,"weight":2.5852},
{"Node_id":6531,"weight":3.9713},
{"Node_id":6533,"weight":2.0212},
{"Node_id":6534,"weight":1.3976},
{"Node_id":6535,"weight":1.5513},
{"Node_id":6537,"weight":1.5492},
{"Node_id":6538,"weight":2.0456},
{"Node_id":6540,"weight":2.0595},
{"Node_id":6544,"weight":1.8421},
{"Node_id":6546,"weight":3.429},
{"Node_id":6548,"weight":2.001},
{"Node_id":6549,"weight":1.6353},
{"Node_id":6550,"weight":1.4539},
{"Node_id":6551,"weight":4.219},
{"Node_id":6568,"weight":1.5638},
{"Node_id":6572,"weight":2.4102},
{"Node_id":6578,"weight":1.6034},
{"Node_id":6582,"weight":1.9532},
{"Node_id":6583,"weight":2.1928},
{"Node_id":6584,"weight":1.6493},
{"Node_id":6586,"weight":2.3983},
{"Node_id":6591,"weight":2.3271},
{"Node_id":6593,"weight":1.5764},
{"Node_id":6595,"weight":2.7115},
{"Node_id":6601,"weight":4.2766},
{"Node_id":6603,"weight":3.2397},
{"Node_id":6605,"weight":5.2159},
{"Node_id":6609,"weight":1.5666},
{"Node_id":6612,"weight":1.866},
{"Node_id":6614,"weight":2.1218},
{"Node_id":6616,"weight":3.596},
{"Node_id":6619,"weight":2.887},
{"Node_id":6743,"weight":3.3227},
{"Node_id":7285,"weight":2.0887},
{"Node_id":7524,"weight":2.2196},
{"Node_id":7527,"weight":2.9635},
{"Node_id":7528,"weight":3.9549},
{"Node_id":7529,"weight":1.4474},
{"Node_id":7531,"weight":2.3996},
{"Node_id":7532,"weight":1.7433},
{"Node_id":7533,"weight":2.1807},
{"Node_id":7534,"weight":2.3866},
{"Node_id":7535,"weight":1.3919},
{"Node_id":7541,"weight":2.0938},
{"Node_id":7544,"weight":2.3433},
{"Node_id":7547,"weight":2.5504},
{"Node_id":7549,"weight":2.5519},
{"Node_id":7551,"weight":2.3648},
{"Node_id":7555,"weight":1.4481},
{"Node_id":7557,"weight":5.2933},
{"Node_id":7558,"weight":1.4313},
{"Node_id":7560,"weight":1.9305},
{"Node_id":7562,"weight":2.5195},
{"Node_id":7564,"weight":3.2151},
{"Node_id":7565,"weight":2.3271},
{"Node_id":7567,"weight":4.6469},
{"Node_id":7568,"weight":2.2943},
{"Node_id":7569,"weight":3.4523},
{"Node_id":7571,"weight":1.4742},
{"Node_id":7572,"weight":1.4881},
{"Node_id":7573,"weight":1.9523},
{"Node_id":7575,"weight":2.0575},
{"Node_id":7576,"weight":1.7922},
{"Node_id":7581,"weight":5.4927},
{"Node_id":7584,"weight":3.7446},
{"Node_id":7587,"weight":3.5075},
{"Node_id":7588,"weight":1.7472},
{"Node_id":7591,"weight":2.5519},
{"Node_id":7593,"weight":3.8372},
{"Node_id":7594,"weight":2.0615},
{"Node_id":7598,"weight":1.812},
{"Node_id":7600,"weight":1.7567},
{"Node_id":7602,"weight":2.1906},
{"Node_id":7604,"weight":2.9465},
{"Node_id":7606,"weight":3.6432},
{"Node_id":7607,"weight":5.1441},
{"Node_id":7609,"weight":3.0978},
{"Node_id":7610,"weight":3.8132},
{"Node_id":7612,"weight":2.401},
{"Node_id":7614,"weight":1.515},
{"Node_id":7615,"weight":2.9072},
{"Node_id":7616,"weight":1.8575},
{"Node_id":7617,"weight":3.0644},
{"Node_id":7619,"weight":2.3039},
{"Node_id":7624,"weight":2.025},
{"Node_id":7636,"weight":3.9658},
{"Node_id":7642,"weight":2.8381},
{"Node_id":7644,"weight":2.0338},
{"Node_id":7646,"weight":1.9323},
{"Node_id":7654,"weight":2.6337},
{"Node_id":7655,"weight":1.5485},
{"Node_id":7656,"weight":2.5297},
{"Node_id":7658,"weight":1.7663},
{"Node_id":7660,"weight":1.4422},
{"Node_id":7662,"weight":1.5729},
{"Node_id":7664,"weight":2.7409},
{"Node_id":7696,"weight":2.8711},
{"Node_id":7698,"weight":1.5659},
{"Node_id":7699,"weight":1.4782},
{"Node_id":7701,"weight":2.4796},
{"Node_id":7703,"weight":5.4927},
{"Node_id":7715,"weight":1.4862},
{"Node_id":7718,"weight":2.1622},
{"Node_id":7719,"weight":1.8253},
{"Node_id":7720,"weight":2.1928},
{"Node_id":7722,"weight":1.656},
{"Node_id":7726,"weight":1.6027},
{"Node_id":7728,"weight":1.8609},
{"Node_id":7733,"weight":2.6928},
{"Node_id":7734,"weight":3.3903},
{"Node_id":7740,"weight":2.6147},
{"Node_id":7744,"weight":4.1513},
{"Node_id":7746,"weight":1.5197},
{"Node_id":7747,"weight":3.4356},
{"Node_id":7748,"weight":4.4538},
{"Node_id":7749,"weight":3.2507},
{"Node_id":7750,"weight":1.4775},
{"Node_id":7751,"weight":3.6595},
{"Node_id":7754,"weight":1.8354},
{"Node_id":7755,"weight":2.7857},
{"Node_id":7758,"weight":1.8643},
{"Node_id":7759,"weight":2.1354},
{"Node_id":7763,"weight":2.5882},
{"Node_id":7767,"weight":2.6466},
{"Node_id":7768,"weight":2.1796},
{"Node_id":7770,"weight":3.562},
{"Node_id":7774,"weight":2.6022},
{"Node_id":7776,"weight":2.2716},
{"Node_id":7778,"weight":1.7543},
{"Node_id":7780,"weight":1.9098},
{"Node_id":7782,"weight":2.4519},
{"Node_id":7784,"weight":2.6434},
{"Node_id":7787,"weight":1.7711},
{"Node_id":7789,"weight":1.5485},
{"Node_id":7791,"weight":3.1222},
{"Node_id":7792,"weight":2.1752},
{"Node_id":7793,"weight":2.6321},
{"Node_id":7794,"weight":2.7183},
{"Node_id":7796,"weight":3.1026},
{"Node_id":7800,"weight":2.2576},
{"Node_id":7801,"weight":3.1625},
{"Node_id":7803,"weight":2.3814},
{"Node_id":7826,"weight":2.3827},
{"Node_id":7827,"weight":2.1514},
{"Node_id":7832,"weight":1.5899},
{"Node_id":7833,"weight":1.4941},
{"Node_id":7835,"weight":2.9984},
{"Node_id":7836,"weight":2.2084},
{"Node_id":7838,"weight":3.105},
{"Node_id":7839,"weight":2.1145},
{"Node_id":7879,"weight":1.7105},
{"Node_id":7880,"weight":2.1239},
{"Node_id":7882,"weight":2.7115},
{"Node_id":7884,"weight":1.6383},
{"Node_id":7886,"weight":3.6392},
{"Node_id":7889,"weight":1.7089},
{"Node_id":7892,"weight":3.3871},
{"Node_id":7893,"weight":2.9277},
{"Node_id":7894,"weight":4.5653},
{"Node_id":7898,"weight":1.5779},
{"Node_id":7899,"weight":3.8085},
{"Node_id":7902,"weight":1.6179},
{"Node_id":7904,"weight":2.4588},
{"Node_id":7905,"weight":1.6478},
{"Node_id":7907,"weight":2.342},
{"Node_id":7910,"weight":2.2681},
{"Node_id":7912,"weight":1.5109},
{"Node_id":7913,"weight":2.4519},
{"Node_id":7914,"weight":1.7105},
{"Node_id":7918,"weight":1.5807},
{"Node_id":7919,"weight":2.7586},
{"Node_id":7920,"weight":2.885},
{"Node_id":7922,"weight":3.3683},
{"Node_id":7929,"weight":2.0565},
{"Node_id":7931,"weight":1.4121},
{"Node_id":7933,"weight":1.7136},
{"Node_id":7935,"weight":1.7182},
{"Node_id":7936,"weight":1.6486},
{"Node_id":7937,"weight":3.5435},
{"Node_id":7945,"weight":3.2591},
{"Node_id":7946,"weight":1.6754},
{"Node_id":7950,"weight":2.1155},
{"Node_id":7952,"weight":1.4014},
{"Node_id":7953,"weight":1.7417},
{"Node_id":7960,"weight":2.8633},
{"Node_id":7967,"weight":4.0163},
{"Node_id":7969,"weight":1.7051},
{"Node_id":7971,"weight":1.8913},
{"Node_id":7975,"weight":1.5999},
{"Node_id":8076,"weight":1.8379},
{"Node_id":8077,"weight":1.3907},
{"Node_id":8082,"weight":2.4966},
{"Node_id":8084,"weight":3.562},
{"Node_id":8085,"weight":4.9548},
{"Node_id":8087,"weight":2.1873},
{"Node_id":8207,"weight":1.7988},
{"Node_id":8209,"weight":1.4802},
{"Node_id":8211,"weight":4.0634},
{"Node_id":8213,"weight":3.3347},
{"Node_id":8215,"weight":3.3777},
{"Node_id":8217,"weight":1.4178},
{"Node_id":8219,"weight":2.3788},
{"Node_id":8221,"weight":1.6664},
{"Node_id":8223,"weight":1.9143},
{"Node_id":8224,"weight":1.6523},
{"Node_id":8225,"weight":1.6538},
{"Node_id":8229,"weight":2.3584},
{"Node_id":8231,"weight":2.5224},
{"Node_id":8234,"weight":1.8834},
{"Node_id":8239,"weight":1.6627},
{"Node_id":8241,"weight":2.0605},
{"Node_id":8246,"weight":1.6982},
{"Node_id":8247,"weight":2.4505},
{"Node_id":8249,"weight":1.7825},
{"Node_id":8390,"weight":1.6186},
{"Node_id":8459,"weight":1.8404},
{"Node_id":8460,"weight":2.4588},
{"Node_id":8462,"weight":1.5659},
{"Node_id":8465,"weight":1.5361},
{"Node_id":8469,"weight":4.3534},
{"Node_id":8473,"weight":3.0667},
{"Node_id":8474,"weight":2.5445},
{"Node_id":8478,"weight":1.6845},
{"Node_id":8480,"weight":1.7299},
{"Node_id":8484,"weight":5.0141},
{"Node_id":8486,"weight":1.8128},
{"Node_id":8487,"weight":1.8566},
{"Node_id":8491,"weight":3.2124},
{"Node_id":8493,"weight":3.4127},
{"Node_id":8494,"weight":1.5708},
{"Node_id":8495,"weight":1.9868},
{"Node_id":8499,"weight":2.3788},
{"Node_id":8501,"weight":1.6121},
{"Node_id":8502,"weight":2.1578},
{"Node_id":8504,"weight":3.9335},
{"Node_id":8508,"weight":1.4306},
{"Node_id":8510,"weight":2.8574},
{"Node_id":8511,"weight":4.7242},
{"Node_id":8513,"weight":1.6891},
{"Node_id":8514,"weight":1.6186},
{"Node_id":8518,"weight":2.6466},
{"Node_id":8520,"weight":2.2705},
{"Node_id":8521,"weight":3.776},
{"Node_id":8523,"weight":1.5279},
{"Node_id":8524,"weight":2.7748},
{"Node_id":8525,"weight":2.2716},
{"Node_id":8529,"weight":1.8965},
{"Node_id":8531,"weight":3.2071},
{"Node_id":8532,"weight":4.1579},
{"Node_id":8534,"weight":2.1851},
{"Node_id":8535,"weight":2.4923},
{"Node_id":8536,"weight":1.452},
{"Node_id":8537,"weight":2.1145},
{"Node_id":8541,"weight":5.1616},
{"Node_id":8543,"weight":1.5666},
{"Node_id":8544,"weight":1.9332},
{"Node_id":8546,"weight":1.8712},
{"Node_id":8547,"weight":4.2619},
{"Node_id":8548,"weight":2.145},
{"Node_id":8549,"weight":2.955},
{"Node_id":8550,"weight":4.394},
{"Node_id":8554,"weight":2.1535},
{"Node_id":8556,"weight":2.0077},
{"Node_id":8557,"weight":4.8988},
{"Node_id":8559,"weight":2.7339},
{"Node_id":8560,"weight":2.3088},
{"Node_id":8561,"weight":1.8029},
{"Node_id":8562,"weight":2.3161},
{"Node_id":8564,"weight":1.4474},
{"Node_id":8568,"weight":3.7579},
{"Node_id":8570,"weight":2.6417},
{"Node_id":8571,"weight":3.5472},
{"Node_id":8573,"weight":1.6042},
{"Node_id":8574,"weight":1.6179},
{"Node_id":8575,"weight":1.6412},
{"Node_id":8576,"weight":1.7276},
{"Node_id":8578,"weight":1.5729},
{"Node_id":8579,"weight":1.9532},
{"Node_id":8582,"weight":1.7752},
{"Node_id":8584,"weight":1.5042},
{"Node_id":8585,"weight":1.9179},
{"Node_id":8587,"weight":5.2159},
{"Node_id":8588,"weight":4.3066},
{"Node_id":8589,"weight":2.6194},
{"Node_id":8591,"weight":3.5999},
{"Node_id":8592,"weight":1.6092},
{"Node_id":8593,"weight":1.8808},
{"Node_id":8596,"weight":2.1333},
{"Node_id":8597,"weight":1.9886},
{"Node_id":8598,"weight":2.7949},
{"Node_id":8602,"weight":2.2622},
{"Node_id":8603,"weight":3.356},
{"Node_id":8604,"weight":3.2761},
{"Node_id":8609,"weight":1.9098},
{"Node_id":8610,"weight":6.0299},
{"Node_id":8611,"weight":1.7354},
{"Node_id":8617,"weight":2.5137},
{"Node_id":8618,"weight":1.8404},
{"Node_id":8619,"weight":2.3853},
{"Node_id":8626,"weight":2.1072},
{"Node_id":8627,"weight":4.4896},
{"Node_id":8628,"weight":1.5575},
{"Node_id":8634,"weight":2.3371},
{"Node_id":8636,"weight":2.1546},
{"Node_id":8637,"weight":2.2494},
{"Node_id":8638,"weight":1.4795},
{"Node_id":8644,"weight":1.4461},
{"Node_id":8647,"weight":2.1093},
{"Node_id":8648,"weight":3.9388},
{"Node_id":8649,"weight":1.5293},
{"Node_id":8655,"weight":1.5471},
{"Node_id":8658,"weight":3.6312},
{"Node_id":8659,"weight":1.5225},
{"Node_id":8660,"weight":1.4448},
{"Node_id":8666,"weight":2.4128},
{"Node_id":8671,"weight":2.3063},
{"Node_id":8672,"weight":1.6868},
{"Node_id":8674,"weight":1.7825},
{"Node_id":8676,"weight":1.5736},
{"Node_id":8677,"weight":1.4921},
{"Node_id":8679,"weight":2.9277},
{"Node_id":8680,"weight":2.3711},
{"Node_id":8681,"weight":4.7128},
{"Node_id":8683,"weight":1.7315},
{"Node_id":8684,"weight":1.6056},
{"Node_id":8685,"weight":2.2705},
{"Node_id":8686,"weight":1.9125},
{"Node_id":8688,"weight":2.2991},
{"Node_id":8689,"weight":1.452},
{"Node_id":8690,"weight":2.0029},
{"Node_id":8691,"weight":2.1503},
{"Node_id":8692,"weight":3.7011},
{"Node_id":8694,"weight":1.7947},
{"Node_id":8695,"weight":2.1439},
{"Node_id":8696,"weight":3.1833},
{"Node_id":8697,"weight":1.5771},
{"Node_id":8699,"weight":1.9027},
{"Node_id":8701,"weight":5.4685},
{"Node_id":8702,"weight":1.789},
{"Node_id":8703,"weight":3.0072},
{"Node_id":8704,"weight":2.6911},
{"Node_id":8707,"weight":3.2071},
{"Node_id":8708,"weight":1.7988},
{"Node_id":8709,"weight":1.5116},
{"Node_id":8710,"weight":1.7043},
{"Node_id":8711,"weight":5.11},
{"Node_id":8712,"weight":1.5464},
{"Node_id":8713,"weight":3.8567},
{"Node_id":8714,"weight":4.8853},
{"Node_id":8715,"weight":1.4507},
{"Node_id":8716,"weight":2.0989},
{"Node_id":8717,"weight":2.5944},
{"Node_id":8719,"weight":4.1448},
{"Node_id":8720,"weight":1.893},
{"Node_id":8721,"weight":1.8286},
{"Node_id":8723,"weight":1.5313},
{"Node_id":8724,"weight":1.4007},
{"Node_id":8725,"weight":1.8652},
{"Node_id":8726,"weight":2.8731},
{"Node_id":8728,"weight":1.7647},
{"Node_id":8730,"weight":3.5362},
{"Node_id":8731,"weight":1.4598},
{"Node_id":8732,"weight":1.5913},
{"Node_id":8734,"weight":1.4756},
{"Node_id":8736,"weight":2.231},
{"Node_id":8737,"weight":1.5603},
{"Node_id":8738,"weight":3.3999},
{"Node_id":8739,"weight":3.0275},
{"Node_id":8741,"weight":2.3931},
{"Node_id":8743,"weight":2.3346},
{"Node_id":8744,"weight":2.0436},
{"Node_id":8745,"weight":3.3683},
{"Node_id":8746,"weight":1.7276},
{"Node_id":8748,"weight":2.4505},
{"Node_id":8750,"weight":4.9126},
{"Node_id":8751,"weight":3.3777},
{"Node_id":8752,"weight":1.9868},
{"Node_id":8753,"weight":1.5382},
{"Node_id":8754,"weight":1.9905},
{"Node_id":8756,"weight":5.0141},
{"Node_id":8758,"weight":3.511},
{"Node_id":8761,"weight":4.4364},
{"Node_id":8762,"weight":1.8549},
{"Node_id":8763,"weight":2.1302},
{"Node_id":8765,"weight":2.7427},
{"Node_id":8767,"weight":2.9593},
{"Node_id":8770,"weight":2.5944},
{"Node_id":8771,"weight":1.5638},
{"Node_id":8772,"weight":2.1643},
{"Node_id":8773,"weight":3.2648},
{"Node_id":8775,"weight":2.2265},
{"Node_id":8777,"weight":2.1093},
{"Node_id":8780,"weight":1.6679},
{"Node_id":8781,"weight":2.3788},
{"Node_id":8782,"weight":1.4591},
{"Node_id":8783,"weight":2.6777},
{"Node_id":8784,"weight":1.4928},
{"Node_id":8786,"weight":2.2811},
{"Node_id":8788,"weight":4.2619},
{"Node_id":8791,"weight":2.0887},
{"Node_id":8792,"weight":1.5499},
{"Node_id":8794,"weight":4.6155},
{"Node_id":8795,"weight":2.1082},
{"Node_id":8796,"weight":1.7914},
{"Node_id":8798,"weight":3.6312},
{"Node_id":8800,"weight":1.8328},
{"Node_id":8803,"weight":1.9459},
{"Node_id":8804,"weight":3.0715},
{"Node_id":8806,"weight":2.8324},
{"Node_id":8807,"weight":3.3529},
{"Node_id":8828,"weight":1.6361},
{"Node_id":8834,"weight":2.0115},
{"Node_id":8835,"weight":1.8764},
{"Node_id":8841,"weight":1.5327},
{"Node_id":8849,"weight":3.3652},
{"Node_id":8853,"weight":2.658},
{"Node_id":8854,"weight":2.2657},
{"Node_id":8855,"weight":1.6921},
{"Node_id":8856,"weight":4.1778},
{"Node_id":8857,"weight":1.7711},
{"Node_id":8858,"weight":2.401},
{"Node_id":8859,"weight":2.5066},
{"Node_id":8860,"weight":3.2098},
{"Node_id":8861,"weight":1.8974},
{"Node_id":8862,"weight":3.7011},
{"Node_id":8863,"weight":1.5042},
{"Node_id":8864,"weight":2.0134},
{"Node_id":8865,"weight":2.1386},
{"Node_id":8866,"weight":2.8248},
{"Node_id":8867,"weight":1.6582},
{"Node_id":8868,"weight":2.5371},
{"Node_id":8869,"weight":5.9496},
{"Node_id":8870,"weight":2.0407},
{"Node_id":8871,"weight":3.0343},
{"Node_id":8872,"weight":1.7448},
{"Node_id":8873,"weight":1.5603},
{"Node_id":8876,"weight":2.2163},
{"Node_id":8880,"weight":1.4862},
{"Node_id":8885,"weight":1.7784},
{"Node_id":8890,"weight":1.4338},
{"Node_id":8891,"weight":2.2095},
{"Node_id":8898,"weight":1.4908},
{"Node_id":8905,"weight":2.0535},
{"Node_id":8906,"weight":1.5589},
{"Node_id":8907,"weight":2.7098},
{"Node_id":8910,"weight":3.4795},
{"Node_id":8912,"weight":1.6523},
{"Node_id":8913,"weight":2.6162},
{"Node_id":8915,"weight":2.0077},
{"Node_id":8916,"weight":3.9936},
{"Node_id":8919,"weight":1.4064},
{"Node_id":8920,"weight":1.5049},
{"Node_id":8924,"weight":1.5218},
{"Node_id":8925,"weight":1.3919},
{"Node_id":8930,"weight":1.4928},
{"Node_id":8931,"weight":2.5415},
{"Node_id":8937,"weight":2.1323},
{"Node_id":8938,"weight":2.0077},
{"Node_id":8943,"weight":1.7448},
{"Node_id":8945,"weight":4.8853},
{"Node_id":8946,"weight":2.9852},
{"Node_id":8951,"weight":4.4896},
{"Node_id":8952,"weight":1.4559},
{"Node_id":8954,"weight":9.223372E18},
{"Node_id":8955,"weight":2.1397},
{"Node_id":8960,"weight":2.6178},
{"Node_id":8961,"weight":2.0775},
{"Node_id":8962,"weight":1.8808},
{"Node_id":8964,"weight":1.4223},
{"Node_id":8965,"weight":2.4142},
{"Node_id":8970,"weight":1.9953},
{"Node_id":8972,"weight":5.0609},
{"Node_id":8975,"weight":2.0856},
{"Node_id":8976,"weight":2.1557},
{"Node_id":8981,"weight":2.205},
{"Node_id":8987,"weight":9.2102},
{"Node_id":8988,"weight":1.5197},
{"Node_id":8993,"weight":1.7425},
{"Node_id":9000,"weight":4.2692},
{"Node_id":9001,"weight":2.4115},
{"Node_id":9006,"weight":1.6508},
{"Node_id":9014,"weight":2.2587},
{"Node_id":9015,"weight":1.9188},
{"Node_id":9020,"weight":2.1862},
{"Node_id":9027,"weight":2.8191},
{"Node_id":9029,"weight":1.7543},
{"Node_id":9030,"weight":1.9746},
{"Node_id":9040,"weight":1.9532},
{"Node_id":9044,"weight":3.2151},
{"Node_id":9049,"weight":1.8886},
{"Node_id":9051,"weight":1.7615},
{"Node_id":9055,"weight":1.6959},
{"Node_id":9058,"weight":2.2174},
{"Node_id":9062,"weight":2.4342},
{"Node_id":9065,"weight":1.6974},
{"Node_id":9070,"weight":2.4248},
{"Node_id":9073,"weight":2.5898},
{"Node_id":9079,"weight":1.6427},
{"Node_id":9082,"weight":2.1103},
{"Node_id":9085,"weight":2.7931},
{"Node_id":9089,"weight":1.7736},
{"Node_id":9092,"weight":2.887},
{"Node_id":9095,"weight":2.7029},
{"Node_id":9098,"weight":2.6305},
{"Node_id":9099,"weight":2.6911},
{"Node_id":9100,"weight":2.9529},
{"Node_id":9101,"weight":2.3635},
{"Node_id":9103,"weight":1.8756},
{"Node_id":9107,"weight":2.3609},
{"Node_id":9108,"weight":2.0289},
{"Node_id":9109,"weight":1.4729},
{"Node_id":9110,"weight":1.7575},
{"Node_id":9111,"weight":2.936},
{"Node_id":9113,"weight":1.4749},
{"Node_id":9115,"weight":1.5334},
{"Node_id":9117,"weight":2.1429},
{"Node_id":9118,"weight":2.4396},
{"Node_id":9120,"weight":2.2811},
{"Node_id":9121,"weight":1.6208},
{"Node_id":9122,"weight":1.7906},
{"Node_id":9124,"weight":6.264},
{"Node_id":9125,"weight":1.8029},
{"Node_id":9127,"weight":1.3982},
{"Node_id":9129,"weight":2.5594},
{"Node_id":9132,"weight":1.7354},
{"Node_id":9133,"weight":2.4754},
{"Node_id":9134,"weight":2.4302},
{"Node_id":9135,"weight":1.414},
{"Node_id":9137,"weight":2.5283},
{"Node_id":9140,"weight":4.7474},
{"Node_id":9144,"weight":3.5884},
{"Node_id":9149,"weight":2.3635},
{"Node_id":9155,"weight":1.8447},
{"Node_id":9162,"weight":1.5548},
{"Node_id":9170,"weight":1.7377},
{"Node_id":9179,"weight":2.5975},
{"Node_id":9190,"weight":1.7898},
{"Node_id":9191,"weight":1.7043},
{"Node_id":9192,"weight":1.6612},
{"Node_id":9193,"weight":1.8669},
{"Node_id":9194,"weight":1.6762},
{"Node_id":9195,"weight":2.2208},
{"Node_id":9196,"weight":3.0297},
{"Node_id":9197,"weight":2.4262},
{"Node_id":9198,"weight":2.4155},
{"Node_id":9199,"weight":3.2017},
{"Node_id":9200,"weight":2.4866},
{"Node_id":9201,"weight":2.9939},
{"Node_id":9202,"weight":4.4538},
{"Node_id":9203,"weight":2.1796},
{"Node_id":9204,"weight":1.8523},
{"Node_id":9205,"weight":2.0038},
{"Node_id":9206,"weight":1.9934},
{"Node_id":9207,"weight":1.5652},
{"Node_id":9208,"weight":1.6792},
{"Node_id":9209,"weight":1.561},
{"Node_id":9210,"weight":1.5892},
{"Node_id":9211,"weight":1.6006},
{"Node_id":9212,"weight":1.7377},
{"Node_id":9213,"weight":2.3321},
{"Node_id":9214,"weight":2.0202},
{"Node_id":9215,"weight":4.284},
{"Node_id":9216,"weight":3.4969},
{"Node_id":9217,"weight":1.5736},
{"Node_id":9218,"weight":1.7857},
{"Node_id":9219,"weight":2.3271},
{"Node_id":9220,"weight":1.873},
{"Node_id":9221,"weight":2.0685},
{"Node_id":9222,"weight":1.8506},
{"Node_id":9223,"weight":2.5609},
{"Node_id":9224,"weight":1.6034},
{"Node_id":9225,"weight":2.0358},
{"Node_id":9226,"weight":3.3808},
{"Node_id":9227,"weight":2.2599},
{"Node_id":9228,"weight":3.6801},
{"Node_id":9229,"weight":5.1441},
{"Node_id":9230,"weight":4.0396},
{"Node_id":9231,"weight":2.1611},
{"Node_id":9232,"weight":4.7832},
{"Node_id":9233,"weight":3.4258},
{"Node_id":9234,"weight":2.6662},
{"Node_id":9235,"weight":2.4208},
{"Node_id":9236,"weight":1.5687},
{"Node_id":9237,"weight":2.8191},
{"Node_id":9238,"weight":1.4935},
{"Node_id":9239,"weight":1.7362},
{"Node_id":9240,"weight":1.7808},
{"Node_id":9241,"weight":2.1503},
{"Node_id":9242,"weight":6.1637},
{"Node_id":9243,"weight":1.9359},
{"Node_id":9244,"weight":3.3287},
{"Node_id":9245,"weight":3.0458},
{"Node_id":9246,"weight":2.1165},
{"Node_id":9247,"weight":1.5022},
{"Node_id":9248,"weight":2.5066},
{"Node_id":9251,"weight":1.4281},
{"Node_id":9252,"weight":2.4089},
{"Node_id":9253,"weight":1.7615},
{"Node_id":9254,"weight":1.4995},
{"Node_id":9255,"weight":1.9597},
{"Node_id":9256,"weight":2.955},
{"Node_id":9259,"weight":2.4235},
{"Node_id":9260,"weight":1.6634},
{"Node_id":9266,"weight":1.9915},
{"Node_id":9269,"weight":1.6273},
{"Node_id":9273,"weight":2.7986},
{"Node_id":9278,"weight":6.0725},
{"Node_id":9284,"weight":3.8275},
{"Node_id":9291,"weight":2.1302},
{"Node_id":9296,"weight":2.2129},
{"Node_id":9297,"weight":1.683},
{"Node_id":9298,"weight":3.3621},
{"Node_id":9299,"weight":3.4692},
{"Node_id":9303,"weight":2.9635},
{"Node_id":9304,"weight":1.8965},
{"Node_id":9306,"weight":1.6883},
{"Node_id":9309,"weight":4.2331},
{"Node_id":9311,"weight":2.5474},
{"Node_id":9314,"weight":4.1711},
{"Node_id":9316,"weight":1.4128},
{"Node_id":9318,"weight":1.6951},
{"Node_id":9320,"weight":2.9133},
{"Node_id":9323,"weight":2.7712},
{"Node_id":9325,"weight":1.5184},
{"Node_id":9329,"weight":2.0397},
{"Node_id":9331,"weight":4.4278},
{"Node_id":9334,"weight":3.2676},
{"Node_id":9336,"weight":2.1062},
{"Node_id":9337,"weight":1.5949},
{"Node_id":9338,"weight":2.0705},
{"Node_id":9339,"weight":5.1441},
{"Node_id":9340,"weight":1.9018},
{"Node_id":9341,"weight":1.5582},
{"Node_id":9342,"weight":1.9477},
{"Node_id":9343,"weight":3.4095},
{"Node_id":9344,"weight":1.798},
{"Node_id":9345,"weight":3.8132},
{"Node_id":9346,"weight":5.1794},
{"Node_id":9347,"weight":8.1114},
{"Node_id":9348,"weight":3.5732},
{"Node_id":9349,"weight":6.5699},
{"Node_id":9350,"weight":1.8506},
{"Node_id":9351,"weight":3.2098},
{"Node_id":9352,"weight":2.1665},
{"Node_id":9353,"weight":1.6056},
{"Node_id":9354,"weight":4.5653},
{"Node_id":9355,"weight":2.0959},
{"Node_id":9356,"weight":3.1099},
{"Node_id":9357,"weight":2.2907},
{"Node_id":9358,"weight":5.2734},
{"Node_id":9359,"weight":3.8372},
{"Node_id":9360,"weight":1.6649},
{"Node_id":9361,"weight":2.5775},
{"Node_id":9362,"weight":3.0929},
{"Node_id":9363,"weight":1.7036},
{"Node_id":9364,"weight":2.5297},
{"Node_id":9365,"weight":1.917},
{"Node_id":9366,"weight":1.5416},
{"Node_id":9367,"weight":2.5913},
{"Node_id":9368,"weight":2.2006},
{"Node_id":9369,"weight":2.2073},
{"Node_id":9370,"weight":1.7346},
{"Node_id":9371,"weight":1.7252},
{"Node_id":9372,"weight":2.2871},
{"Node_id":9373,"weight":2.375},
{"Node_id":9374,"weight":1.9487},
{"Node_id":9375,"weight":2.5684},
{"Node_id":9376,"weight":2.4221},
{"Node_id":9377,"weight":1.6523},
{"Node_id":9378,"weight":2.1031},
{"Node_id":9379,"weight":1.7607},
{"Node_id":9380,"weight":1.4045},
{"Node_id":9381,"weight":2.3321},
{"Node_id":9382,"weight":3.5146},
{"Node_id":9383,"weight":3.7991},
{"Node_id":9384,"weight":2.5534},
{"Node_id":9385,"weight":2.2028},
{"Node_id":9386,"weight":1.9896},
{"Node_id":9387,"weight":1.8843},
{"Node_id":9388,"weight":2.8381},
{"Node_id":9389,"weight":1.5076},
{"Node_id":9390,"weight":2.184},
{"Node_id":9391,"weight":2.0416},
{"Node_id":9392,"weight":3.7579},
{"Node_id":9393,"weight":1.9296},
{"Node_id":9394,"weight":2.1093},
{"Node_id":9395,"weight":2.7876},
{"Node_id":9396,"weight":2.2657},
{"Node_id":9397,"weight":3.1651},
{"Node_id":9398,"weight":4.0163},
{"Node_id":9399,"weight":2.0192},
{"Node_id":9400,"weight":2.6678},
{"Node_id":9401,"weight":2.4768},
{"Node_id":9402,"weight":1.5245},
{"Node_id":9403,"weight":4.7954},
{"Node_id":9404,"weight":1.9896},
{"Node_id":9405,"weight":2.3075},
{"Node_id":9406,"weight":2.5023},
{"Node_id":9407,"weight":1.421},
{"Node_id":9408,"weight":1.7151},
{"Node_id":9409,"weight":1.5575},
{"Node_id":9410,"weight":1.9634},
{"Node_id":9411,"weight":1.4178},
{"Node_id":9412,"weight":4.6469},
{"Node_id":9413,"weight":1.9232},
{"Node_id":9414,"weight":1.8635},
{"Node_id":9415,"weight":2.7676},
{"Node_id":9416,"weight":5.1975},
{"Node_id":9417,"weight":2.31},
{"Node_id":9418,"weight":2.2967},
{"Node_id":9419,"weight":1.7198},
{"Node_id":9420,"weight":3.7669},
{"Node_id":9421,"weight":2.1186},
{"Node_id":9422,"weight":1.8974},
{"Node_id":9423,"weight":1.4533},
{"Node_id":9424,"weight":2.3931},
{"Node_id":9426,"weight":2.0134},
{"Node_id":9427,"weight":1.9934},
{"Node_id":9428,"weight":1.9542},
{"Node_id":9429,"weight":4.1711},
{"Node_id":9431,"weight":2.5312},
{"Node_id":9432,"weight":4.1002},
{"Node_id":9433,"weight":5.2159},
{"Node_id":9434,"weight":2.8613},
{"Node_id":9435,"weight":1.5842},
{"Node_id":9437,"weight":1.7575},
{"Node_id":9438,"weight":1.4448},
{"Node_id":9439,"weight":2.9092},
{"Node_id":9440,"weight":2.1578},
{"Node_id":9441,"weight":3.9072},
{"Node_id":9442,"weight":2.1862},
{"Node_id":9444,"weight":4.5458},
{"Node_id":9445,"weight":1.7097},
{"Node_id":9446,"weight":1.3913},
{"Node_id":9447,"weight":5.4448},
{"Node_id":9448,"weight":2.1072},
{"Node_id":9449,"weight":1.7464},
{"Node_id":9450,"weight":2.7235},
{"Node_id":9451,"weight":3.483},
{"Node_id":9452,"weight":3.6843},
{"Node_id":9453,"weight":2.3699},
{"Node_id":9456,"weight":3.1651},
{"Node_id":9459,"weight":1.9625},
{"Node_id":9461,"weight":2.8023},
{"Node_id":9464,"weight":3.776},
{"Node_id":9466,"weight":2.0515},
{"Node_id":9468,"weight":1.5561},
{"Node_id":9470,"weight":1.7841},
{"Node_id":9471,"weight":1.4578},
{"Node_id":9472,"weight":2.0231},
{"Node_id":9473,"weight":1.5779},
{"Node_id":9474,"weight":3.7715},
{"Node_id":9475,"weight":1.5035},
{"Node_id":9476,"weight":1.597},
{"Node_id":9477,"weight":1.7881},
{"Node_id":9478,"weight":2.474},
{"Node_id":9479,"weight":5.077},
{"Node_id":9480,"weight":2.0887},
{"Node_id":9481,"weight":2.7766},
{"Node_id":9482,"weight":2.5929},
{"Node_id":9483,"weight":2.0816},
{"Node_id":9484,"weight":2.1906},
{"Node_id":9485,"weight":1.8609},
{"Node_id":9486,"weight":1.6694},
{"Node_id":9487,"weight":2.6945},
{"Node_id":9488,"weight":3.6843},
{"Node_id":9489,"weight":2.6037},
{"Node_id":9492,"weight":3.4356},
{"Node_id":9494,"weight":3.5999},
{"Node_id":9495,"weight":4.7832},
{"Node_id":9497,"weight":1.9441},
{"Node_id":9498,"weight":2.1397},
{"Node_id":9499,"weight":4.3858},
{"Node_id":9500,"weight":1.5863},
{"Node_id":9501,"weight":1.7873},
{"Node_id":9502,"weight":1.4448},
{"Node_id":9503,"weight":2.9743},
{"Node_id":9505,"weight":3.6233},
{"Node_id":9506,"weight":2.5341},
{"Node_id":9507,"weight":2.6482},
{"Node_id":9508,"weight":2.2095},
{"Node_id":9509,"weight":2.2634},
{"Node_id":9510,"weight":1.653},
{"Node_id":9511,"weight":1.397},
{"Node_id":9512,"weight":2.5166},
{"Node_id":9513,"weight":1.9468},
{"Node_id":9514,"weight":2.0338},
{"Node_id":9515,"weight":1.7528},
{"Node_id":9516,"weight":1.53},
{"Node_id":9519,"weight":2.5699},
{"Node_id":9521,"weight":3.8969},
{"Node_id":9522,"weight":1.8087},
{"Node_id":9524,"weight":2.5023},
{"Node_id":9525,"weight":2.6498},
{"Node_id":9526,"weight":1.9514},
{"Node_id":9528,"weight":2.8516},
{"Node_id":9529,"weight":2.4023},
{"Node_id":9530,"weight":1.4204},
{"Node_id":9531,"weight":1.9634},
{"Node_id":9533,"weight":3.356},
{"Node_id":9534,"weight":1.832},
{"Node_id":9535,"weight":2.366},
{"Node_id":9536,"weight":2.1557},
{"Node_id":9537,"weight":3.1912},
{"Node_id":9539,"weight":1.561},
{"Node_id":9540,"weight":1.7488},
{"Node_id":9541,"weight":1.5786},
{"Node_id":9542,"weight":2.0585},
{"Node_id":9543,"weight":2.9808},
{"Node_id":9544,"weight":3.4899},
{"Node_id":9546,"weight":2.0918},
{"Node_id":9547,"weight":2.6242},
{"Node_id":9548,"weight":2.6979},
{"Node_id":9549,"weight":2.366},
{"Node_id":9550,"weight":1.893},
{"Node_id":9551,"weight":3.5362},
{"Node_id":9554,"weight":2.0625},
{"Node_id":9555,"weight":1.5055},
{"Node_id":9556,"weight":2.5137},
{"Node_id":9557,"weight":2.7392},
{"Node_id":9558,"weight":1.5136},
{"Node_id":9559,"weight":3.0715},
{"Node_id":9562,"weight":2.4342},
{"Node_id":9563,"weight":1.414},
{"Node_id":9564,"weight":2.4574},
{"Node_id":9565,"weight":5.3992},
{"Node_id":9566,"weight":1.4995},
{"Node_id":9567,"weight":2.748},
{"Node_id":9571,"weight":1.9905},
{"Node_id":9572,"weight":1.7323},
{"Node_id":9573,"weight":6.6441},
{"Node_id":9574,"weight":4.226},
{"Node_id":9575,"weight":2.2506},
{"Node_id":9576,"weight":1.5506},
{"Node_id":9579,"weight":1.5942},
{"Node_id":9581,"weight":1.4975},
{"Node_id":9582,"weight":2.1031},
{"Node_id":9583,"weight":1.7315},
{"Node_id":9584,"weight":4.0574},
{"Node_id":9585,"weight":2.9215},
{"Node_id":9586,"weight":2.9808},
{"Node_id":9589,"weight":1.8652},
{"Node_id":9590,"weight":3.7991},
{"Node_id":9591,"weight":1.8128},
{"Node_id":9592,"weight":2.9808},
{"Node_id":9593,"weight":4.2402},
{"Node_id":9594,"weight":1.935},
{"Node_id":9595,"weight":1.6792},
{"Node_id":9596,"weight":3.2591},
{"Node_id":9597,"weight":1.6538},
{"Node_id":9598,"weight":2.1568},
{"Node_id":9599,"weight":3.1781},
{"Node_id":9600,"weight":2.881},
{"Node_id":9601,"weight":1.4848},
{"Node_id":9602,"weight":1.5793},
{"Node_id":9603,"weight":3.1833},
{"Node_id":9604,"weight":2.7857},
{"Node_id":9605,"weight":1.659},
{"Node_id":9606,"weight":1.6754},
{"Node_id":9607,"weight":1.7575},
{"Node_id":9608,"weight":2.2955},
{"Node_id":9609,"weight":2.0202},
{"Node_id":9610,"weight":2.7235},
{"Node_id":9611,"weight":2.1796},
{"Node_id":9612,"weight":2.7339},
{"Node_id":9613,"weight":3.3967},
{"Node_id":9614,"weight":2.4208},
{"Node_id":9615,"weight":1.5652},
{"Node_id":9616,"weight":2.6945},
{"Node_id":9617,"weight":4.1064},
{"Node_id":9618,"weight":1.5715},
{"Node_id":9619,"weight":1.4723},
{"Node_id":9620,"weight":3.0435},
{"Node_id":9621,"weight":1.5259},
{"Node_id":9622,"weight":2.1312},
{"Node_id":9623,"weight":1.5002},
{"Node_id":9624,"weight":6.3182},
{"Node_id":9625,"weight":2.0745},
{"Node_id":9626,"weight":1.4822},
{"Node_id":9627,"weight":1.4848},
{"Node_id":9628,"weight":2.0436},
{"Node_id":9629,"weight":1.9905},
{"Node_id":9630,"weight":2.4852},
{"Node_id":9631,"weight":1.8643},
{"Node_id":9632,"weight":3.1651},
{"Node_id":9633,"weight":3.7357},
{"Node_id":9634,"weight":1.3932},
{"Node_id":9635,"weight":1.4975},
{"Node_id":9636,"weight":1.8037},
{"Node_id":9637,"weight":1.5963},
{"Node_id":9638,"weight":2.5224},
{"Node_id":9639,"weight":3.842},
{"Node_id":9640,"weight":2.1622},
{"Node_id":9641,"weight":1.8515},
{"Node_id":9642,"weight":5.8401},
{"Node_id":9643,"weight":1.6906},
{"Node_id":9644,"weight":1.7736},
{"Node_id":9645,"weight":1.9296},
{"Node_id":9646,"weight":2.7857},
{"Node_id":9647,"weight":2.3546},
{"Node_id":9648,"weight":3.776},
{"Node_id":9649,"weight":4.0694},
{"Node_id":9650,"weight":2.4671},
{"Node_id":9651,"weight":2.173},
{"Node_id":9652,"weight":1.752},
{"Node_id":9653,"weight":2.0038},
{"Node_id":9654,"weight":1.4371},
{"Node_id":9655,"weight":2.7081},
{"Node_id":9656,"weight":1.4835},
{"Node_id":9657,"weight":1.9962},
{"Node_id":9658,"weight":2.727},
{"Node_id":9659,"weight":2.2517},
{"Node_id":9660,"weight":2.3648},
{"Node_id":9661,"weight":3.596},
{"Node_id":9662,"weight":2.6257},
{"Node_id":9663,"weight":2.4275},
{"Node_id":9664,"weight":1.9277},
{"Node_id":9665,"weight":2.3866},
{"Node_id":9666,"weight":5.3992},
{"Node_id":9667,"weight":1.4624},
{"Node_id":9668,"weight":1.5485},
{"Node_id":9669,"weight":2.3395},
{"Node_id":9670,"weight":1.8895},
{"Node_id":9671,"weight":2.4588},
{"Node_id":9672,"weight":2.2799},
{"Node_id":9673,"weight":2.8652},
{"Node_id":9674,"weight":1.5062},
{"Node_id":9675,"weight":1.4881},
{"Node_id":9676,"weight":1.5842},
{"Node_id":9677,"weight":1.4921},
{"Node_id":9678,"weight":1.8078},
{"Node_id":9679,"weight":1.776},
{"Node_id":9680,"weight":3.305},
{"Node_id":9681,"weight":2.5959},
{"Node_id":9682,"weight":1.6974},
{"Node_id":9683,"weight":2.2196},
{"Node_id":9684,"weight":1.4848},
{"Node_id":9685,"weight":2.881},
{"Node_id":9686,"weight":1.7401},
{"Node_id":9687,"weight":2.3234},
{"Node_id":9688,"weight":1.6208},
{"Node_id":9689,"weight":2.6563},
{"Node_id":9690,"weight":1.6486},
{"Node_id":9691,"weight":1.9332},
{"Node_id":9692,"weight":1.8523},
{"Node_id":9693,"weight":2.8229},
{"Node_id":9694,"weight":2.5579},
{"Node_id":9695,"weight":2.6401},
{"Node_id":9696,"weight":1.5272},
{"Node_id":9697,"weight":1.5368},
{"Node_id":9698,"weight":4.8078},
{"Node_id":9699,"weight":1.9868},
{"Node_id":9701,"weight":1.9287},
{"Node_id":9702,"weight":1.5049},
{"Node_id":9704,"weight":1.5977},
{"Node_id":9705,"weight":2.5489},
{"Node_id":9706,"weight":2.1928},
{"Node_id":9708,"weight":2.3776},
{"Node_id":9709,"weight":2.2799},
{"Node_id":9710,"weight":2.4369},
{"Node_id":9711,"weight":3.0881},
{"Node_id":9712,"weight":1.4565},
{"Node_id":9713,"weight":2.0816},
{"Node_id":9714,"weight":2.7784},
{"Node_id":9716,"weight":2.0907},
{"Node_id":9717,"weight":6.0725},
{"Node_id":9718,"weight":2.8574},
{"Node_id":9719,"weight":1.4178},
{"Node_id":9720,"weight":1.5992},
{"Node_id":9721,"weight":2.1719},
{"Node_id":9722,"weight":1.5035},
{"Node_id":9723,"weight":1.3882},
{"Node_id":9724,"weight":2.2576},
{"Node_id":9725,"weight":3.3652},
{"Node_id":9726,"weight":2.5254},
{"Node_id":9727,"weight":1.7105},
{"Node_id":9728,"weight":4.8458},
{"Node_id":9729,"weight":2.2552},
{"Node_id":9730,"weight":1.3988},
{"Node_id":9731,"weight":1.4172},
{"Node_id":9732,"weight":1.6523},
{"Node_id":9733,"weight":1.7963},
{"Node_id":9734,"weight":4.1002},
{"Node_id":9735,"weight":2.5066},
{"Node_id":9736,"weight":2.5385},
{"Node_id":9737,"weight":2.877},
{"Node_id":9738,"weight":1.9523},
{"Node_id":9739,"weight":2.5714},
{"Node_id":9740,"weight":1.4565},
{"Node_id":9741,"weight":1.744},
{"Node_id":9742,"weight":1.6732},
{"Node_id":9743,"weight":1.798},
{"Node_id":9744,"weight":1.9305},
{"Node_id":9745,"weight":1.4229},
{"Node_id":9746,"weight":1.543},
{"Node_id":9747,"weight":4.1711},
{"Node_id":9748,"weight":2.6711},
{"Node_id":9749,"weight":2.205},
{"Node_id":9750,"weight":3.1347},
{"Node_id":9751,"weight":1.4815},
{"Node_id":9752,"weight":1.752},
{"Node_id":9753,"weight":3.0252},
{"Node_id":9754,"weight":1.6368},
{"Node_id":9755,"weight":2.9593},
{"Node_id":9756,"weight":3.1964},
{"Node_id":9757,"weight":2.0565},
{"Node_id":9758,"weight":1.9296},
{"Node_id":9759,"weight":1.8136},
{"Node_id":9760,"weight":2.2242},
{"Node_id":9761,"weight":2.3571},
{"Node_id":9762,"weight":3.8038},
{"Node_id":9763,"weight":2.0938},
{"Node_id":9764,"weight":2.0745},
{"Node_id":9765,"weight":2.5123},
{"Node_id":9766,"weight":1.5786},
{"Node_id":9767,"weight":1.726},
{"Node_id":9768,"weight":1.4663},
{"Node_id":9769,"weight":2.6563},
{"Node_id":9770,"weight":1.4147},
{"Node_id":9771,"weight":2.9011},
{"Node_id":9772,"weight":5.2347},
{"Node_id":9773,"weight":3.4095},
{"Node_id":9774,"weight":3.4225},
{"Node_id":9775,"weight":1.8557},
{"Node_id":9776,"weight":2.6498},
{"Node_id":9777,"weight":2.1134},
{"Node_id":9778,"weight":2.366},
{"Node_id":9779,"weight":1.9395},
{"Node_id":9780,"weight":3.1859},
{"Node_id":9781,"weight":2.2907},
{"Node_id":9782,"weight":1.8337},
{"Node_id":9783,"weight":1.5652},
{"Node_id":9784,"weight":2.543},
{"Node_id":9785,"weight":5.8061},
{"Node_id":9786,"weight":3.6969},
{"Node_id":9787,"weight":2.1774},
{"Node_id":9788,"weight":1.4795},
{"Node_id":9789,"weight":1.3944},
{"Node_id":9790,"weight":2.3222},
{"Node_id":9791,"weight":1.8012},
{"Node_id":9792,"weight":5.2933},
{"Node_id":9793,"weight":3.3079},
{"Node_id":9794,"weight":4.4278},
{"Node_id":9795,"weight":1.5652},
{"Node_id":9796,"weight":2.5944},
{"Node_id":9797,"weight":2.0856},
{"Node_id":9798,"weight":1.5029},
{"Node_id":9799,"weight":2.8751},
{"Node_id":9800,"weight":1.5361},
{"Node_id":9801,"weight":3.2342},
{"Node_id":9802,"weight":1.9432},
{"Node_id":9803,"weight":1.639},
{"Node_id":9804,"weight":2.0436},
{"Node_id":9807,"weight":5.7105},
{"Node_id":9810,"weight":2.0019},
{"Node_id":9812,"weight":3.9124},
{"Node_id":9815,"weight":1.7841},
{"Node_id":9819,"weight":2.5975},
{"Node_id":9822,"weight":2.1418},
{"Node_id":9824,"weight":1.9098},
{"Node_id":9827,"weight":1.4242},
{"Node_id":9830,"weight":2.5913},
{"Node_id":9833,"weight":1.6822},
{"Node_id":9837,"weight":3.5004},
{"Node_id":9840,"weight":1.4096},
{"Node_id":9844,"weight":1.8834},
{"Node_id":9845,"weight":1.6657},
{"Node_id":9846,"weight":2.0918},
{"Node_id":9847,"weight":4.8588},
{"Node_id":9848,"weight":2.9257},
{"Node_id":9849,"weight":3.4323},
{"Node_id":9855,"weight":1.6258},
{"Node_id":9858,"weight":2.5913},
{"Node_id":9859,"weight":2.0154},
{"Node_id":9860,"weight":1.8756},
{"Node_id":9888,"weight":1.5423},
{"Node_id":9895,"weight":2.5254},
{"Node_id":9896,"weight":1.8808},
{"Node_id":9903,"weight":2.8496},
{"Node_id":9904,"weight":1.8178},
{"Node_id":9912,"weight":1.8153},
{"Node_id":9913,"weight":2.4302},
{"Node_id":9915,"weight":2.2611},
{"Node_id":9916,"weight":4.1982},
{"Node_id":9917,"weight":3.6392},
{"Node_id":9918,"weight":1.9727},
{"Node_id":9919,"weight":5.7414},
{"Node_id":9920,"weight":3.0929},
{"Node_id":9921,"weight":2.3609},
{"Node_id":9922,"weight":1.7113},
{"Node_id":9923,"weight":1.4268},
{"Node_id":9926,"weight":2.9896},
{"Node_id":9927,"weight":2.0938},
{"Node_id":9928,"weight":3.6718},
{"Node_id":9929,"weight":2.1124},
{"Node_id":9930,"weight":2.5519},
{"Node_id":9931,"weight":2.3445},
{"Node_id":9932,"weight":1.5527},
{"Node_id":9933,"weight":1.752},
{"Node_id":9934,"weight":2.7658},
{"Node_id":9935,"weight":1.9241},
{"Node_id":9936,"weight":1.8506},
{"Node_id":9937,"weight":2.4951},
{"Node_id":9938,"weight":3.3168},
{"Node_id":9939,"weight":1.9368},
{"Node_id":9940,"weight":2.2599},
{"Node_id":9941,"weight":1.8532},
{"Node_id":9942,"weight":2.2379},
{"Node_id":9943,"weight":1.8379},
{"Node_id":9944,"weight":3.6718},
{"Node_id":9945,"weight":1.6317},
{"Node_id":9946,"weight":3.7624},
{"Node_id":9947,"weight":1.5617},
{"Node_id":9948,"weight":1.8566},
{"Node_id":9949,"weight":1.8575},
{"Node_id":9950,"weight":1.6013},
{"Node_id":9952,"weight":3.2648},
{"Node_id":9954,"weight":2.508},
{"Node_id":9955,"weight":1.4198},
{"Node_id":9956,"weight":2.4478},
{"Node_id":9957,"weight":3.0184},
{"Node_id":9958,"weight":1.4474},
{"Node_id":9959,"weight":3.0229},
{"Node_id":9960,"weight":2.9529},
{"Node_id":9961,"weight":2.0377},
{"Node_id":9962,"weight":1.5218},
{"Node_id":9965,"weight":2.0555},
{"Node_id":9967,"weight":1.8261},
{"Node_id":9968,"weight":2.887},
{"Node_id":9970,"weight":1.7898},
{"Node_id":9971,"weight":3.3999},
{"Node_id":9972,"weight":2.0545},
{"Node_id":9974,"weight":2.0928},
{"Node_id":9975,"weight":2.0105},
{"Node_id":9976,"weight":1.5582},
{"Node_id":9979,"weight":2.6466},
{"Node_id":9980,"weight":1.4134},
{"Node_id":9981,"weight":1.8186},
{"Node_id":9985,"weight":3.5922},
{"Node_id":9986,"weight":1.8371},
{"Node_id":9987,"weight":2.5564},
{"Node_id":9990,"weight":1.4293},
{"Node_id":9992,"weight":2.2028},
{"Node_id":9993,"weight":3.2905},
{"Node_id":9994,"weight":3.7357},
{"Node_id":9997,"weight":1.6368},
{"Node_id":9998,"weight":1.9188},
{"Node_id":10000,"weight":5.045},
{"Node_id":10001,"weight":3.3168},
{"Node_id":10002,"weight":2.5356},
{"Node_id":10005,"weight":3.8817},
{"Node_id":10006,"weight":2.7839},
{"Node_id":10009,"weight":1.9395},
{"Node_id":10010,"weight":1.4915},
{"Node_id":10011,"weight":1.6936},
{"Node_id":10014,"weight":3.3746},
{"Node_id":10015,"weight":3.3871},
{"Node_id":10019,"weight":1.8843},
{"Node_id":10020,"weight":1.45},
{"Node_id":10021,"weight":2.2847},
{"Node_id":10024,"weight":1.4442},
{"Node_id":10025,"weight":2.9381},
{"Node_id":10030,"weight":1.9662},
{"Node_id":10031,"weight":1.6324},
{"Node_id":10032,"weight":1.7456},
{"Node_id":10035,"weight":1.6717},
{"Node_id":10036,"weight":1.5927},
{"Node_id":10042,"weight":3.1964},
{"Node_id":10043,"weight":1.5069},
{"Node_id":10044,"weight":2.2219},
{"Node_id":10047,"weight":2.3027},
{"Node_id":10048,"weight":3.4063},
{"Node_id":10060,"weight":2.4895},
{"Node_id":10063,"weight":2.2118},
{"Node_id":10067,"weight":1.45},
{"Node_id":10072,"weight":1.656},
{"Node_id":10075,"weight":2.1503},
{"Node_id":10078,"weight":1.4703},
{"Node_id":10081,"weight":3.1148},
{"Node_id":10085,"weight":1.5715},
{"Node_id":10088,"weight":1.5771},
{"Node_id":10090,"weight":2.1093},
{"Node_id":10093,"weight":3.2847},
{"Node_id":10096,"weight":1.8211},
{"Node_id":10098,"weight":1.8992},
{"Node_id":10102,"weight":1.5863},
{"Node_id":10105,"weight":1.4789},
{"Node_id":10107,"weight":1.5541},
{"Node_id":10112,"weight":2.3905},
{"Node_id":10115,"weight":2.2859},
{"Node_id":10117,"weight":4.1002},
{"Node_id":10123,"weight":1.6739},
{"Node_id":10126,"weight":1.4591},
{"Node_id":10128,"weight":2.2344},
{"Node_id":10135,"weight":1.854},
{"Node_id":10138,"weight":2.3027},
{"Node_id":10140,"weight":1.8617},
{"Node_id":10145,"weight":2.5094},
{"Node_id":10148,"weight":2.8535},
{"Node_id":10151,"weight":1.5382},
{"Node_id":10153,"weight":1.812},
{"Node_id":10158,"weight":2.401},
{"Node_id":10159,"weight":6.8113},
{"Node_id":10162,"weight":2.2265},
{"Node_id":10165,"weight":2.5474},
{"Node_id":10167,"weight":1.4948},
{"Node_id":10172,"weight":4.3858},
{"Node_id":10173,"weight":4.3614},
{"Node_id":10174,"weight":3.1807},
{"Node_id":10177,"weight":1.7988},
{"Node_id":10180,"weight":1.8128},
{"Node_id":10182,"weight":2.9174},
{"Node_id":10187,"weight":3.6352},
{"Node_id":10189,"weight":1.9395},
{"Node_id":10193,"weight":2.3711},
{"Node_id":10194,"weight":4.0221},
{"Node_id":10196,"weight":4.1127},
{"Node_id":10198,"weight":2.0615},
{"Node_id":10203,"weight":3.9549},
{"Node_id":10209,"weight":4.833},
{"Node_id":10210,"weight":1.5485},
{"Node_id":10211,"weight":2.3063},
{"Node_id":10212,"weight":1.8957},
{"Node_id":10213,"weight":1.8045},
{"Node_id":10214,"weight":3.1422},
{"Node_id":10215,"weight":4.1914},
{"Node_id":10216,"weight":4.3534},
{"Node_id":10217,"weight":1.6302},
{"Node_id":10218,"weight":1.8738},
{"Node_id":10219,"weight":1.5245},
{"Node_id":10220,"weight":5.0294},
{"Node_id":10221,"weight":1.5807},
{"Node_id":10222,"weight":3.8716},
{"Node_id":10223,"weight":2.2907},
{"Node_id":10224,"weight":2.6612},
{"Node_id":10225,"weight":2.2061},
{"Node_id":10226,"weight":1.5218},
{"Node_id":10227,"weight":2.2017},
{"Node_id":10228,"weight":5.3771},
{"Node_id":10229,"weight":2.3918},
{"Node_id":10230,"weight":1.5327},
{"Node_id":10231,"weight":1.5527},
{"Node_id":10232,"weight":2.2448},
{"Node_id":10233,"weight":2.1752},
{"Node_id":10234,"weight":3.0953},
{"Node_id":10236,"weight":3.1651},
{"Node_id":10239,"weight":1.8103},
{"Node_id":10243,"weight":2.3458},
{"Node_id":10247,"weight":4.1778},
{"Node_id":10248,"weight":2.1155},
{"Node_id":10252,"weight":1.8678},
{"Node_id":10253,"weight":4.8458},
{"Node_id":10254,"weight":2.7218},
{"Node_id":10258,"weight":1.5828},
{"Node_id":10259,"weight":2.0685},
{"Node_id":10260,"weight":4.2051},
{"Node_id":10261,"weight":2.7218},
{"Node_id":10265,"weight":2.9743},
{"Node_id":10266,"weight":2.4155},
{"Node_id":10267,"weight":5.3343},
{"Node_id":10268,"weight":1.5416},
{"Node_id":10269,"weight":2.6861},
{"Node_id":10273,"weight":8.517},
{"Node_id":10274,"weight":3.0095},
{"Node_id":10275,"weight":2.0416},
{"Node_id":10276,"weight":1.9839},
{"Node_id":10277,"weight":1.5561},
{"Node_id":10278,"weight":1.7971},
{"Node_id":10282,"weight":2.474},
{"Node_id":10283,"weight":1.7663},
{"Node_id":10284,"weight":3.0857},
{"Node_id":10285,"weight":1.4921},
{"Node_id":10286,"weight":1.7671},
{"Node_id":10287,"weight":4.4024},
{"Node_id":10288,"weight":1.9652},
{"Node_id":10292,"weight":1.7097},
{"Node_id":10293,"weight":1.6142},
{"Node_id":10294,"weight":2.1972},
{"Node_id":10295,"weight":2.6678},
{"Node_id":10296,"weight":1.4026},
{"Node_id":10297,"weight":2.2764},
{"Node_id":10298,"weight":2.342},
{"Node_id":10302,"weight":2.1197},
{"Node_id":10303,"weight":1.5347},
{"Node_id":10304,"weight":3.279},
{"Node_id":10305,"weight":1.8515},
{"Node_id":10306,"weight":1.5177},
{"Node_id":10307,"weight":2.401},
{"Node_id":10308,"weight":3.2205},
{"Node_id":10309,"weight":4.1254},
{"Node_id":10313,"weight":2.0836},
{"Node_id":10314,"weight":1.5197},
{"Node_id":10315,"weight":1.7825},
{"Node_id":10316,"weight":3.2818},
{"Node_id":10317,"weight":2.3853},
{"Node_id":10318,"weight":1.7074},
{"Node_id":10319,"weight":1.43},
{"Node_id":10321,"weight":3.1912},
{"Node_id":10325,"weight":1.7841},
{"Node_id":10326,"weight":1.4422},
{"Node_id":10327,"weight":2.8191},
{"Node_id":10328,"weight":3.1833},
{"Node_id":10329,"weight":3.3168},
{"Node_id":10330,"weight":2.5066},
{"Node_id":10331,"weight":2.4881},
{"Node_id":10333,"weight":1.6244},
{"Node_id":10334,"weight":1.9532},
{"Node_id":10338,"weight":1.3894},
{"Node_id":10339,"weight":1.5444},
{"Node_id":10340,"weight":2.223},
{"Node_id":10341,"weight":2.3222},
{"Node_id":10342,"weight":3.3197},
{"Node_id":10343,"weight":2.274},
{"Node_id":10344,"weight":2.4356},
{"Node_id":10346,"weight":1.822},
{"Node_id":10347,"weight":1.8583},
{"Node_id":10348,"weight":2.4221},
{"Node_id":10352,"weight":3.2314},
{"Node_id":10353,"weight":1.7151},
{"Node_id":10354,"weight":2.7063},
{"Node_id":10355,"weight":3.9282},
{"Node_id":10356,"weight":1.9934},
{"Node_id":10357,"weight":1.4377},
{"Node_id":10358,"weight":2.0836},
{"Node_id":10360,"weight":1.7089},
{"Node_id":10361,"weight":1.7276},
{"Node_id":10362,"weight":5.5429},
{"Node_id":10363,"weight":1.4371},
{"Node_id":10367,"weight":5.2159},
{"Node_id":10368,"weight":4.9989},
{"Node_id":10369,"weight":4.6053},
{"Node_id":10370,"weight":1.712},
{"Node_id":10371,"weight":1.5389},
{"Node_id":10372,"weight":5.4217},
{"Node_id":10373,"weight":1.7906},
{"Node_id":10375,"weight":1.7198},
{"Node_id":10376,"weight":1.5327},
{"Node_id":10377,"weight":3.2619},
{"Node_id":10379,"weight":5.2347},
{"Node_id":10380,"weight":1.9606},
{"Node_id":10381,"weight":1.7719},
{"Node_id":10382,"weight":1.4474},
{"Node_id":10383,"weight":2.4768},
{"Node_id":10393,"weight":1.8396},
{"Node_id":10394,"weight":1.7417},
{"Node_id":10395,"weight":2.9808},
{"Node_id":10396,"weight":4.3534},
{"Node_id":10397,"weight":2.2529},
{"Node_id":10398,"weight":1.4128},
{"Node_id":10399,"weight":1.5992},
{"Node_id":10400,"weight":1.6762},
{"Node_id":10401,"weight":2.0212},
{"Node_id":10402,"weight":3.0389},
{"Node_id":10403,"weight":3.3377},
{"Node_id":10404,"weight":2.1578},
{"Node_id":10405,"weight":2.5684},
{"Node_id":10406,"weight":3.1222},
{"Node_id":10407,"weight":4.0939},
{"Node_id":10408,"weight":2.5913},
{"Node_id":10410,"weight":1.9792},
{"Node_id":10411,"weight":2.0948},
{"Node_id":10413,"weight":2.9113},
{"Node_id":10414,"weight":1.9699},
{"Node_id":10415,"weight":1.9953},
{"Node_id":10417,"weight":3.7401},
{"Node_id":10418,"weight":1.7639},
{"Node_id":10419,"weight":1.5265},
{"Node_id":10420,"weight":3.6038},
{"Node_id":10422,"weight":1.5963},
{"Node_id":10423,"weight":2.3112},
{"Node_id":10424,"weight":3.1523},
{"Node_id":10425,"weight":2.6434},
{"Node_id":10426,"weight":2.3711},
{"Node_id":10428,"weight":2.6194},
{"Node_id":10429,"weight":1.3995},
{"Node_id":10430,"weight":1.7401},
{"Node_id":10431,"weight":2.9765},
{"Node_id":10432,"weight":2.0685},
{"Node_id":10433,"weight":1.4644},
{"Node_id":10435,"weight":1.6208},
{"Node_id":10436,"weight":1.39},
{"Node_id":10437,"weight":1.9597},
{"Node_id":10438,"weight":2.5836},
{"Node_id":10439,"weight":1.402},
{"Node_id":10440,"weight":2.1082},
{"Node_id":10441,"weight":5.5957},
{"Node_id":10442,"weight":1.8515},
{"Node_id":10443,"weight":1.4928},
{"Node_id":10444,"weight":2.1344},
{"Node_id":10445,"weight":2.4181},
{"Node_id":10446,"weight":2.1884},
{"Node_id":10447,"weight":2.1},
{"Node_id":10449,"weight":2.6337},
{"Node_id":10450,"weight":1.7448},
{"Node_id":10451,"weight":1.6331},
{"Node_id":10452,"weight":2.0397},
{"Node_id":10453,"weight":1.7464},
{"Node_id":10454,"weight":1.9802},
{"Node_id":10455,"weight":2.027},
{"Node_id":10456,"weight":1.5828},
{"Node_id":10457,"weight":3.0504},
{"Node_id":10458,"weight":1.4281},
{"Node_id":10459,"weight":2.1557},
{"Node_id":10460,"weight":1.7881},
{"Node_id":10466,"weight":1.6575},
{"Node_id":10469,"weight":3.2342},
{"Node_id":10470,"weight":2.645},
{"Node_id":10471,"weight":1.575},
{"Node_id":10472,"weight":2.1884},
{"Node_id":10473,"weight":3.3317},
{"Node_id":10474,"weight":1.5089},
{"Node_id":10475,"weight":3.2044},
{"Node_id":10476,"weight":1.7005},
{"Node_id":10477,"weight":1.9505},
{"Node_id":10478,"weight":2.658},
{"Node_id":10479,"weight":1.7703},
{"Node_id":10480,"weight":2.9257},
{"Node_id":10481,"weight":1.5368},
{"Node_id":10482,"weight":2.7445},
{"Node_id":10483,"weight":1.9962},
{"Node_id":10484,"weight":3.4095},
{"Node_id":10485,"weight":1.4578},
{"Node_id":10486,"weight":2.31},
{"Node_id":10487,"weight":2.4951},
{"Node_id":10488,"weight":1.4468},
{"Node_id":10489,"weight":2.0231},
{"Node_id":10490,"weight":2.3445},
{"Node_id":10491,"weight":4.9989},
{"Node_id":10492,"weight":1.4631},
{"Node_id":10493,"weight":5.5957},
{"Node_id":10494,"weight":1.7504},
{"Node_id":10495,"weight":1.5513},
{"Node_id":10496,"weight":1.5764},
{"Node_id":10497,"weight":2.4049},
{"Node_id":10498,"weight":4.4896},
{"Node_id":10499,"weight":3.8567},
{"Node_id":10500,"weight":1.5708},
{"Node_id":10501,"weight":1.5582},
{"Node_id":10502,"weight":3.8616},
{"Node_id":10503,"weight":1.513},
{"Node_id":10504,"weight":5.4448},
{"Node_id":10505,"weight":2.7322},
{"Node_id":10506,"weight":1.4077},
{"Node_id":10507,"weight":6.0725},
{"Node_id":10508,"weight":1.6868},
{"Node_id":10509,"weight":1.4229},
{"Node_id":10510,"weight":2.9423},
{"Node_id":10511,"weight":1.7784},
{"Node_id":10512,"weight":2.0585},
{"Node_id":10513,"weight":1.8506},
{"Node_id":10514,"weight":1.9634},
{"Node_id":10515,"weight":1.702},
{"Node_id":10516,"weight":1.9588},
{"Node_id":10517,"weight":4.212},
{"Node_id":10518,"weight":3.5326},
{"Node_id":10519,"weight":3.248},
{"Node_id":10520,"weight":1.4526},
{"Node_id":10521,"weight":1.4565},
{"Node_id":10522,"weight":2.1093},
{"Node_id":10528,"weight":2.3763},
{"Node_id":10531,"weight":2.0605},
{"Node_id":10535,"weight":1.5191},
{"Node_id":10537,"weight":1.9072},
{"Node_id":10540,"weight":2.4275},
{"Node_id":10542,"weight":2.0241},
{"Node_id":10546,"weight":3.7624},
{"Node_id":10548,"weight":2.9678},
{"Node_id":10553,"weight":1.5596},
{"Node_id":10555,"weight":1.4901},
{"Node_id":10558,"weight":2.1493},
{"Node_id":10560,"weight":2.9917},
{"Node_id":10561,"weight":1.5779},
{"Node_id":10562,"weight":2.1503},
{"Node_id":10563,"weight":1.465},
{"Node_id":10564,"weight":1.9811},
{"Node_id":10565,"weight":1.4526},
{"Node_id":10566,"weight":1.5771},
{"Node_id":10567,"weight":1.8062},
{"Node_id":10568,"weight":2.0125},
{"Node_id":10569,"weight":5.7414},
{"Node_id":10570,"weight":4.1318},
{"Node_id":10571,"weight":2.5371},
{"Node_id":10572,"weight":2.1323},
{"Node_id":10573,"weight":1.4223},
{"Node_id":10574,"weight":4.3858},
{"Node_id":10575,"weight":4.4364},
{"Node_id":10576,"weight":1.4064},
{"Node_id":10577,"weight":1.4533},
{"Node_id":10578,"weight":1.513},
{"Node_id":10579,"weight":1.7036},
{"Node_id":10580,"weight":2.1218},
{"Node_id":10581,"weight":4.4451},
{"Node_id":10582,"weight":1.6538},
{"Node_id":10583,"weight":2.2185},
{"Node_id":10584,"weight":1.7535},
{"Node_id":10585,"weight":2.102},
{"Node_id":10586,"weight":1.397},
{"Node_id":10587,"weight":2.0685},
{"Node_id":10588,"weight":1.8851},
{"Node_id":10589,"weight":1.8379},
{"Node_id":10590,"weight":5.6515},
{"Node_id":10591,"weight":1.8992},
{"Node_id":10592,"weight":1.7939},
{"Node_id":10593,"weight":2.0125},
{"Node_id":10594,"weight":2.5594},
{"Node_id":10595,"weight":1.7244},
{"Node_id":10596,"weight":3.6969},
{"Node_id":10597,"weight":3.1703},
{"Node_id":10598,"weight":1.5184},
{"Node_id":10599,"weight":1.3869},
{"Node_id":10600,"weight":2.1829},
{"Node_id":10601,"weight":2.2196},
{"Node_id":10602,"weight":1.9597},
{"Node_id":10603,"weight":2.8477},
{"Node_id":10604,"weight":1.6694},
{"Node_id":10605,"weight":3.577},
{"Node_id":10606,"weight":2.889},
{"Node_id":10607,"weight":2.885},
{"Node_id":10608,"weight":1.5259},
{"Node_id":10609,"weight":3.8567},
{"Node_id":10610,"weight":3.3079},
{"Node_id":10611,"weight":1.8354},
{"Node_id":10612,"weight":1.7736},
{"Node_id":10613,"weight":3.714},
{"Node_id":10614,"weight":1.8371},
{"Node_id":10615,"weight":2.9808},
{"Node_id":10616,"weight":2.9614},
{"Node_id":10617,"weight":3.4934},
{"Node_id":10618,"weight":1.3882},
{"Node_id":10619,"weight":1.7623},
{"Node_id":10620,"weight":2.3711},
{"Node_id":10621,"weight":1.4313},
{"Node_id":10622,"weight":1.5527},
{"Node_id":10623,"weight":2.2599},
{"Node_id":10624,"weight":2.0029},
{"Node_id":10625,"weight":2.6596},
{"Node_id":10626,"weight":1.9359},
{"Node_id":10627,"weight":2.9381},
{"Node_id":10628,"weight":2.9174},
{"Node_id":10629,"weight":1.6171},
{"Node_id":10630,"weight":1.8103},
{"Node_id":10631,"weight":1.5334},
{"Node_id":10632,"weight":2.887},
{"Node_id":10633,"weight":1.8186},
{"Node_id":10634,"weight":1.9542},
{"Node_id":10645,"weight":1.6785},
{"Node_id":10646,"weight":3.0006},
{"Node_id":10647,"weight":2.1785},
{"Node_id":10648,"weight":3.0786},
{"Node_id":10649,"weight":3.8275},
{"Node_id":10650,"weight":1.7881},
{"Node_id":10651,"weight":3.055},
{"Node_id":10652,"weight":1.9662},
{"Node_id":10653,"weight":2.4671},
{"Node_id":10654,"weight":3.2905},
{"Node_id":10655,"weight":1.901},
{"Node_id":10656,"weight":1.9802},
{"Node_id":10657,"weight":1.9802},
{"Node_id":10658,"weight":7.8236},
{"Node_id":10660,"weight":1.8021},
{"Node_id":10662,"weight":1.6913},
{"Node_id":10663,"weight":2.645},
{"Node_id":10664,"weight":4.0163},
{"Node_id":10665,"weight":1.4915},
{"Node_id":10666,"weight":1.5347},
{"Node_id":10667,"weight":2.6531},
{"Node_id":10668,"weight":2.2611},
{"Node_id":10674,"weight":2.9508},
{"Node_id":10677,"weight":1.9625},
{"Node_id":10678,"weight":3.4456},
{"Node_id":10681,"weight":1.4121},
{"Node_id":10682,"weight":2.7569},
{"Node_id":10683,"weight":5.11},
{"Node_id":10686,"weight":2.3309},
{"Node_id":10687,"weight":1.4468},
{"Node_id":10688,"weight":4.8588},
{"Node_id":10689,"weight":2.1218},
{"Node_id":10692,"weight":2.5327},
{"Node_id":10693,"weight":1.5286},
{"Node_id":10694,"weight":2.1708},
{"Node_id":10695,"weight":1.7792},
{"Node_id":10696,"weight":1.5835},
{"Node_id":10699,"weight":2.0575},
{"Node_id":10700,"weight":1.9662},
{"Node_id":10701,"weight":1.4249},
{"Node_id":10702,"weight":1.9072},
{"Node_id":10703,"weight":1.8635},
{"Node_id":10704,"weight":2.7183},
{"Node_id":10707,"weight":2.1665},
{"Node_id":10708,"weight":2.3944},
{"Node_id":10709,"weight":1.8447},
{"Node_id":10710,"weight":6.1171},
{"Node_id":10711,"weight":2.5564},
{"Node_id":10712,"weight":1.7663},
{"Node_id":10713,"weight":1.9962},
{"Node_id":10716,"weight":1.6317},
{"Node_id":10717,"weight":2.0989},
{"Node_id":10718,"weight":3.1222},
{"Node_id":10719,"weight":2.3737},
{"Node_id":10720,"weight":2.0125},
{"Node_id":10721,"weight":3.6352},
{"Node_id":10722,"weight":5.2539},
{"Node_id":10723,"weight":2.8613},
{"Node_id":10726,"weight":2.6894},
{"Node_id":10727,"weight":1.6215},
{"Node_id":10728,"weight":2.1796},
{"Node_id":10729,"weight":2.6962},
{"Node_id":10730,"weight":2.2611},
{"Node_id":10731,"weight":1.5368},
{"Node_id":10732,"weight":1.5211},
{"Node_id":10733,"weight":1.789},
{"Node_id":10734,"weight":2.2185},
{"Node_id":10737,"weight":1.6157},
{"Node_id":10738,"weight":4.0455},
{"Node_id":10739,"weight":2.9174},
{"Node_id":10740,"weight":2.4519},
{"Node_id":10741,"weight":3.5075},
{"Node_id":10742,"weight":1.5225},
{"Node_id":10743,"weight":1.9953},
{"Node_id":10744,"weight":2.214},
{"Node_id":10745,"weight":2.1312},
{"Node_id":10746,"weight":2.1568},
{"Node_id":10747,"weight":4.3454},
{"Node_id":10748,"weight":2.8248},
{"Node_id":10751,"weight":2.4994},
{"Node_id":10752,"weight":1.748},
{"Node_id":10753,"weight":1.4855},
{"Node_id":10754,"weight":2.764},
{"Node_id":10755,"weight":1.8721},
{"Node_id":10756,"weight":2.4492},
{"Node_id":10757,"weight":1.8904},
{"Node_id":10758,"weight":1.9783},
{"Node_id":10759,"weight":1.6508},
{"Node_id":10760,"weight":2.1302},
{"Node_id":10761,"weight":2.4356},
{"Node_id":10762,"weight":2.0897},
{"Node_id":10763,"weight":3.1322},
{"Node_id":10764,"weight":1.956},
{"Node_id":10765,"weight":4.5362},
{"Node_id":10766,"weight":2.8574},
{"Node_id":10767,"weight":1.925},
{"Node_id":10768,"weight":3.2314},
{"Node_id":10769,"weight":4.6053},
{"Node_id":10770,"weight":2.7839},
{"Node_id":10771,"weight":1.5177},
{"Node_id":10772,"weight":1.414},
{"Node_id":10773,"weight":1.7496},
{"Node_id":10774,"weight":2.0318},
{"Node_id":10775,"weight":3.2424},
{"Node_id":10776,"weight":1.8756},
{"Node_id":10804,"weight":2.4657},
{"Node_id":10811,"weight":1.7671},
{"Node_id":10819,"weight":1.5069},
{"Node_id":10828,"weight":1.8455},
{"Node_id":10831,"weight":1.4442},
{"Node_id":10834,"weight":2.5519},
{"Node_id":10835,"weight":1.6346},
{"Node_id":10836,"weight":2.8343},
{"Node_id":10838,"weight":8.517},
{"Node_id":10841,"weight":1.6508},
{"Node_id":10844,"weight":2.5371},
{"Node_id":10845,"weight":1.414},
{"Node_id":10846,"weight":2.4643},
{"Node_id":10847,"weight":1.8278},
{"Node_id":10848,"weight":2.5867},
{"Node_id":10849,"weight":3.2992},
{"Node_id":10850,"weight":2.5137},
{"Node_id":10851,"weight":1.5701},
{"Node_id":10852,"weight":4.4192},
{"Node_id":10853,"weight":1.4287},
{"Node_id":10854,"weight":2.5836},
{"Node_id":10855,"weight":1.4422},
{"Node_id":10856,"weight":2.4712},
{"Node_id":10857,"weight":3.6154},
{"Node_id":10858,"weight":1.4749},
{"Node_id":10859,"weight":2.1546},
{"Node_id":10860,"weight":2.727},
{"Node_id":10861,"weight":2.8751},
{"Node_id":10862,"weight":3.9604},
{"Node_id":10863,"weight":2.2705},
{"Node_id":10864,"weight":3.6352},
{"Node_id":10865,"weight":1.7663},
{"Node_id":10866,"weight":1.7082},
{"Node_id":10867,"weight":1.8515},
{"Node_id":10868,"weight":3.4865},
{"Node_id":10869,"weight":1.6027},
{"Node_id":10870,"weight":3.4865},
{"Node_id":10871,"weight":1.9027},
{"Node_id":10872,"weight":3.0621},
{"Node_id":10873,"weight":1.6092},
{"Node_id":10874,"weight":2.0897},
{"Node_id":10875,"weight":1.8128},
{"Node_id":10876,"weight":1.4461},
{"Node_id":10877,"weight":2.0446},
{"Node_id":10878,"weight":2.5821},
{"Node_id":10879,"weight":3.4761},
{"Node_id":10880,"weight":1.5062},
{"Node_id":10881,"weight":2.0989},
{"Node_id":10882,"weight":2.3788},
{"Node_id":10883,"weight":1.5485},
{"Node_id":10884,"weight":4.4108},
{"Node_id":10885,"weight":1.6951},
{"Node_id":10886,"weight":1.827},
{"Node_id":10887,"weight":1.4384},
{"Node_id":10888,"weight":2.7551},
{"Node_id":10889,"weight":1.7409},
{"Node_id":10890,"weight":2.1333},
{"Node_id":10891,"weight":1.9634},
{"Node_id":10892,"weight":1.8111},
{"Node_id":10893,"weight":2.7604},
{"Node_id":10894,"weight":1.5779},
{"Node_id":10895,"weight":4.1383},
{"Node_id":10896,"weight":1.4565},
{"Node_id":10897,"weight":3.6233},
{"Node_id":10898,"weight":1.7599},
{"Node_id":10899,"weight":2.5806},
{"Node_id":10900,"weight":1.4096},
{"Node_id":10901,"weight":3.9072},
{"Node_id":10902,"weight":1.8211},
{"Node_id":10903,"weight":2.5312},
{"Node_id":10904,"weight":1.8037},
{"Node_id":10905,"weight":2.9657},
{"Node_id":10906,"weight":2.6514},
{"Node_id":10907,"weight":1.4229},
{"Node_id":10908,"weight":2.7132},
{"Node_id":10909,"weight":1.8404},
{"Node_id":10910,"weight":1.9332},
{"Node_id":10911,"weight":2.5867},
{"Node_id":10912,"weight":1.6694},
{"Node_id":10913,"weight":4.119},
{"Node_id":10914,"weight":2.4937},
{"Node_id":10915,"weight":3.9992},
{"Node_id":10916,"weight":1.9268},
{"Node_id":10917,"weight":1.4351},
{"Node_id":10918,"weight":1.5361},
{"Node_id":10919,"weight":1.6501},
{"Node_id":10920,"weight":1.9001},
{"Node_id":10921,"weight":3.7401},
{"Node_id":10922,"weight":1.4293},
{"Node_id":10923,"weight":2.1961},
{"Node_id":10924,"weight":2.7876},
{"Node_id":10927,"weight":1.3995},
{"Node_id":10931,"weight":2.5283},
{"Node_id":10936,"weight":1.8161},
{"Node_id":10942,"weight":0.1294},
{"Node_id":10943,"weight":1.2721},
{"Node_id":10944,"weight":3.2676},
{"Node_id":10946,"weight":2.8691},
{"Node_id":10949,"weight":1.4204},
{"Node_id":10950,"weight":0.4561},
{"Node_id":10951,"weight":2.7046},
{"Node_id":10954,"weight":1.62},
{"Node_id":10956,"weight":0.6955},
{"Node_id":10957,"weight":2.5166},
{"Node_id":10958,"weight":5.4448},
{"Node_id":10960,"weight":0.6239},
{"Node_id":10964,"weight":1.9569},
{"Node_id":10965,"weight":1.6822},
{"Node_id":10972,"weight":2.0755},
{"Node_id":10974,"weight":0.4084},
{"Node_id":10975,"weight":2.3185},
{"Node_id":10986,"weight":1.2448},
{"Node_id":10990,"weight":0.7598},
{"Node_id":10993,"weight":1.827},
{"Node_id":11016,"weight":4.0878},
{"Node_id":11019,"weight":2.1741},
{"Node_id":11020,"weight":0.6803},
{"Node_id":11023,"weight":3.7011},
{"Node_id":11029,"weight":4.8588},
{"Node_id":11033,"weight":1.7089},
{"Node_id":11035,"weight":0.2302},
{"Node_id":11036,"weight":3.429},
{"Node_id":11039,"weight":0.3437},
{"Node_id":11040,"weight":0.2294},
{"Node_id":11046,"weight":0.3602},
{"Node_id":11048,"weight":1.6128},
{"Node_id":11050,"weight":4.8988},
{"Node_id":11051,"weight":1.7535},
{"Node_id":11052,"weight":0.6678},
{"Node_id":11053,"weight":1.0465},
{"Node_id":11074,"weight":1.1859},
{"Node_id":11080,"weight":0.3174},
{"Node_id":11084,"weight":0.9346},
{"Node_id":11085,"weight":2.5195},
{"Node_id":11086,"weight":1.0997},
{"Node_id":11088,"weight":0.3293},
{"Node_id":11093,"weight":0.3756},
{"Node_id":11095,"weight":0.5849},
{"Node_id":11097,"weight":0.0532},
{"Node_id":11103,"weight":0.2408},
{"Node_id":11105,"weight":0.9982},
{"Node_id":11107,"weight":0.2884},
{"Node_id":11111,"weight":0.9714},
{"Node_id":11114,"weight":0.2745},
{"Node_id":11116,"weight":0.1141},
{"Node_id":11118,"weight":0.4879},
{"Node_id":11121,"weight":0.1322},
{"Node_id":11244,"weight":1.8379},
{"Node_id":12024,"weight":1.8904},
{"Node_id":12028,"weight":0.9494},
{"Node_id":12029,"weight":1.39},
{"Node_id":12030,"weight":2.9896},
{"Node_id":12032,"weight":4.3694},
{"Node_id":12033,"weight":1.8878},
{"Node_id":12034,"weight":1.033},
{"Node_id":12035,"weight":2.1333},
{"Node_id":12036,"weight":0.6682},
{"Node_id":12042,"weight":0.7773},
{"Node_id":12045,"weight":1.3081},
{"Node_id":12050,"weight":0.1378},
{"Node_id":12052,"weight":2.4356},
{"Node_id":12056,"weight":1.2727},
{"Node_id":12058,"weight":0.8217},
{"Node_id":12059,"weight":1.139},
{"Node_id":12061,"weight":0.2152},
{"Node_id":12063,"weight":1.2791},
{"Node_id":12065,"weight":0.1987},
{"Node_id":12068,"weight":5.4927},
{"Node_id":12069,"weight":2.7586},
{"Node_id":12070,"weight":0.1463},
{"Node_id":12074,"weight":1.1521},
{"Node_id":12076,"weight":2.6547},
{"Node_id":12088,"weight":3.6677},
{"Node_id":12096,"weight":1.2208},
{"Node_id":12097,"weight":1.901},
{"Node_id":12103,"weight":0.7713},
{"Node_id":12104,"weight":0.3789},
{"Node_id":12110,"weight":1.5561},
{"Node_id":12114,"weight":0.7662},
{"Node_id":12155,"weight":1.0906},
{"Node_id":12156,"weight":0.4583},
{"Node_id":12158,"weight":0.6745},
{"Node_id":12161,"weight":1.1703},
{"Node_id":12162,"weight":0.2189},
{"Node_id":12163,"weight":0.4243},
{"Node_id":12167,"weight":1.3004},
{"Node_id":12170,"weight":0.054},
{"Node_id":12172,"weight":1.7504},
{"Node_id":12173,"weight":1.6501},
{"Node_id":12176,"weight":0.5147},
{"Node_id":12178,"weight":0.795},
{"Node_id":12182,"weight":2.6162},
{"Node_id":12184,"weight":1.5265},
{"Node_id":12187,"weight":1.5008},
{"Node_id":12210,"weight":1.0299},
{"Node_id":12211,"weight":2.508},
{"Node_id":12214,"weight":1.014},
{"Node_id":12215,"weight":2.1418},
{"Node_id":12217,"weight":3.2619},
{"Node_id":12219,"weight":0.7286},
{"Node_id":12228,"weight":1.8103},
{"Node_id":12235,"weight":2.1676},
{"Node_id":12237,"weight":1.5645},
{"Node_id":12239,"weight":1.5652},
{"Node_id":12477,"weight":1.6114},
{"Node_id":12478,"weight":2.0125},
{"Node_id":12550,"weight":0.5941},
{"Node_id":12551,"weight":3.1247},
{"Node_id":12553,"weight":1.7744},
{"Node_id":12555,"weight":1.7307},
{"Node_id":12558,"weight":0.4912},
{"Node_id":12560,"weight":1.0222},
{"Node_id":12561,"weight":0.5117},
{"Node_id":12566,"weight":0.8789},
{"Node_id":12568,"weight":0.8886},
{"Node_id":12572,"weight":4.0396},
{"Node_id":12573,"weight":1.4064},
{"Node_id":12576,"weight":4.833},
{"Node_id":12577,"weight":0.7291},
{"Node_id":12582,"weight":1.6013},
{"Node_id":12589,"weight":3.4624},
{"Node_id":12599,"weight":1.9089},
{"Node_id":12601,"weight":0.1342},
{"Node_id":12603,"weight":3.727},
{"Node_id":12605,"weight":3.577},
{"Node_id":12610,"weight":2.2646},
{"Node_id":12611,"weight":0.6517},
{"Node_id":12613,"weight":2.9896},
{"Node_id":12615,"weight":0.3232},
{"Node_id":12616,"weight":2.0048},
{"Node_id":12617,"weight":2.1851},
{"Node_id":12618,"weight":0.3146},
{"Node_id":12620,"weight":0.911},
{"Node_id":12625,"weight":1.0658},
{"Node_id":12637,"weight":0.2615},
{"Node_id":12643,"weight":3.0458},
{"Node_id":12645,"weight":0.1595},
{"Node_id":12655,"weight":2.1578},
{"Node_id":12656,"weight":1.5942},
{"Node_id":12657,"weight":0.5989},
{"Node_id":12659,"weight":1.5136},
{"Node_id":12661,"weight":0.5741},
{"Node_id":12663,"weight":1.5423},
{"Node_id":12665,"weight":0.4176},
{"Node_id":12697,"weight":1.0038},
{"Node_id":12699,"weight":0.403},
{"Node_id":12702,"weight":0.9139},
{"Node_id":12716,"weight":3.055},
{"Node_id":12719,"weight":1.295},
{"Node_id":12720,"weight":0.2007},
{"Node_id":12721,"weight":2.7339},
{"Node_id":12723,"weight":0.3826},
{"Node_id":12727,"weight":0.4629},
{"Node_id":12734,"weight":1.0423},
{"Node_id":12745,"weight":1.4908},
{"Node_id":12747,"weight":2.0775},
{"Node_id":12748,"weight":1.789},
{"Node_id":12749,"weight":1.1072},
{"Node_id":12750,"weight":2.3309},
{"Node_id":12751,"weight":0.9159},
{"Node_id":12752,"weight":0.8132},
{"Node_id":12755,"weight":0.8001},
{"Node_id":12759,"weight":1.2809},
{"Node_id":12760,"weight":2.0029},
{"Node_id":12768,"weight":0.9464},
{"Node_id":12769,"weight":0.0748},
{"Node_id":12771,"weight":1.2529},
{"Node_id":12773,"weight":0.3805},
{"Node_id":12775,"weight":0.0748},
{"Node_id":12777,"weight":3.0881},
{"Node_id":12779,"weight":0.4184},
{"Node_id":12783,"weight":3.2314},
{"Node_id":12785,"weight":1.172},
{"Node_id":12790,"weight":0.5473},
{"Node_id":12793,"weight":0.2088},
{"Node_id":12795,"weight":2.401},
{"Node_id":12797,"weight":0.6081},
{"Node_id":12798,"weight":2.1665},
{"Node_id":12802,"weight":0.7213},
{"Node_id":12804,"weight":5.6515},
{"Node_id":12807,"weight":1.631},
{"Node_id":12828,"weight":0.9455},
{"Node_id":12833,"weight":0.3289},
{"Node_id":12834,"weight":1.0094},
{"Node_id":12836,"weight":0.3611},
{"Node_id":12837,"weight":1.2345},
{"Node_id":12839,"weight":4.5751},
{"Node_id":12883,"weight":1.2832},
{"Node_id":12885,"weight":1.2962},
{"Node_id":12887,"weight":0.7556},
{"Node_id":12890,"weight":0.1523},
{"Node_id":12893,"weight":0.7773},
{"Node_id":12894,"weight":0.5262},
{"Node_id":12895,"weight":1.7105},
{"Node_id":12897,"weight":1.3334},
{"Node_id":12899,"weight":2.5297},
{"Node_id":12900,"weight":3.3138},
{"Node_id":12903,"weight":0.6857},
{"Node_id":12905,"weight":0.1302},
{"Node_id":12906,"weight":0.0492},
{"Node_id":12908,"weight":2.0515},
{"Node_id":12911,"weight":0.4811},
{"Node_id":12912,"weight":2.0645},
{"Node_id":12913,"weight":0.0324},
{"Node_id":12914,"weight":2.6385},
{"Node_id":12918,"weight":0.5159},
{"Node_id":12919,"weight":0.3917},
{"Node_id":12920,"weight":1.6642},
{"Node_id":12922,"weight":0.4819},
{"Node_id":12929,"weight":0.5066},
{"Node_id":12931,"weight":0.8383},
{"Node_id":12933,"weight":7.418},
{"Node_id":12937,"weight":1.0284},
{"Node_id":12945,"weight":2.1503},
{"Node_id":12946,"weight":1.2174},
{"Node_id":12950,"weight":3.2178},
{"Node_id":12952,"weight":0.4301},
{"Node_id":12953,"weight":1.3153},
{"Node_id":12958,"weight":2.3788},
{"Node_id":12960,"weight":1.0099},
{"Node_id":12971,"weight":0.3772},
{"Node_id":12975,"weight":0.2908},
{"Node_id":13076,"weight":0.8449},
{"Node_id":13082,"weight":1.8128},
{"Node_id":13084,"weight":0.3314},
{"Node_id":13087,"weight":3.0162},
{"Node_id":13207,"weight":0.2128},
{"Node_id":13209,"weight":1.1488},
{"Node_id":13211,"weight":2.1397},
{"Node_id":13213,"weight":0.6177},
{"Node_id":13215,"weight":0.7446},
{"Node_id":13217,"weight":3.0207},
{"Node_id":13219,"weight":2.0806},
{"Node_id":13221,"weight":1.7591},
{"Node_id":13223,"weight":0.1523},
{"Node_id":13224,"weight":3.5884},
{"Node_id":13225,"weight":3.6885},
{"Node_id":13229,"weight":0.9609},
{"Node_id":13231,"weight":1.7051},
{"Node_id":13234,"weight":0.4595},
{"Node_id":13239,"weight":4.7474},
{"Node_id":13241,"weight":1.793},
{"Node_id":13246,"weight":0.4934},
{"Node_id":13247,"weight":0.4243},
{"Node_id":13249,"weight":3.3621},
{"Node_id":13390,"weight":6.6441},
{"Node_id":20143,"weight":1.6142},
{"Node_id":20145,"weight":3.0006},
{"Node_id":20157,"weight":3.4225},
{"Node_id":20163,"weight":1.8704},
{"Node_id":20165,"weight":1.452},
{"Node_id":20166,"weight":3.6677},
{"Node_id":20168,"weight":1.6405},
{"Node_id":20172,"weight":1.6627},
{"Node_id":20173,"weight":3.1173},
{"Node_id":20177,"weight":2.9786},
{"Node_id":20179,"weight":1.7151},
{"Node_id":20183,"weight":1.7448},
{"Node_id":20224,"weight":1.4822},
{"Node_id":20225,"weight":3.7852},
{"Node_id":20227,"weight":2.1218},
{"Node_id":20230,"weight":5.9496},
{"Node_id":20231,"weight":2.1961},
{"Node_id":20232,"weight":1.86},
{"Node_id":20236,"weight":4.1711},
{"Node_id":20239,"weight":2.4629},
{"Node_id":20241,"weight":4.6259},
{"Node_id":20242,"weight":4.5555},
{"Node_id":20245,"weight":1.8921},
{"Node_id":20247,"weight":1.4261},
{"Node_id":20251,"weight":1.4815},
{"Node_id":20253,"weight":1.5451},
{"Node_id":20256,"weight":2.579},
{"Node_id":20259,"weight":1.5361},
{"Node_id":20260,"weight":1.8371},
{"Node_id":20262,"weight":2.5654},
{"Node_id":20279,"weight":2.2494},
{"Node_id":20280,"weight":2.5669},
{"Node_id":20282,"weight":2.8439},
{"Node_id":20283,"weight":2.3371},
{"Node_id":20284,"weight":1.3913},
{"Node_id":20286,"weight":2.7712},
{"Node_id":20288,"weight":1.9386},
{"Node_id":20297,"weight":1.4364},
{"Node_id":20304,"weight":1.4855},
{"Node_id":20306,"weight":1.421},
{"Node_id":20308,"weight":2.6434},
{"Node_id":20309,"weight":1.6777},
{"Node_id":20313,"weight":2.4168},
{"Node_id":20546,"weight":5.4217},
{"Node_id":20547,"weight":5.5429},
{"Node_id":20551,"weight":3.3377},
{"Node_id":20619,"weight":5.045},
{"Node_id":20620,"weight":3.8766},
{"Node_id":20622,"weight":1.7354},
{"Node_id":20624,"weight":1.7198},
{"Node_id":20627,"weight":3.6076},
{"Node_id":20629,"weight":3.6273},
{"Node_id":20630,"weight":3.7401},
{"Node_id":20635,"weight":1.6419},
{"Node_id":20637,"weight":2.0212},
{"Node_id":20639,"weight":3.8469}]