[{"Inferred_node_ids":[3224],"Node_id":13055},
{"Inferred_node_ids":[3253],"Node_id":13056},
{"Inferred_node_ids":[3245],"Node_id":13057},
{"Inferred_node_ids":[3254],"Node_id":13058},
{"Inferred_node_ids":[3238],"Node_id":13059},
{"Inferred_node_ids":[3242],"Node_id":13060},
{"Inferred_node_ids":[3230],"Node_id":13061},
{"Inferred_node_ids":[3246],"Node_id":13906},
{"Inferred_node_ids":[3250],"Node_id":13907},
{"Inferred_node_ids":[3218],"Node_id":13908},
{"Inferred_node_ids":[3229],"Node_id":13909},
{"Inferred_node_ids":[3225],"Node_id":13910},
{"Inferred_node_ids":[3233],"Node_id":13911},
{"Inferred_node_ids":[3241],"Node_id":14081},
{"Inferred_node_ids":[3247],"Node_id":14082},
{"Inferred_node_ids":[3235],"Node_id":14083},
{"Inferred_node_ids":[3251],"Node_id":14084},
{"Inferred_node_ids":[3239],"Node_id":14086},
{"Inferred_node_ids":[3236],"Node_id":14087},
{"Inferred_node_ids":[3223],"Node_id":14088},
{"Inferred_node_ids":[3243],"Node_id":14089},
{"Inferred_node_ids":[3231],"Node_id":14090},
{"Inferred_node_ids":[3228],"Node_id":14091},
{"Inferred_node_ids":[3240],"Node_id":14092},
{"Inferred_node_ids":[3237],"Node_id":14094},
{"Inferred_node_ids":[3227],"Node_id":14095},
{"Inferred_node_ids":[3244],"Node_id":14096},
{"Inferred_node_ids":[3232],"Node_id":14097},
{"Inferred_node_ids":[3248],"Node_id":14098},
{"Inferred_node_ids":[3219],"Node_id":14099},
{"Inferred_node_ids":[3226],"Node_id":14100},
{"Inferred_node_ids":[3234],"Node_id":16531},
{"Inferred_node_ids":[3222],"Node_id":16532},
{"Inferred_node_ids":[3220],"Node_id":16533},
{"Inferred_node_ids":[3221],"Node_id":16534},
{"Inferred_node_ids":[3252],"Node_id":16535},
{"Inferred_node_ids":[3249],"Node_id":16536}]