[{"Node_id":14060,"weight":0.19214},
{"Node_id":14062,"weight":0.15992},
{"Node_id":14064,"weight":0.2184},
{"Node_id":14065,"weight":0.3483},
{"Node_id":14066,"weight":0.22799},
{"Node_id":14068,"weight":0.19802001},
{"Node_id":14069,"weight":0.25051},
{"Node_id":14071,"weight":0.23015001},
{"Node_id":14072,"weight":0.22634001},
{"Node_id":14073,"weight":0.24994},
{"Node_id":14076,"weight":0.16493},
{"Node_id":14078,"weight":0.20367},
{"Node_id":14079,"weight":0.14319},
{"Node_id":14080,"weight":0.38918},
{"Node_id":14082,"weight":0.18825},
{"Node_id":14086,"weight":0.23210001},
{"Node_id":14087,"weight":0.16936001},
{"Node_id":14088,"weight":0.41254002},
{"Node_id":14089,"weight":0.21396999},
{"Node_id":14090,"weight":0.24195},
{"Node_id":14091,"weight":0.14063999},
{"Node_id":14092,"weight":0.18202999},
{"Node_id":14094,"weight":0.2184},
{"Node_id":14095,"weight":0.17036},
{"Node_id":14100,"weight":0.27912},
{"Node_id":14104,"weight":0.37945002},
{"Node_id":14106,"weight":0.15736},
{"Node_id":14107,"weight":0.19597},
{"Node_id":14109,"weight":0.14474},
{"Node_id":14111,"weight":0.20241001},
{"Node_id":14115,"weight":0.14371},
{"Node_id":14116,"weight":0.24866},
{"Node_id":14119,"weight":0.32124},
{"Node_id":14120,"weight":0.25123},
{"Node_id":14123,"weight":0.1744},
{"Node_id":14127,"weight":0.18643},
{"Node_id":14129,"weight":0.17036},
{"Node_id":14130,"weight":0.25852},
{"Node_id":14131,"weight":0.19001},
{"Node_id":14133,"weight":0.39712998},
{"Node_id":14135,"weight":0.20211999},
{"Node_id":14136,"weight":0.13976},
{"Node_id":14137,"weight":0.18202999},
{"Node_id":14138,"weight":0.15492001},
{"Node_id":14139,"weight":0.20456},
{"Node_id":14141,"weight":0.20594999},
{"Node_id":14146,"weight":0.34289998},
{"Node_id":14148,"weight":0.20009999},
{"Node_id":14150,"weight":0.14539},
{"Node_id":14151,"weight":0.42189997},
{"Node_id":14152,"weight":0.30667},
{"Node_id":14169,"weight":0.15638},
{"Node_id":14173,"weight":0.24102001},
{"Node_id":14174,"weight":0.28574},
{"Node_id":14176,"weight":0.16034},
{"Node_id":14179,"weight":0.18421},
{"Node_id":14180,"weight":0.19532},
{"Node_id":14181,"weight":0.21928},
{"Node_id":14182,"weight":0.16493},
{"Node_id":14183,"weight":0.19395},
{"Node_id":14184,"weight":0.23982999},
{"Node_id":14189,"weight":0.23271},
{"Node_id":14193,"weight":0.27115},
{"Node_id":14195,"weight":0.42766},
{"Node_id":14197,"weight":0.32397002},
{"Node_id":14199,"weight":0.52159},
{"Node_id":14201,"weight":0.27857},
{"Node_id":14203,"weight":0.15665999},
{"Node_id":14208,"weight":0.21217999},
{"Node_id":14210,"weight":0.3596},
{"Node_id":14213,"weight":0.2887},
{"Node_id":14317,"weight":0.33227},
{"Node_id":14841,"weight":0.20887001},
{"Node_id":15027,"weight":0.29635},
{"Node_id":15028,"weight":0.39549},
{"Node_id":15029,"weight":0.14474},
{"Node_id":15031,"weight":0.23996},
{"Node_id":15032,"weight":0.17433},
{"Node_id":15033,"weight":0.21807},
{"Node_id":15035,"weight":0.13918999},
{"Node_id":15041,"weight":0.20938},
{"Node_id":15044,"weight":0.23433001},
{"Node_id":15047,"weight":0.25504},
{"Node_id":15050,"weight":0.23648},
{"Node_id":15052,"weight":0.19755},
{"Node_id":15053,"weight":0.14868},
{"Node_id":15054,"weight":0.14480999},
{"Node_id":15055,"weight":0.14384},
{"Node_id":15056,"weight":0.52933},
{"Node_id":15057,"weight":0.14313},
{"Node_id":15059,"weight":0.19305},
{"Node_id":15061,"weight":0.25195},
{"Node_id":15063,"weight":0.32151002},
{"Node_id":15064,"weight":0.23271},
{"Node_id":15066,"weight":0.46469003},
{"Node_id":15067,"weight":0.22943},
{"Node_id":15072,"weight":0.16142},
{"Node_id":15074,"weight":0.30006},
{"Node_id":15079,"weight":0.20918},
{"Node_id":15082,"weight":0.34225},
{"Node_id":15088,"weight":0.18704},
{"Node_id":15090,"weight":0.1452},
{"Node_id":15091,"weight":0.36677},
{"Node_id":15093,"weight":0.16405},
{"Node_id":15094,"weight":0.3511},
{"Node_id":15095,"weight":0.16627},
{"Node_id":15096,"weight":0.31173},
{"Node_id":15097,"weight":0.22751999},
{"Node_id":15098,"weight":0.16049},
{"Node_id":15100,"weight":0.19496},
{"Node_id":15101,"weight":0.17151001},
{"Node_id":15102,"weight":0.18037},
{"Node_id":15103,"weight":0.17447999},
{"Node_id":15143,"weight":0.21396999},
{"Node_id":15144,"weight":0.14822},
{"Node_id":15145,"weight":0.37852},
{"Node_id":15147,"weight":0.21217999},
{"Node_id":15150,"weight":0.59496003},
{"Node_id":15151,"weight":0.21961},
{"Node_id":15153,"weight":0.41711003},
{"Node_id":15154,"weight":0.24142},
{"Node_id":15156,"weight":0.46258998},
{"Node_id":15157,"weight":0.45555001},
{"Node_id":15159,"weight":0.14862},
{"Node_id":15160,"weight":0.18921},
{"Node_id":15167,"weight":0.15450999},
{"Node_id":15173,"weight":0.15361},
{"Node_id":15174,"weight":0.18371001},
{"Node_id":15175,"weight":0.34591},
{"Node_id":15176,"weight":0.25654},
{"Node_id":15193,"weight":0.22493999},
{"Node_id":15194,"weight":0.25669},
{"Node_id":15196,"weight":0.28439},
{"Node_id":15197,"weight":0.23371},
{"Node_id":15198,"weight":0.13913},
{"Node_id":15200,"weight":0.27712},
{"Node_id":15202,"weight":0.19386},
{"Node_id":15211,"weight":0.14364001},
{"Node_id":15218,"weight":0.14855},
{"Node_id":15220,"weight":0.1421},
{"Node_id":15222,"weight":0.26433998},
{"Node_id":15223,"weight":0.16777},
{"Node_id":15225,"weight":0.17082},
{"Node_id":15226,"weight":0.24168},
{"Node_id":15459,"weight":0.54217},
{"Node_id":15460,"weight":0.55429},
{"Node_id":15464,"weight":0.33376998},
{"Node_id":15533,"weight":0.17354},
{"Node_id":15535,"weight":0.17198},
{"Node_id":15538,"weight":0.36076},
{"Node_id":15540,"weight":0.36273},
{"Node_id":15541,"weight":0.37401},
{"Node_id":15542,"weight":0.20337999},
{"Node_id":15544,"weight":0.36718},
{"Node_id":15546,"weight":0.16419},
{"Node_id":15548,"weight":0.20211999},
{"Node_id":15549,"weight":0.33808},
{"Node_id":15550,"weight":0.38469},
{"Node_id":15552,"weight":0.14742},
{"Node_id":15553,"weight":0.20574999},
{"Node_id":15554,"weight":0.17921999},
{"Node_id":15559,"weight":0.54927003},
{"Node_id":15562,"weight":0.37446},
{"Node_id":15564,"weight":0.35075},
{"Node_id":15565,"weight":0.17472},
{"Node_id":15568,"weight":0.25518999},
{"Node_id":15570,"weight":0.38371998},
{"Node_id":15571,"weight":0.20615001},
{"Node_id":15572,"weight":0.20785001},
{"Node_id":15573,"weight":0.21654001},
{"Node_id":15575,"weight":0.1812},
{"Node_id":15577,"weight":0.17567},
{"Node_id":15578,"weight":0.21861999},
{"Node_id":15579,"weight":0.21905999},
{"Node_id":15581,"weight":0.29465002},
{"Node_id":15583,"weight":0.36431998},
{"Node_id":15584,"weight":0.51441},
{"Node_id":15586,"weight":0.30978},
{"Node_id":15587,"weight":0.38132},
{"Node_id":15589,"weight":0.2401},
{"Node_id":15591,"weight":0.1515},
{"Node_id":15592,"weight":0.29072002},
{"Node_id":15593,"weight":0.18575},
{"Node_id":15594,"weight":0.30644},
{"Node_id":15596,"weight":0.23039},
{"Node_id":15600,"weight":0.20038},
{"Node_id":15601,"weight":0.20250002},
{"Node_id":15613,"weight":0.39658},
{"Node_id":15616,"weight":0.28135},
{"Node_id":15617,"weight":0.28381},
{"Node_id":15619,"weight":0.20337999},
{"Node_id":15621,"weight":0.19323},
{"Node_id":15624,"weight":0.23015001},
{"Node_id":15628,"weight":0.33652002},
{"Node_id":15629,"weight":0.26336998},
{"Node_id":15630,"weight":0.15484999},
{"Node_id":15631,"weight":0.25297},
{"Node_id":15633,"weight":0.17662999},
{"Node_id":15635,"weight":0.14422},
{"Node_id":15636,"weight":0.15885},
{"Node_id":15637,"weight":0.15729001},
{"Node_id":15639,"weight":0.27409},
{"Node_id":15670,"weight":0.28711},
{"Node_id":15672,"weight":0.15659},
{"Node_id":15673,"weight":0.14782},
{"Node_id":15675,"weight":0.24796},
{"Node_id":15677,"weight":0.54927003},
{"Node_id":15679,"weight":0.14862},
{"Node_id":15682,"weight":0.21621999},
{"Node_id":15683,"weight":0.18253},
{"Node_id":15684,"weight":0.21928},
{"Node_id":15686,"weight":0.1656},
{"Node_id":15690,"weight":0.16027},
{"Node_id":15692,"weight":0.18609},
{"Node_id":15697,"weight":0.26928002},
{"Node_id":15698,"weight":0.33903},
{"Node_id":15699,"weight":0.22943},
{"Node_id":15704,"weight":0.26147002},
{"Node_id":15708,"weight":0.41513},
{"Node_id":15710,"weight":0.15197},
{"Node_id":15711,"weight":0.34356},
{"Node_id":15712,"weight":0.44538003},
{"Node_id":15713,"weight":0.32507},
{"Node_id":15714,"weight":0.14774999},
{"Node_id":15715,"weight":0.36595},
{"Node_id":15718,"weight":0.18354},
{"Node_id":15719,"weight":0.27857},
{"Node_id":15722,"weight":0.18643},
{"Node_id":15723,"weight":0.25882},
{"Node_id":15724,"weight":0.21774001},
{"Node_id":15725,"weight":0.40049},
{"Node_id":15727,"weight":0.26466},
{"Node_id":15729,"weight":0.33078998},
{"Node_id":15730,"weight":0.3562},
{"Node_id":15732,"weight":0.19915},
{"Node_id":15734,"weight":0.26022},
{"Node_id":15736,"weight":0.22716},
{"Node_id":15738,"weight":0.17543},
{"Node_id":15739,"weight":0.33468002},
{"Node_id":15740,"weight":0.19098},
{"Node_id":15742,"weight":0.24519},
{"Node_id":15744,"weight":0.26433998},
{"Node_id":15746,"weight":0.18379},
{"Node_id":15747,"weight":0.17711},
{"Node_id":15749,"weight":0.15484999},
{"Node_id":15751,"weight":0.31222},
{"Node_id":15752,"weight":0.21752},
{"Node_id":15753,"weight":0.26321},
{"Node_id":15754,"weight":0.27183002},
{"Node_id":15756,"weight":0.31026},
{"Node_id":15760,"weight":0.22576001},
{"Node_id":15761,"weight":0.31625},
{"Node_id":15762,"weight":0.23814002},
{"Node_id":15764,"weight":0.17988},
{"Node_id":15765,"weight":0.59117997},
{"Node_id":15781,"weight":0.23827},
{"Node_id":15782,"weight":0.21514001},
{"Node_id":15786,"weight":0.26162},
{"Node_id":15787,"weight":0.15899},
{"Node_id":15788,"weight":0.14941},
{"Node_id":15790,"weight":0.29984},
{"Node_id":15791,"weight":0.22084},
{"Node_id":15792,"weight":0.26401},
{"Node_id":15793,"weight":0.3105},
{"Node_id":15794,"weight":0.21145001},
{"Node_id":15820,"weight":0.17105},
{"Node_id":15821,"weight":0.21238999},
{"Node_id":15822,"weight":0.18834},
{"Node_id":15823,"weight":0.27115},
{"Node_id":15825,"weight":0.16383},
{"Node_id":15827,"weight":0.36392},
{"Node_id":15830,"weight":0.17089},
{"Node_id":15833,"weight":0.33871},
{"Node_id":15834,"weight":0.29277},
{"Node_id":15835,"weight":0.45653},
{"Node_id":15839,"weight":0.15779},
{"Node_id":15840,"weight":0.38085002},
{"Node_id":15841,"weight":0.16186},
{"Node_id":15843,"weight":0.16179},
{"Node_id":15845,"weight":0.24588001},
{"Node_id":15846,"weight":0.16477999},
{"Node_id":15848,"weight":0.2342},
{"Node_id":15851,"weight":0.22681001},
{"Node_id":15853,"weight":0.27586},
{"Node_id":15855,"weight":0.33683},
{"Node_id":15858,"weight":0.18261},
{"Node_id":15859,"weight":0.29593},
{"Node_id":15860,"weight":0.20565},
{"Node_id":15862,"weight":0.14120999},
{"Node_id":15863,"weight":0.22061},
{"Node_id":15864,"weight":0.17136},
{"Node_id":15866,"weight":0.17182},
{"Node_id":15867,"weight":0.16486},
{"Node_id":15868,"weight":0.35435},
{"Node_id":15873,"weight":0.26242},
{"Node_id":15875,"weight":0.15402},
{"Node_id":15876,"weight":0.32591},
{"Node_id":15877,"weight":0.16754},
{"Node_id":15878,"weight":0.15238},
{"Node_id":15882,"weight":0.14014},
{"Node_id":15883,"weight":0.17417},
{"Node_id":15884,"weight":0.23699},
{"Node_id":15885,"weight":0.20029},
{"Node_id":15886,"weight":0.14962},
{"Node_id":15890,"weight":0.28633},
{"Node_id":15894,"weight":0.40163},
{"Node_id":15896,"weight":0.17051001},
{"Node_id":15898,"weight":0.18913},
{"Node_id":15899,"weight":0.16085},
{"Node_id":15900,"weight":0.15999},
{"Node_id":15903,"weight":0.30117},
{"Node_id":15906,"weight":0.14396},
{"Node_id":15907,"weight":0.24437001},
{"Node_id":15910,"weight":0.18379},
{"Node_id":15911,"weight":0.30786},
{"Node_id":15915,"weight":0.24965999},
{"Node_id":15917,"weight":0.3562},
{"Node_id":15918,"weight":0.49548},
{"Node_id":15920,"weight":0.21873},
{"Node_id":15921,"weight":0.14572},
{"Node_id":16030,"weight":0.17988},
{"Node_id":16032,"weight":0.14802},
{"Node_id":16034,"weight":0.40633997},
{"Node_id":16036,"weight":0.33347002},
{"Node_id":16038,"weight":0.33777002},
{"Node_id":16040,"weight":0.14177999},
{"Node_id":16042,"weight":0.23787999},
{"Node_id":16044,"weight":0.16664},
{"Node_id":16046,"weight":0.19143},
{"Node_id":16047,"weight":0.16523},
{"Node_id":16048,"weight":0.16538},
{"Node_id":16052,"weight":0.23584001},
{"Node_id":16053,"weight":0.21785},
{"Node_id":16054,"weight":0.25224},
{"Node_id":16055,"weight":0.24600999},
{"Node_id":16057,"weight":0.18834},
{"Node_id":16062,"weight":0.16627},
{"Node_id":16064,"weight":0.20605},
{"Node_id":16070,"weight":0.17825},
{"Node_id":16127,"weight":0.1702},
{"Node_id":16211,"weight":0.16186},
{"Node_id":16212,"weight":0.24754},
{"Node_id":16213,"weight":0.18755999},
{"Node_id":16850,"weight":0.17543},
{"Node_id":16851,"weight":0.19746},
{"Node_id":17012,"weight":0.17043},
{"Node_id":17013,"weight":0.16612001},
{"Node_id":17016,"weight":0.22207999},
{"Node_id":17019,"weight":0.24155},
{"Node_id":17020,"weight":0.32017},
{"Node_id":17022,"weight":0.29939002},
{"Node_id":17026,"weight":0.20038},
{"Node_id":17032,"weight":0.17377},
{"Node_id":17033,"weight":0.23321},
{"Node_id":17035,"weight":0.42839998},
{"Node_id":17039,"weight":0.23271},
{"Node_id":17041,"weight":0.20685},
{"Node_id":17045,"weight":0.20357999},
{"Node_id":17050,"weight":0.21610999},
{"Node_id":17056,"weight":0.28191},
{"Node_id":17061,"weight":0.61637},
{"Node_id":17062,"weight":0.19359},
{"Node_id":17063,"weight":0.33287},
{"Node_id":17065,"weight":0.21164998},
{"Node_id":17066,"weight":0.15022},
{"Node_id":17067,"weight":0.25066},
{"Node_id":17075,"weight":0.29549998},
{"Node_id":17147,"weight":0.15949},
{"Node_id":17150,"weight":0.19018},
{"Node_id":17151,"weight":0.15582},
{"Node_id":17152,"weight":0.19477001},
{"Node_id":17153,"weight":0.34094998},
{"Node_id":17154,"weight":0.1798},
{"Node_id":17155,"weight":0.38132},
{"Node_id":17157,"weight":0.81113994},
{"Node_id":17159,"weight":0.65699},
{"Node_id":17160,"weight":0.18506},
{"Node_id":17165,"weight":0.20959},
{"Node_id":17167,"weight":0.22907},
{"Node_id":17169,"weight":0.38371998},
{"Node_id":17171,"weight":0.25775},
{"Node_id":17174,"weight":0.25297},
{"Node_id":17175,"weight":0.19170001},
{"Node_id":17178,"weight":0.22005999},
{"Node_id":17179,"weight":0.22072999},
{"Node_id":17180,"weight":0.17345999},
{"Node_id":17181,"weight":0.17252001},
{"Node_id":17184,"weight":0.19487},
{"Node_id":17186,"weight":0.24221},
{"Node_id":17188,"weight":0.21031001},
{"Node_id":17189,"weight":0.17607},
{"Node_id":17191,"weight":0.23321},
{"Node_id":17197,"weight":0.18843},
{"Node_id":17202,"weight":0.37579},
{"Node_id":17210,"weight":0.26678},
{"Node_id":17212,"weight":0.15245},
{"Node_id":17214,"weight":0.19895999},
{"Node_id":17216,"weight":0.25023},
{"Node_id":17219,"weight":0.15575},
{"Node_id":17220,"weight":0.19634},
{"Node_id":17317,"weight":0.26482},
{"Node_id":17319,"weight":0.22634001},
{"Node_id":17320,"weight":0.1653},
{"Node_id":17321,"weight":0.1397},
{"Node_id":17325,"weight":0.17528},
{"Node_id":17326,"weight":0.153},
{"Node_id":17402,"weight":0.29808},
{"Node_id":17404,"weight":0.1935},
{"Node_id":17410,"weight":0.14848},
{"Node_id":17412,"weight":0.31833},
{"Node_id":17418,"weight":0.27235},
{"Node_id":17423,"weight":0.15652},
{"Node_id":17424,"weight":0.41064},
{"Node_id":17429,"weight":0.21312001},
{"Node_id":17430,"weight":0.15002},
{"Node_id":17431,"weight":0.63182},
{"Node_id":17432,"weight":0.20745},
{"Node_id":17433,"weight":0.14822},
{"Node_id":17434,"weight":0.14848},
{"Node_id":17435,"weight":0.20436001},
{"Node_id":17437,"weight":0.24851999},
{"Node_id":17439,"weight":0.31651002},
{"Node_id":17442,"weight":0.14975},
{"Node_id":17445,"weight":0.25224},
{"Node_id":17450,"weight":0.16906},
{"Node_id":17451,"weight":0.17736},
{"Node_id":17452,"weight":0.19296},
{"Node_id":17453,"weight":0.27857},
{"Node_id":17454,"weight":0.23546},
{"Node_id":17457,"weight":0.24670999},
{"Node_id":17459,"weight":0.1752},
{"Node_id":17460,"weight":0.20038},
{"Node_id":17461,"weight":0.14371},
{"Node_id":17463,"weight":0.14835},
{"Node_id":17464,"weight":0.19962},
{"Node_id":17465,"weight":0.2727},
{"Node_id":17467,"weight":0.23648},
{"Node_id":17468,"weight":0.3596},
{"Node_id":17471,"weight":0.19277},
{"Node_id":17472,"weight":0.23866001},
{"Node_id":17474,"weight":0.14624},
{"Node_id":17475,"weight":0.15484999},
{"Node_id":17477,"weight":0.24588001},
{"Node_id":17479,"weight":0.28652},
{"Node_id":17480,"weight":0.15062},
{"Node_id":17481,"weight":0.14881},
{"Node_id":17483,"weight":0.14921},
{"Node_id":17485,"weight":0.1776},
{"Node_id":17488,"weight":0.16973999},
{"Node_id":17491,"weight":0.2881},
{"Node_id":17493,"weight":0.23234001},
{"Node_id":17495,"weight":0.26563},
{"Node_id":17496,"weight":0.16486},
{"Node_id":17497,"weight":0.19332},
{"Node_id":17498,"weight":0.18523},
{"Node_id":17522,"weight":0.28574},
{"Node_id":17525,"weight":0.21719},
{"Node_id":17526,"weight":0.15035},
{"Node_id":17527,"weight":0.13882},
{"Node_id":17528,"weight":0.22576001},
{"Node_id":17529,"weight":0.33652002},
{"Node_id":17531,"weight":0.17105},
{"Node_id":17533,"weight":0.22551998},
{"Node_id":17534,"weight":0.13988},
{"Node_id":17537,"weight":0.17963001},
{"Node_id":17538,"weight":0.41002002},
{"Node_id":17539,"weight":0.25066},
{"Node_id":17541,"weight":0.2877},
{"Node_id":17544,"weight":0.14565},
{"Node_id":17545,"weight":0.1744},
{"Node_id":17551,"weight":0.41711003},
{"Node_id":17553,"weight":0.22049999},
{"Node_id":17554,"weight":0.31347},
{"Node_id":17556,"weight":0.1752},
{"Node_id":17557,"weight":0.30251998},
{"Node_id":17558,"weight":0.16368},
{"Node_id":17560,"weight":0.20565},
{"Node_id":17562,"weight":0.18135999},
{"Node_id":17563,"weight":0.22242},
{"Node_id":17566,"weight":0.20938},
{"Node_id":17567,"weight":0.20745},
{"Node_id":17569,"weight":0.15786001},
{"Node_id":17571,"weight":0.14663},
{"Node_id":17575,"weight":0.52347004},
{"Node_id":17578,"weight":0.18557},
{"Node_id":17581,"weight":0.2366},
{"Node_id":17583,"weight":0.31859},
{"Node_id":17585,"weight":0.18337},
{"Node_id":17587,"weight":0.2543},
{"Node_id":17590,"weight":0.21774001},
{"Node_id":17591,"weight":0.14795001},
{"Node_id":17592,"weight":0.13944},
{"Node_id":17595,"weight":0.52933},
{"Node_id":17598,"weight":0.15652},
{"Node_id":17601,"weight":0.15029},
{"Node_id":17604,"weight":0.32342},
{"Node_id":17607,"weight":0.22196},
{"Node_id":17609,"weight":0.57105},
{"Node_id":17646,"weight":0.18834},
{"Node_id":17647,"weight":0.16657},
{"Node_id":17650,"weight":0.34323},
{"Node_id":17719,"weight":0.19727},
{"Node_id":17721,"weight":0.30929},
{"Node_id":17722,"weight":0.23608999},
{"Node_id":17725,"weight":0.29896},
{"Node_id":17728,"weight":0.21124001},
{"Node_id":17730,"weight":0.23445001},
{"Node_id":17732,"weight":0.1752},
{"Node_id":17736,"weight":0.24951},
{"Node_id":17739,"weight":0.22599001},
{"Node_id":17740,"weight":0.18531999},
{"Node_id":17742,"weight":0.18379},
{"Node_id":17744,"weight":0.16317001},
{"Node_id":17747,"weight":0.18566},
{"Node_id":17748,"weight":0.18575},
{"Node_id":17749,"weight":0.16013},
{"Node_id":17755,"weight":0.14474},
{"Node_id":17756,"weight":0.30229002},
{"Node_id":17757,"weight":0.29529},
{"Node_id":17759,"weight":0.15218},
{"Node_id":18008,"weight":0.23063},
{"Node_id":18012,"weight":0.41914},
{"Node_id":18014,"weight":0.16302},
{"Node_id":18016,"weight":0.15245},
{"Node_id":18017,"weight":0.50294},
{"Node_id":18020,"weight":0.22907},
{"Node_id":18025,"weight":0.53771},
{"Node_id":18026,"weight":0.23918},
{"Node_id":18027,"weight":0.15326999},
{"Node_id":18177,"weight":0.19606},
{"Node_id":18178,"weight":0.17719},
{"Node_id":18180,"weight":0.24768},
{"Node_id":18192,"weight":0.29808},
{"Node_id":18193,"weight":0.43534002},
{"Node_id":18194,"weight":0.22528999},
{"Node_id":18196,"weight":0.15992},
{"Node_id":18197,"weight":0.16762},
{"Node_id":18199,"weight":0.30389},
{"Node_id":18200,"weight":0.33376998},
{"Node_id":18247,"weight":0.17447999},
{"Node_id":18249,"weight":0.20397},
{"Node_id":18253,"weight":0.15828},
{"Node_id":18256,"weight":0.17881},
{"Node_id":18315,"weight":0.32479998},
{"Node_id":18317,"weight":0.14565},
{"Node_id":18318,"weight":0.21092999},
{"Node_id":18335,"weight":0.29917},
{"Node_id":18336,"weight":0.15779},
{"Node_id":18339,"weight":0.19811},
{"Node_id":18340,"weight":0.14526},
{"Node_id":18341,"weight":0.15771},
{"Node_id":18342,"weight":0.18062},
{"Node_id":18347,"weight":0.21322998},
{"Node_id":18348,"weight":0.14223},
{"Node_id":18349,"weight":0.43857998},
{"Node_id":18353,"weight":0.1513},
{"Node_id":18354,"weight":0.17036},
{"Node_id":18356,"weight":0.44450998},
{"Node_id":18358,"weight":0.22185},
{"Node_id":18359,"weight":0.17535},
{"Node_id":18360,"weight":0.2102},
{"Node_id":18362,"weight":0.18851},
{"Node_id":18363,"weight":0.18379},
{"Node_id":18364,"weight":0.56515},
{"Node_id":18365,"weight":0.18992},
{"Node_id":18367,"weight":0.20125},
{"Node_id":18369,"weight":0.17244},
{"Node_id":18376,"weight":0.16694},
{"Node_id":18378,"weight":0.2889},
{"Node_id":18379,"weight":0.2885},
{"Node_id":18380,"weight":0.15259},
{"Node_id":18381,"weight":0.38567},
{"Node_id":18387,"weight":0.29808},
{"Node_id":18388,"weight":0.29614002},
{"Node_id":18391,"weight":0.17623},
{"Node_id":18392,"weight":0.23710999},
{"Node_id":18396,"weight":0.20029},
{"Node_id":18399,"weight":0.29381},
{"Node_id":18400,"weight":0.29174},
{"Node_id":18402,"weight":0.18103},
{"Node_id":18404,"weight":0.2887},
{"Node_id":18417,"weight":0.16785},
{"Node_id":18418,"weight":0.30006},
{"Node_id":18421,"weight":0.38275},
{"Node_id":18423,"weight":0.3055},
{"Node_id":18426,"weight":0.32905},
{"Node_id":18427,"weight":0.1901},
{"Node_id":18429,"weight":0.19802001},
{"Node_id":18430,"weight":0.78235996},
{"Node_id":18435,"weight":0.40163},
{"Node_id":18436,"weight":0.14915},
{"Node_id":18437,"weight":0.15347001},
{"Node_id":18439,"weight":0.22611001},
{"Node_id":18519,"weight":0.28248},
{"Node_id":18523,"weight":0.17480001},
{"Node_id":18527,"weight":0.24491999},
{"Node_id":18528,"weight":0.18904},
{"Node_id":18530,"weight":0.16508},
{"Node_id":18533,"weight":0.20897},
{"Node_id":18535,"weight":0.1956},
{"Node_id":18537,"weight":0.28574},
{"Node_id":18543,"weight":0.14140001},
{"Node_id":18544,"weight":0.17496},
{"Node_id":18545,"weight":0.20318},
{"Node_id":18547,"weight":0.18755999},
{"Node_id":18615,"weight":0.25371},
{"Node_id":18616,"weight":0.14140001},
{"Node_id":18617,"weight":0.24643},
{"Node_id":18647,"weight":0.14461},
{"Node_id":18648,"weight":0.20446},
{"Node_id":18651,"weight":0.15062},
{"Node_id":18652,"weight":0.20989001},
{"Node_id":18654,"weight":0.15484999},
{"Node_id":18656,"weight":0.16950999},
{"Node_id":18657,"weight":0.18270001},
{"Node_id":18658,"weight":0.14384},
{"Node_id":18659,"weight":0.27551},
{"Node_id":18661,"weight":0.21333},
{"Node_id":18662,"weight":0.19634},
{"Node_id":18663,"weight":0.27604002},
{"Node_id":18664,"weight":0.15779},
{"Node_id":18667,"weight":0.36233002},
{"Node_id":18676,"weight":0.14229},
{"Node_id":18681,"weight":0.24937001},
{"Node_id":18683,"weight":0.19268},
{"Node_id":18684,"weight":0.14351},
{"Node_id":18687,"weight":0.19001},
{"Node_id":18727,"weight":0.21939},
{"Node_id":18728,"weight":0.15143},
{"Node_id":18729,"weight":0.18202999},
{"Node_id":18730,"weight":0.15055},
{"Node_id":18731,"weight":0.18575},
{"Node_id":18733,"weight":0.14274},
{"Node_id":18734,"weight":0.21503},
{"Node_id":18737,"weight":0.19395},
{"Node_id":18740,"weight":0.15687},
{"Node_id":18741,"weight":0.23394999},
{"Node_id":18743,"weight":0.13918999},
{"Node_id":18744,"weight":0.15568},
{"Node_id":18745,"weight":0.16361001},
{"Node_id":18747,"weight":0.2891},
{"Node_id":18749,"weight":0.71300995},
{"Node_id":18757,"weight":0.39176},
{"Node_id":18760,"weight":0.20948},
{"Node_id":18762,"weight":0.47357002},
{"Node_id":18764,"weight":0.14185},
{"Node_id":18768,"weight":0.26793998},
{"Node_id":18778,"weight":0.17043},
{"Node_id":18780,"weight":0.1822},
{"Node_id":18786,"weight":0.35732},
{"Node_id":18787,"weight":0.17971},
{"Node_id":18788,"weight":0.29962},
{"Node_id":18789,"weight":0.23198},
{"Node_id":18790,"weight":0.24275},
{"Node_id":18793,"weight":0.1832},
{"Node_id":18794,"weight":0.139},
{"Node_id":18795,"weight":0.23358},
{"Node_id":18798,"weight":0.19802001},
{"Node_id":18800,"weight":0.27986},
{"Node_id":18803,"weight":0.38371998},
{"Node_id":18804,"weight":0.23546},
{"Node_id":18809,"weight":0.17719},
{"Node_id":18811,"weight":0.18843},
{"Node_id":18812,"weight":0.20876999},
{"Node_id":18818,"weight":0.33591002},
{"Node_id":18819,"weight":0.21884},
{"Node_id":18820,"weight":0.29298002},
{"Node_id":18821,"weight":0.44987997},
{"Node_id":18822,"weight":0.37669},
{"Node_id":18902,"weight":0.18878},
{"Node_id":18905,"weight":0.40514},
{"Node_id":18908,"weight":0.17503999},
{"Node_id":18911,"weight":0.21589},
{"Node_id":18913,"weight":0.23879},
{"Node_id":18916,"weight":0.2239},
{"Node_id":18917,"weight":0.21643},
{"Node_id":18918,"weight":0.25489},
{"Node_id":18921,"weight":0.35657},
{"Node_id":18922,"weight":0.19782999},
{"Node_id":18924,"weight":0.53771},
{"Node_id":18945,"weight":0.50609004},
{"Node_id":18946,"weight":0.43066},
{"Node_id":18947,"weight":0.31099},
{"Node_id":18949,"weight":0.18245},
{"Node_id":18950,"weight":0.18245},
{"Node_id":19058,"weight":0.1513},
{"Node_id":19060,"weight":0.22402},
{"Node_id":19062,"weight":0.22787002},
{"Node_id":19068,"weight":0.23508},
{"Node_id":19069,"weight":0.52734},
{"Node_id":19072,"weight":0.13951},
{"Node_id":19105,"weight":0.17833},
{"Node_id":19106,"weight":0.14795001},
{"Node_id":19107,"weight":0.15694},
{"Node_id":19109,"weight":0.21785},
{"Node_id":19110,"weight":0.16171},
{"Node_id":19111,"weight":0.13882},
{"Node_id":19112,"weight":0.47241998},
{"Node_id":19113,"weight":0.25415},
{"Node_id":19117,"weight":0.18294999},
{"Node_id":19118,"weight":0.24698},
{"Node_id":19119,"weight":0.19305},
{"Node_id":19121,"weight":0.19036},
{"Node_id":19123,"weight":0.16244},
{"Node_id":19124,"weight":0.15506001},
{"Node_id":19125,"weight":0.18851},
{"Node_id":19128,"weight":0.15687},
{"Node_id":19130,"weight":0.22344},
{"Node_id":19133,"weight":0.21796},
{"Node_id":19156,"weight":0.17623},
{"Node_id":19161,"weight":0.22128999},
{"Node_id":19472,"weight":0.15779},
{"Node_id":24654,"weight":0.19802001},
{"Node_id":24741,"weight":0.28229},
{"Node_id":24743,"weight":0.35288998},
{"Node_id":24747,"weight":0.20605},
{"Node_id":24749,"weight":0.17206},
{"Node_id":24750,"weight":0.21302},
{"Node_id":24752,"weight":0.17159},
{"Node_id":24755,"weight":0.17206},
{"Node_id":24757,"weight":0.16013},
{"Node_id":24758,"weight":0.46363002},
{"Node_id":24769,"weight":0.19422999},
{"Node_id":24770,"weight":0.14480999},
{"Node_id":24772,"weight":0.15575},
{"Node_id":24775,"weight":0.19915},
{"Node_id":24777,"weight":0.19296},
{"Node_id":24779,"weight":0.3842},
{"Node_id":24781,"weight":0.22344},
{"Node_id":24783,"weight":0.29852},
{"Node_id":24785,"weight":0.18557},
{"Node_id":24787,"weight":0.26911},
{"Node_id":24789,"weight":0.29786},
{"Node_id":24791,"weight":0.18362},
{"Node_id":24793,"weight":0.21796},
{"Node_id":24794,"weight":0.17963001},
{"Node_id":24795,"weight":0.21},
{"Node_id":24796,"weight":0.23321},
{"Node_id":24797,"weight":0.23584001},
{"Node_id":24801,"weight":0.18387},
{"Node_id":24803,"weight":0.19943},
{"Node_id":24884,"weight":0.26810998},
{"Node_id":24885,"weight":0.18695},
{"Node_id":24886,"weight":0.20309},
{"Node_id":24888,"weight":0.45653},
{"Node_id":24889,"weight":0.23996},
{"Node_id":24890,"weight":0.14881},
{"Node_id":24892,"weight":0.30905002},
{"Node_id":24894,"weight":0.14513001},
{"Node_id":24942,"weight":0.30139},
{"Node_id":24945,"weight":0.17276},
{"Node_id":24988,"weight":0.24221},
{"Node_id":24990,"weight":0.22739999},
{"Node_id":24991,"weight":0.28691},
{"Node_id":24992,"weight":0.1397},
{"Node_id":24993,"weight":0.18992},
{"Node_id":25064,"weight":0.20866999},
{"Node_id":25065,"weight":0.1699},
{"Node_id":25074,"weight":0.21796},
{"Node_id":25075,"weight":0.21217999},
{"Node_id":25076,"weight":0.1532},
{"Node_id":25077,"weight":0.28496},
{"Node_id":25078,"weight":0.38038},
{"Node_id":25081,"weight":0.23635001},
{"Node_id":25082,"weight":0.14513001},
{"Node_id":25091,"weight":0.28535},
{"Node_id":25092,"weight":0.21972},
{"Node_id":25093,"weight":0.23608999},
{"Node_id":25095,"weight":0.19981},
{"Node_id":25096,"weight":0.49264002},
{"Node_id":25099,"weight":0.24909},
{"Node_id":25105,"weight":0.21493001},
{"Node_id":25107,"weight":0.31075},
{"Node_id":25110,"weight":0.14682999},
{"Node_id":25111,"weight":0.20009999},
{"Node_id":25112,"weight":0.14888},
{"Node_id":25113,"weight":0.1587},
{"Node_id":25114,"weight":0.25713998},
{"Node_id":25115,"weight":0.15527001},
{"Node_id":25117,"weight":0.14147},
{"Node_id":25118,"weight":0.16739},
{"Node_id":25119,"weight":0.17906},
{"Node_id":25121,"weight":0.24075},
{"Node_id":25127,"weight":0.30072},
{"Node_id":25129,"weight":0.35362},
{"Node_id":25130,"weight":0.19286999},
{"Node_id":25132,"weight":0.20202},
{"Node_id":25134,"weight":0.14749},
{"Node_id":25135,"weight":0.22967},
{"Node_id":25136,"weight":0.29195002},
{"Node_id":25254,"weight":0.22586998},
{"Node_id":25257,"weight":0.46363002},
{"Node_id":25258,"weight":0.39936},
{"Node_id":25261,"weight":0.19386},
{"Node_id":25263,"weight":0.16442},
{"Node_id":25270,"weight":0.22402},
{"Node_id":25271,"weight":0.54217},
{"Node_id":25317,"weight":0.15506001},
{"Node_id":25318,"weight":0.29874},
{"Node_id":25330,"weight":0.13869},
{"Node_id":25335,"weight":0.32619},
{"Node_id":25336,"weight":0.30251998},
{"Node_id":25352,"weight":0.1886},
{"Node_id":25353,"weight":0.20887001},
{"Node_id":25361,"weight":0.19905},
{"Node_id":25382,"weight":0.16013},
{"Node_id":25383,"weight":0.22704999},
{"Node_id":25384,"weight":0.23259},
{"Node_id":25385,"weight":0.15015},
{"Node_id":25388,"weight":0.20897},
{"Node_id":25389,"weight":0.21665001},
{"Node_id":25500,"weight":0.15076},
{"Node_id":25501,"weight":0.23622},
{"Node_id":25504,"weight":0.1726},
{"Node_id":25513,"weight":0.19018},
{"Node_id":25514,"weight":0.41711003},
{"Node_id":25516,"weight":0.20695},
{"Node_id":25538,"weight":0.46052998},
{"Node_id":25539,"weight":0.44896},
{"Node_id":25540,"weight":0.34591},
{"Node_id":25541,"weight":0.22859001},
{"Node_id":25544,"weight":0.14134},
{"Node_id":25545,"weight":0.20555},
{"Node_id":25554,"weight":0.23673001},
{"Node_id":25555,"weight":0.19359},
{"Node_id":25557,"weight":0.18531999},
{"Node_id":25558,"weight":0.1812},
{"Node_id":25561,"weight":0.22979},
{"Node_id":25562,"weight":0.49264002},
{"Node_id":25564,"weight":0.34865},
{"Node_id":25566,"weight":0.15878001},
{"Node_id":25567,"weight":0.49126},
{"Node_id":25568,"weight":0.13951},
{"Node_id":25571,"weight":0.16694},
{"Node_id":25572,"weight":0.20836},
{"Node_id":25574,"weight":0.25564},
{"Node_id":25576,"weight":0.21514001},
{"Node_id":25579,"weight":0.31247002},
{"Node_id":25580,"weight":0.47711},
{"Node_id":25581,"weight":0.20337999},
{"Node_id":25582,"weight":0.24221},
{"Node_id":25584,"weight":0.26962},
{"Node_id":25586,"weight":0.16898},
{"Node_id":25588,"weight":0.16449},
{"Node_id":25590,"weight":0.18575},
{"Node_id":25592,"weight":0.26336998},
{"Node_id":25594,"weight":0.20635},
{"Node_id":25595,"weight":0.26194},
{"Node_id":25596,"weight":0.1656},
{"Node_id":25598,"weight":0.15694},
{"Node_id":25599,"weight":0.17631},
{"Node_id":25600,"weight":0.14255},
{"Node_id":25602,"weight":0.14268},
{"Node_id":25604,"weight":0.27081},
{"Node_id":25605,"weight":0.16383},
{"Node_id":25608,"weight":0.49989},
{"Node_id":25609,"weight":0.16672},
{"Node_id":25610,"weight":0.27115},
{"Node_id":25613,"weight":0.20655},
{"Node_id":25614,"weight":0.16694},
{"Node_id":25616,"weight":0.186},
{"Node_id":25619,"weight":0.25594002},
{"Node_id":25656,"weight":0.22196},
{"Node_id":25658,"weight":0.45951},
{"Node_id":25660,"weight":0.29678},
{"Node_id":25698,"weight":0.18103},
{"Node_id":25700,"weight":0.15673},
{"Node_id":25703,"weight":0.28652},
{"Node_id":25706,"weight":0.31099},
{"Node_id":25707,"weight":0.25944},
{"Node_id":25708,"weight":0.21557},
{"Node_id":25709,"weight":0.34489998},
{"Node_id":25710,"weight":0.37991},
{"Node_id":25713,"weight":0.18913},
{"Node_id":25718,"weight":0.14306},
{"Node_id":25720,"weight":0.31807},
{"Node_id":25722,"weight":0.30095},
{"Node_id":25727,"weight":0.15513},
{"Node_id":25728,"weight":0.14756},
{"Node_id":25759,"weight":0.18789999},
{"Node_id":25761,"weight":0.19662},
{"Node_id":25765,"weight":0.2401},
{"Node_id":25770,"weight":0.23608999},
{"Node_id":25775,"weight":0.21861999},
{"Node_id":25779,"weight":0.42546},
{"Node_id":25780,"weight":0.40514},
{"Node_id":25782,"weight":0.1983},
{"Node_id":25783,"weight":0.1712},
{"Node_id":25866,"weight":0.3504},
{"Node_id":25867,"weight":0.15715},
{"Node_id":25868,"weight":0.33652002},
{"Node_id":25872,"weight":0.23002999},
{"Node_id":25874,"weight":0.43614},
{"Node_id":25875,"weight":0.61170995},
{"Node_id":25878,"weight":0.22219},
{"Node_id":25880,"weight":0.16171},
{"Node_id":25883,"weight":0.24866},
{"Node_id":25885,"weight":0.56232},
{"Node_id":25888,"weight":0.19708},
{"Node_id":25889,"weight":0.17385},
{"Node_id":25890,"weight":0.21545999},
{"Node_id":25891,"weight":0.27081},
{"Node_id":25893,"weight":0.33591002},
{"Node_id":25896,"weight":0.20918},
{"Node_id":25897,"weight":0.34623998},
{"Node_id":25899,"weight":0.20755},
{"Node_id":25900,"weight":0.26353},
{"Node_id":25902,"weight":0.17599},
{"Node_id":25904,"weight":0.178},
{"Node_id":25905,"weight":0.20221},
{"Node_id":25908,"weight":0.32452},
{"Node_id":25910,"weight":0.31912},
{"Node_id":25915,"weight":0.39712998},
{"Node_id":25953,"weight":0.20309},
{"Node_id":25954,"weight":0.14663},
{"Node_id":25956,"weight":0.14928},
{"Node_id":25961,"weight":0.28116},
{"Node_id":25964,"weight":0.23458},
{"Node_id":25965,"weight":0.25181},
{"Node_id":25968,"weight":0.22646001},
{"Node_id":25969,"weight":0.49548},
{"Node_id":25970,"weight":0.34456},
{"Node_id":25971,"weight":0.17028001},
{"Node_id":25974,"weight":0.168},
{"Node_id":25976,"weight":0.42330998},
{"Node_id":25977,"weight":0.22106},
{"Node_id":25978,"weight":0.23699},
{"Node_id":25979,"weight":0.42619},
{"Node_id":25989,"weight":0.20625},
{"Node_id":25993,"weight":0.20348},
{"Node_id":26001,"weight":0.25474},
{"Node_id":26004,"weight":0.39440998},
{"Node_id":26006,"weight":0.1866},
{"Node_id":26121,"weight":0.18261},
{"Node_id":26202,"weight":0.24114999},
{"Node_id":26204,"weight":0.17639},
{"Node_id":26234,"weight":0.13982001},
{"Node_id":26236,"weight":0.17005},
{"Node_id":26293,"weight":0.3005},
{"Node_id":26342,"weight":0.55956995},
{"Node_id":26344,"weight":0.41845998},
{"Node_id":26345,"weight":0.29571},
{"Node_id":26347,"weight":0.44987997},
{"Node_id":26349,"weight":0.17528},
{"Node_id":26351,"weight":0.16295001},
{"Node_id":26353,"weight":0.19551},
{"Node_id":26356,"weight":0.21103},
{"Node_id":26357,"weight":0.21375999},
{"Node_id":26361,"weight":0.14624},
{"Node_id":26362,"weight":0.63182},
{"Node_id":26438,"weight":0.25474},
{"Node_id":26439,"weight":0.2184},
{"Node_id":26443,"weight":0.20846},
{"Node_id":26444,"weight":0.21982999},
{"Node_id":26445,"weight":0.15665999},
{"Node_id":26446,"weight":0.39658},
{"Node_id":26447,"weight":0.1886},
{"Node_id":26456,"weight":0.15123},
{"Node_id":26458,"weight":0.21577999},
{"Node_id":26459,"weight":0.21407},
{"Node_id":26461,"weight":0.23892},
{"Node_id":26463,"weight":0.27046},
{"Node_id":26465,"weight":0.18294999},
{"Node_id":26467,"weight":0.29195002},
{"Node_id":26469,"weight":0.22483},
{"Node_id":26472,"weight":0.30028},
{"Node_id":26477,"weight":0.26466},
{"Node_id":26480,"weight":0.40455},
{"Node_id":26484,"weight":0.14967999},
{"Node_id":26486,"weight":0.22811},
{"Node_id":26488,"weight":0.19746},
{"Node_id":26489,"weight":0.34489998},
{"Node_id":26491,"weight":0.27931002},
{"Node_id":26503,"weight":0.22028},
{"Node_id":26505,"weight":0.38371998},
{"Node_id":26508,"weight":0.7418},
{"Node_id":26511,"weight":0.15292999},
{"Node_id":26512,"weight":0.15396},
{"Node_id":26531,"weight":0.16433999},
{"Node_id":26534,"weight":0.20067},
{"Node_id":26535,"weight":0.20019},
{"Node_id":26537,"weight":0.21884},
{"Node_id":26541,"weight":0.26777},
{"Node_id":26542,"weight":0.29465002},
{"Node_id":26547,"weight":0.21145001},
{"Node_id":26551,"weight":0.38227},
{"Node_id":26554,"weight":0.19468},
{"Node_id":26555,"weight":0.49989},
{"Node_id":26557,"weight":0.1843},
{"Node_id":26559,"weight":0.28633},
{"Node_id":26561,"weight":0.22196},
{"Node_id":26565,"weight":0.15347001},
{"Node_id":26567,"weight":0.16648999},
{"Node_id":26569,"weight":0.22425},
{"Node_id":26570,"weight":0.20615001},
{"Node_id":26573,"weight":0.44538003},
{"Node_id":26575,"weight":0.14572},
{"Node_id":26576,"weight":0.26678},
{"Node_id":26578,"weight":0.17575},
{"Node_id":26579,"weight":0.19662},
{"Node_id":26582,"weight":0.14578},
{"Node_id":26586,"weight":0.20058},
{"Node_id":26587,"weight":0.20397},
{"Node_id":26588,"weight":0.16523},
{"Node_id":26714,"weight":0.16822},
{"Node_id":26715,"weight":0.19395},
{"Node_id":26716,"weight":0.15245},
{"Node_id":26718,"weight":0.33714002},
{"Node_id":26722,"weight":0.22669001},
{"Node_id":26725,"weight":0.24248},
{"Node_id":26726,"weight":0.1752},
{"Node_id":26727,"weight":0.2576},
{"Node_id":26788,"weight":0.20172998},
{"Node_id":26897,"weight":0.22049999},
{"Node_id":26905,"weight":0.27046},
{"Node_id":26909,"weight":0.30833},
{"Node_id":26911,"weight":0.25609},
{"Node_id":26912,"weight":0.24049},
{"Node_id":26915,"weight":0.21375999},
{"Node_id":26916,"weight":0.15694},
{"Node_id":26919,"weight":0.19487},
{"Node_id":26921,"weight":0.14172},
{"Node_id":26923,"weight":0.30762},
{"Node_id":26927,"weight":0.1719},
{"Node_id":26928,"weight":0.2214},
{"Node_id":26930,"weight":0.20725},
{"Node_id":26932,"weight":0.16747001},
{"Node_id":26935,"weight":0.34356},
{"Node_id":26936,"weight":0.33871},
{"Node_id":26937,"weight":0.20269999},
{"Node_id":26938,"weight":0.3714},
{"Node_id":26939,"weight":0.23111999},
{"Node_id":26941,"weight":0.19886},
{"Node_id":26943,"weight":0.19377},
{"Node_id":26944,"weight":0.18128},
{"Node_id":26957,"weight":0.15548},
{"Node_id":26958,"weight":0.15807},
{"Node_id":26961,"weight":0.17607},
{"Node_id":26963,"weight":0.26728},
{"Node_id":26964,"weight":0.1628},
{"Node_id":26965,"weight":0.15225},
{"Node_id":26966,"weight":0.16950999},
{"Node_id":27027,"weight":0.16792001},
{"Node_id":27031,"weight":0.16288},
{"Node_id":27034,"weight":0.26482},
{"Node_id":27036,"weight":0.14115},
{"Node_id":27037,"weight":0.51100004},
{"Node_id":27038,"weight":0.33777002},
{"Node_id":27040,"weight":0.25195},
{"Node_id":27044,"weight":0.31447},
{"Node_id":27045,"weight":0.16657},
{"Node_id":27047,"weight":0.25254},
{"Node_id":27049,"weight":0.21545999},
{"Node_id":27052,"weight":0.36718},
{"Node_id":27055,"weight":0.33903},
{"Node_id":27056,"weight":0.51975},
{"Node_id":27057,"weight":0.29402},
{"Node_id":27059,"weight":0.2342},
{"Node_id":27064,"weight":0.33620998},
{"Node_id":27065,"weight":0.18395999},
{"Node_id":27121,"weight":0.22859001},
{"Node_id":27122,"weight":0.24574001},
{"Node_id":27123,"weight":0.30006},
{"Node_id":27124,"weight":0.23148999},
{"Node_id":27125,"weight":0.25181},
{"Node_id":27128,"weight":0.25729},
{"Node_id":27196,"weight":0.29962},
{"Node_id":27208,"weight":0.29786},
{"Node_id":27211,"weight":0.31124002},
{"Node_id":27425,"weight":0.33317},
{"Node_id":27426,"weight":0.15109},
{"Node_id":27430,"weight":0.15029},
{"Node_id":27431,"weight":0.26979},
{"Node_id":27432,"weight":0.33347002},
{"Node_id":27434,"weight":0.2397},
{"Node_id":27436,"weight":0.19588},
{"Node_id":27480,"weight":0.23763001},
{"Node_id":27481,"weight":0.14229},
{"Node_id":27482,"weight":0.33347002},
{"Node_id":27485,"weight":0.18904},
{"Node_id":27486,"weight":0.24089},
{"Node_id":27489,"weight":0.38132},
{"Node_id":27491,"weight":0.14396},
{"Node_id":27494,"weight":0.30667},
{"Node_id":27496,"weight":0.21654001},
{"Node_id":27502,"weight":0.29215},
{"Node_id":27503,"weight":0.14975},
{"Node_id":27542,"weight":0.21752},
{"Node_id":27543,"weight":0.18816},
{"Node_id":27545,"weight":0.14026001},
{"Node_id":27548,"weight":0.13888},
{"Node_id":27551,"weight":0.38918},
{"Node_id":27553,"weight":0.17151001},
{"Node_id":27555,"weight":0.39992002},
{"Node_id":27611,"weight":0.1568},
{"Node_id":27613,"weight":0.15700999},
{"Node_id":27615,"weight":0.15589},
{"Node_id":27616,"weight":0.14261},
{"Node_id":27631,"weight":0.21249},
{"Node_id":27636,"weight":0.17267999},
{"Node_id":27655,"weight":0.31884998},
{"Node_id":27656,"weight":0.27115},
{"Node_id":27657,"weight":0.29529},
{"Node_id":27658,"weight":0.40221},
{"Node_id":27661,"weight":0.28023},
{"Node_id":27662,"weight":0.20407},
{"Node_id":27663,"weight":0.30905002},
{"Node_id":27665,"weight":0.22774999},
{"Node_id":27666,"weight":0.24656999},
{"Node_id":27671,"weight":0.28613},
{"Node_id":27673,"weight":0.2145},
{"Node_id":27711,"weight":0.18965},
{"Node_id":27742,"weight":0.13988},
{"Node_id":27744,"weight":0.16493},
{"Node_id":27847,"weight":0.16442},
{"Node_id":27850,"weight":0.14249},
{"Node_id":27853,"weight":0.25283},
{"Node_id":27854,"weight":0.25459},
{"Node_id":27855,"weight":0.1656},
{"Node_id":27856,"weight":0.30667},
{"Node_id":27891,"weight":0.17881},
{"Node_id":27897,"weight":0.23371},
{"Node_id":27898,"weight":0.19953},
{"Node_id":27901,"weight":0.18825},
{"Node_id":27902,"weight":0.18421},
{"Node_id":27915,"weight":0.26894},
{"Node_id":27917,"weight":0.35472},
{"Node_id":27918,"weight":0.32507},
{"Node_id":27942,"weight":0.23482999},
{"Node_id":27943,"weight":0.17291},
{"Node_id":27946,"weight":0.34623998},
{"Node_id":27947,"weight":0.20959},
{"Node_id":27949,"weight":0.15002},
{"Node_id":27951,"weight":0.25254},
{"Node_id":27953,"weight":0.24261999},
{"Node_id":27955,"weight":0.25518999},
{"Node_id":28078,"weight":0.25609},
{"Node_id":28079,"weight":0.21982999},
{"Node_id":28080,"weight":0.17417},
{"Node_id":28081,"weight":0.21113},
{"Node_id":28119,"weight":0.22764},
{"Node_id":28121,"weight":0.13944},
{"Node_id":28122,"weight":0.20525},
{"Node_id":28123,"weight":0.30481},
{"Node_id":28124,"weight":0.45951},
{"Node_id":28125,"weight":0.29444},
{"Node_id":28128,"weight":0.27287},
{"Node_id":28129,"weight":0.1726},
{"Node_id":28130,"weight":0.24505},
{"Node_id":28133,"weight":0.50141},
{"Node_id":28136,"weight":0.20565},
{"Node_id":28137,"weight":0.58753},
{"Node_id":28138,"weight":0.14995},
{"Node_id":28142,"weight":0.19699},
{"Node_id":28144,"weight":0.21461001},
{"Node_id":28145,"weight":0.14565},
{"Node_id":28147,"weight":0.24288002},
{"Node_id":28150,"weight":0.25821},
{"Node_id":28151,"weight":0.15002},
{"Node_id":28152,"weight":0.34934002},
{"Node_id":28155,"weight":0.24881001},
{"Node_id":28156,"weight":0.14941},
{"Node_id":28157,"weight":0.18145},
{"Node_id":28158,"weight":0.17776},
{"Node_id":28159,"weight":0.7418},
{"Node_id":28169,"weight":0.43143},
{"Node_id":28194,"weight":0.32479998},
{"Node_id":28196,"weight":0.27569002},
{"Node_id":28203,"weight":0.24796},
{"Node_id":28205,"weight":0.17097},
{"Node_id":28209,"weight":0.18228},
{"Node_id":28211,"weight":0.18868999},
{"Node_id":28212,"weight":0.15942},
{"Node_id":28214,"weight":0.15177},
{"Node_id":28216,"weight":0.15204},
{"Node_id":28217,"weight":0.22471002},
{"Node_id":28220,"weight":0.27765998},
{"Node_id":28222,"weight":0.22084},
{"Node_id":28224,"weight":0.47473997},
{"Node_id":28227,"weight":0.01294},
{"Node_id":28228,"weight":0.12720999},
{"Node_id":28229,"weight":0.32676},
{"Node_id":28231,"weight":0.28691},
{"Node_id":28234,"weight":0.14204},
{"Node_id":28235,"weight":0.04561},
{"Node_id":28236,"weight":0.27046},
{"Node_id":28239,"weight":0.162},
{"Node_id":28241,"weight":0.06955},
{"Node_id":28242,"weight":0.25166},
{"Node_id":28243,"weight":0.54447997},
{"Node_id":28245,"weight":0.06239},
{"Node_id":28249,"weight":0.19569},
{"Node_id":28250,"weight":0.16822},
{"Node_id":28251,"weight":0.08274},
{"Node_id":28252,"weight":0.111039996},
{"Node_id":28253,"weight":0.12111},
{"Node_id":28254,"weight":0.12855999},
{"Node_id":28255,"weight":0.20755},
{"Node_id":28257,"weight":0.04084},
{"Node_id":28258,"weight":0.23185},
{"Node_id":28267,"weight":0.124479994},
{"Node_id":28268,"weight":0.00853},
{"Node_id":28269,"weight":0.07598},
{"Node_id":28272,"weight":0.18270001},
{"Node_id":28279,"weight":0.40878},
{"Node_id":28282,"weight":0.21741},
{"Node_id":28283,"weight":0.06803},
{"Node_id":28286,"weight":0.37011},
{"Node_id":28292,"weight":0.48588},
{"Node_id":28293,"weight":0.27857},
{"Node_id":28294,"weight":0.25459},
{"Node_id":28296,"weight":0.17089},
{"Node_id":28298,"weight":0.02302},
{"Node_id":28299,"weight":0.34289998},
{"Node_id":28300,"weight":0.20377},
{"Node_id":28301,"weight":0.034369998},
{"Node_id":28302,"weight":0.022939999},
{"Node_id":28309,"weight":0.16128},
{"Node_id":28311,"weight":0.48988},
{"Node_id":28313,"weight":0.06678},
{"Node_id":28314,"weight":0.10465},
{"Node_id":28315,"weight":0.08231},
{"Node_id":28335,"weight":0.11859},
{"Node_id":28336,"weight":0.16973999},
{"Node_id":28338,"weight":0.031740002},
{"Node_id":28341,"weight":0.09203},
{"Node_id":28342,"weight":0.09346},
{"Node_id":28343,"weight":0.25195},
{"Node_id":28344,"weight":0.109969996},
{"Node_id":28345,"weight":0.108},
{"Node_id":28346,"weight":0.032929998},
{"Node_id":28351,"weight":0.03756},
{"Node_id":28355,"weight":0.00532},
{"Node_id":28357,"weight":0.024079999},
{"Node_id":28359,"weight":0.09982},
{"Node_id":28361,"weight":0.02884},
{"Node_id":28363,"weight":0.11914001},
{"Node_id":28365,"weight":0.09714},
{"Node_id":28370,"weight":0.01141},
{"Node_id":28372,"weight":0.04879},
{"Node_id":28375,"weight":0.01322},
{"Node_id":28478,"weight":0.18379},
{"Node_id":29159,"weight":0.17159},
{"Node_id":29184,"weight":0.18904},
{"Node_id":29186,"weight":0.07745},
{"Node_id":29188,"weight":0.09494},
{"Node_id":29189,"weight":0.139},
{"Node_id":29190,"weight":0.29896},
{"Node_id":29192,"weight":0.43694},
{"Node_id":29193,"weight":0.18878},
{"Node_id":29194,"weight":0.1033},
{"Node_id":29196,"weight":0.06682},
{"Node_id":29202,"weight":0.07773},
{"Node_id":29205,"weight":0.13081},
{"Node_id":29209,"weight":0.04084},
{"Node_id":29211,"weight":0.24356},
{"Node_id":29215,"weight":0.12727},
{"Node_id":29216,"weight":0.09997},
{"Node_id":29217,"weight":0.082169995},
{"Node_id":29218,"weight":0.113900006},
{"Node_id":29220,"weight":0.02152},
{"Node_id":29222,"weight":0.12790999},
{"Node_id":29224,"weight":0.01987},
{"Node_id":29227,"weight":0.54927003},
{"Node_id":29228,"weight":0.27586},
{"Node_id":29233,"weight":0.11521},
{"Node_id":29235,"weight":0.26547},
{"Node_id":29240,"weight":0.07727},
{"Node_id":29243,"weight":0.36677},
{"Node_id":29251,"weight":0.122080006},
{"Node_id":29252,"weight":0.1901},
{"Node_id":29255,"weight":0.04604},
{"Node_id":29256,"weight":0.077130005},
{"Node_id":29257,"weight":0.03789},
{"Node_id":29258,"weight":0.09494},
{"Node_id":29259,"weight":0.122360006},
{"Node_id":29261,"weight":0.01129},
{"Node_id":29262,"weight":0.15561},
{"Node_id":29263,"weight":0.034169998},
{"Node_id":29264,"weight":0.07662},
{"Node_id":29304,"weight":0.19615},
{"Node_id":29305,"weight":0.109060004},
{"Node_id":29306,"weight":0.04583},
{"Node_id":29308,"weight":0.06745},
{"Node_id":29311,"weight":0.11703},
{"Node_id":29312,"weight":0.02189},
{"Node_id":29314,"weight":0.13004},
{"Node_id":29315,"weight":0.55956995},
{"Node_id":29317,"weight":0.17503999},
{"Node_id":29318,"weight":0.16501},
{"Node_id":29320,"weight":0.084869996},
{"Node_id":29321,"weight":0.05147},
{"Node_id":29328,"weight":0.15265},
{"Node_id":29336,"weight":0.07286},
{"Node_id":29337,"weight":0.22276},
{"Node_id":29354,"weight":0.102989994},
{"Node_id":29355,"weight":0.25079998},
{"Node_id":29358,"weight":0.1014},
{"Node_id":29359,"weight":0.21418},
{"Node_id":29361,"weight":0.32619},
{"Node_id":29363,"weight":0.07286},
{"Node_id":29372,"weight":0.18103},
{"Node_id":29379,"weight":0.21676},
{"Node_id":29381,"weight":0.15645},
{"Node_id":29383,"weight":0.15652},
{"Node_id":29619,"weight":0.16288},
{"Node_id":29620,"weight":0.16114},
{"Node_id":29621,"weight":0.20125},
{"Node_id":29694,"weight":0.17744},
{"Node_id":29696,"weight":0.17307},
{"Node_id":29699,"weight":0.04912},
{"Node_id":29701,"weight":0.10222},
{"Node_id":29702,"weight":0.05117},
{"Node_id":29703,"weight":0.17792},
{"Node_id":29705,"weight":0.0131},
{"Node_id":29707,"weight":0.08789},
{"Node_id":29709,"weight":0.08886},
{"Node_id":29710,"weight":0.055239998},
{"Node_id":29711,"weight":0.15687},
{"Node_id":29713,"weight":0.40396},
{"Node_id":29714,"weight":0.48330003},
{"Node_id":29715,"weight":0.072909996},
{"Node_id":29720,"weight":0.16013},
{"Node_id":29726,"weight":0.34623998},
{"Node_id":29730,"weight":0.23559001},
{"Node_id":29734,"weight":0.7418},
{"Node_id":29736,"weight":0.19089},
{"Node_id":29738,"weight":0.013420001},
{"Node_id":29739,"weight":0.04084},
{"Node_id":29740,"weight":0.3727},
{"Node_id":29742,"weight":0.3577},
{"Node_id":29747,"weight":0.22646001},
{"Node_id":29748,"weight":0.065170005},
{"Node_id":29750,"weight":0.29896},
{"Node_id":29752,"weight":0.03232},
{"Node_id":29753,"weight":0.20048001},
{"Node_id":29754,"weight":0.21851},
{"Node_id":29755,"weight":0.03146},
{"Node_id":29757,"weight":0.0911},
{"Node_id":29761,"weight":0.23309},
{"Node_id":29762,"weight":0.10658},
{"Node_id":29774,"weight":0.02615},
{"Node_id":29777,"weight":0.10616},
{"Node_id":29778,"weight":0.30458},
{"Node_id":29780,"weight":0.01595},
{"Node_id":29785,"weight":0.099010006},
{"Node_id":29789,"weight":0.10283999},
{"Node_id":29790,"weight":0.21577999},
{"Node_id":29791,"weight":0.15942},
{"Node_id":29792,"weight":0.059890002},
{"Node_id":29794,"weight":0.15136},
{"Node_id":29796,"weight":0.05741},
{"Node_id":29797,"weight":0.21041},
{"Node_id":29798,"weight":0.15423},
{"Node_id":29800,"weight":0.04176},
{"Node_id":29829,"weight":0.0024},
{"Node_id":29831,"weight":0.10038},
{"Node_id":29833,"weight":0.0403},
{"Node_id":29836,"weight":0.09139},
{"Node_id":29840,"weight":0.3055},
{"Node_id":29843,"weight":0.1295},
{"Node_id":29844,"weight":0.02007},
{"Node_id":29845,"weight":0.27339},
{"Node_id":29847,"weight":0.03826},
{"Node_id":29851,"weight":0.046290003},
{"Node_id":29853,"weight":0.18566},
{"Node_id":29858,"weight":0.10423},
{"Node_id":29859,"weight":0.058099996},
{"Node_id":29860,"weight":0.101600006},
{"Node_id":29867,"weight":0.03582},
{"Node_id":29869,"weight":0.14908001},
{"Node_id":29871,"weight":0.20775001},
{"Node_id":29872,"weight":0.1789},
{"Node_id":29873,"weight":0.11072},
{"Node_id":29874,"weight":0.23309},
{"Node_id":29875,"weight":0.09159},
{"Node_id":29876,"weight":0.08132},
{"Node_id":29879,"weight":0.080010004},
{"Node_id":29883,"weight":0.12809},
{"Node_id":29884,"weight":0.39176},
{"Node_id":29885,"weight":0.09105},
{"Node_id":29886,"weight":0.18489},
{"Node_id":29888,"weight":0.09464},
{"Node_id":29890,"weight":0.02603},
{"Node_id":29891,"weight":0.12529},
{"Node_id":29893,"weight":0.03805},
{"Node_id":29895,"weight":0.00748},
{"Node_id":29897,"weight":0.30881},
{"Node_id":29899,"weight":0.04184},
{"Node_id":29900,"weight":0.086500004},
{"Node_id":29901,"weight":0.46363002},
{"Node_id":29903,"weight":0.32314},
{"Node_id":29905,"weight":0.1172},
{"Node_id":29910,"weight":0.054729998},
{"Node_id":29913,"weight":0.02088},
{"Node_id":29915,"weight":0.2401},
{"Node_id":29916,"weight":0.22413},
{"Node_id":29917,"weight":0.06081},
{"Node_id":29918,"weight":0.21665001},
{"Node_id":29922,"weight":0.07213},
{"Node_id":29923,"weight":0.56515},
{"Node_id":29925,"weight":0.065390006},
{"Node_id":29926,"weight":0.1631},
{"Node_id":29943,"weight":0.09455},
{"Node_id":29947,"weight":0.046290003},
{"Node_id":29948,"weight":0.03289},
{"Node_id":29949,"weight":0.100940004},
{"Node_id":29951,"weight":0.03611},
{"Node_id":29952,"weight":0.12345},
{"Node_id":29953,"weight":0.16063},
{"Node_id":29954,"weight":0.45751},
{"Node_id":29955,"weight":0.09455},
{"Node_id":29980,"weight":0.19413},
{"Node_id":29982,"weight":0.11167999},
{"Node_id":29983,"weight":0.06718},
{"Node_id":29984,"weight":0.12832001},
{"Node_id":29986,"weight":0.12962},
{"Node_id":29988,"weight":0.075559996},
{"Node_id":29991,"weight":0.01523},
{"Node_id":29994,"weight":0.07773},
{"Node_id":29995,"weight":0.05262},
{"Node_id":29996,"weight":0.17105},
{"Node_id":29998,"weight":0.13334},
{"Node_id":30000,"weight":0.25297},
{"Node_id":30001,"weight":0.33138},
{"Node_id":30002,"weight":0.0064000003},
{"Node_id":30004,"weight":0.06857},
{"Node_id":30006,"weight":0.0130199995},
{"Node_id":30007,"weight":0.0049199997},
{"Node_id":30009,"weight":0.20515001},
{"Node_id":30012,"weight":0.04811},
{"Node_id":30013,"weight":0.03917},
{"Node_id":30015,"weight":0.04819},
{"Node_id":30018,"weight":0.05138},
{"Node_id":30019,"weight":0.14357999},
{"Node_id":30020,"weight":0.050660003},
{"Node_id":30022,"weight":0.08383},
{"Node_id":30023,"weight":0.029},
{"Node_id":30024,"weight":0.7418},
{"Node_id":30028,"weight":0.10283999},
{"Node_id":30033,"weight":0.11433999},
{"Node_id":30035,"weight":0.07657},
{"Node_id":30036,"weight":0.21503},
{"Node_id":30037,"weight":0.12174},
{"Node_id":30038,"weight":0.086830005},
{"Node_id":30042,"weight":0.04301},
{"Node_id":30043,"weight":0.13153},
{"Node_id":30044,"weight":0.13813},
{"Node_id":30045,"weight":0.06243},
{"Node_id":30046,"weight":0.01117},
{"Node_id":30048,"weight":0.23787999},
{"Node_id":30050,"weight":0.10099},
{"Node_id":30058,"weight":0.037720002},
{"Node_id":30059,"weight":0.11147},
{"Node_id":30060,"weight":0.02908},
{"Node_id":30063,"weight":0.10038},
{"Node_id":30070,"weight":0.08449},
{"Node_id":30071,"weight":0.04507},
{"Node_id":30075,"weight":0.18128},
{"Node_id":30077,"weight":0.03314},
{"Node_id":30080,"weight":0.30162},
{"Node_id":30081,"weight":0.16157},
{"Node_id":30190,"weight":0.02128},
{"Node_id":30192,"weight":0.11488},
{"Node_id":30194,"weight":0.21396999},
{"Node_id":30196,"weight":0.06177},
{"Node_id":30198,"weight":0.07446},
{"Node_id":30200,"weight":0.30207},
{"Node_id":30202,"weight":0.20806},
{"Node_id":30204,"weight":0.17591},
{"Node_id":30206,"weight":0.01523},
{"Node_id":30207,"weight":0.35884},
{"Node_id":30208,"weight":0.36885},
{"Node_id":30212,"weight":0.096090004},
{"Node_id":30213,"weight":0.03905},
{"Node_id":30214,"weight":0.17051001},
{"Node_id":30215,"weight":0.33407},
{"Node_id":30217,"weight":0.045950003},
{"Node_id":30222,"weight":0.47473997},
{"Node_id":30224,"weight":0.1793},
{"Node_id":30230,"weight":0.33620998},
{"Node_id":30371,"weight":0.66441},
{"Node_id":30372,"weight":0.15103},
{"Node_id":30373,"weight":0.19188},
{"Node_id":30439,"weight":0.00116},
{"Node_id":30834,"weight":0.12305},
{"Node_id":30887,"weight":0.21687},
{"Node_id":31010,"weight":0.24670999},
{"Node_id":31011,"weight":0.20105},
{"Node_id":31172,"weight":0.08635},
{"Node_id":31173,"weight":0.20183},
{"Node_id":31176,"weight":0.38666},
{"Node_id":31179,"weight":0.03269},
{"Node_id":31180,"weight":0.81113994},
{"Node_id":31182,"weight":0.0457},
{"Node_id":31186,"weight":0.15835},
{"Node_id":31192,"weight":0.0405},
{"Node_id":31193,"weight":0.074},
{"Node_id":31195,"weight":0.0359},
{"Node_id":31199,"weight":0.1602},
{"Node_id":31201,"weight":0.19134},
{"Node_id":31210,"weight":0.08655},
{"Node_id":31221,"weight":0.07699},
{"Node_id":31222,"weight":0.119990006},
{"Node_id":31223,"weight":0.01704},
{"Node_id":31225,"weight":0.28829998},
{"Node_id":31226,"weight":0.19496},
{"Node_id":31227,"weight":0.40633997},
{"Node_id":31233,"weight":0.297},
{"Node_id":31235,"weight":0.13437},
{"Node_id":31310,"weight":0.09227},
{"Node_id":31311,"weight":0.013940001},
{"Node_id":31312,"weight":0.052490003},
{"Node_id":31313,"weight":0.32314},
{"Node_id":31314,"weight":0.066640005},
{"Node_id":31315,"weight":0.02802},
{"Node_id":31317,"weight":0.1597},
{"Node_id":31320,"weight":0.04151},
{"Node_id":31323,"weight":0.13763},
{"Node_id":31324,"weight":0.59496003},
{"Node_id":31325,"weight":0.16063},
{"Node_id":31329,"weight":0.07295},
{"Node_id":31334,"weight":0.03801},
{"Node_id":31335,"weight":0.24560001},
{"Node_id":31338,"weight":0.19214},
{"Node_id":31339,"weight":0.0678},
{"Node_id":31340,"weight":0.065799996},
{"Node_id":31341,"weight":0.101600006},
{"Node_id":31344,"weight":0.14695999},
{"Node_id":31346,"weight":0.06789},
{"Node_id":31348,"weight":0.25008},
{"Node_id":31349,"weight":0.10548},
{"Node_id":31357,"weight":0.16142},
{"Node_id":31362,"weight":0.15892},
{"Node_id":31368,"weight":0.07259},
{"Node_id":31370,"weight":0.14657},
{"Node_id":31372,"weight":0.07023},
{"Node_id":31374,"weight":0.0037999998},
{"Node_id":31379,"weight":0.06588},
{"Node_id":31380,"weight":0.2773},
{"Node_id":31442,"weight":0.01821},
{"Node_id":31477,"weight":0.03265},
{"Node_id":31479,"weight":0.23099999},
{"Node_id":31480,"weight":0.0985},
{"Node_id":31481,"weight":0.06362},
{"Node_id":31485,"weight":0.0982},
{"Node_id":31486,"weight":0.049680002},
{"Node_id":31562,"weight":0.049680002},
{"Node_id":31564,"weight":0.17615},
{"Node_id":31570,"weight":0.04314},
{"Node_id":31572,"weight":0.082499996},
{"Node_id":31578,"weight":0.17655},
{"Node_id":31583,"weight":0.03269},
{"Node_id":31584,"weight":0.025249999},
{"Node_id":31589,"weight":0.35845},
{"Node_id":31590,"weight":0.07501},
{"Node_id":31591,"weight":0.06651},
{"Node_id":31592,"weight":0.1079},
{"Node_id":31593,"weight":0.23210001},
{"Node_id":31594,"weight":0.17166999},
{"Node_id":31597,"weight":0.099870004},
{"Node_id":31605,"weight":0.093559995},
{"Node_id":31608,"weight":0.01061},
{"Node_id":31610,"weight":0.02424},
{"Node_id":31611,"weight":0.37357},
{"Node_id":31612,"weight":0.12921},
{"Node_id":31613,"weight":0.40693998},
{"Node_id":31614,"weight":0.100940004},
{"Node_id":31617,"weight":0.44450998},
{"Node_id":31620,"weight":0.12709},
{"Node_id":31621,"weight":0.25867},
{"Node_id":31623,"weight":0.03963},
{"Node_id":31624,"weight":0.15814},
{"Node_id":31625,"weight":0.21993999},
{"Node_id":31627,"weight":0.08944},
{"Node_id":31631,"weight":0.00965},
{"Node_id":31632,"weight":0.28633},
{"Node_id":31634,"weight":0.03996},
{"Node_id":31635,"weight":0.15245},
{"Node_id":31637,"weight":0.11670001},
{"Node_id":31639,"weight":0.06946},
{"Node_id":31640,"weight":0.21939},
{"Node_id":31641,"weight":0.11909},
{"Node_id":31643,"weight":0.05862},
{"Node_id":31645,"weight":0.08978},
{"Node_id":31651,"weight":0.21050999},
{"Node_id":31653,"weight":0.04142},
{"Node_id":31655,"weight":0.13075},
{"Node_id":31656,"weight":0.14941},
{"Node_id":31657,"weight":0.07639},
{"Node_id":31658,"weight":0.0058},
{"Node_id":31682,"weight":0.16982},
{"Node_id":31686,"weight":0.10470001},
{"Node_id":31687,"weight":0.13714},
{"Node_id":31688,"weight":0.19782999},
{"Node_id":31689,"weight":0.33745998},
{"Node_id":31691,"weight":0.0938},
{"Node_id":31693,"weight":0.03503},
{"Node_id":31694,"weight":0.12832001},
{"Node_id":31697,"weight":0.19259},
{"Node_id":31698,"weight":0.036849998},
{"Node_id":31699,"weight":0.107480004},
{"Node_id":31701,"weight":0.030109998},
{"Node_id":31704,"weight":0.33683},
{"Node_id":31705,"weight":0.21698001},
{"Node_id":31714,"weight":0.20978999},
{"Node_id":31716,"weight":0.02201},
{"Node_id":31717,"weight":0.11942001},
{"Node_id":31718,"weight":0.08034},
{"Node_id":31722,"weight":0.06816},
{"Node_id":31723,"weight":0.22943},
{"Node_id":31726,"weight":0.0038800002},
{"Node_id":31727,"weight":0.04276},
{"Node_id":31729,"weight":0.45653},
{"Node_id":31731,"weight":0.105799995},
{"Node_id":31735,"weight":0.27551},
{"Node_id":31738,"weight":0.29174},
{"Node_id":31741,"weight":0.098000005},
{"Node_id":31743,"weight":0.05902},
{"Node_id":31747,"weight":0.14611},
{"Node_id":31749,"weight":0.23801},
{"Node_id":31750,"weight":0.03256},
{"Node_id":31751,"weight":0.18592},
{"Node_id":31752,"weight":0.08934},
{"Node_id":31755,"weight":0.109969996},
{"Node_id":31758,"weight":0.14500001},
{"Node_id":31760,"weight":0.02481},
{"Node_id":31761,"weight":0.22265},
{"Node_id":31764,"weight":0.11494},
{"Node_id":31767,"weight":4.0000002E-4},
{"Node_id":31769,"weight":0.09921},
{"Node_id":31806,"weight":0.00548},
{"Node_id":31807,"weight":0.05884},
{"Node_id":31810,"weight":0.05481},
{"Node_id":31879,"weight":0.07391},
{"Node_id":31882,"weight":0.098799996},
{"Node_id":31885,"weight":0.08998},
{"Node_id":31888,"weight":0.13676},
{"Node_id":31890,"weight":0.08891},
{"Node_id":31896,"weight":0.072680004},
{"Node_id":31900,"weight":0.13794},
{"Node_id":31902,"weight":0.24923},
{"Node_id":31904,"weight":0.15450999},
{"Node_id":31907,"weight":0.42915002},
{"Node_id":31908,"weight":0.12077},
{"Node_id":31909,"weight":0.0909},
{"Node_id":31915,"weight":0.02096},
{"Node_id":31916,"weight":0.03789},
{"Node_id":31917,"weight":0.15116},
{"Node_id":31919,"weight":0.2895},
{"Node_id":32167,"weight":0.01414},
{"Node_id":32168,"weight":0.00244},
{"Node_id":32172,"weight":0.061510004},
{"Node_id":32174,"weight":0.31099},
{"Node_id":32176,"weight":0.28305},
{"Node_id":32177,"weight":0.111899994},
{"Node_id":32180,"weight":0.032730002},
{"Node_id":32185,"weight":0.21302},
{"Node_id":32337,"weight":0.24600999},
{"Node_id":32338,"weight":0.036930002},
{"Node_id":32340,"weight":0.00124},
{"Node_id":32352,"weight":0.01418},
{"Node_id":32356,"weight":0.073},
{"Node_id":32357,"weight":0.19624999},
{"Node_id":32359,"weight":0.0612},
{"Node_id":32360,"weight":0.14384},
{"Node_id":32408,"weight":0.052710004},
{"Node_id":32409,"weight":0.09002},
{"Node_id":32413,"weight":0.27357},
{"Node_id":32416,"weight":0.04255},
{"Node_id":32475,"weight":0.00704},
{"Node_id":32477,"weight":0.1631},
{"Node_id":32478,"weight":0.19542},
{"Node_id":32495,"weight":0.028099999},
{"Node_id":32496,"weight":0.54685},
{"Node_id":32499,"weight":0.05797},
{"Node_id":32500,"weight":0.15279},
{"Node_id":32501,"weight":0.14835},
{"Node_id":32502,"weight":0.26761},
{"Node_id":32507,"weight":0.0638},
{"Node_id":32508,"weight":0.04751},
{"Node_id":32509,"weight":0.22028},
{"Node_id":32513,"weight":0.24423},
{"Node_id":32514,"weight":0.06195},
{"Node_id":32516,"weight":0.03714},
{"Node_id":32519,"weight":0.13334},
{"Node_id":32520,"weight":0.12803},
{"Node_id":32522,"weight":0.105900005},
{"Node_id":32523,"weight":0.14975},
{"Node_id":32524,"weight":0.06491},
{"Node_id":32525,"weight":0.11703},
{"Node_id":32536,"weight":0.12453999},
{"Node_id":32538,"weight":0.08559},
{"Node_id":32539,"weight":0.03064},
{"Node_id":32540,"weight":0.00812},
{"Node_id":32541,"weight":0.2375},
{"Node_id":32547,"weight":0.06522},
{"Node_id":32551,"weight":0.08545},
{"Node_id":32552,"weight":0.06256},
{"Node_id":32556,"weight":0.09061},
{"Node_id":32559,"weight":0.01121},
{"Node_id":32560,"weight":0.15729001},
{"Node_id":32562,"weight":0.00536},
{"Node_id":32564,"weight":0.13455},
{"Node_id":32577,"weight":0.082499996},
{"Node_id":32578,"weight":0.04785},
{"Node_id":32581,"weight":0.22764},
{"Node_id":32583,"weight":0.00256},
{"Node_id":32586,"weight":0.08274},
{"Node_id":32589,"weight":0.00752},
{"Node_id":32590,"weight":0.21103},
{"Node_id":32595,"weight":0.24643},
{"Node_id":32596,"weight":0.03722},
{"Node_id":32597,"weight":0.17955},
{"Node_id":32599,"weight":0.43694},
{"Node_id":32679,"weight":0.35362},
{"Node_id":32688,"weight":0.118980005},
{"Node_id":32693,"weight":0.06081},
{"Node_id":32701,"weight":0.18816},
{"Node_id":32703,"weight":0.07866},
{"Node_id":32704,"weight":0.12755999},
{"Node_id":32705,"weight":0.0056000003},
{"Node_id":32707,"weight":0.30343002},
{"Node_id":32775,"weight":0.08071},
{"Node_id":32776,"weight":0.17623},
{"Node_id":32777,"weight":0.048699997},
{"Node_id":32808,"weight":0.14723},
{"Node_id":32811,"weight":0.085250005},
{"Node_id":32812,"weight":0.21343999},
{"Node_id":32814,"weight":0.0588},
{"Node_id":32816,"weight":0.13738},
{"Node_id":32817,"weight":0.08731},
{"Node_id":32822,"weight":0.036480002},
{"Node_id":32823,"weight":0.08269},
{"Node_id":32824,"weight":0.09071},
{"Node_id":32836,"weight":0.33438},
{"Node_id":32841,"weight":0.15272},
{"Node_id":32844,"weight":0.03673},
{"Node_id":32847,"weight":0.04105},
{"Node_id":32887,"weight":0.37624},
{"Node_id":32888,"weight":0.19811},
{"Node_id":32889,"weight":0.01761},
{"Node_id":32890,"weight":0.007},
{"Node_id":32891,"weight":0.00656},
{"Node_id":32893,"weight":0.15049},
{"Node_id":32894,"weight":0.32934},
{"Node_id":32900,"weight":0.111090004},
{"Node_id":32901,"weight":0.39072},
{"Node_id":32903,"weight":0.32479998},
{"Node_id":32904,"weight":0.19624999},
{"Node_id":32905,"weight":0.35807},
{"Node_id":32907,"weight":0.06217},
{"Node_id":32909,"weight":0.03917},
{"Node_id":32917,"weight":0.26810998},
{"Node_id":32920,"weight":0.12134},
{"Node_id":32922,"weight":0.027700001},
{"Node_id":32924,"weight":0.24235001},
{"Node_id":32928,"weight":0.013979999},
{"Node_id":32938,"weight":0.012700001},
{"Node_id":32940,"weight":0.12122999},
{"Node_id":32946,"weight":0.2887},
{"Node_id":32947,"weight":0.27115},
{"Node_id":32948,"weight":0.09926},
{"Node_id":32949,"weight":0.20436001},
{"Node_id":32950,"weight":0.092769995},
{"Node_id":32953,"weight":0.09071},
{"Node_id":32954,"weight":0.22049999},
{"Node_id":32955,"weight":0.15885},
{"Node_id":32958,"weight":0.060060002},
{"Node_id":32962,"weight":0.61170995},
{"Node_id":32963,"weight":0.12414},
{"Node_id":32964,"weight":0.3776},
{"Node_id":32972,"weight":0.27462},
{"Node_id":32978,"weight":0.04845},
{"Node_id":32979,"weight":0.1469},
{"Node_id":32980,"weight":0.1334},
{"Node_id":32981,"weight":0.17082},
{"Node_id":32982,"weight":0.04171},
{"Node_id":33062,"weight":0.15354},
{"Node_id":33065,"weight":0.048699997},
{"Node_id":33068,"weight":0.0306},
{"Node_id":33071,"weight":0.13279},
{"Node_id":33073,"weight":0.03801},
{"Node_id":33076,"weight":0.05697},
{"Node_id":33081,"weight":0.057669997},
{"Node_id":33082,"weight":0.32876},
{"Node_id":33084,"weight":0.10611},
{"Node_id":33105,"weight":0.17687},
{"Node_id":33106,"weight":0.16664},
{"Node_id":33107,"weight":0.04883},
{"Node_id":33111,"weight":0.15163},
{"Node_id":33216,"weight":0.20377},
{"Node_id":33220,"weight":0.50294},
{"Node_id":33222,"weight":0.0231},
{"Node_id":33228,"weight":0.0555},
{"Node_id":33229,"weight":0.062480003},
{"Node_id":33232,"weight":0.08823},
{"Node_id":33265,"weight":0.00696},
{"Node_id":33266,"weight":0.20785001},
{"Node_id":33267,"weight":0.06402},
{"Node_id":33269,"weight":0.02351},
{"Node_id":33270,"weight":0.122930005},
{"Node_id":33273,"weight":0.02696},
{"Node_id":33277,"weight":0.09544},
{"Node_id":33278,"weight":0.16135},
{"Node_id":33279,"weight":0.15575},
{"Node_id":33281,"weight":0.115269996},
{"Node_id":33283,"weight":0.013619999},
{"Node_id":33284,"weight":0.1575},
{"Node_id":33288,"weight":0.18983},
{"Node_id":33290,"weight":0.20615001},
{"Node_id":33292,"weight":0.22576001},
{"Node_id":33293,"weight":0.16405},
{"Node_id":33321,"weight":0.02509},
{"Node_id":33991,"weight":0.16121},
{"Node_id":34078,"weight":0.03335},
{"Node_id":34086,"weight":0.18782},
{"Node_id":34087,"weight":0.058450002},
{"Node_id":34089,"weight":0.052539997},
{"Node_id":34092,"weight":0.11336},
{"Node_id":34094,"weight":0.06327},
{"Node_id":34095,"weight":0.11282001},
{"Node_id":34102,"weight":0.0227},
{"Node_id":34107,"weight":0.04566},
{"Node_id":34109,"weight":0.10237},
{"Node_id":34112,"weight":0.23136},
{"Node_id":34114,"weight":0.08891},
{"Node_id":34118,"weight":0.06771},
{"Node_id":34120,"weight":0.01314},
{"Node_id":34124,"weight":0.044940002},
{"Node_id":34128,"weight":0.06442},
{"Node_id":34130,"weight":0.07676},
{"Node_id":34131,"weight":0.07852},
{"Node_id":34132,"weight":8.8E-4},
{"Node_id":34133,"weight":0.119200006},
{"Node_id":34134,"weight":0.10408},
{"Node_id":34138,"weight":0.02144},
{"Node_id":34140,"weight":0.31296998},
{"Node_id":34221,"weight":0.16575},
{"Node_id":34222,"weight":0.17051001},
{"Node_id":34223,"weight":0.46683997},
{"Node_id":34225,"weight":0.26321},
{"Node_id":34226,"weight":0.03191},
{"Node_id":34227,"weight":0.24824},
{"Node_id":34229,"weight":0.21654001},
{"Node_id":34231,"weight":0.10585},
{"Node_id":34279,"weight":0.062480003},
{"Node_id":34282,"weight":0.22402},
{"Node_id":34325,"weight":0.1372},
{"Node_id":34327,"weight":0.1145},
{"Node_id":34328,"weight":0.07141},
{"Node_id":34329,"weight":0.00444},
{"Node_id":34330,"weight":0.19161001},
{"Node_id":34402,"weight":0.22298999},
{"Node_id":34411,"weight":0.13807},
{"Node_id":34412,"weight":0.17283},
{"Node_id":34413,"weight":0.07671},
{"Node_id":34414,"weight":0.013420001},
{"Node_id":34415,"weight":0.0162},
{"Node_id":34419,"weight":0.16405},
{"Node_id":34428,"weight":0.13926001},
{"Node_id":34429,"weight":0.035120003},
{"Node_id":34430,"weight":0.109280005},
{"Node_id":34432,"weight":0.21774001},
{"Node_id":34433,"weight":0.07295},
{"Node_id":34442,"weight":0.08463},
{"Node_id":34444,"weight":0.153},
{"Node_id":34447,"weight":0.25327},
{"Node_id":34448,"weight":0.12639001},
{"Node_id":34449,"weight":0.080290005},
{"Node_id":34450,"weight":0.35582},
{"Node_id":34451,"weight":0.062480003},
{"Node_id":34452,"weight":0.11292},
{"Node_id":34453,"weight":0.1726},
{"Node_id":34455,"weight":0.14429},
{"Node_id":34456,"weight":0.23160999},
{"Node_id":34458,"weight":0.0568},
{"Node_id":34466,"weight":0.02221},
{"Node_id":34467,"weight":0.08703},
{"Node_id":34471,"weight":0.21568},
{"Node_id":34472,"weight":0.08449},
{"Node_id":34473,"weight":0.0052},
{"Node_id":34589,"weight":0.16215},
{"Node_id":34594,"weight":0.17955},
{"Node_id":34595,"weight":0.10585},
{"Node_id":34598,"weight":0.03146},
{"Node_id":34600,"weight":0.01547},
{"Node_id":34607,"weight":0.33652002},
{"Node_id":34608,"weight":0.09659},
{"Node_id":34654,"weight":0.04251},
{"Node_id":34655,"weight":0.086500004},
{"Node_id":34672,"weight":0.07875},
{"Node_id":34673,"weight":0.0039999997},
{"Node_id":34690,"weight":0.29508},
{"Node_id":34698,"weight":0.09321},
{"Node_id":34719,"weight":0.00324},
{"Node_id":34720,"weight":0.05417},
{"Node_id":34721,"weight":0.0037999998},
{"Node_id":34722,"weight":0.071270004},
{"Node_id":34725,"weight":0.105900005},
{"Node_id":34726,"weight":0.11859},
{"Node_id":34837,"weight":0.08731},
{"Node_id":34838,"weight":0.05749},
{"Node_id":34840,"weight":0.05915},
{"Node_id":34841,"weight":0.32178},
{"Node_id":34850,"weight":0.110819995},
{"Node_id":34851,"weight":0.050019998},
{"Node_id":34875,"weight":0.27166},
{"Node_id":34876,"weight":0.44191998},
{"Node_id":34881,"weight":0.115380004},
{"Node_id":34882,"weight":0.18178001},
{"Node_id":34890,"weight":0.106630005},
{"Node_id":34892,"weight":0.00588},
{"Node_id":34893,"weight":0.06937},
{"Node_id":34895,"weight":0.14901},
{"Node_id":34898,"weight":0.13547},
{"Node_id":34899,"weight":0.093159996},
{"Node_id":34903,"weight":0.15541},
{"Node_id":34904,"weight":0.15899},
{"Node_id":34908,"weight":0.05915},
{"Node_id":34909,"weight":0.00304},
{"Node_id":34911,"weight":0.15252},
{"Node_id":34913,"weight":0.21774001},
{"Node_id":34915,"weight":0.15068999},
{"Node_id":34917,"weight":0.12100001},
{"Node_id":34918,"weight":0.04309},
{"Node_id":34919,"weight":0.41318002},
{"Node_id":34921,"weight":0.47473997},
{"Node_id":34923,"weight":0.015829999},
{"Node_id":34925,"weight":0.09346},
{"Node_id":34931,"weight":0.03938},
{"Node_id":34932,"weight":0.0045600003},
{"Node_id":34933,"weight":0.31272},
{"Node_id":34936,"weight":0.03747},
{"Node_id":34937,"weight":0.14835},
{"Node_id":34939,"weight":0.05702},
{"Node_id":34941,"weight":0.011770001},
{"Node_id":34942,"weight":0.09164},
{"Node_id":34945,"weight":0.047009997},
{"Node_id":34946,"weight":0.07875},
{"Node_id":34947,"weight":0.01688},
{"Node_id":34950,"weight":0.08993},
{"Node_id":34953,"weight":0.061860003},
{"Node_id":34956,"weight":0.12089},
{"Node_id":34993,"weight":0.01559},
{"Node_id":34997,"weight":0.186},
{"Node_id":35034,"weight":0.06695},
{"Node_id":35035,"weight":0.067},
{"Node_id":35037,"weight":0.00508},
{"Node_id":35043,"weight":0.06098},
{"Node_id":35044,"weight":0.52933},
{"Node_id":35045,"weight":0.2658},
{"Node_id":35046,"weight":0.19773999},
{"Node_id":35047,"weight":0.03942},
{"Node_id":35050,"weight":0.008160001},
{"Node_id":35055,"weight":0.02843},
{"Node_id":35057,"weight":0.08886},
{"Node_id":35059,"weight":0.24368998},
{"Node_id":35064,"weight":0.12558},
{"Node_id":35065,"weight":0.22918999},
{"Node_id":35096,"weight":0.28633},
{"Node_id":35098,"weight":0.028760001},
{"Node_id":35102,"weight":0.31498},
{"Node_id":35107,"weight":0.043849997},
{"Node_id":35112,"weight":0.0315},
{"Node_id":35116,"weight":0.08349},
{"Node_id":35117,"weight":0.06678},
{"Node_id":35119,"weight":0.07945},
{"Node_id":35120,"weight":0.13123},
{"Node_id":35203,"weight":0.29423},
{"Node_id":35204,"weight":0.38567},
{"Node_id":35205,"weight":0.23002999},
{"Node_id":35209,"weight":0.25137},
{"Node_id":35211,"weight":0.033469997},
{"Node_id":35212,"weight":0.01218},
{"Node_id":35214,"weight":0.05309},
{"Node_id":35217,"weight":0.22483},
{"Node_id":35220,"weight":0.008649999},
{"Node_id":35222,"weight":0.09759},
{"Node_id":35226,"weight":0.01471},
{"Node_id":35227,"weight":0.14500001},
{"Node_id":35228,"weight":0.12253},
{"Node_id":35233,"weight":0.11881},
{"Node_id":35234,"weight":0.21807},
{"Node_id":35236,"weight":0.14014},
{"Node_id":35237,"weight":0.077920005},
{"Node_id":35239,"weight":0.00488},
{"Node_id":35241,"weight":0.06508},
{"Node_id":35242,"weight":0.14274},
{"Node_id":35247,"weight":0.29487},
{"Node_id":35252,"weight":0.14967999},
{"Node_id":35290,"weight":0.04811},
{"Node_id":35291,"weight":0.13358},
{"Node_id":35293,"weight":0.19615},
{"Node_id":35298,"weight":0.08478},
{"Node_id":35301,"weight":0.0781},
{"Node_id":35302,"weight":0.00128},
{"Node_id":35305,"weight":0.12552},
{"Node_id":35306,"weight":0.06111},
{"Node_id":35307,"weight":0.04021},
{"Node_id":35308,"weight":0.15259},
{"Node_id":35313,"weight":0.083399996},
{"Node_id":35314,"weight":0.071679994},
{"Node_id":35315,"weight":0.18371001},
{"Node_id":35316,"weight":0.113900006},
{"Node_id":35330,"weight":0.08857},
{"Node_id":35338,"weight":0.09095},
{"Node_id":35341,"weight":0.02359},
{"Node_id":35343,"weight":0.00284},
{"Node_id":35458,"weight":0.13034001},
{"Node_id":35539,"weight":0.08703},
{"Node_id":35541,"weight":0.05871},
{"Node_id":35571,"weight":0.10366},
{"Node_id":35573,"weight":0.28285998},
{"Node_id":35682,"weight":0.00156},
{"Node_id":35684,"weight":0.39072},
{"Node_id":35686,"weight":0.01017},
{"Node_id":35690,"weight":0.06673},
{"Node_id":35693,"weight":0.1397},
{"Node_id":35698,"weight":0.16464},
{"Node_id":35699,"weight":0.06575},
{"Node_id":35728,"weight":0.0876},
{"Node_id":35781,"weight":0.02112},
{"Node_id":35782,"weight":0.04912},
{"Node_id":35783,"weight":0.07186},
{"Node_id":35784,"weight":0.019140001},
{"Node_id":35795,"weight":0.108},
{"Node_id":35796,"weight":0.08511},
{"Node_id":35798,"weight":0.10848},
{"Node_id":35802,"weight":0.01218},
{"Node_id":35804,"weight":0.01547},
{"Node_id":35806,"weight":0.05057},
{"Node_id":35817,"weight":0.51100004},
{"Node_id":35821,"weight":0.24533},
{"Node_id":35823,"weight":0.15721999},
{"Node_id":35825,"weight":0.089389995},
{"Node_id":35826,"weight":0.0465},
{"Node_id":35828,"weight":0.14474},
{"Node_id":35842,"weight":0.20019},
{"Node_id":35845,"weight":0.03154},
{"Node_id":35848,"weight":0.00148},
{"Node_id":35849,"weight":0.19652},
{"Node_id":35868,"weight":0.04201},
{"Node_id":35871,"weight":0.21610999},
{"Node_id":35872,"weight":0.12517},
{"Node_id":35874,"weight":0.20466001},
{"Node_id":35878,"weight":0.1397},
{"Node_id":35879,"weight":0.15022},
{"Node_id":35884,"weight":0.05155},
{"Node_id":35888,"weight":0.07213},
{"Node_id":35891,"weight":0.19532},
{"Node_id":35894,"weight":0.39604002},
{"Node_id":35896,"weight":0.025619999},
{"Node_id":35898,"weight":0.13141},
{"Node_id":35902,"weight":0.22907},
{"Node_id":35904,"weight":0.22095},
{"Node_id":35907,"weight":0.08833},
{"Node_id":35910,"weight":0.04545},
{"Node_id":35912,"weight":0.13825001},
{"Node_id":35915,"weight":0.5077},
{"Node_id":35916,"weight":0.01636},
{"Node_id":35919,"weight":0.01049},
{"Node_id":35923,"weight":0.06879},
{"Node_id":35924,"weight":7.2E-4},
{"Node_id":35925,"weight":0.03673},
{"Node_id":36052,"weight":0.0125400005},
{"Node_id":36053,"weight":0.08114},
{"Node_id":36055,"weight":0.06168},
{"Node_id":36059,"weight":0.11931},
{"Node_id":36062,"weight":0.086449996},
{"Node_id":36125,"weight":0.13584},
{"Node_id":36246,"weight":0.23124},
{"Node_id":36248,"weight":0.0038400001},
{"Node_id":36249,"weight":0.12465},
{"Node_id":36252,"weight":0.07091},
{"Node_id":36253,"weight":0.07245},
{"Node_id":36256,"weight":0.12111},
{"Node_id":36258,"weight":0.00336},
{"Node_id":36260,"weight":0.083969995},
{"Node_id":36264,"weight":0.118920006},
{"Node_id":36265,"weight":0.01648},
{"Node_id":36267,"weight":0.018649999},
{"Node_id":36272,"weight":0.13596},
{"Node_id":36273,"weight":0.09906},
{"Node_id":36274,"weight":0.118980005},
{"Node_id":36275,"weight":0.26547},
{"Node_id":36278,"weight":0.0504},
{"Node_id":36280,"weight":0.07154},
{"Node_id":36281,"weight":0.39021},
{"Node_id":36292,"weight":0.14828},
{"Node_id":36298,"weight":0.026069999},
{"Node_id":36300,"weight":0.14901},
{"Node_id":36301,"weight":0.18202999},
{"Node_id":36302,"weight":0.28191},
{"Node_id":36303,"weight":0.23247},
{"Node_id":36364,"weight":0.35075},
{"Node_id":36373,"weight":0.15793},
{"Node_id":36374,"weight":0.06897},
{"Node_id":36375,"weight":0.2877},
{"Node_id":36377,"weight":0.05155},
{"Node_id":36379,"weight":0.067760006},
{"Node_id":36382,"weight":0.09296},
{"Node_id":36384,"weight":0.03607},
{"Node_id":36386,"weight":0.055760004},
{"Node_id":36389,"weight":0.02599},
{"Node_id":36392,"weight":0.32397002},
{"Node_id":36393,"weight":0.02233},
{"Node_id":36394,"weight":0.21418},
{"Node_id":36396,"weight":0.02814},
{"Node_id":36399,"weight":0.16732},
{"Node_id":36401,"weight":0.04263},
{"Node_id":36402,"weight":0.04126},
{"Node_id":36460,"weight":0.15856001},
{"Node_id":36461,"weight":0.17703},
{"Node_id":36465,"weight":0.0259},
{"Node_id":36532,"weight":0.19277},
{"Node_id":36533,"weight":0.28171998},
{"Node_id":36545,"weight":0.42259997},
{"Node_id":36548,"weight":0.110020004},
{"Node_id":36762,"weight":0.07227},
{"Node_id":36763,"weight":0.03351},
{"Node_id":36767,"weight":0.029210001},
{"Node_id":36768,"weight":0.17623},
{"Node_id":36769,"weight":0.22072999},
{"Node_id":36773,"weight":0.28362},
{"Node_id":36819,"weight":0.09455},
{"Node_id":36826,"weight":0.30207},
{"Node_id":36828,"weight":0.25897998},
{"Node_id":36831,"weight":0.05275},
{"Node_id":36833,"weight":0.17687},
{"Node_id":36839,"weight":0.00977},
{"Node_id":36840,"weight":0.08269},
{"Node_id":36882,"weight":0.25549},
{"Node_id":36885,"weight":0.22955},
{"Node_id":36888,"weight":0.0112499995},
{"Node_id":36890,"weight":0.17503999},
{"Node_id":36892,"weight":0.10684},
{"Node_id":36948,"weight":0.01515},
{"Node_id":36950,"weight":0.00324},
{"Node_id":36952,"weight":0.62126005},
{"Node_id":36953,"weight":0.075840004},
{"Node_id":36968,"weight":0.027129998},
{"Node_id":36973,"weight":0.02786},
{"Node_id":36991,"weight":0.02655},
{"Node_id":36992,"weight":0.053179998},
{"Node_id":36993,"weight":0.12179001},
{"Node_id":36994,"weight":0.55689},
{"Node_id":36998,"weight":0.31472},
{"Node_id":36999,"weight":0.07409},
{"Node_id":37000,"weight":0.01442},
{"Node_id":37002,"weight":0.0315},
{"Node_id":37003,"weight":0.03607},
{"Node_id":37008,"weight":0.20328},
{"Node_id":37010,"weight":0.070099995},
{"Node_id":37048,"weight":0.0038400001},
{"Node_id":37079,"weight":0.15082},
{"Node_id":37081,"weight":0.04794},
{"Node_id":37161,"weight":0.08631},
{"Node_id":37190,"weight":0.20695},
{"Node_id":37191,"weight":0.27931002},
{"Node_id":37192,"weight":0.21418},
{"Node_id":37193,"weight":0.00752},
{"Node_id":37228,"weight":0.01575},
{"Node_id":37234,"weight":0.07118},
{"Node_id":37235,"weight":0.03277},
{"Node_id":37238,"weight":0.27894002},
{"Node_id":37239,"weight":0.03252},
{"Node_id":37252,"weight":0.17623},
{"Node_id":37254,"weight":0.12998},
{"Node_id":37279,"weight":0.02241},
{"Node_id":37283,"weight":0.23775999},
{"Node_id":37284,"weight":0.02974},
{"Node_id":37286,"weight":0.03458},
{"Node_id":37290,"weight":0.103719994},
{"Node_id":37292,"weight":0.1172},
{"Node_id":37416,"weight":0.08731},
{"Node_id":37417,"weight":0.16739},
{"Node_id":37418,"weight":0.03117},
{"Node_id":37458,"weight":0.1465},
{"Node_id":37459,"weight":0.00937},
{"Node_id":37460,"weight":0.080010004},
{"Node_id":37461,"weight":0.10585},
{"Node_id":37462,"weight":0.45751},
{"Node_id":37465,"weight":0.18816},
{"Node_id":37466,"weight":0.05468},
{"Node_id":37467,"weight":0.02896},
{"Node_id":37473,"weight":0.01487},
{"Node_id":37474,"weight":0.01386},
{"Node_id":37475,"weight":0.051340003},
{"Node_id":37480,"weight":0.09619},
{"Node_id":37481,"weight":0.17159},
{"Node_id":37482,"weight":0.09639},
{"Node_id":37484,"weight":0.087699994},
{"Node_id":37487,"weight":0.1822},
{"Node_id":37488,"weight":0.00929},
{"Node_id":37489,"weight":0.08549},
{"Node_id":37490,"weight":0.18278},
{"Node_id":37492,"weight":0.35922},
{"Node_id":37493,"weight":0.12797001},
{"Node_id":37494,"weight":0.15068999},
{"Node_id":37495,"weight":0.16397001},
{"Node_id":37496,"weight":0.07341},
{"Node_id":37531,"weight":0.06508},
{"Node_id":37533,"weight":0.22185},
{"Node_id":37540,"weight":0.17647001},
{"Node_id":37542,"weight":0.01688},
{"Node_id":37544,"weight":0.06327},
{"Node_id":37546,"weight":0.19542},
{"Node_id":37549,"weight":0.15109},
{"Node_id":37551,"weight":0.20685},
{"Node_id":37553,"weight":0.057059996},
{"Node_id":37554,"weight":0.12581},
{"Node_id":37557,"weight":0.10933},
{"Node_id":37559,"weight":0.05236},
{"Node_id":37561,"weight":0.13267}]