[{"Node_id":30330,"weight":1.9214},
{"Node_id":30334,"weight":2.184},
{"Node_id":30335,"weight":3.483},
{"Node_id":30336,"weight":2.2799},
{"Node_id":30339,"weight":2.5051},
{"Node_id":30341,"weight":2.3015},
{"Node_id":30342,"weight":2.2634},
{"Node_id":30349,"weight":1.4319},
{"Node_id":30357,"weight":1.6936},
{"Node_id":30382,"weight":1.5736},
{"Node_id":30383,"weight":1.9597},
{"Node_id":30384,"weight":1.9569},
{"Node_id":30385,"weight":1.4474},
{"Node_id":30386,"weight":1.9468},
{"Node_id":30387,"weight":2.0241},
{"Node_id":30390,"weight":1.686},
{"Node_id":30392,"weight":2.6629},
{"Node_id":30393,"weight":3.1026},
{"Node_id":30394,"weight":1.8128},
{"Node_id":30395,"weight":1.4663},
{"Node_id":30396,"weight":2.9465},
{"Node_id":30397,"weight":3.3967},
{"Node_id":30398,"weight":1.5478},
{"Node_id":30399,"weight":1.5743},
{"Node_id":30400,"weight":1.9615},
{"Node_id":30401,"weight":3.5657},
{"Node_id":30408,"weight":1.4371},
{"Node_id":30409,"weight":2.4866},
{"Node_id":30410,"weight":1.7922},
{"Node_id":30411,"weight":1.5259},
{"Node_id":30412,"weight":3.2124},
{"Node_id":30413,"weight":2.5123},
{"Node_id":30414,"weight":1.832},
{"Node_id":30415,"weight":4.7357},
{"Node_id":30416,"weight":1.744},
{"Node_id":30417,"weight":1.748},
{"Node_id":30418,"weight":2.0192},
{"Node_id":30419,"weight":2.0241},
{"Node_id":30420,"weight":1.8643},
{"Node_id":30421,"weight":3.4127},
{"Node_id":30422,"weight":1.7036},
{"Node_id":30423,"weight":2.5852},
{"Node_id":30424,"weight":1.9001},
{"Node_id":30425,"weight":2.0846},
{"Node_id":30426,"weight":3.9713},
{"Node_id":30427,"weight":3.2963},
{"Node_id":30428,"weight":2.0212},
{"Node_id":30429,"weight":1.3976},
{"Node_id":30430,"weight":1.5513},
{"Node_id":30431,"weight":1.8203},
{"Node_id":30432,"weight":1.5492},
{"Node_id":30433,"weight":2.0456},
{"Node_id":30434,"weight":1.7036},
{"Node_id":30435,"weight":2.0595},
{"Node_id":30436,"weight":4.7954},
{"Node_id":30437,"weight":1.4217},
{"Node_id":30438,"weight":1.8421},
{"Node_id":30439,"weight":1.8421},
{"Node_id":30440,"weight":1.4624},
{"Node_id":30441,"weight":3.429},
{"Node_id":30442,"weight":2.764},
{"Node_id":30443,"weight":2.001},
{"Node_id":30444,"weight":1.6353},
{"Node_id":30445,"weight":1.4539},
{"Node_id":30446,"weight":4.219},
{"Node_id":30447,"weight":3.0667},
{"Node_id":30448,"weight":4.226},
{"Node_id":30449,"weight":1.5361},
{"Node_id":30450,"weight":4.226},
{"Node_id":30451,"weight":1.3944},
{"Node_id":30452,"weight":3.562},
{"Node_id":30453,"weight":1.86},
{"Node_id":30454,"weight":1.5458},
{"Node_id":30455,"weight":1.6898},
{"Node_id":30456,"weight":2.9031},
{"Node_id":30457,"weight":2.456},
{"Node_id":30458,"weight":1.5949},
{"Node_id":30462,"weight":1.5638},
{"Node_id":30463,"weight":1.4875},
{"Node_id":30464,"weight":2.7839},
{"Node_id":30465,"weight":1.7583},
{"Node_id":30466,"weight":2.4102},
{"Node_id":30471,"weight":7.6004},
{"Node_id":30472,"weight":1.6034},
{"Node_id":30473,"weight":1.9197},
{"Node_id":30474,"weight":1.5259},
{"Node_id":30475,"weight":1.8421},
{"Node_id":30476,"weight":1.9532},
{"Node_id":30477,"weight":2.1928},
{"Node_id":30478,"weight":1.6493},
{"Node_id":30479,"weight":1.9395},
{"Node_id":30480,"weight":2.3983},
{"Node_id":30481,"weight":2.2634},
{"Node_id":30482,"weight":2.2253},
{"Node_id":30483,"weight":3.9176},
{"Node_id":30484,"weight":2.4369},
{"Node_id":30485,"weight":2.3271},
{"Node_id":30486,"weight":3.1026},
{"Node_id":30487,"weight":1.5764},
{"Node_id":30488,"weight":1.7097},
{"Node_id":30489,"weight":2.7115},
{"Node_id":30494,"weight":1.4261},
{"Node_id":30495,"weight":4.2766},
{"Node_id":30496,"weight":6.0725},
{"Node_id":30497,"weight":3.2397},
{"Node_id":30498,"weight":2.3763},
{"Node_id":30499,"weight":5.2159},
{"Node_id":30500,"weight":2.6006},
{"Node_id":30501,"weight":2.7857},
{"Node_id":30502,"weight":3.3714},
{"Node_id":30503,"weight":1.5666},
{"Node_id":30504,"weight":2.6612},
{"Node_id":30505,"weight":1.886},
{"Node_id":30506,"weight":1.866},
{"Node_id":30507,"weight":1.5327},
{"Node_id":30508,"weight":2.1218},
{"Node_id":30509,"weight":1.5123},
{"Node_id":30510,"weight":3.596},
{"Node_id":30511,"weight":1.7013},
{"Node_id":30512,"weight":2.0348},
{"Node_id":30513,"weight":2.887},
{"Node_id":30514,"weight":2.2287},
{"Node_id":30521,"weight":5.8753},
{"Node_id":30524,"weight":1.6405},
{"Node_id":30635,"weight":1.7136},
{"Node_id":30636,"weight":1.6875},
{"Node_id":30637,"weight":3.3227},
{"Node_id":30638,"weight":3.2733},
{"Node_id":30661,"weight":1.854},
{"Node_id":30690,"weight":1.7833},
{"Node_id":30691,"weight":2.5882},
{"Node_id":30692,"weight":1.3919},
{"Node_id":30693,"weight":1.4358},
{"Node_id":30695,"weight":2.983},
{"Node_id":30735,"weight":1.9287},
{"Node_id":30736,"weight":6.0725},
{"Node_id":30741,"weight":3.8766},
{"Node_id":30925,"weight":2.3371},
{"Node_id":30930,"weight":1.4631},
{"Node_id":30961,"weight":2.8172},
{"Node_id":31135,"weight":3.2424},
{"Node_id":31136,"weight":4.0049},
{"Node_id":31138,"weight":4.508},
{"Node_id":31140,"weight":4.3776},
{"Node_id":31143,"weight":1.7167},
{"Node_id":31152,"weight":1.4281},
{"Node_id":31153,"weight":2.0887},
{"Node_id":31386,"weight":2.806},
{"Node_id":31387,"weight":5.077},
{"Node_id":31388,"weight":1.4178},
{"Node_id":31389,"weight":4.1064},
{"Node_id":31390,"weight":2.0695},
{"Node_id":31391,"weight":1.6085},
{"Node_id":31392,"weight":2.2196},
{"Node_id":31393,"weight":1.6027},
{"Node_id":31394,"weight":2.0907},
{"Node_id":31395,"weight":2.9635},
{"Node_id":31396,"weight":3.9549},
{"Node_id":31397,"weight":1.4474},
{"Node_id":31398,"weight":1.7051},
{"Node_id":31399,"weight":2.3996},
{"Node_id":31400,"weight":1.7433},
{"Node_id":31401,"weight":2.1807},
{"Node_id":31402,"weight":2.3866},
{"Node_id":31403,"weight":1.3919},
{"Node_id":31404,"weight":2.0928},
{"Node_id":31408,"weight":1.8481},
{"Node_id":31409,"weight":2.0938},
{"Node_id":31410,"weight":1.9615},
{"Node_id":31411,"weight":2.0299},
{"Node_id":31412,"weight":2.3433},
{"Node_id":31413,"weight":1.7159},
{"Node_id":31414,"weight":2.5504},
{"Node_id":31415,"weight":2.9765},
{"Node_id":31416,"weight":2.5519},
{"Node_id":31417,"weight":1.8523},
{"Node_id":31418,"weight":2.3648},
{"Node_id":31419,"weight":3.2876},
{"Node_id":31422,"weight":1.4481},
{"Node_id":31423,"weight":1.4384},
{"Node_id":31424,"weight":5.2933},
{"Node_id":31425,"weight":1.4313},
{"Node_id":31426,"weight":3.3287},
{"Node_id":31427,"weight":1.9305},
{"Node_id":31428,"weight":4.8078},
{"Node_id":31429,"weight":2.5195},
{"Node_id":31430,"weight":1.3882},
{"Node_id":31431,"weight":3.2151},
{"Node_id":31432,"weight":2.3271},
{"Node_id":31433,"weight":1.6208},
{"Node_id":31434,"weight":4.6469},
{"Node_id":31435,"weight":2.2943},
{"Node_id":31436,"weight":3.4523},
{"Node_id":31437,"weight":1.4617},
{"Node_id":31438,"weight":1.4313},
{"Node_id":31439,"weight":3.0978},
{"Node_id":31440,"weight":1.6142},
{"Node_id":31441,"weight":1.3869},
{"Node_id":31442,"weight":3.0006},
{"Node_id":31443,"weight":2.8691},
{"Node_id":31444,"weight":1.7276},
{"Node_id":31445,"weight":1.3982},
{"Node_id":31446,"weight":1.8869},
{"Node_id":31447,"weight":2.0918},
{"Node_id":31452,"weight":2.7604},
{"Node_id":31453,"weight":1.7647},
{"Node_id":31454,"weight":3.4225},
{"Node_id":31455,"weight":3.1651},
{"Node_id":31456,"weight":2.6482},
{"Node_id":31457,"weight":1.6434},
{"Node_id":31458,"weight":2.6662},
{"Node_id":31459,"weight":1.5204},
{"Node_id":31460,"weight":1.8704},
{"Node_id":31461,"weight":1.4455},
{"Node_id":31462,"weight":1.452},
{"Node_id":31463,"weight":3.6677},
{"Node_id":31464,"weight":2.9722},
{"Node_id":31465,"weight":1.6405},
{"Node_id":31468,"weight":3.511},
{"Node_id":31469,"weight":1.6627},
{"Node_id":31470,"weight":3.1173},
{"Node_id":31471,"weight":2.2752},
{"Node_id":31472,"weight":1.6049},
{"Node_id":31473,"weight":1.6612},
{"Node_id":31474,"weight":2.9786},
{"Node_id":31475,"weight":1.9496},
{"Node_id":31476,"weight":1.7151},
{"Node_id":31479,"weight":1.8037},
{"Node_id":31480,"weight":1.7448},
{"Node_id":31481,"weight":1.9197},
{"Node_id":31482,"weight":2.6369},
{"Node_id":31519,"weight":4.4024},
{"Node_id":31520,"weight":2.1397},
{"Node_id":31521,"weight":1.4822},
{"Node_id":31522,"weight":3.7852},
{"Node_id":31523,"weight":1.9487},
{"Node_id":31524,"weight":2.1218},
{"Node_id":31525,"weight":2.2242},
{"Node_id":31526,"weight":1.9972},
{"Node_id":31527,"weight":5.9496},
{"Node_id":31528,"weight":2.1961},
{"Node_id":31529,"weight":1.86},
{"Node_id":31530,"weight":2.9298},
{"Node_id":31533,"weight":4.1711},
{"Node_id":31534,"weight":2.4142},
{"Node_id":31535,"weight":2.4838},
{"Node_id":31536,"weight":2.4629},
{"Node_id":31537,"weight":3.2676},
{"Node_id":31538,"weight":4.6259},
{"Node_id":31539,"weight":4.5555},
{"Node_id":31540,"weight":1.7865},
{"Node_id":31541,"weight":1.4862},
{"Node_id":31542,"weight":1.8921},
{"Node_id":31543,"weight":1.5055},
{"Node_id":31544,"weight":1.4261},
{"Node_id":31545,"weight":1.7551},
{"Node_id":31546,"weight":1.8652},
{"Node_id":31547,"weight":5.2539},
{"Node_id":31548,"weight":1.4815},
{"Node_id":31549,"weight":1.4287},
{"Node_id":31550,"weight":1.5451},
{"Node_id":31551,"weight":1.6229},
{"Node_id":31552,"weight":4.2051},
{"Node_id":31553,"weight":2.579},
{"Node_id":31554,"weight":1.5885},
{"Node_id":31555,"weight":2.883},
{"Node_id":31556,"weight":1.5361},
{"Node_id":31557,"weight":1.8371},
{"Node_id":31558,"weight":3.4591},
{"Node_id":31559,"weight":2.5654},
{"Node_id":31572,"weight":1.5225},
{"Node_id":31573,"weight":2.2494},
{"Node_id":31574,"weight":2.5669},
{"Node_id":31575,"weight":3.2452},
{"Node_id":31576,"weight":2.8439},
{"Node_id":31577,"weight":2.3371},
{"Node_id":31578,"weight":1.3913},
{"Node_id":31579,"weight":4.3066},
{"Node_id":31580,"weight":2.7712},
{"Node_id":31581,"weight":5.077},
{"Node_id":31582,"weight":1.9386},
{"Node_id":31583,"weight":3.3903},
{"Node_id":31584,"weight":2.7115},
{"Node_id":31585,"weight":1.5764},
{"Node_id":31586,"weight":2.2425},
{"Node_id":31587,"weight":2.0144},
{"Node_id":31588,"weight":1.4955},
{"Node_id":31589,"weight":1.4364},
{"Node_id":31590,"weight":1.7639},
{"Node_id":31591,"weight":4.872},
{"Node_id":31593,"weight":1.4338},
{"Node_id":31595,"weight":2.2967},
{"Node_id":31596,"weight":1.4855},
{"Node_id":31597,"weight":3.0297},
{"Node_id":31598,"weight":1.421},
{"Node_id":31599,"weight":1.9487},
{"Node_id":31600,"weight":2.6434},
{"Node_id":31601,"weight":1.6777},
{"Node_id":31602,"weight":1.5008},
{"Node_id":31603,"weight":2.9765},
{"Node_id":31604,"weight":1.7082},
{"Node_id":31605,"weight":2.4168},
{"Node_id":31606,"weight":6.0725},
{"Node_id":31838,"weight":5.4217},
{"Node_id":31839,"weight":5.5429},
{"Node_id":31840,"weight":2.5534},
{"Node_id":31841,"weight":1.4223},
{"Node_id":31842,"weight":2.2728},
{"Node_id":31843,"weight":3.3377},
{"Node_id":31902,"weight":5.045},
{"Node_id":31903,"weight":3.8766},
{"Node_id":31904,"weight":1.719},
{"Node_id":31905,"weight":1.7354},
{"Node_id":31906,"weight":2.4768},
{"Node_id":31907,"weight":1.7198},
{"Node_id":31908,"weight":2.0416},
{"Node_id":31909,"weight":1.6982},
{"Node_id":31910,"weight":3.6076},
{"Node_id":31911,"weight":3.4523},
{"Node_id":31912,"weight":3.6273},
{"Node_id":31913,"weight":3.7401},
{"Node_id":31914,"weight":2.0338},
{"Node_id":31915,"weight":1.6906},
{"Node_id":31916,"weight":3.6718},
{"Node_id":31917,"weight":2.1418},
{"Node_id":31918,"weight":1.6419},
{"Node_id":31919,"weight":1.8549},
{"Node_id":31920,"weight":2.0212},
{"Node_id":31921,"weight":3.3808},
{"Node_id":31922,"weight":3.8469},
{"Node_id":31923,"weight":3.305},
{"Node_id":31924,"weight":1.4742},
{"Node_id":31925,"weight":1.4881},
{"Node_id":31926,"weight":1.9523},
{"Node_id":31927,"weight":1.5464},
{"Node_id":31928,"weight":2.0575},
{"Node_id":31929,"weight":1.7922},
{"Node_id":31933,"weight":1.615},
{"Node_id":31934,"weight":5.4927},
{"Node_id":31937,"weight":3.7446},
{"Node_id":31940,"weight":3.5075},
{"Node_id":31941,"weight":1.7472},
{"Node_id":31942,"weight":1.4001},
{"Node_id":31943,"weight":3.6885},
{"Node_id":31944,"weight":2.5519},
{"Node_id":31945,"weight":1.8145},
{"Node_id":31946,"weight":3.8372},
{"Node_id":31947,"weight":2.0615},
{"Node_id":31948,"weight":2.0785},
{"Node_id":31949,"weight":2.1654},
{"Node_id":31950,"weight":1.6114},
{"Node_id":31951,"weight":1.812},
{"Node_id":31952,"weight":1.9143},
{"Node_id":31953,"weight":1.7567},
{"Node_id":31954,"weight":2.1862},
{"Node_id":31955,"weight":2.1906},
{"Node_id":31956,"weight":2.7357},
{"Node_id":31957,"weight":2.9465},
{"Node_id":31958,"weight":2.1249},
{"Node_id":31959,"weight":3.6432},
{"Node_id":31960,"weight":5.1441},
{"Node_id":31961,"weight":5.2734},
{"Node_id":31962,"weight":3.0978},
{"Node_id":31963,"weight":3.8132},
{"Node_id":31964,"weight":5.045},
{"Node_id":31965,"weight":2.401},
{"Node_id":31966,"weight":2.101},
{"Node_id":31967,"weight":1.515},
{"Node_id":31968,"weight":2.9072},
{"Node_id":31969,"weight":1.8575},
{"Node_id":31970,"weight":3.0644},
{"Node_id":31971,"weight":3.0366},
{"Node_id":31972,"weight":2.3039},
{"Node_id":31973,"weight":1.7849},
{"Node_id":31974,"weight":3.0184},
{"Node_id":31975,"weight":1.886},
{"Node_id":31976,"weight":2.0038},
{"Node_id":31977,"weight":2.025},
{"Node_id":31988,"weight":2.4329},
{"Node_id":31989,"weight":3.9658},
{"Node_id":31990,"weight":2.5579},
{"Node_id":31991,"weight":2.0192},
{"Node_id":31994,"weight":2.8135},
{"Node_id":31995,"weight":2.8381},
{"Node_id":31996,"weight":2.889},
{"Node_id":31997,"weight":2.0338},
{"Node_id":31998,"weight":3.0667},
{"Node_id":31999,"weight":1.9323},
{"Node_id":32000,"weight":1.7237},
{"Node_id":32001,"weight":1.7599},
{"Node_id":32002,"weight":2.3015},
{"Node_id":32003,"weight":1.4881},
{"Node_id":32004,"weight":1.3988},
{"Node_id":32005,"weight":2.9786},
{"Node_id":32006,"weight":3.3652},
{"Node_id":32007,"weight":2.6337},
{"Node_id":32008,"weight":1.5485},
{"Node_id":32009,"weight":2.5297},
{"Node_id":32010,"weight":1.5327},
{"Node_id":32011,"weight":1.7663},
{"Node_id":32012,"weight":1.9423},
{"Node_id":32013,"weight":1.4422},
{"Node_id":32014,"weight":1.5885},
{"Node_id":32015,"weight":1.5729},
{"Node_id":32016,"weight":1.5306},
{"Node_id":32017,"weight":2.7409},
{"Node_id":32018,"weight":1.8012},
{"Node_id":32019,"weight":4.8588},
{"Node_id":32020,"weight":2.7218},
{"Node_id":32046,"weight":1.6657},
{"Node_id":32047,"weight":1.4052},
{"Node_id":32048,"weight":1.6324},
{"Node_id":32049,"weight":2.8711},
{"Node_id":32050,"weight":5.0933},
{"Node_id":32051,"weight":1.5659},
{"Node_id":32052,"weight":1.4782},
{"Node_id":32053,"weight":2.6761},
{"Node_id":32054,"weight":2.4796},
{"Node_id":32055,"weight":2.6337},
{"Node_id":32056,"weight":5.4927},
{"Node_id":32059,"weight":2.0928},
{"Node_id":32068,"weight":1.4862},
{"Node_id":32069,"weight":1.4435},
{"Node_id":32070,"weight":4.8458},
{"Node_id":32071,"weight":2.1622},
{"Node_id":32072,"weight":1.8253},
{"Node_id":32073,"weight":2.1928},
{"Node_id":32074,"weight":1.587},
{"Node_id":32075,"weight":1.656},
{"Node_id":32076,"weight":2.4684},
{"Node_id":32077,"weight":3.511},
{"Node_id":32078,"weight":1.5368},
{"Node_id":32079,"weight":1.6027},
{"Node_id":32080,"weight":1.733},
{"Node_id":32081,"weight":1.8609},
{"Node_id":32085,"weight":2.3699},
{"Node_id":32086,"weight":2.6928},
{"Node_id":32087,"weight":3.3903},
{"Node_id":32088,"weight":2.2943},
{"Node_id":32092,"weight":2.1376},
{"Node_id":32093,"weight":2.6147},
{"Node_id":32094,"weight":2.0485},
{"Node_id":32095,"weight":1.8438},
{"Node_id":32096,"weight":2.97},
{"Node_id":32097,"weight":4.1513},
{"Node_id":32098,"weight":2.9031},
{"Node_id":32099,"weight":1.5197},
{"Node_id":32100,"weight":3.4356},
{"Node_id":32101,"weight":4.4538},
{"Node_id":32102,"weight":3.2507},
{"Node_id":32103,"weight":1.4775},
{"Node_id":32104,"weight":3.6595},
{"Node_id":32105,"weight":1.4769},
{"Node_id":32106,"weight":4.7832},
{"Node_id":32107,"weight":1.8354},
{"Node_id":32108,"weight":2.7857},
{"Node_id":32109,"weight":3.3468},
{"Node_id":32110,"weight":4.284},
{"Node_id":32111,"weight":1.8643},
{"Node_id":32112,"weight":2.1354},
{"Node_id":32113,"weight":1.8153},
{"Node_id":32117,"weight":2.1774},
{"Node_id":32118,"weight":4.0049},
{"Node_id":32119,"weight":2.9444},
{"Node_id":32120,"weight":2.6466},
{"Node_id":32121,"weight":2.1796},
{"Node_id":32122,"weight":3.3079},
{"Node_id":32123,"weight":3.562},
{"Node_id":32124,"weight":1.6164},
{"Node_id":32125,"weight":1.9915},
{"Node_id":32126,"weight":2.4994},
{"Node_id":32127,"weight":2.6022},
{"Node_id":32128,"weight":1.5603},
{"Node_id":32129,"weight":2.2716},
{"Node_id":32130,"weight":3.3287},
{"Node_id":32131,"weight":1.7543},
{"Node_id":32132,"weight":3.3468},
{"Node_id":32133,"weight":1.9098},
{"Node_id":32134,"weight":1.8078},
{"Node_id":32135,"weight":2.4519},
{"Node_id":32136,"weight":3.3138},
{"Node_id":32137,"weight":2.6434},
{"Node_id":32138,"weight":2.9939},
{"Node_id":32139,"weight":1.8379},
{"Node_id":32140,"weight":1.7711},
{"Node_id":32141,"weight":3.0072},
{"Node_id":32142,"weight":1.5485},
{"Node_id":32143,"weight":1.4585},
{"Node_id":32144,"weight":3.1222},
{"Node_id":32146,"weight":2.6321},
{"Node_id":32148,"weight":3.5694},
{"Node_id":32149,"weight":3.1026},
{"Node_id":32150,"weight":2.4315},
{"Node_id":32151,"weight":1.4868},
{"Node_id":32152,"weight":1.6785},
{"Node_id":32153,"weight":2.2576},
{"Node_id":32154,"weight":3.1625},
{"Node_id":32155,"weight":1.827},
{"Node_id":32156,"weight":2.3814},
{"Node_id":32157,"weight":2.6761},
{"Node_id":32158,"weight":1.7988},
{"Node_id":32159,"weight":5.9118},
{"Node_id":32160,"weight":2.4342},
{"Node_id":32161,"weight":1.4461},
{"Node_id":32162,"weight":3.4356},
{"Node_id":32178,"weight":1.4982},
{"Node_id":32179,"weight":2.3827},
{"Node_id":32180,"weight":2.1514},
{"Node_id":32181,"weight":1.421},
{"Node_id":32182,"weight":4.2546},
{"Node_id":32183,"weight":2.889},
{"Node_id":32184,"weight":2.6162},
{"Node_id":32185,"weight":1.5899},
{"Node_id":32186,"weight":1.4941},
{"Node_id":32187,"weight":4.508},
{"Node_id":32188,"weight":2.9984},
{"Node_id":32189,"weight":2.2084},
{"Node_id":32190,"weight":2.6401},
{"Node_id":32191,"weight":3.105},
{"Node_id":32192,"weight":2.1145},
{"Node_id":32193,"weight":2.1197},
{"Node_id":32194,"weight":1.9161},
{"Node_id":32231,"weight":2.1145},
{"Node_id":32232,"weight":1.7105},
{"Node_id":32233,"weight":2.1239},
{"Node_id":32234,"weight":1.8834},
{"Node_id":32235,"weight":2.7115},
{"Node_id":32236,"weight":2.3597},
{"Node_id":32237,"weight":1.6383},
{"Node_id":32238,"weight":1.4624},
{"Node_id":32239,"weight":3.6392},
{"Node_id":32240,"weight":1.7338},
{"Node_id":32241,"weight":4.3776},
{"Node_id":32242,"weight":1.7089},
{"Node_id":32243,"weight":1.4789},
{"Node_id":32244,"weight":3.2591},
{"Node_id":32245,"weight":3.3871},
{"Node_id":32246,"weight":2.9277},
{"Node_id":32247,"weight":4.5653},
{"Node_id":32248,"weight":3.2178},
{"Node_id":32249,"weight":2.321},
{"Node_id":32250,"weight":2.2073},
{"Node_id":32251,"weight":1.5779},
{"Node_id":32252,"weight":3.8085},
{"Node_id":32253,"weight":1.6186},
{"Node_id":32254,"weight":6.8113},
{"Node_id":32255,"weight":1.6179},
{"Node_id":32256,"weight":1.7377},
{"Node_id":32257,"weight":2.4588},
{"Node_id":32258,"weight":1.6478},
{"Node_id":32259,"weight":1.5231},
{"Node_id":32260,"weight":2.342},
{"Node_id":32261,"weight":1.4644},
{"Node_id":32262,"weight":2.0595},
{"Node_id":32263,"weight":2.2681},
{"Node_id":32265,"weight":1.5109},
{"Node_id":32266,"weight":2.4519},
{"Node_id":32267,"weight":1.7105},
{"Node_id":32270,"weight":3.3871},
{"Node_id":32271,"weight":1.5807},
{"Node_id":32272,"weight":2.7586},
{"Node_id":32273,"weight":2.885},
{"Node_id":32274,"weight":4.5653},
{"Node_id":32275,"weight":3.3683},
{"Node_id":32276,"weight":2.7374},
{"Node_id":32279,"weight":2.0485},
{"Node_id":32280,"weight":1.8261},
{"Node_id":32281,"weight":2.9593},
{"Node_id":32282,"weight":2.0565},
{"Node_id":32283,"weight":2.5123},
{"Node_id":32284,"weight":1.4121},
{"Node_id":32285,"weight":2.2061},
{"Node_id":32286,"weight":1.7136},
{"Node_id":32287,"weight":2.2799},
{"Node_id":32288,"weight":1.7182},
{"Node_id":32289,"weight":1.6486},
{"Node_id":32290,"weight":3.5435},
{"Node_id":32291,"weight":2.0605},
{"Node_id":32292,"weight":3.6233},
{"Node_id":32295,"weight":2.6242},
{"Node_id":32296,"weight":1.5771},
{"Node_id":32297,"weight":1.5402},
{"Node_id":32298,"weight":3.2591},
{"Node_id":32299,"weight":1.6754},
{"Node_id":32300,"weight":1.5238},
{"Node_id":32301,"weight":2.0096},
{"Node_id":32302,"weight":2.8381},
{"Node_id":32303,"weight":2.1155},
{"Node_id":32304,"weight":1.5687},
{"Node_id":32305,"weight":1.4014},
{"Node_id":32306,"weight":1.7417},
{"Node_id":32307,"weight":2.3699},
{"Node_id":32308,"weight":2.0029},
{"Node_id":32309,"weight":1.4962},
{"Node_id":32310,"weight":1.6078},
{"Node_id":32311,"weight":1.7857},
{"Node_id":32312,"weight":3.562},
{"Node_id":32313,"weight":2.8633},
{"Node_id":32317,"weight":1.9259},
{"Node_id":32318,"weight":2.6662},
{"Node_id":32319,"weight":3.5326},
{"Node_id":32320,"weight":4.0163},
{"Node_id":32321,"weight":3.226},
{"Node_id":32322,"weight":1.7051},
{"Node_id":32323,"weight":2.9113},
{"Node_id":32324,"weight":1.8913},
{"Node_id":32327,"weight":1.6085},
{"Node_id":32328,"weight":1.5999},
{"Node_id":32329,"weight":3.0738},
{"Node_id":32330,"weight":1.5878},
{"Node_id":32422,"weight":3.0117},
{"Node_id":32423,"weight":2.2907},
{"Node_id":32424,"weight":1.4868},
{"Node_id":32425,"weight":1.4396},
{"Node_id":32426,"weight":2.4437},
{"Node_id":32427,"weight":2.0038},
{"Node_id":32428,"weight":3.5398},
{"Node_id":32429,"weight":1.8379},
{"Node_id":32430,"weight":1.3907},
{"Node_id":32431,"weight":3.0786},
{"Node_id":32432,"weight":4.0049},
{"Node_id":32433,"weight":3.4969},
{"Node_id":32434,"weight":1.7841},
{"Node_id":32435,"weight":2.4966},
{"Node_id":32436,"weight":4.9126},
{"Node_id":32437,"weight":3.562},
{"Node_id":32438,"weight":4.9548},
{"Node_id":32439,"weight":4.7592},
{"Node_id":32440,"weight":2.1873},
{"Node_id":32441,"weight":2.2219},
{"Node_id":32442,"weight":1.789},
{"Node_id":32443,"weight":2.0367},
{"Node_id":32451,"weight":1.4572},
{"Node_id":32555,"weight":2.4994},
{"Node_id":32556,"weight":5.4448},
{"Node_id":32557,"weight":1.7988},
{"Node_id":32558,"weight":1.6412},
{"Node_id":32559,"weight":1.4802},
{"Node_id":32560,"weight":1.4683},
{"Node_id":32561,"weight":4.0634},
{"Node_id":32562,"weight":2.895},
{"Node_id":32563,"weight":3.3347},
{"Node_id":32564,"weight":1.6508},
{"Node_id":32565,"weight":3.3777},
{"Node_id":32566,"weight":2.9072},
{"Node_id":32567,"weight":1.4178},
{"Node_id":32568,"weight":2.4881},
{"Node_id":32569,"weight":2.3788},
{"Node_id":32570,"weight":2.9614},
{"Node_id":32571,"weight":1.6664},
{"Node_id":32572,"weight":1.7963},
{"Node_id":32573,"weight":1.9143},
{"Node_id":32574,"weight":1.6523},
{"Node_id":32575,"weight":1.6538},
{"Node_id":32576,"weight":1.9036},
{"Node_id":32577,"weight":1.7776},
{"Node_id":32578,"weight":3.3999},
{"Node_id":32579,"weight":2.3584},
{"Node_id":32580,"weight":2.1785},
{"Node_id":32581,"weight":2.5224},
{"Node_id":32582,"weight":2.4601},
{"Node_id":32583,"weight":1.7074},
{"Node_id":32584,"weight":1.8834},
{"Node_id":32585,"weight":1.8921},
{"Node_id":32586,"weight":1.39},
{"Node_id":32587,"weight":2.2106},
{"Node_id":32588,"weight":1.9241},
{"Node_id":32589,"weight":1.6627},
{"Node_id":32590,"weight":3.0667},
{"Node_id":32591,"weight":2.0605},
{"Node_id":32592,"weight":2.2895},
{"Node_id":32593,"weight":1.43},
{"Node_id":32594,"weight":2.4698},
{"Node_id":32595,"weight":2.7694},
{"Node_id":32596,"weight":1.6982},
{"Node_id":32597,"weight":2.4505},
{"Node_id":32598,"weight":2.8305},
{"Node_id":32599,"weight":1.7825},
{"Node_id":32652,"weight":1.702},
{"Node_id":32653,"weight":1.9152},
{"Node_id":32658,"weight":2.5137},
{"Node_id":32719,"weight":2.9133},
{"Node_id":32720,"weight":1.4185},
{"Node_id":32735,"weight":1.4546},
{"Node_id":32736,"weight":1.6186},
{"Node_id":32737,"weight":2.4754},
{"Node_id":32738,"weight":1.8756},
{"Node_id":32764,"weight":1.4217},
{"Node_id":32765,"weight":1.7647},
{"Node_id":32801,"weight":1.5701},
{"Node_id":32802,"weight":1.8404},
{"Node_id":32919,"weight":1.9532},
{"Node_id":33011,"weight":2.3063},
{"Node_id":33012,"weight":1.6868},
{"Node_id":33014,"weight":1.7825},
{"Node_id":33045,"weight":3.2071},
{"Node_id":33046,"weight":1.7988},
{"Node_id":33048,"weight":1.7043},
{"Node_id":33049,"weight":5.11},
{"Node_id":33141,"weight":3.3529},
{"Node_id":33184,"weight":2.658},
{"Node_id":33185,"weight":2.2657},
{"Node_id":33186,"weight":1.6921},
{"Node_id":33187,"weight":4.1778},
{"Node_id":33188,"weight":1.7711},
{"Node_id":33191,"weight":3.2098},
{"Node_id":33200,"weight":5.9496},
{"Node_id":33201,"weight":2.0407},
{"Node_id":33202,"weight":1.7448},
{"Node_id":33227,"weight":1.5589},
{"Node_id":33228,"weight":2.7098},
{"Node_id":33344,"weight":1.7543},
{"Node_id":33345,"weight":1.9746},
{"Node_id":33418,"weight":1.4729},
{"Node_id":33419,"weight":1.7575},
{"Node_id":33420,"weight":2.936},
{"Node_id":33422,"weight":1.4749},
{"Node_id":33440,"weight":2.4754},
{"Node_id":33441,"weight":2.4302},
{"Node_id":33481,"weight":1.7898},
{"Node_id":33482,"weight":1.7043},
{"Node_id":33483,"weight":1.6612},
{"Node_id":33484,"weight":1.8669},
{"Node_id":33485,"weight":1.6762},
{"Node_id":33486,"weight":2.2208},
{"Node_id":33487,"weight":3.0297},
{"Node_id":33488,"weight":2.4262},
{"Node_id":33489,"weight":2.4155},
{"Node_id":33490,"weight":3.2017},
{"Node_id":33491,"weight":2.4866},
{"Node_id":33492,"weight":2.9939},
{"Node_id":33493,"weight":4.4538},
{"Node_id":33494,"weight":2.1796},
{"Node_id":33495,"weight":1.8523},
{"Node_id":33496,"weight":2.0038},
{"Node_id":33497,"weight":1.9934},
{"Node_id":33498,"weight":1.5652},
{"Node_id":33499,"weight":1.6792},
{"Node_id":33500,"weight":1.561},
{"Node_id":33501,"weight":1.5892},
{"Node_id":33502,"weight":1.6006},
{"Node_id":33503,"weight":1.7377},
{"Node_id":33504,"weight":2.3321},
{"Node_id":33505,"weight":2.0202},
{"Node_id":33506,"weight":4.284},
{"Node_id":33507,"weight":3.4969},
{"Node_id":33508,"weight":1.5736},
{"Node_id":33509,"weight":1.7857},
{"Node_id":33510,"weight":2.3271},
{"Node_id":33511,"weight":1.873},
{"Node_id":33512,"weight":2.0685},
{"Node_id":33513,"weight":1.8506},
{"Node_id":33514,"weight":2.5609},
{"Node_id":33515,"weight":1.6034},
{"Node_id":33517,"weight":3.3808},
{"Node_id":33518,"weight":2.2599},
{"Node_id":33519,"weight":3.6801},
{"Node_id":33520,"weight":5.1441},
{"Node_id":33521,"weight":4.0396},
{"Node_id":33522,"weight":2.1611},
{"Node_id":33523,"weight":4.7832},
{"Node_id":33524,"weight":3.4258},
{"Node_id":33525,"weight":2.6662},
{"Node_id":33526,"weight":2.4208},
{"Node_id":33527,"weight":1.5687},
{"Node_id":33528,"weight":2.8191},
{"Node_id":33529,"weight":1.4935},
{"Node_id":33530,"weight":1.7362},
{"Node_id":33531,"weight":1.7808},
{"Node_id":33532,"weight":2.1503},
{"Node_id":33533,"weight":6.1637},
{"Node_id":33534,"weight":1.9359},
{"Node_id":33535,"weight":3.3287},
{"Node_id":33536,"weight":3.0458},
{"Node_id":33537,"weight":2.1165},
{"Node_id":33538,"weight":1.5022},
{"Node_id":33539,"weight":2.5066},
{"Node_id":33543,"weight":2.4089},
{"Node_id":33544,"weight":1.7615},
{"Node_id":33545,"weight":1.4995},
{"Node_id":33546,"weight":1.9597},
{"Node_id":33547,"weight":2.955},
{"Node_id":33551,"weight":1.6634},
{"Node_id":33597,"weight":1.6883},
{"Node_id":33600,"weight":4.2331},
{"Node_id":33622,"weight":2.1062},
{"Node_id":33623,"weight":1.5949},
{"Node_id":33624,"weight":2.0705},
{"Node_id":33625,"weight":5.1441},
{"Node_id":33626,"weight":1.9018},
{"Node_id":33627,"weight":1.5582},
{"Node_id":33628,"weight":1.9477},
{"Node_id":33629,"weight":3.4095},
{"Node_id":33630,"weight":1.798},
{"Node_id":33631,"weight":3.8132},
{"Node_id":33632,"weight":5.1794},
{"Node_id":33633,"weight":8.1114},
{"Node_id":33634,"weight":3.5732},
{"Node_id":33635,"weight":6.5699},
{"Node_id":33636,"weight":1.8506},
{"Node_id":33637,"weight":3.2098},
{"Node_id":33638,"weight":2.1665},
{"Node_id":33639,"weight":1.6056},
{"Node_id":33640,"weight":4.5653},
{"Node_id":33641,"weight":2.0959},
{"Node_id":33642,"weight":3.1099},
{"Node_id":33643,"weight":2.2907},
{"Node_id":33644,"weight":5.2734},
{"Node_id":33645,"weight":3.8372},
{"Node_id":33646,"weight":1.6649},
{"Node_id":33647,"weight":2.5775},
{"Node_id":33648,"weight":3.0929},
{"Node_id":33649,"weight":1.7036},
{"Node_id":33650,"weight":2.5297},
{"Node_id":33651,"weight":1.917},
{"Node_id":33652,"weight":1.5416},
{"Node_id":33653,"weight":2.5913},
{"Node_id":33654,"weight":2.2006},
{"Node_id":33655,"weight":2.2073},
{"Node_id":33656,"weight":1.7346},
{"Node_id":33657,"weight":1.7252},
{"Node_id":33658,"weight":2.2871},
{"Node_id":33659,"weight":2.375},
{"Node_id":33660,"weight":1.9487},
{"Node_id":33661,"weight":2.5684},
{"Node_id":33662,"weight":2.4221},
{"Node_id":33663,"weight":1.6523},
{"Node_id":33664,"weight":2.1031},
{"Node_id":33665,"weight":1.7607},
{"Node_id":33666,"weight":1.4045},
{"Node_id":33667,"weight":2.3321},
{"Node_id":33668,"weight":3.5146},
{"Node_id":33669,"weight":3.7991},
{"Node_id":33670,"weight":2.5534},
{"Node_id":33671,"weight":2.2028},
{"Node_id":33672,"weight":1.9896},
{"Node_id":33673,"weight":1.8843},
{"Node_id":33674,"weight":2.8381},
{"Node_id":33675,"weight":1.5076},
{"Node_id":33676,"weight":2.184},
{"Node_id":33677,"weight":2.0416},
{"Node_id":33678,"weight":3.7579},
{"Node_id":33679,"weight":1.9296},
{"Node_id":33680,"weight":2.1093},
{"Node_id":33681,"weight":2.7876},
{"Node_id":33682,"weight":2.2657},
{"Node_id":33683,"weight":3.1651},
{"Node_id":33684,"weight":4.0163},
{"Node_id":33685,"weight":2.0192},
{"Node_id":33686,"weight":2.6678},
{"Node_id":33687,"weight":2.4768},
{"Node_id":33688,"weight":1.5245},
{"Node_id":33689,"weight":4.7954},
{"Node_id":33690,"weight":1.9896},
{"Node_id":33691,"weight":2.3075},
{"Node_id":33692,"weight":2.5023},
{"Node_id":33693,"weight":1.421},
{"Node_id":33694,"weight":1.7151},
{"Node_id":33695,"weight":1.5575},
{"Node_id":33696,"weight":1.9634},
{"Node_id":33697,"weight":1.4178},
{"Node_id":33698,"weight":4.6469},
{"Node_id":33699,"weight":1.9232},
{"Node_id":33739,"weight":3.1651},
{"Node_id":33755,"weight":2.0231},
{"Node_id":33756,"weight":1.5779},
{"Node_id":33759,"weight":1.597},
{"Node_id":33760,"weight":1.7881},
{"Node_id":33761,"weight":2.474},
{"Node_id":33762,"weight":5.077},
{"Node_id":33763,"weight":2.0887},
{"Node_id":33764,"weight":2.7766},
{"Node_id":33765,"weight":2.5929},
{"Node_id":33771,"weight":3.6843},
{"Node_id":33772,"weight":2.6037},
{"Node_id":33778,"weight":4.7832},
{"Node_id":33787,"weight":3.6233},
{"Node_id":33788,"weight":2.5341},
{"Node_id":33789,"weight":2.6482},
{"Node_id":33790,"weight":2.2095},
{"Node_id":33791,"weight":2.2634},
{"Node_id":33792,"weight":1.653},
{"Node_id":33793,"weight":1.397},
{"Node_id":33794,"weight":2.5166},
{"Node_id":33795,"weight":1.9468},
{"Node_id":33796,"weight":2.0338},
{"Node_id":33797,"weight":1.7528},
{"Node_id":33798,"weight":1.53},
{"Node_id":33873,"weight":1.8128},
{"Node_id":33874,"weight":2.9808},
{"Node_id":33875,"weight":4.2402},
{"Node_id":33876,"weight":1.935},
{"Node_id":33877,"weight":1.6792},
{"Node_id":33878,"weight":3.2591},
{"Node_id":33879,"weight":1.6538},
{"Node_id":33880,"weight":2.1568},
{"Node_id":33881,"weight":3.1781},
{"Node_id":33882,"weight":2.881},
{"Node_id":33883,"weight":1.4848},
{"Node_id":33884,"weight":1.5793},
{"Node_id":33885,"weight":3.1833},
{"Node_id":33886,"weight":2.7857},
{"Node_id":33887,"weight":1.659},
{"Node_id":33888,"weight":1.6754},
{"Node_id":33889,"weight":1.7575},
{"Node_id":33890,"weight":2.2955},
{"Node_id":33891,"weight":2.0202},
{"Node_id":33892,"weight":2.7235},
{"Node_id":33893,"weight":2.1796},
{"Node_id":33894,"weight":2.7339},
{"Node_id":33895,"weight":3.3967},
{"Node_id":33896,"weight":2.4208},
{"Node_id":33897,"weight":1.5652},
{"Node_id":33898,"weight":2.6945},
{"Node_id":33899,"weight":4.1064},
{"Node_id":33900,"weight":1.5715},
{"Node_id":33901,"weight":1.4723},
{"Node_id":33902,"weight":3.0435},
{"Node_id":33903,"weight":1.5259},
{"Node_id":33904,"weight":2.1312},
{"Node_id":33905,"weight":1.5002},
{"Node_id":33906,"weight":6.3182},
{"Node_id":33907,"weight":2.0745},
{"Node_id":33908,"weight":1.4822},
{"Node_id":33909,"weight":1.4848},
{"Node_id":33910,"weight":2.0436},
{"Node_id":33911,"weight":1.9905},
{"Node_id":33912,"weight":2.4852},
{"Node_id":33913,"weight":1.8643},
{"Node_id":33914,"weight":3.1651},
{"Node_id":33915,"weight":3.7357},
{"Node_id":33916,"weight":1.3932},
{"Node_id":33917,"weight":1.4975},
{"Node_id":33918,"weight":1.8037},
{"Node_id":33919,"weight":1.5963},
{"Node_id":33920,"weight":2.5224},
{"Node_id":33921,"weight":3.842},
{"Node_id":33922,"weight":2.1622},
{"Node_id":33923,"weight":1.8515},
{"Node_id":33924,"weight":5.8401},
{"Node_id":33925,"weight":1.6906},
{"Node_id":33926,"weight":1.7736},
{"Node_id":33927,"weight":1.9296},
{"Node_id":33928,"weight":2.7857},
{"Node_id":33929,"weight":2.3546},
{"Node_id":33930,"weight":3.776},
{"Node_id":33931,"weight":4.0694},
{"Node_id":33932,"weight":2.4671},
{"Node_id":33933,"weight":2.173},
{"Node_id":33934,"weight":1.752},
{"Node_id":33935,"weight":2.0038},
{"Node_id":33936,"weight":1.4371},
{"Node_id":33937,"weight":2.7081},
{"Node_id":33938,"weight":1.4835},
{"Node_id":33939,"weight":1.9962},
{"Node_id":33940,"weight":2.727},
{"Node_id":33941,"weight":2.2517},
{"Node_id":33942,"weight":2.3648},
{"Node_id":33943,"weight":3.596},
{"Node_id":33944,"weight":2.6257},
{"Node_id":33945,"weight":2.4275},
{"Node_id":33946,"weight":1.9277},
{"Node_id":33947,"weight":2.3866},
{"Node_id":33948,"weight":5.3992},
{"Node_id":33949,"weight":1.4624},
{"Node_id":33950,"weight":1.5485},
{"Node_id":33951,"weight":2.3395},
{"Node_id":33952,"weight":1.8895},
{"Node_id":33953,"weight":2.4588},
{"Node_id":33954,"weight":2.2799},
{"Node_id":33955,"weight":2.8652},
{"Node_id":33956,"weight":1.5062},
{"Node_id":33957,"weight":1.4881},
{"Node_id":33958,"weight":1.5842},
{"Node_id":33959,"weight":1.4921},
{"Node_id":33960,"weight":1.8078},
{"Node_id":33961,"weight":1.776},
{"Node_id":33962,"weight":3.305},
{"Node_id":33963,"weight":2.5959},
{"Node_id":33964,"weight":1.6974},
{"Node_id":33965,"weight":2.2196},
{"Node_id":33966,"weight":1.4848},
{"Node_id":33967,"weight":2.881},
{"Node_id":33968,"weight":1.7401},
{"Node_id":33969,"weight":2.3234},
{"Node_id":33970,"weight":1.6208},
{"Node_id":33971,"weight":2.6563},
{"Node_id":33972,"weight":1.6486},
{"Node_id":33973,"weight":1.9332},
{"Node_id":33974,"weight":1.8523},
{"Node_id":33975,"weight":2.8229},
{"Node_id":33976,"weight":2.5579},
{"Node_id":33977,"weight":2.6401},
{"Node_id":33998,"weight":2.0907},
{"Node_id":33999,"weight":6.0725},
{"Node_id":34000,"weight":2.8574},
{"Node_id":34001,"weight":1.4178},
{"Node_id":34002,"weight":1.5992},
{"Node_id":34003,"weight":2.1719},
{"Node_id":34004,"weight":1.5035},
{"Node_id":34005,"weight":1.3882},
{"Node_id":34006,"weight":2.2576},
{"Node_id":34007,"weight":3.3652},
{"Node_id":34008,"weight":2.5254},
{"Node_id":34009,"weight":1.7105},
{"Node_id":34010,"weight":4.8458},
{"Node_id":34011,"weight":2.2552},
{"Node_id":34012,"weight":1.3988},
{"Node_id":34013,"weight":1.4172},
{"Node_id":34014,"weight":1.6523},
{"Node_id":34015,"weight":1.7963},
{"Node_id":34016,"weight":4.1002},
{"Node_id":34017,"weight":2.5066},
{"Node_id":34018,"weight":2.5385},
{"Node_id":34019,"weight":2.877},
{"Node_id":34020,"weight":1.9523},
{"Node_id":34021,"weight":2.5714},
{"Node_id":34022,"weight":1.4565},
{"Node_id":34023,"weight":1.744},
{"Node_id":34024,"weight":1.6732},
{"Node_id":34025,"weight":1.798},
{"Node_id":34026,"weight":1.9305},
{"Node_id":34027,"weight":1.4229},
{"Node_id":34028,"weight":1.543},
{"Node_id":34029,"weight":4.1711},
{"Node_id":34030,"weight":2.6711},
{"Node_id":34031,"weight":2.205},
{"Node_id":34032,"weight":3.1347},
{"Node_id":34033,"weight":1.4815},
{"Node_id":34034,"weight":1.752},
{"Node_id":34035,"weight":3.0252},
{"Node_id":34036,"weight":1.6368},
{"Node_id":34037,"weight":2.9593},
{"Node_id":34038,"weight":3.1964},
{"Node_id":34039,"weight":2.0565},
{"Node_id":34040,"weight":1.9296},
{"Node_id":34041,"weight":1.8136},
{"Node_id":34042,"weight":2.2242},
{"Node_id":34043,"weight":2.3571},
{"Node_id":34044,"weight":3.8038},
{"Node_id":34045,"weight":2.0938},
{"Node_id":34046,"weight":2.0745},
{"Node_id":34047,"weight":2.5123},
{"Node_id":34048,"weight":1.5786},
{"Node_id":34049,"weight":1.726},
{"Node_id":34050,"weight":1.4663},
{"Node_id":34051,"weight":2.6563},
{"Node_id":34052,"weight":1.4147},
{"Node_id":34053,"weight":2.9011},
{"Node_id":34054,"weight":5.2347},
{"Node_id":34055,"weight":3.4095},
{"Node_id":34056,"weight":3.4225},
{"Node_id":34057,"weight":1.8557},
{"Node_id":34058,"weight":2.6498},
{"Node_id":34059,"weight":2.1134},
{"Node_id":34060,"weight":2.366},
{"Node_id":34061,"weight":1.9395},
{"Node_id":34062,"weight":3.1859},
{"Node_id":34063,"weight":2.2907},
{"Node_id":34064,"weight":1.8337},
{"Node_id":34065,"weight":1.5652},
{"Node_id":34066,"weight":2.543},
{"Node_id":34067,"weight":5.8061},
{"Node_id":34068,"weight":3.6969},
{"Node_id":34069,"weight":2.1774},
{"Node_id":34070,"weight":1.4795},
{"Node_id":34071,"weight":1.3944},
{"Node_id":34072,"weight":2.3222},
{"Node_id":34073,"weight":1.8012},
{"Node_id":34074,"weight":5.2933},
{"Node_id":34075,"weight":3.3079},
{"Node_id":34076,"weight":4.4278},
{"Node_id":34077,"weight":1.5652},
{"Node_id":34078,"weight":2.5944},
{"Node_id":34079,"weight":2.0856},
{"Node_id":34080,"weight":1.5029},
{"Node_id":34081,"weight":2.8751},
{"Node_id":34082,"weight":1.5361},
{"Node_id":34083,"weight":3.2342},
{"Node_id":34084,"weight":1.9432},
{"Node_id":34085,"weight":1.639},
{"Node_id":34086,"weight":2.0436},
{"Node_id":34089,"weight":5.7105},
{"Node_id":34126,"weight":1.8834},
{"Node_id":34127,"weight":1.6657},
{"Node_id":34128,"weight":2.0918},
{"Node_id":34129,"weight":4.8588},
{"Node_id":34130,"weight":2.9257},
{"Node_id":34131,"weight":3.4323},
{"Node_id":34141,"weight":1.8756},
{"Node_id":34197,"weight":4.1982},
{"Node_id":34198,"weight":3.6392},
{"Node_id":34199,"weight":1.9727},
{"Node_id":34200,"weight":5.7414},
{"Node_id":34201,"weight":3.0929},
{"Node_id":34202,"weight":2.3609},
{"Node_id":34203,"weight":1.7113},
{"Node_id":34204,"weight":1.4268},
{"Node_id":34207,"weight":2.9896},
{"Node_id":34208,"weight":2.0938},
{"Node_id":34209,"weight":3.6718},
{"Node_id":34210,"weight":2.1124},
{"Node_id":34211,"weight":2.5519},
{"Node_id":34212,"weight":2.3445},
{"Node_id":34213,"weight":1.5527},
{"Node_id":34214,"weight":1.752},
{"Node_id":34215,"weight":2.7658},
{"Node_id":34216,"weight":1.9241},
{"Node_id":34217,"weight":1.8506},
{"Node_id":34218,"weight":2.4951},
{"Node_id":34219,"weight":3.3168},
{"Node_id":34220,"weight":1.9368},
{"Node_id":34221,"weight":2.2599},
{"Node_id":34222,"weight":1.8532},
{"Node_id":34223,"weight":2.2379},
{"Node_id":34224,"weight":1.8379},
{"Node_id":34225,"weight":3.6718},
{"Node_id":34226,"weight":1.6317},
{"Node_id":34227,"weight":3.7624},
{"Node_id":34228,"weight":1.5617},
{"Node_id":34229,"weight":1.8566},
{"Node_id":34230,"weight":1.8575},
{"Node_id":34231,"weight":1.6013},
{"Node_id":34233,"weight":3.2648},
{"Node_id":34235,"weight":2.508},
{"Node_id":34236,"weight":1.4198},
{"Node_id":34237,"weight":2.4478},
{"Node_id":34238,"weight":1.4474},
{"Node_id":34239,"weight":3.0229},
{"Node_id":34240,"weight":2.0377},
{"Node_id":34241,"weight":1.5218},
{"Node_id":34474,"weight":4.833},
{"Node_id":34475,"weight":1.5485},
{"Node_id":34476,"weight":2.3063},
{"Node_id":34477,"weight":1.8957},
{"Node_id":34478,"weight":1.8045},
{"Node_id":34479,"weight":3.1422},
{"Node_id":34480,"weight":4.1914},
{"Node_id":34481,"weight":4.3534},
{"Node_id":34482,"weight":1.6302},
{"Node_id":34483,"weight":1.8738},
{"Node_id":34484,"weight":1.5245},
{"Node_id":34485,"weight":5.0294},
{"Node_id":34486,"weight":1.5807},
{"Node_id":34487,"weight":3.8716},
{"Node_id":34488,"weight":2.2907},
{"Node_id":34489,"weight":2.6612},
{"Node_id":34490,"weight":2.2061},
{"Node_id":34491,"weight":1.5218},
{"Node_id":34492,"weight":2.2017},
{"Node_id":34493,"weight":5.3771},
{"Node_id":34494,"weight":2.3918},
{"Node_id":34495,"weight":1.5327},
{"Node_id":34496,"weight":1.5527},
{"Node_id":34497,"weight":2.2448},
{"Node_id":34498,"weight":2.1752},
{"Node_id":34641,"weight":5.2347},
{"Node_id":34642,"weight":1.9606},
{"Node_id":34643,"weight":1.7719},
{"Node_id":34644,"weight":1.4474},
{"Node_id":34645,"weight":2.4768},
{"Node_id":34656,"weight":1.7417},
{"Node_id":34657,"weight":2.9808},
{"Node_id":34658,"weight":4.3534},
{"Node_id":34659,"weight":2.2529},
{"Node_id":34660,"weight":1.4128},
{"Node_id":34661,"weight":1.5992},
{"Node_id":34662,"weight":1.6762},
{"Node_id":34663,"weight":2.0212},
{"Node_id":34664,"weight":3.0389},
{"Node_id":34665,"weight":3.3377},
{"Node_id":34666,"weight":2.1578},
{"Node_id":34710,"weight":2.6337},
{"Node_id":34711,"weight":1.7448},
{"Node_id":34712,"weight":1.6331},
{"Node_id":34713,"weight":2.0397},
{"Node_id":34714,"weight":1.7464},
{"Node_id":34715,"weight":1.9802},
{"Node_id":34716,"weight":2.027},
{"Node_id":34717,"weight":1.5828},
{"Node_id":34718,"weight":3.0504},
{"Node_id":34719,"weight":1.4281},
{"Node_id":34720,"weight":2.1557},
{"Node_id":34721,"weight":1.7881},
{"Node_id":34731,"weight":1.575},
{"Node_id":34732,"weight":2.1884},
{"Node_id":34777,"weight":4.212},
{"Node_id":34778,"weight":3.5326},
{"Node_id":34779,"weight":3.248},
{"Node_id":34780,"weight":1.4526},
{"Node_id":34781,"weight":1.4565},
{"Node_id":34782,"weight":2.1093},
{"Node_id":34820,"weight":2.9917},
{"Node_id":34821,"weight":1.5779},
{"Node_id":34822,"weight":2.1503},
{"Node_id":34823,"weight":1.465},
{"Node_id":34824,"weight":1.9811},
{"Node_id":34825,"weight":1.4526},
{"Node_id":34826,"weight":1.5771},
{"Node_id":34827,"weight":1.8062},
{"Node_id":34828,"weight":2.0125},
{"Node_id":34829,"weight":5.7414},
{"Node_id":34830,"weight":4.1318},
{"Node_id":34831,"weight":2.5371},
{"Node_id":34832,"weight":2.1323},
{"Node_id":34833,"weight":1.4223},
{"Node_id":34834,"weight":4.3858},
{"Node_id":34835,"weight":4.4364},
{"Node_id":34836,"weight":1.4064},
{"Node_id":34837,"weight":1.4533},
{"Node_id":34838,"weight":1.513},
{"Node_id":34839,"weight":1.7036},
{"Node_id":34840,"weight":2.1218},
{"Node_id":34841,"weight":4.4451},
{"Node_id":34842,"weight":1.6538},
{"Node_id":34843,"weight":2.2185},
{"Node_id":34844,"weight":1.7535},
{"Node_id":34845,"weight":2.102},
{"Node_id":34846,"weight":1.397},
{"Node_id":34847,"weight":2.0685},
{"Node_id":34848,"weight":1.8851},
{"Node_id":34849,"weight":1.8379},
{"Node_id":34850,"weight":5.6515},
{"Node_id":34851,"weight":1.8992},
{"Node_id":34852,"weight":1.7939},
{"Node_id":34853,"weight":2.0125},
{"Node_id":34854,"weight":2.5594},
{"Node_id":34855,"weight":1.7244},
{"Node_id":34856,"weight":3.6969},
{"Node_id":34857,"weight":3.1703},
{"Node_id":34858,"weight":1.5184},
{"Node_id":34859,"weight":1.3869},
{"Node_id":34860,"weight":2.1829},
{"Node_id":34861,"weight":2.2196},
{"Node_id":34862,"weight":1.9597},
{"Node_id":34863,"weight":2.8477},
{"Node_id":34864,"weight":1.6694},
{"Node_id":34865,"weight":3.577},
{"Node_id":34866,"weight":2.889},
{"Node_id":34867,"weight":2.885},
{"Node_id":34868,"weight":1.5259},
{"Node_id":34869,"weight":3.8567},
{"Node_id":34870,"weight":3.3079},
{"Node_id":34871,"weight":1.8354},
{"Node_id":34872,"weight":1.7736},
{"Node_id":34873,"weight":3.714},
{"Node_id":34874,"weight":1.8371},
{"Node_id":34875,"weight":2.9808},
{"Node_id":34876,"weight":2.9614},
{"Node_id":34877,"weight":3.4934},
{"Node_id":34878,"weight":1.3882},
{"Node_id":34879,"weight":1.7623},
{"Node_id":34880,"weight":2.3711},
{"Node_id":34881,"weight":1.4313},
{"Node_id":34882,"weight":1.5527},
{"Node_id":34883,"weight":2.2599},
{"Node_id":34884,"weight":2.0029},
{"Node_id":34885,"weight":2.6596},
{"Node_id":34886,"weight":1.9359},
{"Node_id":34887,"weight":2.9381},
{"Node_id":34888,"weight":2.9174},
{"Node_id":34889,"weight":1.6171},
{"Node_id":34890,"weight":1.8103},
{"Node_id":34891,"weight":1.5334},
{"Node_id":34892,"weight":2.887},
{"Node_id":34893,"weight":1.8186},
{"Node_id":34894,"weight":1.9542},
{"Node_id":34905,"weight":1.6785},
{"Node_id":34906,"weight":3.0006},
{"Node_id":34907,"weight":2.1785},
{"Node_id":34908,"weight":3.0786},
{"Node_id":34909,"weight":3.8275},
{"Node_id":34910,"weight":1.7881},
{"Node_id":34911,"weight":3.055},
{"Node_id":34912,"weight":1.9662},
{"Node_id":34913,"weight":2.4671},
{"Node_id":34914,"weight":3.2905},
{"Node_id":34915,"weight":1.901},
{"Node_id":34916,"weight":1.9802},
{"Node_id":34917,"weight":1.9802},
{"Node_id":34918,"weight":7.8236},
{"Node_id":34920,"weight":1.8021},
{"Node_id":34922,"weight":1.6913},
{"Node_id":34923,"weight":2.645},
{"Node_id":34924,"weight":4.0163},
{"Node_id":34925,"weight":1.4915},
{"Node_id":34926,"weight":1.5347},
{"Node_id":34927,"weight":2.6531},
{"Node_id":34928,"weight":2.2611},
{"Node_id":35007,"weight":4.3454},
{"Node_id":35008,"weight":2.8248},
{"Node_id":35011,"weight":2.4994},
{"Node_id":35012,"weight":1.748},
{"Node_id":35013,"weight":1.4855},
{"Node_id":35014,"weight":2.764},
{"Node_id":35015,"weight":1.8721},
{"Node_id":35016,"weight":2.4492},
{"Node_id":35017,"weight":1.8904},
{"Node_id":35018,"weight":1.9783},
{"Node_id":35019,"weight":1.6508},
{"Node_id":35020,"weight":2.1302},
{"Node_id":35021,"weight":2.4356},
{"Node_id":35022,"weight":2.0897},
{"Node_id":35023,"weight":3.1322},
{"Node_id":35024,"weight":1.956},
{"Node_id":35025,"weight":4.5362},
{"Node_id":35026,"weight":2.8574},
{"Node_id":35027,"weight":1.925},
{"Node_id":35028,"weight":3.2314},
{"Node_id":35029,"weight":4.6053},
{"Node_id":35030,"weight":2.7839},
{"Node_id":35031,"weight":1.5177},
{"Node_id":35032,"weight":1.414},
{"Node_id":35033,"weight":1.7496},
{"Node_id":35034,"weight":2.0318},
{"Node_id":35035,"weight":3.2424},
{"Node_id":35036,"weight":1.8756},
{"Node_id":35100,"weight":2.5371},
{"Node_id":35101,"weight":1.414},
{"Node_id":35102,"weight":2.4643},
{"Node_id":35103,"weight":1.8278},
{"Node_id":35131,"weight":1.8128},
{"Node_id":35132,"weight":1.4461},
{"Node_id":35133,"weight":2.0446},
{"Node_id":35134,"weight":2.5821},
{"Node_id":35135,"weight":3.4761},
{"Node_id":35136,"weight":1.5062},
{"Node_id":35137,"weight":2.0989},
{"Node_id":35138,"weight":2.3788},
{"Node_id":35139,"weight":1.5485},
{"Node_id":35140,"weight":4.4108},
{"Node_id":35141,"weight":1.6951},
{"Node_id":35142,"weight":1.827},
{"Node_id":35143,"weight":1.4384},
{"Node_id":35144,"weight":2.7551},
{"Node_id":35145,"weight":1.7409},
{"Node_id":35146,"weight":2.1333},
{"Node_id":35147,"weight":1.9634},
{"Node_id":35148,"weight":1.8111},
{"Node_id":35149,"weight":2.7604},
{"Node_id":35150,"weight":1.5779},
{"Node_id":35151,"weight":4.1383},
{"Node_id":35152,"weight":1.4565},
{"Node_id":35153,"weight":3.6233},
{"Node_id":35154,"weight":1.7599},
{"Node_id":35155,"weight":2.5806},
{"Node_id":35156,"weight":1.4096},
{"Node_id":35157,"weight":3.9072},
{"Node_id":35158,"weight":1.8211},
{"Node_id":35159,"weight":2.5312},
{"Node_id":35160,"weight":1.8037},
{"Node_id":35161,"weight":2.9657},
{"Node_id":35162,"weight":2.6514},
{"Node_id":35163,"weight":1.4229},
{"Node_id":35164,"weight":2.7132},
{"Node_id":35165,"weight":1.8404},
{"Node_id":35166,"weight":1.9332},
{"Node_id":35167,"weight":2.5867},
{"Node_id":35168,"weight":1.6694},
{"Node_id":35169,"weight":4.119},
{"Node_id":35170,"weight":2.4937},
{"Node_id":35171,"weight":3.9992},
{"Node_id":35172,"weight":1.9268},
{"Node_id":35173,"weight":1.4351},
{"Node_id":35174,"weight":1.5361},
{"Node_id":35175,"weight":1.6501},
{"Node_id":35176,"weight":1.9001},
{"Node_id":35177,"weight":3.7401},
{"Node_id":35178,"weight":2.1961},
{"Node_id":35191,"weight":0.1294},
{"Node_id":35192,"weight":1.2721},
{"Node_id":35193,"weight":3.2676},
{"Node_id":35198,"weight":1.4204},
{"Node_id":35199,"weight":0.4561},
{"Node_id":35206,"weight":2.5166},
{"Node_id":35214,"weight":1.6822}]