[{"Inferred_node_ids":[122901],"Node_id":81259},
{"Inferred_node_ids":[122865],"Node_id":81261},
{"Inferred_node_ids":[122846],"Node_id":81262},
{"Inferred_node_ids":[122886],"Node_id":81263},
{"Inferred_node_ids":[122855],"Node_id":81264},
{"Inferred_node_ids":[122894],"Node_id":81265},
{"Inferred_node_ids":[122931],"Node_id":82110},
{"Inferred_node_ids":[122916],"Node_id":82112},
{"Inferred_node_ids":[122869],"Node_id":82113},
{"Inferred_node_ids":[122917],"Node_id":82114},
{"Inferred_node_ids":[122870],"Node_id":82115},
{"Inferred_node_ids":[122909],"Node_id":82285},
{"Inferred_node_ids":[122922],"Node_id":82286},
{"Inferred_node_ids":[122930],"Node_id":82287},
{"Inferred_node_ids":[122942],"Node_id":82288},
{"Inferred_node_ids":[122912],"Node_id":82289},
{"Inferred_node_ids":[122878],"Node_id":82291},
{"Inferred_node_ids":[122893],"Node_id":82293},
{"Inferred_node_ids":[122907],"Node_id":82294},
{"Inferred_node_ids":[122934],"Node_id":82295},
{"Inferred_node_ids":[122950],"Node_id":82296},
{"Inferred_node_ids":[122920],"Node_id":82297},
{"Inferred_node_ids":[122948],"Node_id":82298},
{"Inferred_node_ids":[122906],"Node_id":82299},
{"Inferred_node_ids":[122868],"Node_id":82300},
{"Inferred_node_ids":[122844],"Node_id":82301},
{"Inferred_node_ids":[122899],"Node_id":82302},
{"Inferred_node_ids":[122880],"Node_id":82303},
{"Inferred_node_ids":[122881],"Node_id":82304},
{"Inferred_node_ids":[122885],"Node_id":84735},
{"Inferred_node_ids":[122861],"Node_id":84736},
{"Inferred_node_ids":[122913],"Node_id":84737},
{"Inferred_node_ids":[122936],"Node_id":84738},
{"Inferred_node_ids":[122932],"Node_id":84740},
{"Inferred_node_ids":[122872],"Node_id":87210},
{"Inferred_node_ids":[122858],"Node_id":87211},
{"Inferred_node_ids":[122859],"Node_id":87212},
{"Inferred_node_ids":[122863],"Node_id":87213},
{"Inferred_node_ids":[122943],"Node_id":87214},
{"Inferred_node_ids":[122856],"Node_id":87216},
{"Inferred_node_ids":[122898],"Node_id":87217},
{"Inferred_node_ids":[122938],"Node_id":87248},
{"Inferred_node_ids":[122884],"Node_id":87249},
{"Inferred_node_ids":[122852],"Node_id":87250},
{"Inferred_node_ids":[122889],"Node_id":87251},
{"Inferred_node_ids":[122935],"Node_id":87252},
{"Inferred_node_ids":[122945],"Node_id":87253},
{"Inferred_node_ids":[122854],"Node_id":87254},
{"Inferred_node_ids":[122921],"Node_id":87255},
{"Inferred_node_ids":[122941],"Node_id":87256},
{"Inferred_node_ids":[122860],"Node_id":87257},
{"Inferred_node_ids":[122902],"Node_id":87258},
{"Inferred_node_ids":[122908],"Node_id":87259},
{"Inferred_node_ids":[122940],"Node_id":88253},
{"Inferred_node_ids":[122944],"Node_id":88254},
{"Inferred_node_ids":[122946],"Node_id":105282},
{"Inferred_node_ids":[122875],"Node_id":105283},
{"Inferred_node_ids":[122925],"Node_id":105284},
{"Inferred_node_ids":[122918],"Node_id":105285},
{"Inferred_node_ids":[122947],"Node_id":105286},
{"Inferred_node_ids":[122850],"Node_id":105287},
{"Inferred_node_ids":[122933],"Node_id":105288},
{"Inferred_node_ids":[122928],"Node_id":106133},
{"Inferred_node_ids":[122857],"Node_id":106134},
{"Inferred_node_ids":[122877],"Node_id":106135},
{"Inferred_node_ids":[122911],"Node_id":106136},
{"Inferred_node_ids":[122949],"Node_id":106137},
{"Inferred_node_ids":[122843],"Node_id":106138},
{"Inferred_node_ids":[122897],"Node_id":106308},
{"Inferred_node_ids":[122919],"Node_id":106309},
{"Inferred_node_ids":[122890],"Node_id":106310},
{"Inferred_node_ids":[122929],"Node_id":106312},
{"Inferred_node_ids":[122904],"Node_id":106313},
{"Inferred_node_ids":[122873],"Node_id":106314},
{"Inferred_node_ids":[122927],"Node_id":106315},
{"Inferred_node_ids":[122882],"Node_id":106316},
{"Inferred_node_ids":[122939],"Node_id":106318},
{"Inferred_node_ids":[122876],"Node_id":106319},
{"Inferred_node_ids":[122867],"Node_id":106320},
{"Inferred_node_ids":[122883],"Node_id":106321},
{"Inferred_node_ids":[122851],"Node_id":106322},
{"Inferred_node_ids":[122895],"Node_id":106324},
{"Inferred_node_ids":[122891],"Node_id":106326},
{"Inferred_node_ids":[122848],"Node_id":108757},
{"Inferred_node_ids":[122845],"Node_id":108758},
{"Inferred_node_ids":[122937],"Node_id":108759},
{"Inferred_node_ids":[122853],"Node_id":108760},
{"Inferred_node_ids":[122926],"Node_id":108761},
{"Inferred_node_ids":[122866],"Node_id":108762},
{"Inferred_node_ids":[122903],"Node_id":111232},
{"Inferred_node_ids":[122862],"Node_id":111233},
{"Inferred_node_ids":[122864],"Node_id":111234},
{"Inferred_node_ids":[122887],"Node_id":111235},
{"Inferred_node_ids":[122923],"Node_id":111237},
{"Inferred_node_ids":[122874],"Node_id":111238},
{"Inferred_node_ids":[122910],"Node_id":111239},
{"Inferred_node_ids":[122888],"Node_id":111270},
{"Inferred_node_ids":[122900],"Node_id":111271},
{"Inferred_node_ids":[122896],"Node_id":111272},
{"Inferred_node_ids":[122905],"Node_id":111273},
{"Inferred_node_ids":[122892],"Node_id":111274},
{"Inferred_node_ids":[122847],"Node_id":111275},
{"Inferred_node_ids":[122914],"Node_id":111278},
{"Inferred_node_ids":[122849],"Node_id":111279},
{"Inferred_node_ids":[122879],"Node_id":111280},
{"Inferred_node_ids":[122871],"Node_id":111281},
{"Inferred_node_ids":[122924],"Node_id":112275},
{"Inferred_node_ids":[122915],"Node_id":112276}]