[{"Inferred_node_ids":[103008],"Node_id":55224},
{"Inferred_node_ids":[103050],"Node_id":55225},
{"Inferred_node_ids":[102975],"Node_id":55226},
{"Inferred_node_ids":[102952],"Node_id":55227},
{"Inferred_node_ids":[103026],"Node_id":55228},
{"Inferred_node_ids":[103053],"Node_id":55229},
{"Inferred_node_ids":[102987],"Node_id":55230},
{"Inferred_node_ids":[102969],"Node_id":56075},
{"Inferred_node_ids":[103033],"Node_id":56076},
{"Inferred_node_ids":[103048],"Node_id":56077},
{"Inferred_node_ids":[102961],"Node_id":56078},
{"Inferred_node_ids":[103045],"Node_id":56079},
{"Inferred_node_ids":[102956],"Node_id":56080},
{"Inferred_node_ids":[102976],"Node_id":56250},
{"Inferred_node_ids":[102989],"Node_id":56251},
{"Inferred_node_ids":[102992],"Node_id":56252},
{"Inferred_node_ids":[102959],"Node_id":56253},
{"Inferred_node_ids":[102972],"Node_id":56254},
{"Inferred_node_ids":[102978],"Node_id":56255},
{"Inferred_node_ids":[103038],"Node_id":56256},
{"Inferred_node_ids":[102996],"Node_id":56257},
{"Inferred_node_ids":[103056],"Node_id":56258},
{"Inferred_node_ids":[102955],"Node_id":56259},
{"Inferred_node_ids":[102968],"Node_id":56260},
{"Inferred_node_ids":[103054],"Node_id":56261},
{"Inferred_node_ids":[103002],"Node_id":56262},
{"Inferred_node_ids":[103049],"Node_id":56263},
{"Inferred_node_ids":[102950],"Node_id":56264},
{"Inferred_node_ids":[103022],"Node_id":56265},
{"Inferred_node_ids":[102951],"Node_id":56266},
{"Inferred_node_ids":[103003],"Node_id":56267},
{"Inferred_node_ids":[103044],"Node_id":56268},
{"Inferred_node_ids":[102983],"Node_id":56269},
{"Inferred_node_ids":[102998],"Node_id":58700},
{"Inferred_node_ids":[103041],"Node_id":58701},
{"Inferred_node_ids":[103005],"Node_id":58702},
{"Inferred_node_ids":[103024],"Node_id":58703},
{"Inferred_node_ids":[102970],"Node_id":58704},
{"Inferred_node_ids":[102954],"Node_id":58705},
{"Inferred_node_ids":[103052],"Node_id":61175},
{"Inferred_node_ids":[103027],"Node_id":61176},
{"Inferred_node_ids":[103018],"Node_id":61177},
{"Inferred_node_ids":[103015],"Node_id":61178},
{"Inferred_node_ids":[103017],"Node_id":61179},
{"Inferred_node_ids":[102980],"Node_id":61180},
{"Inferred_node_ids":[102991],"Node_id":61181},
{"Inferred_node_ids":[103035],"Node_id":61182},
{"Inferred_node_ids":[102948],"Node_id":61213},
{"Inferred_node_ids":[102942],"Node_id":61214},
{"Inferred_node_ids":[103019],"Node_id":61215},
{"Inferred_node_ids":[102995],"Node_id":61216},
{"Inferred_node_ids":[102960],"Node_id":61217},
{"Inferred_node_ids":[103011],"Node_id":61218},
{"Inferred_node_ids":[103009],"Node_id":61219},
{"Inferred_node_ids":[103046],"Node_id":61220},
{"Inferred_node_ids":[102977],"Node_id":61221},
{"Inferred_node_ids":[103023],"Node_id":61222},
{"Inferred_node_ids":[103021],"Node_id":61223},
{"Inferred_node_ids":[103007],"Node_id":61224},
{"Inferred_node_ids":[103030],"Node_id":62218},
{"Inferred_node_ids":[102943],"Node_id":62219},
{"Inferred_node_ids":[102981],"Node_id":79247},
{"Inferred_node_ids":[102979],"Node_id":79248},
{"Inferred_node_ids":[102973],"Node_id":79249},
{"Inferred_node_ids":[102963],"Node_id":79250},
{"Inferred_node_ids":[103000],"Node_id":79251},
{"Inferred_node_ids":[103037],"Node_id":79252},
{"Inferred_node_ids":[102982],"Node_id":79253},
{"Inferred_node_ids":[103025],"Node_id":80099},
{"Inferred_node_ids":[102994],"Node_id":80100},
{"Inferred_node_ids":[102974],"Node_id":80101},
{"Inferred_node_ids":[103020],"Node_id":80102},
{"Inferred_node_ids":[103057],"Node_id":80103},
{"Inferred_node_ids":[102984],"Node_id":80273},
{"Inferred_node_ids":[103031],"Node_id":80274},
{"Inferred_node_ids":[102993],"Node_id":80275},
{"Inferred_node_ids":[102997],"Node_id":80276},
{"Inferred_node_ids":[102947],"Node_id":80278},
{"Inferred_node_ids":[103034],"Node_id":80279},
{"Inferred_node_ids":[103013],"Node_id":80281},
{"Inferred_node_ids":[102967],"Node_id":80282},
{"Inferred_node_ids":[102971],"Node_id":80283},
{"Inferred_node_ids":[103001],"Node_id":80284},
{"Inferred_node_ids":[102965],"Node_id":80285},
{"Inferred_node_ids":[103055],"Node_id":80286},
{"Inferred_node_ids":[103036],"Node_id":80287},
{"Inferred_node_ids":[102966],"Node_id":80288},
{"Inferred_node_ids":[102986],"Node_id":80290},
{"Inferred_node_ids":[103040],"Node_id":80291},
{"Inferred_node_ids":[102999],"Node_id":80292},
{"Inferred_node_ids":[103012],"Node_id":82722},
{"Inferred_node_ids":[103042],"Node_id":82723},
{"Inferred_node_ids":[103028],"Node_id":82724},
{"Inferred_node_ids":[103051],"Node_id":82725},
{"Inferred_node_ids":[102985],"Node_id":82726},
{"Inferred_node_ids":[103014],"Node_id":82727},
{"Inferred_node_ids":[103032],"Node_id":85197},
{"Inferred_node_ids":[102957],"Node_id":85198},
{"Inferred_node_ids":[102990],"Node_id":85199},
{"Inferred_node_ids":[103039],"Node_id":85200},
{"Inferred_node_ids":[102958],"Node_id":85201},
{"Inferred_node_ids":[103004],"Node_id":85202},
{"Inferred_node_ids":[102944],"Node_id":85203},
{"Inferred_node_ids":[102945],"Node_id":85204},
{"Inferred_node_ids":[103006],"Node_id":85235},
{"Inferred_node_ids":[102964],"Node_id":85236},
{"Inferred_node_ids":[103029],"Node_id":85237},
{"Inferred_node_ids":[102962],"Node_id":85238},
{"Inferred_node_ids":[102988],"Node_id":85240},
{"Inferred_node_ids":[103016],"Node_id":85242},
{"Inferred_node_ids":[103047],"Node_id":85243},
{"Inferred_node_ids":[102953],"Node_id":85245},
{"Inferred_node_ids":[103043],"Node_id":85246},
{"Inferred_node_ids":[103010],"Node_id":86240},
{"Inferred_node_ids":[102949],"Node_id":86241},
{"Inferred_node_ids":[102946],"Node_id":86242}]