[{"Node_id":10135,"weight":1.9214},
{"Node_id":10139,"weight":2.184},
{"Node_id":10140,"weight":3.483},
{"Node_id":10141,"weight":2.2799},
{"Node_id":10143,"weight":1.9802},
{"Node_id":10144,"weight":2.5051},
{"Node_id":10146,"weight":2.3015},
{"Node_id":10147,"weight":2.2634},
{"Node_id":10148,"weight":2.4994},
{"Node_id":10151,"weight":1.6493},
{"Node_id":10153,"weight":2.0367},
{"Node_id":10154,"weight":1.4319},
{"Node_id":10155,"weight":3.8918},
{"Node_id":10157,"weight":1.8825},
{"Node_id":10161,"weight":2.321},
{"Node_id":10162,"weight":1.6936},
{"Node_id":10167,"weight":2.4195},
{"Node_id":10169,"weight":1.8203},
{"Node_id":10171,"weight":2.184},
{"Node_id":10172,"weight":1.7036},
{"Node_id":10177,"weight":2.7912},
{"Node_id":10183,"weight":3.7945},
{"Node_id":10187,"weight":1.5736},
{"Node_id":10188,"weight":1.9597},
{"Node_id":10190,"weight":1.4474},
{"Node_id":10192,"weight":2.0241},
{"Node_id":10214,"weight":2.4866},
{"Node_id":10217,"weight":3.2124},
{"Node_id":10218,"weight":2.5123},
{"Node_id":10221,"weight":1.744},
{"Node_id":10225,"weight":1.8643},
{"Node_id":10227,"weight":1.7036},
{"Node_id":10228,"weight":2.5852},
{"Node_id":10231,"weight":3.9713},
{"Node_id":10233,"weight":2.0212},
{"Node_id":10234,"weight":1.3976},
{"Node_id":10235,"weight":1.5513},
{"Node_id":10237,"weight":1.5492},
{"Node_id":10238,"weight":2.0456},
{"Node_id":10240,"weight":2.0595},
{"Node_id":10244,"weight":1.8421},
{"Node_id":10246,"weight":3.429},
{"Node_id":10248,"weight":2.001},
{"Node_id":10249,"weight":1.6353},
{"Node_id":10250,"weight":1.4539},
{"Node_id":10251,"weight":4.219},
{"Node_id":10268,"weight":1.5638},
{"Node_id":10272,"weight":2.4102},
{"Node_id":10278,"weight":1.6034},
{"Node_id":10282,"weight":1.9532},
{"Node_id":10283,"weight":2.1928},
{"Node_id":10284,"weight":1.6493},
{"Node_id":10286,"weight":2.3983},
{"Node_id":10291,"weight":2.3271},
{"Node_id":10293,"weight":1.5764},
{"Node_id":10295,"weight":2.7115},
{"Node_id":10301,"weight":4.2766},
{"Node_id":10303,"weight":3.2397},
{"Node_id":10305,"weight":5.2159},
{"Node_id":10309,"weight":1.5666},
{"Node_id":10312,"weight":1.866},
{"Node_id":10314,"weight":2.1218},
{"Node_id":10316,"weight":3.596},
{"Node_id":10319,"weight":2.887},
{"Node_id":10443,"weight":3.3227},
{"Node_id":10985,"weight":2.0887},
{"Node_id":11224,"weight":2.2196},
{"Node_id":11227,"weight":2.9635},
{"Node_id":11228,"weight":3.9549},
{"Node_id":11229,"weight":1.4474},
{"Node_id":11231,"weight":2.3996},
{"Node_id":11232,"weight":1.7433},
{"Node_id":11233,"weight":2.1807},
{"Node_id":11234,"weight":2.3866},
{"Node_id":11235,"weight":1.3919},
{"Node_id":11241,"weight":2.0938},
{"Node_id":11244,"weight":2.3433},
{"Node_id":11247,"weight":2.5504},
{"Node_id":11249,"weight":2.5519},
{"Node_id":11251,"weight":2.3648},
{"Node_id":11255,"weight":1.4481},
{"Node_id":11257,"weight":5.2933},
{"Node_id":11258,"weight":1.4313},
{"Node_id":11260,"weight":1.9305},
{"Node_id":11262,"weight":2.5195},
{"Node_id":11264,"weight":3.2151},
{"Node_id":11265,"weight":2.3271},
{"Node_id":11267,"weight":4.6469},
{"Node_id":11268,"weight":2.2943},
{"Node_id":11269,"weight":3.4523},
{"Node_id":11273,"weight":1.6142},
{"Node_id":11275,"weight":3.0006},
{"Node_id":11287,"weight":3.4225},
{"Node_id":11293,"weight":1.8704},
{"Node_id":11295,"weight":1.452},
{"Node_id":11296,"weight":3.6677},
{"Node_id":11298,"weight":1.6405},
{"Node_id":11302,"weight":1.6627},
{"Node_id":11303,"weight":3.1173},
{"Node_id":11307,"weight":2.9786},
{"Node_id":11309,"weight":1.7151},
{"Node_id":11313,"weight":1.7448},
{"Node_id":11354,"weight":1.4822},
{"Node_id":11355,"weight":3.7852},
{"Node_id":11357,"weight":2.1218},
{"Node_id":11360,"weight":5.9496},
{"Node_id":11361,"weight":2.1961},
{"Node_id":11362,"weight":1.86},
{"Node_id":11366,"weight":4.1711},
{"Node_id":11369,"weight":2.4629},
{"Node_id":11371,"weight":4.6259},
{"Node_id":11372,"weight":4.5555},
{"Node_id":11375,"weight":1.8921},
{"Node_id":11377,"weight":1.4261},
{"Node_id":11381,"weight":1.4815},
{"Node_id":11383,"weight":1.5451},
{"Node_id":11386,"weight":2.579},
{"Node_id":11389,"weight":1.5361},
{"Node_id":11390,"weight":1.8371},
{"Node_id":11392,"weight":2.5654},
{"Node_id":11409,"weight":2.2494},
{"Node_id":11410,"weight":2.5669},
{"Node_id":11412,"weight":2.8439},
{"Node_id":11413,"weight":2.3371},
{"Node_id":11414,"weight":1.3913},
{"Node_id":11416,"weight":2.7712},
{"Node_id":11418,"weight":1.9386},
{"Node_id":11427,"weight":1.4364},
{"Node_id":11434,"weight":1.4855},
{"Node_id":11436,"weight":1.421},
{"Node_id":11438,"weight":2.6434},
{"Node_id":11439,"weight":1.6777},
{"Node_id":11443,"weight":2.4168},
{"Node_id":11676,"weight":5.4217},
{"Node_id":11677,"weight":5.5429},
{"Node_id":11681,"weight":3.3377},
{"Node_id":11749,"weight":5.045},
{"Node_id":11750,"weight":3.8766},
{"Node_id":11752,"weight":1.7354},
{"Node_id":11754,"weight":1.7198},
{"Node_id":11757,"weight":3.6076},
{"Node_id":11759,"weight":3.6273},
{"Node_id":11760,"weight":3.7401},
{"Node_id":11765,"weight":1.6419},
{"Node_id":11767,"weight":2.0212},
{"Node_id":11769,"weight":3.8469},
{"Node_id":11771,"weight":1.4742},
{"Node_id":11772,"weight":1.4881},
{"Node_id":11773,"weight":1.9523},
{"Node_id":11775,"weight":2.0575},
{"Node_id":11776,"weight":1.7922},
{"Node_id":11781,"weight":5.4927},
{"Node_id":11784,"weight":3.7446},
{"Node_id":11787,"weight":3.5075},
{"Node_id":11788,"weight":1.7472},
{"Node_id":11791,"weight":2.5519},
{"Node_id":11793,"weight":3.8372},
{"Node_id":11794,"weight":2.0615},
{"Node_id":11798,"weight":1.812},
{"Node_id":11800,"weight":1.7567},
{"Node_id":11802,"weight":2.1906},
{"Node_id":11804,"weight":2.9465},
{"Node_id":11806,"weight":3.6432},
{"Node_id":11807,"weight":5.1441},
{"Node_id":11809,"weight":3.0978},
{"Node_id":11810,"weight":3.8132},
{"Node_id":11812,"weight":2.401},
{"Node_id":11814,"weight":1.515},
{"Node_id":11815,"weight":2.9072},
{"Node_id":11816,"weight":1.8575},
{"Node_id":11817,"weight":3.0644},
{"Node_id":11819,"weight":2.3039},
{"Node_id":11824,"weight":2.025},
{"Node_id":11836,"weight":3.9658},
{"Node_id":11842,"weight":2.8381},
{"Node_id":11844,"weight":2.0338},
{"Node_id":11846,"weight":1.9323},
{"Node_id":11854,"weight":2.6337},
{"Node_id":11855,"weight":1.5485},
{"Node_id":11856,"weight":2.5297},
{"Node_id":11858,"weight":1.7663},
{"Node_id":11860,"weight":1.4422},
{"Node_id":11862,"weight":1.5729},
{"Node_id":11864,"weight":2.7409},
{"Node_id":11896,"weight":2.8711},
{"Node_id":11898,"weight":1.5659},
{"Node_id":11899,"weight":1.4782},
{"Node_id":11901,"weight":2.4796},
{"Node_id":11903,"weight":5.4927},
{"Node_id":11915,"weight":1.4862},
{"Node_id":11918,"weight":2.1622},
{"Node_id":11919,"weight":1.8253},
{"Node_id":11920,"weight":2.1928},
{"Node_id":11922,"weight":1.656},
{"Node_id":11926,"weight":1.6027},
{"Node_id":11928,"weight":1.8609},
{"Node_id":11933,"weight":2.6928},
{"Node_id":11934,"weight":3.3903},
{"Node_id":11940,"weight":2.6147},
{"Node_id":11944,"weight":4.1513},
{"Node_id":11946,"weight":1.5197},
{"Node_id":11947,"weight":3.4356},
{"Node_id":11948,"weight":4.4538},
{"Node_id":11949,"weight":3.2507},
{"Node_id":11950,"weight":1.4775},
{"Node_id":11951,"weight":3.6595},
{"Node_id":11954,"weight":1.8354},
{"Node_id":11955,"weight":2.7857},
{"Node_id":11958,"weight":1.8643},
{"Node_id":11959,"weight":2.1354},
{"Node_id":11963,"weight":2.5882},
{"Node_id":11967,"weight":2.6466},
{"Node_id":11968,"weight":2.1796},
{"Node_id":11970,"weight":3.562},
{"Node_id":11974,"weight":2.6022},
{"Node_id":11976,"weight":2.2716},
{"Node_id":11978,"weight":1.7543},
{"Node_id":11980,"weight":1.9098},
{"Node_id":11982,"weight":2.4519},
{"Node_id":11984,"weight":2.6434},
{"Node_id":11987,"weight":1.7711},
{"Node_id":11989,"weight":1.5485},
{"Node_id":11991,"weight":3.1222},
{"Node_id":11992,"weight":2.1752},
{"Node_id":11993,"weight":2.6321},
{"Node_id":11994,"weight":2.7183},
{"Node_id":11996,"weight":3.1026},
{"Node_id":12000,"weight":2.2576},
{"Node_id":12001,"weight":3.1625},
{"Node_id":12003,"weight":2.3814},
{"Node_id":12026,"weight":2.3827},
{"Node_id":12027,"weight":2.1514},
{"Node_id":12032,"weight":1.5899},
{"Node_id":12033,"weight":1.4941},
{"Node_id":12035,"weight":2.9984},
{"Node_id":12036,"weight":2.2084},
{"Node_id":12038,"weight":3.105},
{"Node_id":12039,"weight":2.1145},
{"Node_id":12079,"weight":1.7105},
{"Node_id":12080,"weight":2.1239},
{"Node_id":12082,"weight":2.7115},
{"Node_id":12084,"weight":1.6383},
{"Node_id":12086,"weight":3.6392},
{"Node_id":12089,"weight":1.7089},
{"Node_id":12092,"weight":3.3871},
{"Node_id":12093,"weight":2.9277},
{"Node_id":12094,"weight":4.5653},
{"Node_id":12098,"weight":1.5779},
{"Node_id":12099,"weight":3.8085},
{"Node_id":12102,"weight":1.6179},
{"Node_id":12104,"weight":2.4588},
{"Node_id":12105,"weight":1.6478},
{"Node_id":12107,"weight":2.342},
{"Node_id":12110,"weight":2.2681},
{"Node_id":12112,"weight":1.5109},
{"Node_id":12113,"weight":2.4519},
{"Node_id":12114,"weight":1.7105},
{"Node_id":12118,"weight":1.5807},
{"Node_id":12119,"weight":2.7586},
{"Node_id":12120,"weight":2.885},
{"Node_id":12122,"weight":3.3683},
{"Node_id":12129,"weight":2.0565},
{"Node_id":12131,"weight":1.4121},
{"Node_id":12133,"weight":1.7136},
{"Node_id":12135,"weight":1.7182},
{"Node_id":12136,"weight":1.6486},
{"Node_id":12137,"weight":3.5435},
{"Node_id":12145,"weight":3.2591},
{"Node_id":12146,"weight":1.6754},
{"Node_id":12150,"weight":2.1155},
{"Node_id":12152,"weight":1.4014},
{"Node_id":12153,"weight":1.7417},
{"Node_id":12160,"weight":2.8633},
{"Node_id":12167,"weight":4.0163},
{"Node_id":12169,"weight":1.7051},
{"Node_id":12171,"weight":1.8913},
{"Node_id":12175,"weight":1.5999},
{"Node_id":12276,"weight":1.8379},
{"Node_id":12277,"weight":1.3907},
{"Node_id":12282,"weight":2.4966},
{"Node_id":12284,"weight":3.562},
{"Node_id":12285,"weight":4.9548},
{"Node_id":12287,"weight":2.1873},
{"Node_id":12407,"weight":1.7988},
{"Node_id":12409,"weight":1.4802},
{"Node_id":12411,"weight":4.0634},
{"Node_id":12413,"weight":3.3347},
{"Node_id":12415,"weight":3.3777},
{"Node_id":12417,"weight":1.4178},
{"Node_id":12419,"weight":2.3788},
{"Node_id":12421,"weight":1.6664},
{"Node_id":12423,"weight":1.9143},
{"Node_id":12424,"weight":1.6523},
{"Node_id":12425,"weight":1.6538},
{"Node_id":12429,"weight":2.3584},
{"Node_id":12431,"weight":2.5224},
{"Node_id":12434,"weight":1.8834},
{"Node_id":12439,"weight":1.6627},
{"Node_id":12441,"weight":2.0605},
{"Node_id":12446,"weight":1.6982},
{"Node_id":12447,"weight":2.4505},
{"Node_id":12449,"weight":1.7825},
{"Node_id":12590,"weight":1.6186},
{"Node_id":13230,"weight":1.9746},
{"Node_id":13391,"weight":1.7043},
{"Node_id":13392,"weight":1.6612},
{"Node_id":13395,"weight":2.2208},
{"Node_id":13399,"weight":3.2017},
{"Node_id":13401,"weight":2.9939},
{"Node_id":13405,"weight":2.0038},
{"Node_id":13410,"weight":1.5892},
{"Node_id":13412,"weight":1.7377},
{"Node_id":13413,"weight":2.3321},
{"Node_id":13415,"weight":4.284},
{"Node_id":13419,"weight":2.3271},
{"Node_id":13423,"weight":2.5609},
{"Node_id":13425,"weight":2.0358},
{"Node_id":13431,"weight":2.1611},
{"Node_id":13437,"weight":2.8191},
{"Node_id":13442,"weight":6.1637},
{"Node_id":13444,"weight":3.3287},
{"Node_id":13446,"weight":2.1165},
{"Node_id":13447,"weight":1.5022},
{"Node_id":13448,"weight":2.5066},
{"Node_id":13456,"weight":2.955},
{"Node_id":13537,"weight":1.5949},
{"Node_id":13541,"weight":1.5582},
{"Node_id":13543,"weight":3.4095},
{"Node_id":13545,"weight":3.8132},
{"Node_id":13547,"weight":8.1114},
{"Node_id":13549,"weight":6.5699},
{"Node_id":13555,"weight":2.0959},
{"Node_id":13557,"weight":2.2907},
{"Node_id":13559,"weight":3.8372},
{"Node_id":13561,"weight":2.5775},
{"Node_id":13564,"weight":2.5297},
{"Node_id":13570,"weight":1.7346},
{"Node_id":13571,"weight":1.7252},
{"Node_id":13574,"weight":1.9487},
{"Node_id":13576,"weight":2.4221},
{"Node_id":13578,"weight":2.1031},
{"Node_id":13579,"weight":1.7607},
{"Node_id":13581,"weight":2.3321},
{"Node_id":13592,"weight":3.7579},
{"Node_id":13600,"weight":2.6678},
{"Node_id":13602,"weight":1.5245},
{"Node_id":13604,"weight":1.9896},
{"Node_id":13606,"weight":2.5023},
{"Node_id":13608,"weight":1.7151},
{"Node_id":13610,"weight":1.9634},
{"Node_id":13707,"weight":2.6482},
{"Node_id":13709,"weight":2.2634},
{"Node_id":13711,"weight":1.397},
{"Node_id":13713,"weight":1.9468},
{"Node_id":13716,"weight":1.53},
{"Node_id":13792,"weight":2.9808},
{"Node_id":13794,"weight":1.935},
{"Node_id":13795,"weight":1.6792},
{"Node_id":13801,"weight":1.4848},
{"Node_id":13803,"weight":3.1833},
{"Node_id":13805,"weight":1.659},
{"Node_id":13810,"weight":2.7235},
{"Node_id":13815,"weight":1.5652},
{"Node_id":13816,"weight":2.6945},
{"Node_id":13818,"weight":1.5715},
{"Node_id":13819,"weight":1.4723},
{"Node_id":13820,"weight":3.0435},
{"Node_id":13822,"weight":2.1312},
{"Node_id":13823,"weight":1.5002},
{"Node_id":13825,"weight":2.0745},
{"Node_id":13826,"weight":1.4822},
{"Node_id":13827,"weight":1.4848},
{"Node_id":13828,"weight":2.0436},
{"Node_id":13832,"weight":3.1651},
{"Node_id":13835,"weight":1.4975},
{"Node_id":13843,"weight":1.6906},
{"Node_id":13844,"weight":1.7736},
{"Node_id":13846,"weight":2.7857},
{"Node_id":13847,"weight":2.3546},
{"Node_id":13849,"weight":4.0694},
{"Node_id":13850,"weight":2.4671},
{"Node_id":13852,"weight":1.752},
{"Node_id":13853,"weight":2.0038},
{"Node_id":13856,"weight":1.4835},
{"Node_id":13858,"weight":2.727},
{"Node_id":13860,"weight":2.3648},
{"Node_id":13861,"weight":3.596},
{"Node_id":13865,"weight":2.3866},
{"Node_id":13867,"weight":1.4624},
{"Node_id":13869,"weight":2.3395},
{"Node_id":13871,"weight":2.4588},
{"Node_id":13873,"weight":2.8652},
{"Node_id":13874,"weight":1.5062},
{"Node_id":13875,"weight":1.4881},
{"Node_id":13877,"weight":1.4921},
{"Node_id":13879,"weight":1.776},
{"Node_id":13882,"weight":1.6974},
{"Node_id":13885,"weight":2.881},
{"Node_id":13889,"weight":2.6563},
{"Node_id":13890,"weight":1.6486},
{"Node_id":13891,"weight":1.9332},
{"Node_id":13892,"weight":1.8523},
{"Node_id":13893,"weight":2.8229},
{"Node_id":13918,"weight":2.8574},
{"Node_id":13921,"weight":2.1719},
{"Node_id":13922,"weight":1.5035},
{"Node_id":13923,"weight":1.3882},
{"Node_id":13925,"weight":3.3652},
{"Node_id":13927,"weight":1.7105},
{"Node_id":13929,"weight":2.2552},
{"Node_id":13930,"weight":1.3988},
{"Node_id":13933,"weight":1.7963},
{"Node_id":13934,"weight":4.1002},
{"Node_id":13935,"weight":2.5066},
{"Node_id":13937,"weight":2.877},
{"Node_id":13940,"weight":1.4565},
{"Node_id":13947,"weight":4.1711},
{"Node_id":13949,"weight":2.205},
{"Node_id":13950,"weight":3.1347},
{"Node_id":13952,"weight":1.752},
{"Node_id":13953,"weight":3.0252},
{"Node_id":13957,"weight":2.0565},
{"Node_id":13959,"weight":1.8136},
{"Node_id":13960,"weight":2.2242},
{"Node_id":13963,"weight":2.0938},
{"Node_id":13964,"weight":2.0745},
{"Node_id":13966,"weight":1.5786},
{"Node_id":13968,"weight":1.4663},
{"Node_id":13972,"weight":5.2347},
{"Node_id":13975,"weight":1.8557},
{"Node_id":13978,"weight":2.366},
{"Node_id":13980,"weight":3.1859},
{"Node_id":13982,"weight":1.8337},
{"Node_id":13984,"weight":2.543},
{"Node_id":13988,"weight":1.4795},
{"Node_id":13989,"weight":1.3944},
{"Node_id":13992,"weight":5.2933},
{"Node_id":13995,"weight":1.5652},
{"Node_id":14001,"weight":3.2342},
{"Node_id":14004,"weight":2.0436},
{"Node_id":14007,"weight":5.7105},
{"Node_id":14046,"weight":2.0918},
{"Node_id":14047,"weight":4.8588},
{"Node_id":14049,"weight":3.4323},
{"Node_id":14118,"weight":1.9727},
{"Node_id":14120,"weight":3.0929},
{"Node_id":14121,"weight":2.3609},
{"Node_id":14126,"weight":2.9896},
{"Node_id":14129,"weight":2.1124},
{"Node_id":14131,"weight":2.3445},
{"Node_id":14133,"weight":1.752},
{"Node_id":14135,"weight":1.9241},
{"Node_id":14137,"weight":2.4951},
{"Node_id":14140,"weight":2.2599},
{"Node_id":14141,"weight":1.8532},
{"Node_id":14143,"weight":1.8379},
{"Node_id":14145,"weight":1.6317},
{"Node_id":14148,"weight":1.8566},
{"Node_id":14150,"weight":1.6013},
{"Node_id":14156,"weight":2.4478},
{"Node_id":14157,"weight":3.0184},
{"Node_id":14158,"weight":1.4474},
{"Node_id":14159,"weight":3.0229},
{"Node_id":14160,"weight":2.9529},
{"Node_id":14162,"weight":1.5218},
{"Node_id":14412,"weight":1.8957},
{"Node_id":14415,"weight":4.1914},
{"Node_id":14417,"weight":1.6302},
{"Node_id":14419,"weight":1.5245},
{"Node_id":14420,"weight":5.0294},
{"Node_id":14426,"weight":1.5218},
{"Node_id":14428,"weight":5.3771},
{"Node_id":14430,"weight":1.5327},
{"Node_id":14581,"weight":1.7719},
{"Node_id":14583,"weight":2.4768},
{"Node_id":14595,"weight":2.9808},
{"Node_id":14596,"weight":4.3534},
{"Node_id":14597,"weight":2.2529},
{"Node_id":14600,"weight":1.6762},
{"Node_id":14602,"weight":3.0389},
{"Node_id":14603,"weight":3.3377},
{"Node_id":14650,"weight":1.7448},
{"Node_id":14656,"weight":1.5828},
{"Node_id":14657,"weight":3.0504},
{"Node_id":14660,"weight":1.7881},
{"Node_id":14719,"weight":3.248},
{"Node_id":14721,"weight":1.4565},
{"Node_id":14722,"weight":2.1093},
{"Node_id":14760,"weight":2.9917},
{"Node_id":14761,"weight":1.5779},
{"Node_id":14764,"weight":1.9811},
{"Node_id":14765,"weight":1.4526},
{"Node_id":14766,"weight":1.5771},
{"Node_id":14767,"weight":1.8062},
{"Node_id":14768,"weight":2.0125},
{"Node_id":14772,"weight":2.1323},
{"Node_id":14774,"weight":4.3858},
{"Node_id":14779,"weight":1.7036},
{"Node_id":14781,"weight":4.4451},
{"Node_id":14783,"weight":2.2185},
{"Node_id":14784,"weight":1.7535},
{"Node_id":14785,"weight":2.102},
{"Node_id":14787,"weight":2.0685},
{"Node_id":14789,"weight":1.8379},
{"Node_id":14791,"weight":1.8992},
{"Node_id":14793,"weight":2.0125},
{"Node_id":14795,"weight":1.7244},
{"Node_id":14799,"weight":1.3869},
{"Node_id":14802,"weight":1.9597},
{"Node_id":14804,"weight":1.6694},
{"Node_id":14806,"weight":2.889},
{"Node_id":14808,"weight":1.5259},
{"Node_id":14809,"weight":3.8567},
{"Node_id":14815,"weight":2.9808},
{"Node_id":14816,"weight":2.9614},
{"Node_id":14818,"weight":1.3882},
{"Node_id":14819,"weight":1.7623},
{"Node_id":14820,"weight":2.3711},
{"Node_id":14824,"weight":2.0029},
{"Node_id":14827,"weight":2.9381},
{"Node_id":14828,"weight":2.9174},
{"Node_id":14830,"weight":1.8103},
{"Node_id":14832,"weight":2.887},
{"Node_id":14846,"weight":3.0006},
{"Node_id":14849,"weight":3.8275},
{"Node_id":14854,"weight":3.2905},
{"Node_id":14855,"weight":1.901},
{"Node_id":14857,"weight":1.9802},
{"Node_id":14858,"weight":7.8236},
{"Node_id":14864,"weight":4.0163},
{"Node_id":14865,"weight":1.4915},
{"Node_id":14866,"weight":1.5347},
{"Node_id":14948,"weight":2.8248},
{"Node_id":14952,"weight":1.748},
{"Node_id":14956,"weight":2.4492},
{"Node_id":14958,"weight":1.9783},
{"Node_id":14959,"weight":1.6508},
{"Node_id":14964,"weight":1.956},
{"Node_id":14966,"weight":2.8574},
{"Node_id":14972,"weight":1.414},
{"Node_id":14973,"weight":1.7496},
{"Node_id":14974,"weight":2.0318},
{"Node_id":14976,"weight":1.8756},
{"Node_id":15044,"weight":2.5371},
{"Node_id":15045,"weight":1.414},
{"Node_id":15076,"weight":1.4461},
{"Node_id":15077,"weight":2.0446},
{"Node_id":15081,"weight":2.0989},
{"Node_id":15083,"weight":1.5485},
{"Node_id":15085,"weight":1.6951},
{"Node_id":15086,"weight":1.827},
{"Node_id":15088,"weight":2.7551},
{"Node_id":15090,"weight":2.1333},
{"Node_id":15091,"weight":1.9634},
{"Node_id":15092,"weight":1.8111},
{"Node_id":15094,"weight":1.5779},
{"Node_id":15097,"weight":3.6233},
{"Node_id":15107,"weight":1.4229},
{"Node_id":15114,"weight":2.4937},
{"Node_id":15116,"weight":1.9268},
{"Node_id":15120,"weight":1.9001},
{"Node_id":15142,"weight":0.1294},
{"Node_id":15143,"weight":1.2721},
{"Node_id":15144,"weight":3.2676},
{"Node_id":15146,"weight":2.8691},
{"Node_id":15149,"weight":1.4204},
{"Node_id":15150,"weight":0.4561},
{"Node_id":15151,"weight":2.7046},
{"Node_id":15154,"weight":1.62},
{"Node_id":15156,"weight":0.6955},
{"Node_id":15157,"weight":2.5166},
{"Node_id":15158,"weight":5.4448},
{"Node_id":15160,"weight":0.6239},
{"Node_id":15164,"weight":1.9569},
{"Node_id":15165,"weight":1.6822},
{"Node_id":15172,"weight":2.0755},
{"Node_id":15174,"weight":0.4084},
{"Node_id":15175,"weight":2.3185},
{"Node_id":15186,"weight":1.2448},
{"Node_id":15190,"weight":0.7598},
{"Node_id":15193,"weight":1.827},
{"Node_id":15216,"weight":4.0878},
{"Node_id":15219,"weight":2.1741},
{"Node_id":15220,"weight":0.6803},
{"Node_id":15223,"weight":3.7011},
{"Node_id":15229,"weight":4.8588},
{"Node_id":15233,"weight":1.7089},
{"Node_id":15235,"weight":0.2302},
{"Node_id":15236,"weight":3.429},
{"Node_id":15239,"weight":0.3437},
{"Node_id":15240,"weight":0.2294},
{"Node_id":15246,"weight":0.3602},
{"Node_id":15248,"weight":1.6128},
{"Node_id":15250,"weight":4.8988},
{"Node_id":15251,"weight":1.7535},
{"Node_id":15252,"weight":0.6678},
{"Node_id":15253,"weight":1.0465},
{"Node_id":15274,"weight":1.1859},
{"Node_id":15280,"weight":0.3174},
{"Node_id":15284,"weight":0.9346},
{"Node_id":15285,"weight":2.5195},
{"Node_id":15286,"weight":1.0997},
{"Node_id":15288,"weight":0.3293},
{"Node_id":15293,"weight":0.3756},
{"Node_id":15295,"weight":0.5849},
{"Node_id":15297,"weight":0.0532},
{"Node_id":15303,"weight":0.2408},
{"Node_id":15305,"weight":0.9982},
{"Node_id":15307,"weight":0.2884},
{"Node_id":15311,"weight":0.9714},
{"Node_id":15314,"weight":0.2745},
{"Node_id":15316,"weight":0.1141},
{"Node_id":15318,"weight":0.4879},
{"Node_id":15321,"weight":0.1322},
{"Node_id":15444,"weight":1.8379},
{"Node_id":16224,"weight":1.8904},
{"Node_id":16228,"weight":0.9494},
{"Node_id":16229,"weight":1.39},
{"Node_id":16230,"weight":2.9896},
{"Node_id":16232,"weight":4.3694},
{"Node_id":16233,"weight":1.8878},
{"Node_id":16234,"weight":1.033},
{"Node_id":16235,"weight":2.1333},
{"Node_id":16236,"weight":0.6682},
{"Node_id":16242,"weight":0.7773},
{"Node_id":16245,"weight":1.3081},
{"Node_id":16250,"weight":0.1378},
{"Node_id":16252,"weight":2.4356},
{"Node_id":16256,"weight":1.2727},
{"Node_id":16258,"weight":0.8217},
{"Node_id":16259,"weight":1.139},
{"Node_id":16261,"weight":0.2152},
{"Node_id":16263,"weight":1.2791},
{"Node_id":16265,"weight":0.1987},
{"Node_id":16268,"weight":5.4927},
{"Node_id":16269,"weight":2.7586},
{"Node_id":16270,"weight":0.1463},
{"Node_id":16274,"weight":1.1521},
{"Node_id":16276,"weight":2.6547},
{"Node_id":16288,"weight":3.6677},
{"Node_id":16296,"weight":1.2208},
{"Node_id":16297,"weight":1.901},
{"Node_id":16303,"weight":0.7713},
{"Node_id":16304,"weight":0.3789},
{"Node_id":16310,"weight":1.5561},
{"Node_id":16314,"weight":0.7662},
{"Node_id":16355,"weight":1.0906},
{"Node_id":16356,"weight":0.4583},
{"Node_id":16358,"weight":0.6745},
{"Node_id":16361,"weight":1.1703},
{"Node_id":16362,"weight":0.2189},
{"Node_id":16363,"weight":0.4243},
{"Node_id":16367,"weight":1.3004},
{"Node_id":16370,"weight":0.054},
{"Node_id":16372,"weight":1.7504},
{"Node_id":16373,"weight":1.6501},
{"Node_id":16376,"weight":0.5147},
{"Node_id":16378,"weight":0.795},
{"Node_id":16382,"weight":2.6162},
{"Node_id":16384,"weight":1.5265},
{"Node_id":16387,"weight":1.5008},
{"Node_id":16410,"weight":1.0299},
{"Node_id":16411,"weight":2.508},
{"Node_id":16414,"weight":1.014},
{"Node_id":16415,"weight":2.1418},
{"Node_id":16417,"weight":3.2619},
{"Node_id":16419,"weight":0.7286},
{"Node_id":16428,"weight":1.8103},
{"Node_id":16435,"weight":2.1676},
{"Node_id":16437,"weight":1.5645},
{"Node_id":16439,"weight":1.5652},
{"Node_id":16677,"weight":1.6114},
{"Node_id":16678,"weight":2.0125},
{"Node_id":16750,"weight":0.5941},
{"Node_id":16751,"weight":3.1247},
{"Node_id":16753,"weight":1.7744},
{"Node_id":16755,"weight":1.7307},
{"Node_id":16758,"weight":0.4912},
{"Node_id":16760,"weight":1.0222},
{"Node_id":16761,"weight":0.5117},
{"Node_id":16766,"weight":0.8789},
{"Node_id":16768,"weight":0.8886},
{"Node_id":16772,"weight":4.0396},
{"Node_id":16773,"weight":1.4064},
{"Node_id":16776,"weight":4.833},
{"Node_id":16777,"weight":0.7291},
{"Node_id":16782,"weight":1.6013},
{"Node_id":16789,"weight":3.4624},
{"Node_id":16799,"weight":1.9089},
{"Node_id":16801,"weight":0.1342},
{"Node_id":16803,"weight":3.727},
{"Node_id":16805,"weight":3.577},
{"Node_id":16810,"weight":2.2646},
{"Node_id":16811,"weight":0.6517},
{"Node_id":16813,"weight":2.9896},
{"Node_id":16815,"weight":0.3232},
{"Node_id":16816,"weight":2.0048},
{"Node_id":16817,"weight":2.1851},
{"Node_id":16818,"weight":0.3146},
{"Node_id":16820,"weight":0.911},
{"Node_id":16825,"weight":1.0658},
{"Node_id":16837,"weight":0.2615},
{"Node_id":16843,"weight":3.0458},
{"Node_id":16845,"weight":0.1595},
{"Node_id":16855,"weight":2.1578},
{"Node_id":16856,"weight":1.5942},
{"Node_id":16857,"weight":0.5989},
{"Node_id":16859,"weight":1.5136},
{"Node_id":16861,"weight":0.5741},
{"Node_id":16863,"weight":1.5423},
{"Node_id":16865,"weight":0.4176},
{"Node_id":16897,"weight":1.0038},
{"Node_id":16899,"weight":0.403},
{"Node_id":16902,"weight":0.9139},
{"Node_id":16916,"weight":3.055},
{"Node_id":16919,"weight":1.295},
{"Node_id":16920,"weight":0.2007},
{"Node_id":16921,"weight":2.7339},
{"Node_id":16923,"weight":0.3826},
{"Node_id":16927,"weight":0.4629},
{"Node_id":16934,"weight":1.0423},
{"Node_id":16945,"weight":1.4908},
{"Node_id":16947,"weight":2.0775},
{"Node_id":16948,"weight":1.789},
{"Node_id":16949,"weight":1.1072},
{"Node_id":16950,"weight":2.3309},
{"Node_id":16951,"weight":0.9159},
{"Node_id":16952,"weight":0.8132},
{"Node_id":16955,"weight":0.8001},
{"Node_id":16959,"weight":1.2809},
{"Node_id":16960,"weight":2.0029},
{"Node_id":16968,"weight":0.9464},
{"Node_id":16969,"weight":0.0748},
{"Node_id":16971,"weight":1.2529},
{"Node_id":16973,"weight":0.3805},
{"Node_id":16975,"weight":0.0748},
{"Node_id":16977,"weight":3.0881},
{"Node_id":16979,"weight":0.4184},
{"Node_id":16983,"weight":3.2314},
{"Node_id":16985,"weight":1.172},
{"Node_id":16990,"weight":0.5473},
{"Node_id":16993,"weight":0.2088},
{"Node_id":16995,"weight":2.401},
{"Node_id":16997,"weight":0.6081},
{"Node_id":16998,"weight":2.1665},
{"Node_id":17002,"weight":0.7213},
{"Node_id":17004,"weight":5.6515},
{"Node_id":17007,"weight":1.631},
{"Node_id":17028,"weight":0.9455},
{"Node_id":17033,"weight":0.3289},
{"Node_id":17034,"weight":1.0094},
{"Node_id":17036,"weight":0.3611},
{"Node_id":17037,"weight":1.2345},
{"Node_id":17039,"weight":4.5751},
{"Node_id":17083,"weight":1.2832},
{"Node_id":17085,"weight":1.2962},
{"Node_id":17087,"weight":0.7556},
{"Node_id":17090,"weight":0.1523},
{"Node_id":17093,"weight":0.7773},
{"Node_id":17094,"weight":0.5262},
{"Node_id":17095,"weight":1.7105},
{"Node_id":17097,"weight":1.3334},
{"Node_id":17099,"weight":2.5297},
{"Node_id":17100,"weight":3.3138},
{"Node_id":17103,"weight":0.6857},
{"Node_id":17105,"weight":0.1302},
{"Node_id":17106,"weight":0.0492},
{"Node_id":17108,"weight":2.0515},
{"Node_id":17111,"weight":0.4811},
{"Node_id":17112,"weight":2.0645},
{"Node_id":17113,"weight":0.0324},
{"Node_id":17114,"weight":2.6385},
{"Node_id":17118,"weight":0.5159},
{"Node_id":17119,"weight":0.3917},
{"Node_id":17120,"weight":1.6642},
{"Node_id":17122,"weight":0.4819},
{"Node_id":17129,"weight":0.5066},
{"Node_id":17131,"weight":0.8383},
{"Node_id":17133,"weight":7.418},
{"Node_id":17137,"weight":1.0284},
{"Node_id":17145,"weight":2.1503},
{"Node_id":17146,"weight":1.2174},
{"Node_id":17150,"weight":3.2178},
{"Node_id":17152,"weight":0.4301},
{"Node_id":17153,"weight":1.3153},
{"Node_id":17158,"weight":2.3788},
{"Node_id":17160,"weight":1.0099},
{"Node_id":17171,"weight":0.3772},
{"Node_id":17175,"weight":0.2908},
{"Node_id":17276,"weight":0.8449},
{"Node_id":17282,"weight":1.8128},
{"Node_id":17284,"weight":0.3314},
{"Node_id":17287,"weight":3.0162},
{"Node_id":17407,"weight":0.2128},
{"Node_id":17409,"weight":1.1488},
{"Node_id":17411,"weight":2.1397},
{"Node_id":17413,"weight":0.6177},
{"Node_id":17415,"weight":0.7446},
{"Node_id":17417,"weight":3.0207},
{"Node_id":17419,"weight":2.0806},
{"Node_id":17421,"weight":1.7591},
{"Node_id":17423,"weight":0.1523},
{"Node_id":17424,"weight":3.5884},
{"Node_id":17425,"weight":3.6885},
{"Node_id":17429,"weight":0.9609},
{"Node_id":17431,"weight":1.7051},
{"Node_id":17434,"weight":0.4595},
{"Node_id":17439,"weight":4.7474},
{"Node_id":17441,"weight":1.793},
{"Node_id":17446,"weight":0.4934},
{"Node_id":17447,"weight":0.4243},
{"Node_id":17449,"weight":3.3621},
{"Node_id":17590,"weight":6.6441},
{"Node_id":18230,"weight":2.0105},
{"Node_id":18391,"weight":0.8635},
{"Node_id":18392,"weight":2.0183},
{"Node_id":18395,"weight":3.8666},
{"Node_id":18399,"weight":8.1114},
{"Node_id":18401,"weight":0.457},
{"Node_id":18405,"weight":1.5835},
{"Node_id":18410,"weight":0.6522},
{"Node_id":18412,"weight":0.405},
{"Node_id":18413,"weight":0.74},
{"Node_id":18415,"weight":0.359},
{"Node_id":18419,"weight":1.602},
{"Node_id":18423,"weight":1.2213},
{"Node_id":18431,"weight":0.8655},
{"Node_id":18442,"weight":0.7699},
{"Node_id":18444,"weight":0.1704},
{"Node_id":18446,"weight":2.883},
{"Node_id":18447,"weight":1.9496},
{"Node_id":18448,"weight":4.0634},
{"Node_id":18454,"weight":2.97},
{"Node_id":18456,"weight":1.3437},
{"Node_id":18543,"weight":3.2314},
{"Node_id":18545,"weight":0.2802},
{"Node_id":18547,"weight":1.597},
{"Node_id":18553,"weight":1.3763},
{"Node_id":18554,"weight":5.9496},
{"Node_id":18555,"weight":1.6063},
{"Node_id":18559,"weight":0.7295},
{"Node_id":18564,"weight":0.3801},
{"Node_id":18570,"weight":0.658},
{"Node_id":18571,"weight":1.016},
{"Node_id":18574,"weight":1.4696},
{"Node_id":18576,"weight":0.6789},
{"Node_id":18578,"weight":2.5008},
{"Node_id":18579,"weight":1.0548},
{"Node_id":18592,"weight":1.5892},
{"Node_id":18598,"weight":0.7259},
{"Node_id":18600,"weight":1.4657},
{"Node_id":18602,"weight":0.7023},
{"Node_id":18604,"weight":0.038},
{"Node_id":18608,"weight":1.0981},
{"Node_id":18610,"weight":2.773},
{"Node_id":18707,"weight":0.3265},
{"Node_id":18709,"weight":2.31},
{"Node_id":18711,"weight":0.6362},
{"Node_id":18713,"weight":1.1407},
{"Node_id":18716,"weight":0.4968},
{"Node_id":18792,"weight":0.4968},
{"Node_id":18794,"weight":1.7615},
{"Node_id":18795,"weight":2.4049},
{"Node_id":18801,"weight":0.4314},
{"Node_id":18803,"weight":0.825},
{"Node_id":18810,"weight":1.7655},
{"Node_id":18815,"weight":0.3269},
{"Node_id":18818,"weight":0.3031},
{"Node_id":18819,"weight":1.9188},
{"Node_id":18820,"weight":1.2339},
{"Node_id":18822,"weight":3.5845},
{"Node_id":18823,"weight":0.7501},
{"Node_id":18825,"weight":1.079},
{"Node_id":18826,"weight":2.321},
{"Node_id":18827,"weight":1.7167},
{"Node_id":18841,"weight":0.1061},
{"Node_id":18843,"weight":0.2424},
{"Node_id":18844,"weight":3.7357},
{"Node_id":18846,"weight":4.0694},
{"Node_id":18847,"weight":1.0094},
{"Node_id":18849,"weight":1.5984},
{"Node_id":18850,"weight":4.4451},
{"Node_id":18853,"weight":1.2709},
{"Node_id":18856,"weight":0.3963},
{"Node_id":18858,"weight":2.1994},
{"Node_id":18860,"weight":0.8944},
{"Node_id":18865,"weight":2.8633},
{"Node_id":18867,"weight":0.3996},
{"Node_id":18869,"weight":0.6821},
{"Node_id":18871,"weight":1.167},
{"Node_id":18873,"weight":0.6946},
{"Node_id":18874,"weight":2.1939},
{"Node_id":18875,"weight":1.1909},
{"Node_id":18877,"weight":0.5862},
{"Node_id":18879,"weight":0.8978},
{"Node_id":18889,"weight":1.3075},
{"Node_id":18890,"weight":1.4941},
{"Node_id":18891,"weight":0.7639},
{"Node_id":18892,"weight":0.058},
{"Node_id":18893,"weight":2.8991},
{"Node_id":18918,"weight":1.6982},
{"Node_id":18922,"weight":1.047},
{"Node_id":18923,"weight":1.3714},
{"Node_id":18925,"weight":3.3746},
{"Node_id":18927,"weight":0.938},
{"Node_id":18929,"weight":0.3503},
{"Node_id":18930,"weight":1.2832},
{"Node_id":18933,"weight":1.9259},
{"Node_id":18934,"weight":0.3685},
{"Node_id":18935,"weight":1.0748},
{"Node_id":18937,"weight":0.3011},
{"Node_id":18940,"weight":3.3683},
{"Node_id":18950,"weight":2.0979},
{"Node_id":18952,"weight":0.2201},
{"Node_id":18953,"weight":1.1942},
{"Node_id":18959,"weight":0.6816},
{"Node_id":18960,"weight":2.2943},
{"Node_id":18963,"weight":0.0388},
{"Node_id":18964,"weight":0.4276},
{"Node_id":18966,"weight":4.5653},
{"Node_id":18968,"weight":1.058},
{"Node_id":18972,"weight":2.7551},
{"Node_id":18975,"weight":2.9174},
{"Node_id":18978,"weight":0.98},
{"Node_id":18980,"weight":0.5902},
{"Node_id":18984,"weight":1.4611},
{"Node_id":18986,"weight":2.3801},
{"Node_id":18989,"weight":0.8934},
{"Node_id":18992,"weight":1.0997},
{"Node_id":18995,"weight":1.45},
{"Node_id":18997,"weight":0.2481},
{"Node_id":19001,"weight":1.1494},
{"Node_id":19004,"weight":5.8061},
{"Node_id":19046,"weight":0.0528},
{"Node_id":19049,"weight":0.5481},
{"Node_id":19118,"weight":0.7391},
{"Node_id":19121,"weight":0.988},
{"Node_id":19126,"weight":0.8998},
{"Node_id":19131,"weight":0.8891},
{"Node_id":19135,"weight":0.0228},
{"Node_id":19137,"weight":0.7268},
{"Node_id":19141,"weight":1.3794},
{"Node_id":19143,"weight":2.4923},
{"Node_id":19145,"weight":1.5451},
{"Node_id":19148,"weight":4.2915},
{"Node_id":19150,"weight":0.909},
{"Node_id":19156,"weight":0.3064},
{"Node_id":19157,"weight":2.4089},
{"Node_id":19158,"weight":0.2096},
{"Node_id":19159,"weight":0.3789},
{"Node_id":19160,"weight":1.5116},
{"Node_id":19162,"weight":2.895},
{"Node_id":19412,"weight":1.6121},
{"Node_id":19415,"weight":0.6151},
{"Node_id":19417,"weight":3.1099},
{"Node_id":19419,"weight":2.8305},
{"Node_id":19420,"weight":1.119},
{"Node_id":19426,"weight":0.4515},
{"Node_id":19428,"weight":2.1302},
{"Node_id":19581,"weight":0.3693},
{"Node_id":19583,"weight":0.0124},
{"Node_id":19600,"weight":1.9625},
{"Node_id":19602,"weight":0.612},
{"Node_id":19603,"weight":1.4384},
{"Node_id":19656,"weight":2.7357},
{"Node_id":19657,"weight":2.1365},
{"Node_id":19660,"weight":0.4255},
{"Node_id":19719,"weight":0.0704},
{"Node_id":19721,"weight":1.631},
{"Node_id":19722,"weight":1.9542},
{"Node_id":19760,"weight":0.281},
{"Node_id":19761,"weight":5.4685},
{"Node_id":19764,"weight":0.5797},
{"Node_id":19765,"weight":1.5279},
{"Node_id":19766,"weight":1.4835},
{"Node_id":19767,"weight":2.6761},
{"Node_id":19768,"weight":0.4009},
{"Node_id":19772,"weight":0.638},
{"Node_id":19774,"weight":2.2028},
{"Node_id":19779,"weight":0.6195},
{"Node_id":19781,"weight":0.3714},
{"Node_id":19784,"weight":1.3334},
{"Node_id":19785,"weight":1.2803},
{"Node_id":19787,"weight":1.2587},
{"Node_id":19789,"weight":1.4975},
{"Node_id":19791,"weight":1.1703},
{"Node_id":19799,"weight":1.9081},
{"Node_id":19802,"weight":0.8833},
{"Node_id":19804,"weight":1.2454},
{"Node_id":19806,"weight":0.8559},
{"Node_id":19809,"weight":2.375},
{"Node_id":19815,"weight":0.6522},
{"Node_id":19818,"weight":1.5306},
{"Node_id":19819,"weight":0.8545},
{"Node_id":19820,"weight":0.6256},
{"Node_id":19824,"weight":0.9061},
{"Node_id":19827,"weight":0.1121},
{"Node_id":19828,"weight":1.5729},
{"Node_id":19830,"weight":0.0536},
{"Node_id":19832,"weight":1.3455},
{"Node_id":19846,"weight":0.4785},
{"Node_id":19849,"weight":2.2764},
{"Node_id":19854,"weight":0.8274},
{"Node_id":19857,"weight":0.0752},
{"Node_id":19858,"weight":2.1103},
{"Node_id":19864,"weight":2.4643},
{"Node_id":19865,"weight":0.3722},
{"Node_id":19866,"weight":1.7955},
{"Node_id":19948,"weight":3.5362},
{"Node_id":19958,"weight":1.4982},
{"Node_id":19970,"weight":1.8816},
{"Node_id":19972,"weight":0.7866},
{"Node_id":19973,"weight":1.2756},
{"Node_id":19974,"weight":0.056},
{"Node_id":19976,"weight":3.0343},
{"Node_id":20044,"weight":0.8071},
{"Node_id":20045,"weight":1.7623},
{"Node_id":20077,"weight":1.4723},
{"Node_id":20083,"weight":0.588},
{"Node_id":20085,"weight":1.3738},
{"Node_id":20086,"weight":0.8731},
{"Node_id":20091,"weight":0.3648},
{"Node_id":20092,"weight":1.9259},
{"Node_id":20094,"weight":0.9071},
{"Node_id":20107,"weight":3.3438},
{"Node_id":20114,"weight":1.5272},
{"Node_id":20120,"weight":0.4105}]