[{"Node_id":2564,"weight":1.9214},
{"Node_id":2566,"weight":1.5992},
{"Node_id":2568,"weight":2.184},
{"Node_id":2569,"weight":3.483},
{"Node_id":2570,"weight":2.2799},
{"Node_id":2571,"weight":2.0505},
{"Node_id":2572,"weight":1.9802},
{"Node_id":2573,"weight":2.5051},
{"Node_id":2574,"weight":2.7115},
{"Node_id":2575,"weight":2.3015},
{"Node_id":2576,"weight":2.2634},
{"Node_id":2577,"weight":2.4994},
{"Node_id":2578,"weight":2.7218},
{"Node_id":2579,"weight":3.6636},
{"Node_id":2580,"weight":1.6493},
{"Node_id":2581,"weight":4.0396},
{"Node_id":2582,"weight":2.0367},
{"Node_id":2583,"weight":1.4319},
{"Node_id":2584,"weight":3.8918},
{"Node_id":2585,"weight":2.3699},
{"Node_id":2586,"weight":1.8825},
{"Node_id":2587,"weight":1.9924},
{"Node_id":2588,"weight":2.5459},
{"Node_id":2589,"weight":2.6645},
{"Node_id":2590,"weight":2.321},
{"Node_id":2591,"weight":1.6936},
{"Node_id":2592,"weight":4.1254},
{"Node_id":2595,"weight":2.1397},
{"Node_id":2596,"weight":2.4195},
{"Node_id":2597,"weight":1.4064},
{"Node_id":2598,"weight":1.8203},
{"Node_id":2599,"weight":4.1846},
{"Node_id":2600,"weight":2.184},
{"Node_id":2601,"weight":1.7036},
{"Node_id":2605,"weight":3.0006},
{"Node_id":2606,"weight":2.7912},
{"Node_id":2609,"weight":2.5959},
{"Node_id":2610,"weight":1.6702},
{"Node_id":2611,"weight":2.9298},
{"Node_id":2612,"weight":3.7945},
{"Node_id":2615,"weight":1.587},
{"Node_id":2616,"weight":1.5736},
{"Node_id":2617,"weight":1.9597},
{"Node_id":2618,"weight":1.9569},
{"Node_id":2619,"weight":1.4474},
{"Node_id":2620,"weight":1.9468},
{"Node_id":2621,"weight":2.0241},
{"Node_id":2624,"weight":1.686},
{"Node_id":2626,"weight":2.6629},
{"Node_id":2627,"weight":3.1026},
{"Node_id":2628,"weight":1.8128},
{"Node_id":2629,"weight":1.4663},
{"Node_id":2630,"weight":2.9465},
{"Node_id":2631,"weight":3.3967},
{"Node_id":2632,"weight":1.5478},
{"Node_id":2633,"weight":1.5743},
{"Node_id":2634,"weight":1.9615},
{"Node_id":2635,"weight":3.5657},
{"Node_id":2636,"weight":3.9072},
{"Node_id":2639,"weight":1.8186},
{"Node_id":2642,"weight":1.4371},
{"Node_id":2643,"weight":2.4866},
{"Node_id":2644,"weight":1.7922},
{"Node_id":2645,"weight":1.5259},
{"Node_id":2646,"weight":3.2124},
{"Node_id":2647,"weight":2.5123},
{"Node_id":2648,"weight":1.832},
{"Node_id":2649,"weight":4.7357},
{"Node_id":2650,"weight":1.744},
{"Node_id":2651,"weight":1.748},
{"Node_id":2652,"weight":2.0192},
{"Node_id":2653,"weight":2.0241},
{"Node_id":2654,"weight":1.8643},
{"Node_id":2655,"weight":3.4127},
{"Node_id":2656,"weight":1.7036},
{"Node_id":2657,"weight":2.5852},
{"Node_id":2658,"weight":1.9001},
{"Node_id":2659,"weight":2.0846},
{"Node_id":2660,"weight":3.9713},
{"Node_id":2661,"weight":3.2963},
{"Node_id":2662,"weight":2.0212},
{"Node_id":2663,"weight":1.3976},
{"Node_id":2664,"weight":1.5513},
{"Node_id":2665,"weight":1.8203},
{"Node_id":2666,"weight":1.5492},
{"Node_id":2667,"weight":2.0456},
{"Node_id":2668,"weight":1.7036},
{"Node_id":2669,"weight":2.0595},
{"Node_id":2670,"weight":4.7954},
{"Node_id":2671,"weight":1.4217},
{"Node_id":2672,"weight":1.8421},
{"Node_id":2673,"weight":1.8421},
{"Node_id":2674,"weight":1.4624},
{"Node_id":2675,"weight":3.429},
{"Node_id":2676,"weight":2.764},
{"Node_id":2677,"weight":2.001},
{"Node_id":2678,"weight":1.6353},
{"Node_id":2679,"weight":1.4539},
{"Node_id":2680,"weight":4.219},
{"Node_id":2681,"weight":3.0667},
{"Node_id":2682,"weight":4.226},
{"Node_id":2683,"weight":1.5361},
{"Node_id":2684,"weight":4.226},
{"Node_id":2685,"weight":1.3944},
{"Node_id":2686,"weight":3.562},
{"Node_id":2687,"weight":1.86},
{"Node_id":2688,"weight":1.5458},
{"Node_id":2689,"weight":1.6898},
{"Node_id":2690,"weight":2.9031},
{"Node_id":2691,"weight":2.456},
{"Node_id":2692,"weight":1.5949},
{"Node_id":2693,"weight":1.9423},
{"Node_id":2694,"weight":4.8988},
{"Node_id":2695,"weight":2.7949},
{"Node_id":2696,"weight":1.5638},
{"Node_id":2697,"weight":1.4875},
{"Node_id":2698,"weight":2.7839},
{"Node_id":2699,"weight":1.7583},
{"Node_id":2700,"weight":2.4102},
{"Node_id":2705,"weight":7.6004},
{"Node_id":2706,"weight":1.6034},
{"Node_id":2707,"weight":1.9197},
{"Node_id":2708,"weight":1.5259},
{"Node_id":2709,"weight":1.8421},
{"Node_id":2710,"weight":1.9532},
{"Node_id":2711,"weight":2.1928},
{"Node_id":2712,"weight":1.6493},
{"Node_id":2713,"weight":1.9395},
{"Node_id":2714,"weight":2.3983},
{"Node_id":2715,"weight":2.2634},
{"Node_id":2716,"weight":2.2253},
{"Node_id":2717,"weight":3.9176},
{"Node_id":2718,"weight":2.4369},
{"Node_id":2719,"weight":2.3271},
{"Node_id":2720,"weight":3.1026},
{"Node_id":2721,"weight":1.5764},
{"Node_id":2722,"weight":1.7097},
{"Node_id":2723,"weight":2.7115},
{"Node_id":2728,"weight":1.4261},
{"Node_id":2729,"weight":4.2766},
{"Node_id":2730,"weight":6.0725},
{"Node_id":2731,"weight":3.2397},
{"Node_id":2732,"weight":2.3763},
{"Node_id":2733,"weight":5.2159},
{"Node_id":2734,"weight":2.6006},
{"Node_id":2735,"weight":2.7857},
{"Node_id":2736,"weight":3.3714},
{"Node_id":2737,"weight":1.5666},
{"Node_id":2738,"weight":2.6612},
{"Node_id":2739,"weight":1.886},
{"Node_id":2740,"weight":1.866},
{"Node_id":2741,"weight":1.5327},
{"Node_id":2742,"weight":2.1218},
{"Node_id":2743,"weight":1.5123},
{"Node_id":2744,"weight":3.596},
{"Node_id":2745,"weight":1.7013},
{"Node_id":2746,"weight":2.0348},
{"Node_id":2747,"weight":2.887},
{"Node_id":2748,"weight":2.2287},
{"Node_id":2755,"weight":5.8753},
{"Node_id":2758,"weight":1.6405},
{"Node_id":2762,"weight":2.5714},
{"Node_id":2767,"weight":2.6226},
{"Node_id":2773,"weight":1.7719},
{"Node_id":2780,"weight":2.1376},
{"Node_id":2788,"weight":1.4083},
{"Node_id":2816,"weight":3.4934},
{"Node_id":2822,"weight":2.1796},
{"Node_id":2829,"weight":1.6186},
{"Node_id":2837,"weight":1.4572},
{"Node_id":2846,"weight":1.4448},
{"Node_id":2855,"weight":1.5382},
{"Node_id":2859,"weight":2.4866},
{"Node_id":2860,"weight":2.6337},
{"Node_id":2861,"weight":1.9441},
{"Node_id":2862,"weight":5.2159},
{"Node_id":2863,"weight":4.5751},
{"Node_id":2864,"weight":1.8957},
{"Node_id":2865,"weight":1.631},
{"Node_id":2866,"weight":1.6106},
{"Node_id":2867,"weight":3.3021},
{"Node_id":2869,"weight":1.7136},
{"Node_id":2870,"weight":1.6875},
{"Node_id":2871,"weight":3.3227},
{"Node_id":2872,"weight":3.2733},
{"Node_id":2882,"weight":2.1429},
{"Node_id":2895,"weight":1.854},
{"Node_id":2901,"weight":2.102},
{"Node_id":2910,"weight":1.5589},
{"Node_id":2915,"weight":1.5499},
{"Node_id":2921,"weight":2.9657},
{"Node_id":2924,"weight":1.7833},
{"Node_id":2925,"weight":2.5882},
{"Node_id":2926,"weight":1.3919},
{"Node_id":2927,"weight":1.4358},
{"Node_id":2928,"weight":1.5252},
{"Node_id":2929,"weight":2.983},
{"Node_id":2930,"weight":3.776},
{"Node_id":2931,"weight":1.8738},
{"Node_id":2932,"weight":2.84},
{"Node_id":2933,"weight":1.7939},
{"Node_id":2934,"weight":1.8678},
{"Node_id":2935,"weight":1.8095},
{"Node_id":2936,"weight":1.402},
{"Node_id":2937,"weight":2.2028},
{"Node_id":2938,"weight":2.5051},
{"Node_id":2940,"weight":2.9072},
{"Node_id":2941,"weight":1.9523},
{"Node_id":2942,"weight":1.8029},
{"Node_id":2943,"weight":1.4696},
{"Node_id":2946,"weight":2.8751},
{"Node_id":2947,"weight":1.5197},
{"Node_id":2948,"weight":2.1344},
{"Node_id":2949,"weight":2.97},
{"Node_id":2952,"weight":4.6576},
{"Node_id":2953,"weight":1.4559},
{"Node_id":2954,"weight":1.4128},
{"Node_id":2955,"weight":2.0485},
{"Node_id":2956,"weight":1.5513},
{"Node_id":2959,"weight":1.6006},
{"Node_id":2961,"weight":3.3197},
{"Node_id":2962,"weight":1.6099},
{"Node_id":2963,"weight":1.9523},
{"Node_id":2964,"weight":4.2915},
{"Node_id":2967,"weight":3.4692},
{"Node_id":2968,"weight":2.1197},
{"Node_id":2969,"weight":1.9287},
{"Node_id":2970,"weight":6.0725},
{"Node_id":2971,"weight":1.397},
{"Node_id":2973,"weight":1.7472},
{"Node_id":2975,"weight":3.8766},
{"Node_id":2976,"weight":3.0458},
{"Node_id":2978,"weight":2.54},
{"Node_id":2979,"weight":1.8328},
{"Node_id":2980,"weight":2.7894},
{"Node_id":2982,"weight":3.7401},
{"Node_id":2983,"weight":2.0525},
{"Node_id":2985,"weight":1.4507},
{"Node_id":2987,"weight":2.8248},
{"Node_id":2988,"weight":2.2991},
{"Node_id":2991,"weight":1.5211},
{"Node_id":2993,"weight":1.6471},
{"Node_id":2994,"weight":9.223372E18},
{"Node_id":2997,"weight":3.6801},
{"Node_id":2998,"weight":3.3079},
{"Node_id":3000,"weight":1.3882},
{"Node_id":3001,"weight":2.8652},
{"Node_id":3004,"weight":2.1906},
{"Node_id":3005,"weight":2.6353},
{"Node_id":3006,"weight":1.6171},
{"Node_id":3008,"weight":1.9877},
{"Node_id":3009,"weight":1.6412},
{"Node_id":3012,"weight":2.7012},
{"Node_id":3013,"weight":1.5603},
{"Node_id":3015,"weight":2.1165},
{"Node_id":3017,"weight":3.4323},
{"Node_id":3018,"weight":2.6242},
{"Node_id":3021,"weight":1.7252},
{"Node_id":3022,"weight":1.639},
{"Node_id":3025,"weight":1.4007},
{"Node_id":3027,"weight":3.7357},
{"Node_id":3028,"weight":2.0436},
{"Node_id":3031,"weight":2.0},
{"Node_id":3032,"weight":2.4895},
{"Node_id":3035,"weight":1.9634},
{"Node_id":3057,"weight":4.1711},
{"Node_id":3157,"weight":1.8851},
{"Node_id":3159,"weight":2.3371},
{"Node_id":3160,"weight":1.6405},
{"Node_id":3162,"weight":2.5882},
{"Node_id":3164,"weight":1.4631},
{"Node_id":3165,"weight":2.821},
{"Node_id":3167,"weight":3.4323},
{"Node_id":3168,"weight":2.3088},
{"Node_id":3169,"weight":2.1103},
{"Node_id":3171,"weight":2.3088},
{"Node_id":3172,"weight":2.5806},
{"Node_id":3173,"weight":2.1741},
{"Node_id":3174,"weight":1.822},
{"Node_id":3176,"weight":2.498},
{"Node_id":3177,"weight":5.3555},
{"Node_id":3178,"weight":2.9257},
{"Node_id":3180,"weight":4.322},
{"Node_id":3182,"weight":1.4644},
{"Node_id":3183,"weight":3.0762},
{"Node_id":3184,"weight":1.8328},
{"Node_id":3187,"weight":2.7658},
{"Node_id":3189,"weight":1.7615},
{"Node_id":3190,"weight":2.2095},
{"Node_id":3191,"weight":2.6037},
{"Node_id":3194,"weight":1.4881},
{"Node_id":3195,"weight":2.8172},
{"Node_id":3201,"weight":1.3926},
{"Node_id":3204,"weight":1.8652},
{"Node_id":3208,"weight":2.0154},
{"Node_id":3213,"weight":2.0989},
{"Node_id":3219,"weight":2.3905},
{"Node_id":3223,"weight":1.6478},
{"Node_id":3226,"weight":1.6456},
{"Node_id":3230,"weight":2.4492},
{"Node_id":3231,"weight":1.6186},
{"Node_id":3234,"weight":2.0125},
{"Node_id":3238,"weight":2.599},
{"Node_id":3239,"weight":1.4703},
{"Node_id":3243,"weight":2.4062},
{"Node_id":3247,"weight":1.628},
{"Node_id":3248,"weight":1.439},
{"Node_id":3250,"weight":1.9821},
{"Node_id":3253,"weight":1.5029},
{"Node_id":3257,"weight":1.8764},
{"Node_id":3258,"weight":4.6576},
{"Node_id":3260,"weight":2.0086},
{"Node_id":3261,"weight":1.628},
{"Node_id":3264,"weight":1.9981},
{"Node_id":3268,"weight":4.7242},
{"Node_id":3269,"weight":2.6178},
{"Node_id":3271,"weight":3.1651},
{"Node_id":3272,"weight":2.1807},
{"Node_id":3273,"weight":4.4538},
{"Node_id":3276,"weight":2.6612},
{"Node_id":3280,"weight":4.6363},
{"Node_id":3281,"weight":1.8738},
{"Node_id":3283,"weight":2.214},
{"Node_id":3284,"weight":3.0905},
{"Node_id":3285,"weight":2.2471},
{"Node_id":3289,"weight":1.9081},
{"Node_id":3293,"weight":2.1354},
{"Node_id":3294,"weight":1.9477},
{"Node_id":3296,"weight":3.1026},
{"Node_id":3297,"weight":1.8583},
{"Node_id":3298,"weight":3.727},
{"Node_id":3300,"weight":2.239},
{"Node_id":3303,"weight":4.1982},
{"Node_id":3307,"weight":1.4716},
{"Node_id":3308,"weight":1.5603},
{"Node_id":3310,"weight":3.988},
{"Node_id":3311,"weight":2.0495},
{"Node_id":3312,"weight":2.2006},
{"Node_id":3314,"weight":2.4383},
{"Node_id":3318,"weight":3.6312},
{"Node_id":3322,"weight":2.4221},
{"Node_id":3323,"weight":2.8419},
{"Node_id":3325,"weight":4.6684},
{"Node_id":3326,"weight":4.0163},
{"Node_id":3327,"weight":2.7803},
{"Node_id":3329,"weight":1.4663},
{"Node_id":3334,"weight":2.0289},
{"Node_id":3338,"weight":2.4128},
{"Node_id":3339,"weight":1.6434},
{"Node_id":3341,"weight":2.7392},
{"Node_id":3342,"weight":3.1991},
{"Node_id":3343,"weight":2.2506},
{"Node_id":3345,"weight":1.9542},
{"Node_id":3351,"weight":3.749},
{"Node_id":3354,"weight":2.0289},
{"Node_id":3355,"weight":2.0505},
{"Node_id":3356,"weight":1.4982},
{"Node_id":3358,"weight":1.686},
{"Node_id":3359,"weight":3.0857},
{"Node_id":3360,"weight":4.2402},
{"Node_id":3362,"weight":2.7803},
{"Node_id":3365,"weight":1.5478},
{"Node_id":3368,"weight":2.4451},
{"Node_id":3369,"weight":3.2424},
{"Node_id":3370,"weight":4.0049},
{"Node_id":3371,"weight":2.6878},
{"Node_id":3372,"weight":4.508},
{"Node_id":3373,"weight":1.4624},
{"Node_id":3374,"weight":4.3776},
{"Node_id":3375,"weight":2.3408},
{"Node_id":3376,"weight":2.0515},
{"Node_id":3377,"weight":1.7167},
{"Node_id":3378,"weight":1.5437},
{"Node_id":3379,"weight":1.7089},
{"Node_id":3380,"weight":2.0525},
{"Node_id":3381,"weight":1.4403},
{"Node_id":3382,"weight":2.6695},
{"Node_id":3383,"weight":2.2564},
{"Node_id":3384,"weight":1.5197},
{"Node_id":3385,"weight":2.5654},
{"Node_id":3386,"weight":1.4281},
{"Node_id":3387,"weight":2.0887},
{"Node_id":3393,"weight":3.9388},
{"Node_id":3396,"weight":1.8145},
{"Node_id":3400,"weight":1.8721},
{"Node_id":3405,"weight":2.1939},
{"Node_id":3411,"weight":3.3967},
{"Node_id":3418,"weight":1.4611},
{"Node_id":3426,"weight":1.5934},
{"Node_id":3435,"weight":2.7201},
{"Node_id":3445,"weight":1.4089},
{"Node_id":3453,"weight":1.5471},
{"Node_id":3456,"weight":4.4192},
{"Node_id":3464,"weight":1.4657},
{"Node_id":3468,"weight":1.9241},
{"Node_id":3476,"weight":2.9051},
{"Node_id":3478,"weight":1.3913},
{"Node_id":3481,"weight":1.6339},
{"Node_id":3489,"weight":1.628},
{"Node_id":3491,"weight":7.418},
{"Node_id":3495,"weight":1.4716},
{"Node_id":3503,"weight":4.1448},
{"Node_id":3505,"weight":2.4838},
{"Node_id":3510,"weight":1.3957},
{"Node_id":3518,"weight":1.7971},
{"Node_id":3520,"weight":3.6038},
{"Node_id":3526,"weight":5.3771},
{"Node_id":3534,"weight":1.5354},
{"Node_id":3536,"weight":2.366},
{"Node_id":3543,"weight":1.4716},
{"Node_id":3551,"weight":1.8447},
{"Node_id":3553,"weight":5.6515},
{"Node_id":3561,"weight":6.6441},
{"Node_id":3569,"weight":2.4937},
{"Node_id":3571,"weight":2.0715},
{"Node_id":3580,"weight":2.3149},
{"Node_id":3588,"weight":3.3621},
{"Node_id":3589,"weight":1.843},
{"Node_id":3590,"weight":2.1611},
{"Node_id":3608,"weight":2.397},
{"Node_id":3612,"weight":4.0939},
{"Node_id":3613,"weight":1.7097},
{"Node_id":3616,"weight":3.9229},
{"Node_id":3617,"weight":3.8227},
{"Node_id":3618,"weight":4.5751},
{"Node_id":3620,"weight":2.806},
{"Node_id":3621,"weight":5.077},
{"Node_id":3622,"weight":1.4178},
{"Node_id":3623,"weight":4.1064},
{"Node_id":3624,"weight":2.0695},
{"Node_id":3625,"weight":1.6085},
{"Node_id":3626,"weight":2.2196},
{"Node_id":3627,"weight":1.6027},
{"Node_id":3628,"weight":2.0907},
{"Node_id":3629,"weight":2.9635},
{"Node_id":3630,"weight":3.9549},
{"Node_id":3631,"weight":1.4474},
{"Node_id":3632,"weight":1.7051},
{"Node_id":3633,"weight":2.3996},
{"Node_id":3634,"weight":1.7433},
{"Node_id":3635,"weight":2.1807},
{"Node_id":3636,"weight":2.3866},
{"Node_id":3637,"weight":1.3919},
{"Node_id":3638,"weight":2.0928},
{"Node_id":3641,"weight":4.5751},
{"Node_id":3642,"weight":1.8481},
{"Node_id":3643,"weight":2.0938},
{"Node_id":3644,"weight":1.9615},
{"Node_id":3645,"weight":2.0299},
{"Node_id":3646,"weight":2.3433},
{"Node_id":3647,"weight":1.7159},
{"Node_id":3648,"weight":2.5504},
{"Node_id":3649,"weight":2.9765},
{"Node_id":3650,"weight":2.5519},
{"Node_id":3651,"weight":1.8523},
{"Node_id":3652,"weight":2.3648},
{"Node_id":3653,"weight":3.2876},
{"Node_id":3654,"weight":1.9755},
{"Node_id":3655,"weight":1.4868},
{"Node_id":3656,"weight":1.4481},
{"Node_id":3657,"weight":1.4384},
{"Node_id":3658,"weight":5.2933},
{"Node_id":3659,"weight":1.4313},
{"Node_id":3660,"weight":3.3287},
{"Node_id":3661,"weight":1.9305},
{"Node_id":3662,"weight":4.8078},
{"Node_id":3663,"weight":2.5195},
{"Node_id":3664,"weight":1.3882},
{"Node_id":3665,"weight":3.2151},
{"Node_id":3666,"weight":2.3271},
{"Node_id":3667,"weight":1.6208},
{"Node_id":3668,"weight":4.6469},
{"Node_id":3669,"weight":2.2943},
{"Node_id":3670,"weight":3.4523},
{"Node_id":3671,"weight":1.4617},
{"Node_id":3672,"weight":1.4313},
{"Node_id":3673,"weight":3.0978},
{"Node_id":3674,"weight":1.6142},
{"Node_id":3675,"weight":1.3869},
{"Node_id":3676,"weight":3.0006},
{"Node_id":3677,"weight":2.8691},
{"Node_id":3678,"weight":1.7276},
{"Node_id":3679,"weight":1.3982},
{"Node_id":3680,"weight":1.8869},
{"Node_id":3681,"weight":2.0918},
{"Node_id":3686,"weight":2.7604},
{"Node_id":3687,"weight":1.7647},
{"Node_id":3688,"weight":3.4225},
{"Node_id":3689,"weight":3.1651},
{"Node_id":3690,"weight":2.6482},
{"Node_id":3691,"weight":1.6434},
{"Node_id":3692,"weight":2.6662},
{"Node_id":3693,"weight":1.5204},
{"Node_id":3694,"weight":1.8704},
{"Node_id":3695,"weight":1.4455},
{"Node_id":3696,"weight":1.452},
{"Node_id":3697,"weight":3.6677},
{"Node_id":3698,"weight":2.9722},
{"Node_id":3699,"weight":1.6405},
{"Node_id":3702,"weight":3.511},
{"Node_id":3703,"weight":1.6627},
{"Node_id":3704,"weight":3.1173},
{"Node_id":3705,"weight":2.2752},
{"Node_id":3706,"weight":1.6049},
{"Node_id":3707,"weight":1.6612},
{"Node_id":3708,"weight":2.9786},
{"Node_id":3709,"weight":1.9496},
{"Node_id":3710,"weight":1.7151},
{"Node_id":3713,"weight":1.8037},
{"Node_id":3714,"weight":1.7448},
{"Node_id":3715,"weight":1.9197},
{"Node_id":3716,"weight":2.6369},
{"Node_id":3752,"weight":1.4494},
{"Node_id":3753,"weight":4.4024},
{"Node_id":3754,"weight":2.1397},
{"Node_id":3755,"weight":1.4822},
{"Node_id":3756,"weight":3.7852},
{"Node_id":3757,"weight":1.9487},
{"Node_id":3758,"weight":2.1218},
{"Node_id":3759,"weight":2.2242},
{"Node_id":3760,"weight":1.9972},
{"Node_id":3761,"weight":5.9496},
{"Node_id":3762,"weight":2.1961},
{"Node_id":3763,"weight":1.86},
{"Node_id":3764,"weight":2.9298},
{"Node_id":3767,"weight":4.1711},
{"Node_id":3768,"weight":2.4142},
{"Node_id":3769,"weight":2.4838},
{"Node_id":3770,"weight":2.4629},
{"Node_id":3771,"weight":3.2676},
{"Node_id":3772,"weight":4.6259},
{"Node_id":3773,"weight":4.5555},
{"Node_id":3774,"weight":1.7865},
{"Node_id":3775,"weight":1.4862},
{"Node_id":3776,"weight":1.8921},
{"Node_id":3777,"weight":1.5055},
{"Node_id":3778,"weight":1.4261},
{"Node_id":3779,"weight":1.7551},
{"Node_id":3780,"weight":1.8652},
{"Node_id":3781,"weight":5.2539},
{"Node_id":3782,"weight":1.4815},
{"Node_id":3783,"weight":1.4287},
{"Node_id":3784,"weight":1.5451},
{"Node_id":3785,"weight":1.6229},
{"Node_id":3786,"weight":4.2051},
{"Node_id":3787,"weight":2.579},
{"Node_id":3788,"weight":1.5885},
{"Node_id":3789,"weight":2.883},
{"Node_id":3790,"weight":1.5361},
{"Node_id":3791,"weight":1.8371},
{"Node_id":3792,"weight":3.4591},
{"Node_id":3793,"weight":2.5654},
{"Node_id":3796,"weight":7.8236},
{"Node_id":3798,"weight":2.1503},
{"Node_id":3800,"weight":2.3136},
{"Node_id":3801,"weight":1.5849},
{"Node_id":3802,"weight":2.1207},
{"Node_id":3803,"weight":2.4075},
{"Node_id":3805,"weight":2.9487},
{"Node_id":3806,"weight":1.5225},
{"Node_id":3807,"weight":2.2494},
{"Node_id":3808,"weight":2.5669},
{"Node_id":3809,"weight":3.2452},
{"Node_id":3810,"weight":2.8439},
{"Node_id":3811,"weight":2.3371},
{"Node_id":3812,"weight":1.3913},
{"Node_id":3813,"weight":4.3066},
{"Node_id":3814,"weight":2.7712},
{"Node_id":3815,"weight":5.077},
{"Node_id":3816,"weight":1.9386},
{"Node_id":3817,"weight":3.3903},
{"Node_id":3818,"weight":2.7115},
{"Node_id":3819,"weight":1.5764},
{"Node_id":3820,"weight":2.2425},
{"Node_id":3821,"weight":2.0144},
{"Node_id":3822,"weight":1.4955},
{"Node_id":3823,"weight":1.4364},
{"Node_id":3824,"weight":1.7639},
{"Node_id":3825,"weight":4.872},
{"Node_id":3827,"weight":1.4338},
{"Node_id":3829,"weight":2.2967},
{"Node_id":3830,"weight":1.4855},
{"Node_id":3831,"weight":3.0297},
{"Node_id":3832,"weight":1.421},
{"Node_id":3833,"weight":1.9487},
{"Node_id":3834,"weight":2.6434},
{"Node_id":3835,"weight":1.6777},
{"Node_id":3836,"weight":1.5008},
{"Node_id":3837,"weight":2.9765},
{"Node_id":3838,"weight":1.7082},
{"Node_id":3839,"weight":2.4168},
{"Node_id":3840,"weight":6.0725},
{"Node_id":3841,"weight":2.6305},
{"Node_id":3842,"weight":4.7242},
{"Node_id":3843,"weight":2.0505},
{"Node_id":3844,"weight":2.9174},
{"Node_id":3846,"weight":4.9989},
{"Node_id":3847,"weight":3.6513},
{"Node_id":3850,"weight":1.8387},
{"Node_id":3851,"weight":3.7357},
{"Node_id":3855,"weight":6.3754},
{"Node_id":3856,"weight":1.7059},
{"Node_id":3860,"weight":3.8969},
{"Node_id":3861,"weight":2.4062},
{"Node_id":3862,"weight":1.8895},
{"Node_id":3866,"weight":5.8061},
{"Node_id":3868,"weight":1.6883},
{"Node_id":3869,"weight":2.1589},
{"Node_id":3873,"weight":3.2287},
{"Node_id":3875,"weight":1.737},
{"Node_id":3876,"weight":3.5435},
{"Node_id":3877,"weight":2.6385},
{"Node_id":3881,"weight":2.0816},
{"Node_id":3883,"weight":1.5575},
{"Node_id":3884,"weight":3.3257},
{"Node_id":3885,"weight":1.5729},
{"Node_id":3886,"weight":2.1939},
{"Node_id":3890,"weight":2.0585},
{"Node_id":3892,"weight":2.1525},
{"Node_id":3893,"weight":5.3771},
{"Node_id":3895,"weight":3.562},
{"Node_id":3896,"weight":3.6392},
{"Node_id":3900,"weight":2.7622},
{"Node_id":3902,"weight":2.7029},
{"Node_id":3903,"weight":2.1611},
{"Node_id":3906,"weight":2.0086},
{"Node_id":3907,"weight":2.4796},
{"Node_id":3911,"weight":2.2955},
{"Node_id":3913,"weight":1.8532},
{"Node_id":3914,"weight":1.9432},
{"Node_id":3917,"weight":2.2073},
{"Node_id":3918,"weight":2.895},
{"Node_id":3919,"weight":3.7446},
{"Node_id":3923,"weight":1.7151},
{"Node_id":3925,"weight":2.2494},
{"Node_id":3926,"weight":2.6596},
{"Node_id":3929,"weight":2.1676},
{"Node_id":3931,"weight":2.3944},
{"Node_id":3932,"weight":2.0299},
{"Node_id":3936,"weight":2.881},
{"Node_id":3938,"weight":1.7417},
{"Node_id":3939,"weight":6.4362},
{"Node_id":3942,"weight":2.4615},
{"Node_id":3945,"weight":1.6486},
{"Node_id":3946,"weight":1.4908},
{"Node_id":3950,"weight":2.3112},
{"Node_id":3952,"weight":1.7711},
{"Node_id":3953,"weight":3.0006},
{"Node_id":3956,"weight":3.9495},
{"Node_id":3960,"weight":4.6363},
{"Node_id":3961,"weight":1.7074},
{"Node_id":3965,"weight":2.7427},
{"Node_id":3967,"weight":2.5549},
{"Node_id":3968,"weight":2.5037},
{"Node_id":3971,"weight":7.8236},
{"Node_id":3975,"weight":1.744},
{"Node_id":3976,"weight":2.1589},
{"Node_id":3977,"weight":4.4108},
{"Node_id":3981,"weight":2.4726},
{"Node_id":3983,"weight":1.602},
{"Node_id":3984,"weight":1.9063},
{"Node_id":3987,"weight":1.6486},
{"Node_id":3991,"weight":1.5506},
{"Node_id":3993,"weight":3.3683},
{"Node_id":3994,"weight":1.6434},
{"Node_id":3998,"weight":1.8472},
{"Node_id":4000,"weight":2.4275},
{"Node_id":4001,"weight":2.481},
{"Node_id":4004,"weight":1.9072},
{"Node_id":4008,"weight":1.9395},
{"Node_id":4011,"weight":2.6777},
{"Node_id":4012,"weight":3.4523},
{"Node_id":4016,"weight":2.3321},
{"Node_id":4018,"weight":4.7954},
{"Node_id":4019,"weight":2.0221},
{"Node_id":4022,"weight":4.872},
{"Node_id":4026,"weight":2.7201},
{"Node_id":4030,"weight":3.5922},
{"Node_id":4031,"weight":3.5472},
{"Node_id":4035,"weight":1.4995},
{"Node_id":4037,"weight":2.3711},
{"Node_id":4038,"weight":4.8203},
{"Node_id":4041,"weight":2.9072},
{"Node_id":4045,"weight":1.6754},
{"Node_id":4049,"weight":1.8913},
{"Node_id":4050,"weight":2.2494},
{"Node_id":4051,"weight":2.8731},
{"Node_id":4055,"weight":2.7712},
{"Node_id":4057,"weight":2.2436},
{"Node_id":4058,"weight":1.9821},
{"Node_id":4061,"weight":1.6627},
{"Node_id":4065,"weight":1.5416},
{"Node_id":4069,"weight":3.1372},
{"Node_id":4070,"weight":1.587},
{"Node_id":4072,"weight":5.4217},
{"Node_id":4073,"weight":5.5429},
{"Node_id":4074,"weight":2.5534},
{"Node_id":4075,"weight":1.4223},
{"Node_id":4076,"weight":2.2728},
{"Node_id":4077,"weight":3.3377},
{"Node_id":4134,"weight":2.6995},
{"Node_id":4136,"weight":5.045},
{"Node_id":4137,"weight":3.8766},
{"Node_id":4138,"weight":1.719},
{"Node_id":4139,"weight":1.7354},
{"Node_id":4140,"weight":2.4768},
{"Node_id":4141,"weight":1.7198},
{"Node_id":4142,"weight":2.0416},
{"Node_id":4143,"weight":1.6982},
{"Node_id":4144,"weight":3.6076},
{"Node_id":4145,"weight":3.4523},
{"Node_id":4146,"weight":3.6273},
{"Node_id":4147,"weight":3.7401},
{"Node_id":4148,"weight":2.0338},
{"Node_id":4149,"weight":1.6906},
{"Node_id":4150,"weight":3.6718},
{"Node_id":4151,"weight":2.1418},
{"Node_id":4152,"weight":1.6419},
{"Node_id":4153,"weight":1.8549},
{"Node_id":4154,"weight":2.0212},
{"Node_id":4155,"weight":3.3808},
{"Node_id":4156,"weight":3.8469},
{"Node_id":4157,"weight":3.305},
{"Node_id":4158,"weight":1.4742},
{"Node_id":4159,"weight":1.4881},
{"Node_id":4160,"weight":1.9523},
{"Node_id":4161,"weight":1.5464},
{"Node_id":4162,"weight":2.0575},
{"Node_id":4163,"weight":1.7922},
{"Node_id":4166,"weight":4.1579},
{"Node_id":4167,"weight":1.615},
{"Node_id":4168,"weight":5.4927},
{"Node_id":4171,"weight":3.7446},
{"Node_id":4174,"weight":3.5075},
{"Node_id":4175,"weight":1.7472},
{"Node_id":4176,"weight":1.4001},
{"Node_id":4177,"weight":3.6885},
{"Node_id":4178,"weight":2.5519},
{"Node_id":4179,"weight":1.8145},
{"Node_id":4180,"weight":3.8372},
{"Node_id":4181,"weight":2.0615},
{"Node_id":4182,"weight":2.0785},
{"Node_id":4183,"weight":2.1654},
{"Node_id":4184,"weight":1.6114},
{"Node_id":4185,"weight":1.812},
{"Node_id":4186,"weight":1.9143},
{"Node_id":4187,"weight":1.7567},
{"Node_id":4188,"weight":2.1862},
{"Node_id":4189,"weight":2.1906},
{"Node_id":4190,"weight":2.7357},
{"Node_id":4191,"weight":2.9465},
{"Node_id":4192,"weight":2.1249},
{"Node_id":4193,"weight":3.6432},
{"Node_id":4194,"weight":5.1441},
{"Node_id":4195,"weight":5.2734},
{"Node_id":4196,"weight":3.0978},
{"Node_id":4197,"weight":3.8132},
{"Node_id":4198,"weight":5.045},
{"Node_id":4199,"weight":2.401},
{"Node_id":4200,"weight":2.101},
{"Node_id":4201,"weight":1.515},
{"Node_id":4202,"weight":2.9072},
{"Node_id":4203,"weight":1.8575},
{"Node_id":4204,"weight":3.0644},
{"Node_id":4205,"weight":3.0366},
{"Node_id":4206,"weight":2.3039},
{"Node_id":4207,"weight":1.7849},
{"Node_id":4208,"weight":3.0184},
{"Node_id":4209,"weight":1.886},
{"Node_id":4210,"weight":2.0038},
{"Node_id":4211,"weight":2.025},
{"Node_id":4221,"weight":1.9206},
{"Node_id":4222,"weight":2.4329},
{"Node_id":4223,"weight":3.9658},
{"Node_id":4224,"weight":2.5579},
{"Node_id":4225,"weight":2.0192},
{"Node_id":4228,"weight":2.8135},
{"Node_id":4229,"weight":2.8381},
{"Node_id":4230,"weight":2.889},
{"Node_id":4231,"weight":2.0338},
{"Node_id":4232,"weight":3.0667},
{"Node_id":4233,"weight":1.9323},
{"Node_id":4234,"weight":1.7237},
{"Node_id":4235,"weight":1.7599},
{"Node_id":4236,"weight":2.3015},
{"Node_id":4237,"weight":1.4881},
{"Node_id":4238,"weight":1.3988},
{"Node_id":4239,"weight":2.9786},
{"Node_id":4240,"weight":3.3652},
{"Node_id":4241,"weight":2.6337},
{"Node_id":4242,"weight":1.5485},
{"Node_id":4243,"weight":2.5297},
{"Node_id":4244,"weight":1.5327},
{"Node_id":4245,"weight":1.7663},
{"Node_id":4246,"weight":1.9423},
{"Node_id":4247,"weight":1.4422},
{"Node_id":4248,"weight":1.5885},
{"Node_id":4249,"weight":1.5729},
{"Node_id":4250,"weight":1.5306},
{"Node_id":4251,"weight":2.7409},
{"Node_id":4252,"weight":1.8012},
{"Node_id":4253,"weight":4.8588},
{"Node_id":4254,"weight":2.7218},
{"Node_id":4255,"weight":3.0297},
{"Node_id":4256,"weight":3.2098},
{"Node_id":4257,"weight":1.5638},
{"Node_id":4258,"weight":1.5764},
{"Node_id":4259,"weight":2.4478},
{"Node_id":4260,"weight":2.0989},
{"Node_id":4261,"weight":1.8886},
{"Node_id":4262,"weight":1.7736},
{"Node_id":4263,"weight":2.3259},
{"Node_id":4264,"weight":2.2379},
{"Node_id":4265,"weight":4.0221},
{"Node_id":4266,"weight":1.5771},
{"Node_id":4267,"weight":2.1134},
{"Node_id":4268,"weight":3.0229},
{"Node_id":4269,"weight":3.9658},
{"Node_id":4270,"weight":1.7551},
{"Node_id":4271,"weight":1.5793},
{"Node_id":4272,"weight":2.6928},
{"Node_id":4273,"weight":1.4828},
{"Node_id":4274,"weight":3.2452},
{"Node_id":4275,"weight":1.9652},
{"Node_id":4276,"weight":1.7128},
{"Node_id":4277,"weight":2.7063},
{"Node_id":4278,"weight":4.5851},
{"Node_id":4279,"weight":1.4147},
{"Node_id":4280,"weight":1.6657},
{"Node_id":4281,"weight":1.4052},
{"Node_id":4282,"weight":1.6324},
{"Node_id":4283,"weight":2.8711},
{"Node_id":4284,"weight":5.0933},
{"Node_id":4285,"weight":1.5659},
{"Node_id":4286,"weight":1.4782},
{"Node_id":4287,"weight":2.6761},
{"Node_id":4288,"weight":2.4796},
{"Node_id":4289,"weight":2.6337},
{"Node_id":4290,"weight":5.4927},
{"Node_id":4293,"weight":2.0928},
{"Node_id":4302,"weight":1.4862},
{"Node_id":4303,"weight":1.4435},
{"Node_id":4304,"weight":4.8458},
{"Node_id":4305,"weight":2.1622},
{"Node_id":4306,"weight":1.8253},
{"Node_id":4307,"weight":2.1928},
{"Node_id":4308,"weight":1.587},
{"Node_id":4309,"weight":1.656},
{"Node_id":4310,"weight":2.4684},
{"Node_id":4311,"weight":3.511},
{"Node_id":4312,"weight":1.5368},
{"Node_id":4313,"weight":1.6027},
{"Node_id":4314,"weight":1.733},
{"Node_id":4315,"weight":1.8609},
{"Node_id":4318,"weight":3.6312},
{"Node_id":4319,"weight":2.3699},
{"Node_id":4320,"weight":2.6928},
{"Node_id":4321,"weight":3.3903},
{"Node_id":4322,"weight":2.2943},
{"Node_id":4325,"weight":1.9597},
{"Node_id":4326,"weight":2.1376},
{"Node_id":4327,"weight":2.6147},
{"Node_id":4328,"weight":2.0485},
{"Node_id":4329,"weight":1.8438},
{"Node_id":4330,"weight":2.97},
{"Node_id":4331,"weight":4.1513},
{"Node_id":4332,"weight":2.9031},
{"Node_id":4333,"weight":1.5197},
{"Node_id":4334,"weight":3.4356},
{"Node_id":4335,"weight":4.4538},
{"Node_id":4336,"weight":3.2507},
{"Node_id":4337,"weight":1.4775},
{"Node_id":4338,"weight":3.6595},
{"Node_id":4339,"weight":1.4769},
{"Node_id":4340,"weight":4.7832},
{"Node_id":4341,"weight":1.8354},
{"Node_id":4342,"weight":2.7857},
{"Node_id":4343,"weight":3.3468},
{"Node_id":4344,"weight":4.284},
{"Node_id":4345,"weight":1.8643},
{"Node_id":4346,"weight":2.1354},
{"Node_id":4347,"weight":1.8153},
{"Node_id":4350,"weight":2.5882},
{"Node_id":4351,"weight":2.1774},
{"Node_id":4352,"weight":4.0049},
{"Node_id":4353,"weight":2.9444},
{"Node_id":4354,"weight":2.6466},
{"Node_id":4355,"weight":2.1796},
{"Node_id":4356,"weight":3.3079},
{"Node_id":4357,"weight":3.562},
{"Node_id":4358,"weight":1.6164},
{"Node_id":4359,"weight":1.9915},
{"Node_id":4360,"weight":2.4994},
{"Node_id":4361,"weight":2.6022},
{"Node_id":4362,"weight":1.5603},
{"Node_id":4363,"weight":2.2716},
{"Node_id":4364,"weight":3.3287},
{"Node_id":4365,"weight":1.7543},
{"Node_id":4366,"weight":3.3468},
{"Node_id":4367,"weight":1.9098},
{"Node_id":4368,"weight":1.8078},
{"Node_id":4369,"weight":2.4519},
{"Node_id":4370,"weight":3.3138},
{"Node_id":4371,"weight":2.6434},
{"Node_id":4372,"weight":2.9939},
{"Node_id":4373,"weight":1.8379},
{"Node_id":4374,"weight":1.7711},
{"Node_id":4375,"weight":3.0072},
{"Node_id":4376,"weight":1.5485},
{"Node_id":4377,"weight":1.4585},
{"Node_id":4378,"weight":3.1222},
{"Node_id":4379,"weight":2.1752},
{"Node_id":4380,"weight":2.6321},
{"Node_id":4381,"weight":2.7183},
{"Node_id":4382,"weight":3.5694},
{"Node_id":4383,"weight":3.1026},
{"Node_id":4384,"weight":2.4315},
{"Node_id":4385,"weight":1.4868},
{"Node_id":4386,"weight":1.6785},
{"Node_id":4387,"weight":2.2576},
{"Node_id":4388,"weight":3.1625},
{"Node_id":4389,"weight":1.827},
{"Node_id":4390,"weight":2.3814},
{"Node_id":4391,"weight":2.6761},
{"Node_id":4392,"weight":1.7988},
{"Node_id":4393,"weight":5.9118},
{"Node_id":4394,"weight":2.4342},
{"Node_id":4395,"weight":1.4461},
{"Node_id":4396,"weight":3.4356},
{"Node_id":4411,"weight":2.0019},
{"Node_id":4412,"weight":1.4982},
{"Node_id":4413,"weight":2.3827},
{"Node_id":4414,"weight":2.1514},
{"Node_id":4415,"weight":1.421},
{"Node_id":4416,"weight":4.2546},
{"Node_id":4417,"weight":2.889},
{"Node_id":4418,"weight":2.6162},
{"Node_id":4419,"weight":1.5899},
{"Node_id":4420,"weight":1.4941},
{"Node_id":4421,"weight":4.508},
{"Node_id":4422,"weight":2.9984},
{"Node_id":4423,"weight":2.2084},
{"Node_id":4424,"weight":2.6401},
{"Node_id":4425,"weight":3.105},
{"Node_id":4426,"weight":2.1145},
{"Node_id":4427,"weight":2.1197},
{"Node_id":4428,"weight":1.9161},
{"Node_id":4464,"weight":2.4643},
{"Node_id":4465,"weight":2.1145},
{"Node_id":4466,"weight":1.7105},
{"Node_id":4467,"weight":2.1239},
{"Node_id":4468,"weight":1.8834},
{"Node_id":4469,"weight":2.7115},
{"Node_id":4470,"weight":2.3597},
{"Node_id":4471,"weight":1.6383},
{"Node_id":4472,"weight":1.4624},
{"Node_id":4473,"weight":3.6392},
{"Node_id":4474,"weight":1.7338},
{"Node_id":4475,"weight":4.3776},
{"Node_id":4476,"weight":1.7089},
{"Node_id":4477,"weight":1.4789},
{"Node_id":4478,"weight":3.2591},
{"Node_id":4479,"weight":3.3871},
{"Node_id":4480,"weight":2.9277},
{"Node_id":4481,"weight":4.5653},
{"Node_id":4482,"weight":3.2178},
{"Node_id":4483,"weight":2.321},
{"Node_id":4484,"weight":2.2073},
{"Node_id":4485,"weight":1.5779},
{"Node_id":4486,"weight":3.8085},
{"Node_id":4487,"weight":1.6186},
{"Node_id":4488,"weight":6.8113},
{"Node_id":4489,"weight":1.6179},
{"Node_id":4490,"weight":1.7377},
{"Node_id":4491,"weight":2.4588},
{"Node_id":4492,"weight":1.6478},
{"Node_id":4493,"weight":1.5231},
{"Node_id":4494,"weight":2.342},
{"Node_id":4495,"weight":1.4644},
{"Node_id":4496,"weight":2.0595},
{"Node_id":4497,"weight":2.2681},
{"Node_id":4499,"weight":1.5109},
{"Node_id":4500,"weight":2.4519},
{"Node_id":4501,"weight":1.7105},
{"Node_id":4504,"weight":3.3871},
{"Node_id":4505,"weight":1.5807},
{"Node_id":4506,"weight":2.7586},
{"Node_id":4507,"weight":2.885},
{"Node_id":4508,"weight":4.5653},
{"Node_id":4509,"weight":3.3683},
{"Node_id":4510,"weight":2.7374},
{"Node_id":4513,"weight":2.0485},
{"Node_id":4514,"weight":1.8261},
{"Node_id":4515,"weight":2.9593},
{"Node_id":4516,"weight":2.0565},
{"Node_id":4517,"weight":2.5123},
{"Node_id":4518,"weight":1.4121},
{"Node_id":4519,"weight":2.2061},
{"Node_id":4520,"weight":1.7136},
{"Node_id":4521,"weight":2.2799},
{"Node_id":4522,"weight":1.7182},
{"Node_id":4523,"weight":1.6486},
{"Node_id":4524,"weight":3.5435},
{"Node_id":4525,"weight":2.0605},
{"Node_id":4526,"weight":3.6233},
{"Node_id":4529,"weight":2.6242},
{"Node_id":4530,"weight":1.5771},
{"Node_id":4531,"weight":1.5402},
{"Node_id":4532,"weight":3.2591},
{"Node_id":4533,"weight":1.6754},
{"Node_id":4534,"weight":1.5238},
{"Node_id":4535,"weight":2.0096},
{"Node_id":4536,"weight":2.8381},
{"Node_id":4537,"weight":2.1155},
{"Node_id":4538,"weight":1.5687},
{"Node_id":4539,"weight":1.4014},
{"Node_id":4540,"weight":1.7417},
{"Node_id":4541,"weight":2.3699},
{"Node_id":4542,"weight":2.0029},
{"Node_id":4543,"weight":1.4962},
{"Node_id":4544,"weight":1.6078},
{"Node_id":4545,"weight":1.7857},
{"Node_id":4546,"weight":3.562},
{"Node_id":4547,"weight":2.8633},
{"Node_id":4551,"weight":1.9259},
{"Node_id":4552,"weight":2.6662},
{"Node_id":4553,"weight":3.5326},
{"Node_id":4554,"weight":4.0163},
{"Node_id":4555,"weight":3.226},
{"Node_id":4556,"weight":1.7051},
{"Node_id":4557,"weight":2.9113},
{"Node_id":4558,"weight":1.8913},
{"Node_id":4561,"weight":1.6085},
{"Node_id":4562,"weight":1.5999},
{"Node_id":4563,"weight":3.0738},
{"Node_id":4564,"weight":1.5878},
{"Node_id":4656,"weight":3.0117},
{"Node_id":4657,"weight":2.2907},
{"Node_id":4658,"weight":1.4868},
{"Node_id":4659,"weight":1.4396},
{"Node_id":4660,"weight":2.4437},
{"Node_id":4661,"weight":2.0038},
{"Node_id":4662,"weight":3.5398},
{"Node_id":4663,"weight":1.8379},
{"Node_id":4664,"weight":1.3907},
{"Node_id":4665,"weight":3.0786},
{"Node_id":4666,"weight":4.0049},
{"Node_id":4667,"weight":3.4969},
{"Node_id":4668,"weight":1.7841},
{"Node_id":4669,"weight":2.4966},
{"Node_id":4670,"weight":4.9126},
{"Node_id":4671,"weight":3.562},
{"Node_id":4672,"weight":4.9548},
{"Node_id":4673,"weight":4.7592},
{"Node_id":4674,"weight":2.1873},
{"Node_id":4675,"weight":2.2219},
{"Node_id":4676,"weight":1.789},
{"Node_id":4677,"weight":2.0367},
{"Node_id":4678,"weight":3.2905},
{"Node_id":4679,"weight":2.5959},
{"Node_id":4680,"weight":4.7015},
{"Node_id":4681,"weight":1.6837},
{"Node_id":4682,"weight":2.5474},
{"Node_id":4683,"weight":2.8004},
{"Node_id":4684,"weight":3.0184},
{"Node_id":4685,"weight":1.4572},
{"Node_id":4730,"weight":3.2733},
{"Node_id":4739,"weight":1.414},
{"Node_id":4749,"weight":4.1002},
{"Node_id":4751,"weight":1.5231},
{"Node_id":4760,"weight":2.0387},
{"Node_id":4771,"weight":5.6232},
{"Node_id":4783,"weight":2.1546},
{"Node_id":4787,"weight":2.0595},
{"Node_id":4789,"weight":2.4994},
{"Node_id":4790,"weight":5.4448},
{"Node_id":4791,"weight":1.7988},
{"Node_id":4792,"weight":1.6412},
{"Node_id":4793,"weight":1.4802},
{"Node_id":4794,"weight":1.4683},
{"Node_id":4795,"weight":4.0634},
{"Node_id":4796,"weight":2.895},
{"Node_id":4797,"weight":3.3347},
{"Node_id":4798,"weight":1.6508},
{"Node_id":4799,"weight":3.3777},
{"Node_id":4800,"weight":2.9072},
{"Node_id":4801,"weight":1.4178},
{"Node_id":4802,"weight":2.4881},
{"Node_id":4803,"weight":2.3788},
{"Node_id":4804,"weight":2.9614},
{"Node_id":4805,"weight":1.6664},
{"Node_id":4806,"weight":1.7963},
{"Node_id":4807,"weight":1.9143},
{"Node_id":4808,"weight":1.6523},
{"Node_id":4809,"weight":1.6538},
{"Node_id":4810,"weight":1.9036},
{"Node_id":4811,"weight":1.7776},
{"Node_id":4812,"weight":3.3999},
{"Node_id":4813,"weight":2.3584},
{"Node_id":4814,"weight":2.1785},
{"Node_id":4815,"weight":2.5224},
{"Node_id":4816,"weight":2.4601},
{"Node_id":4817,"weight":1.7074},
{"Node_id":4818,"weight":1.8834},
{"Node_id":4819,"weight":1.8921},
{"Node_id":4820,"weight":1.39},
{"Node_id":4821,"weight":2.2106},
{"Node_id":4822,"weight":1.9241},
{"Node_id":4823,"weight":1.6627},
{"Node_id":4824,"weight":3.0667},
{"Node_id":4825,"weight":2.0605},
{"Node_id":4826,"weight":2.2895},
{"Node_id":4827,"weight":1.43},
{"Node_id":4828,"weight":2.4698},
{"Node_id":4829,"weight":2.7694},
{"Node_id":4830,"weight":1.6982},
{"Node_id":4831,"weight":2.4505},
{"Node_id":4832,"weight":2.8305},
{"Node_id":4833,"weight":1.7825},
{"Node_id":4855,"weight":1.5042},
{"Node_id":4886,"weight":1.702},
{"Node_id":4887,"weight":1.9152},
{"Node_id":4888,"weight":2.5371},
{"Node_id":4889,"weight":2.3559},
{"Node_id":4890,"weight":6.2126},
{"Node_id":4891,"weight":1.9849},
{"Node_id":4892,"weight":2.5137},
{"Node_id":4893,"weight":2.0846},
{"Node_id":4894,"weight":2.7357},
{"Node_id":4895,"weight":2.7081},
{"Node_id":4896,"weight":2.027},
{"Node_id":4897,"weight":1.9277},
{"Node_id":4898,"weight":1.7816},
{"Node_id":4899,"weight":2.2811},
{"Node_id":4900,"weight":1.4147},
{"Node_id":4901,"weight":3.2071},
{"Node_id":4902,"weight":3.5146},
{"Node_id":4903,"weight":1.5856},
{"Node_id":4904,"weight":2.0212},
{"Node_id":4905,"weight":1.7679},
{"Node_id":4906,"weight":1.9505},
{"Node_id":4907,"weight":3.3935},
{"Node_id":4908,"weight":2.0086},
{"Node_id":4909,"weight":6.5008},
{"Node_id":4910,"weight":1.8295},
{"Node_id":4911,"weight":2.1103},
{"Node_id":4912,"weight":2.2506},
{"Node_id":4913,"weight":1.8328},
{"Node_id":4914,"weight":1.7354},
{"Node_id":4915,"weight":1.7599},
{"Node_id":4916,"weight":3.7945},
{"Node_id":4917,"weight":2.205},
{"Node_id":4918,"weight":4.0221},
{"Node_id":4919,"weight":1.7939},
{"Node_id":4920,"weight":3.4969},
{"Node_id":4921,"weight":1.9811},
{"Node_id":4922,"weight":1.6627},
{"Node_id":4923,"weight":2.6226},
{"Node_id":4924,"weight":1.9643},
{"Node_id":4925,"weight":1.7283},
{"Node_id":4926,"weight":2.8343},
{"Node_id":4927,"weight":2.3483},
{"Node_id":4928,"weight":1.7898},
{"Node_id":4929,"weight":1.7768},
{"Node_id":4930,"weight":1.7559},
{"Node_id":4931,"weight":2.5459},
{"Node_id":4932,"weight":3.4591},
{"Node_id":4933,"weight":1.4782},
{"Node_id":4934,"weight":2.4102},
{"Node_id":4935,"weight":4.3858},
{"Node_id":4936,"weight":1.6339},
{"Node_id":4937,"weight":2.3222},
{"Node_id":4938,"weight":2.9072},
{"Node_id":4939,"weight":1.9718},
{"Node_id":4940,"weight":5.8753},
{"Node_id":4941,"weight":3.4356},
{"Node_id":4942,"weight":1.7671},
{"Node_id":4943,"weight":1.4026},
{"Node_id":4944,"weight":1.7472},
{"Node_id":4945,"weight":1.8421},
{"Node_id":4946,"weight":2.806},
{"Node_id":4947,"weight":2.184},
{"Node_id":4948,"weight":3.9441},
{"Node_id":4949,"weight":1.4775},
{"Node_id":4950,"weight":1.5807},
{"Node_id":4951,"weight":2.877},
{"Node_id":4952,"weight":1.9152},
{"Node_id":4953,"weight":2.9133},
{"Node_id":4954,"weight":1.4185},
{"Node_id":4955,"weight":2.1386},
{"Node_id":4956,"weight":2.9381},
{"Node_id":4957,"weight":2.8594},
{"Node_id":4958,"weight":2.0},
{"Node_id":4959,"weight":2.4396},
{"Node_id":4960,"weight":2.1482},
{"Node_id":4961,"weight":1.8782},
{"Node_id":4962,"weight":3.429},
{"Node_id":4963,"weight":2.893},
{"Node_id":4964,"weight":1.4749},
{"Node_id":4965,"weight":1.6974},
{"Node_id":4966,"weight":2.4519},
{"Node_id":4967,"weight":1.4736},
{"Node_id":4968,"weight":1.822},
{"Node_id":4969,"weight":1.4546},
{"Node_id":4970,"weight":1.6186},
{"Node_id":4971,"weight":2.4754},
{"Node_id":4972,"weight":1.8756},
{"Node_id":4982,"weight":1.8178},
{"Node_id":4986,"weight":1.8278},
{"Node_id":4998,"weight":1.4217},
{"Node_id":4999,"weight":1.7647},
{"Node_id":5000,"weight":2.3234},
{"Node_id":5002,"weight":2.2564},
{"Node_id":5005,"weight":1.9134},
{"Node_id":5009,"weight":2.3533},
{"Node_id":5014,"weight":2.1439},
{"Node_id":5020,"weight":1.4742},
{"Node_id":5027,"weight":2.5624},
{"Node_id":5034,"weight":2.2185},
{"Node_id":5035,"weight":1.5701},
{"Node_id":5036,"weight":1.8404},
{"Node_id":5037,"weight":2.4588},
{"Node_id":5039,"weight":1.5659},
{"Node_id":5042,"weight":1.5361},
{"Node_id":5046,"weight":4.3534},
{"Node_id":5050,"weight":3.0667},
{"Node_id":5051,"weight":2.5445},
{"Node_id":5055,"weight":1.6845},
{"Node_id":5057,"weight":1.7299},
{"Node_id":5061,"weight":5.0141},
{"Node_id":5063,"weight":1.8128},
{"Node_id":5064,"weight":1.8566},
{"Node_id":5068,"weight":3.2124},
{"Node_id":5070,"weight":3.4127},
{"Node_id":5071,"weight":1.5708},
{"Node_id":5072,"weight":1.9868},
{"Node_id":5076,"weight":2.3788},
{"Node_id":5078,"weight":1.6121},
{"Node_id":5079,"weight":2.1578},
{"Node_id":5081,"weight":3.9335},
{"Node_id":5085,"weight":1.4306},
{"Node_id":5087,"weight":2.8574},
{"Node_id":5088,"weight":4.7242},
{"Node_id":5090,"weight":1.6891},
{"Node_id":5091,"weight":1.6186},
{"Node_id":5095,"weight":2.6466},
{"Node_id":5097,"weight":2.2705},
{"Node_id":5098,"weight":3.776},
{"Node_id":5100,"weight":1.5279},
{"Node_id":5101,"weight":2.7748},
{"Node_id":5102,"weight":2.2716},
{"Node_id":5106,"weight":1.8965},
{"Node_id":5108,"weight":3.2071},
{"Node_id":5109,"weight":4.1579},
{"Node_id":5111,"weight":2.1851},
{"Node_id":5112,"weight":2.4923},
{"Node_id":5113,"weight":1.452},
{"Node_id":5114,"weight":2.1145},
{"Node_id":5118,"weight":5.1616},
{"Node_id":5120,"weight":1.5666},
{"Node_id":5121,"weight":1.9332},
{"Node_id":5123,"weight":1.8712},
{"Node_id":5124,"weight":4.2619},
{"Node_id":5125,"weight":2.145},
{"Node_id":5126,"weight":2.955},
{"Node_id":5127,"weight":4.394},
{"Node_id":5131,"weight":2.1535},
{"Node_id":5133,"weight":2.0077},
{"Node_id":5134,"weight":4.8988},
{"Node_id":5136,"weight":2.7339},
{"Node_id":5137,"weight":2.3088},
{"Node_id":5138,"weight":2.3161},
{"Node_id":5140,"weight":1.4474},
{"Node_id":5144,"weight":3.7579},
{"Node_id":5146,"weight":2.6417},
{"Node_id":5147,"weight":3.5472},
{"Node_id":5149,"weight":1.6042},
{"Node_id":5150,"weight":1.6179},
{"Node_id":5152,"weight":1.5729},
{"Node_id":5153,"weight":1.9532},
{"Node_id":5156,"weight":1.7752},
{"Node_id":5158,"weight":1.5042},
{"Node_id":5159,"weight":1.9179},
{"Node_id":5161,"weight":5.2159},
{"Node_id":5162,"weight":4.3066},
{"Node_id":5163,"weight":2.6194},
{"Node_id":5165,"weight":3.5999},
{"Node_id":5166,"weight":1.6092},
{"Node_id":5167,"weight":1.8808},
{"Node_id":5170,"weight":2.1333},
{"Node_id":5171,"weight":1.9886},
{"Node_id":5172,"weight":2.7949},
{"Node_id":5176,"weight":2.2622},
{"Node_id":5177,"weight":3.356},
{"Node_id":5178,"weight":3.2761},
{"Node_id":5183,"weight":1.9098},
{"Node_id":5184,"weight":6.0299},
{"Node_id":5185,"weight":1.7354},
{"Node_id":5191,"weight":2.5137},
{"Node_id":5192,"weight":1.8404},
{"Node_id":5193,"weight":2.3853},
{"Node_id":5200,"weight":2.1072},
{"Node_id":5201,"weight":4.4896},
{"Node_id":5202,"weight":1.5575},
{"Node_id":5208,"weight":2.3371},
{"Node_id":5210,"weight":2.1546},
{"Node_id":5211,"weight":2.2494},
{"Node_id":5212,"weight":1.4795},
{"Node_id":5218,"weight":1.4461},
{"Node_id":5221,"weight":2.1093},
{"Node_id":5222,"weight":3.9388},
{"Node_id":5223,"weight":1.5293},
{"Node_id":5229,"weight":1.5471},
{"Node_id":5232,"weight":3.6312},
{"Node_id":5233,"weight":1.5225},
{"Node_id":5234,"weight":1.4448},
{"Node_id":5240,"weight":2.4128},
{"Node_id":5245,"weight":2.3063},
{"Node_id":5246,"weight":1.6868},
{"Node_id":5248,"weight":1.7825},
{"Node_id":5250,"weight":1.5736},
{"Node_id":5251,"weight":1.4921},
{"Node_id":5253,"weight":2.9277},
{"Node_id":5254,"weight":2.3711},
{"Node_id":5255,"weight":4.7128},
{"Node_id":5257,"weight":1.7315},
{"Node_id":5258,"weight":1.6056},
{"Node_id":5259,"weight":2.2705},
{"Node_id":5260,"weight":1.9125},
{"Node_id":5262,"weight":2.2991},
{"Node_id":5263,"weight":1.452},
{"Node_id":5264,"weight":2.0029},
{"Node_id":5265,"weight":2.1503},
{"Node_id":5266,"weight":3.7011},
{"Node_id":5268,"weight":1.7947},
{"Node_id":5269,"weight":2.1439},
{"Node_id":5270,"weight":3.1833},
{"Node_id":5272,"weight":1.9027},
{"Node_id":5274,"weight":5.4685},
{"Node_id":5275,"weight":1.789},
{"Node_id":5276,"weight":3.0072},
{"Node_id":5279,"weight":3.2071},
{"Node_id":5280,"weight":1.7988},
{"Node_id":5281,"weight":1.5116},
{"Node_id":5282,"weight":1.7043},
{"Node_id":5283,"weight":5.11},
{"Node_id":5284,"weight":1.5464},
{"Node_id":5285,"weight":3.8567},
{"Node_id":5286,"weight":4.8853},
{"Node_id":5287,"weight":1.4507},
{"Node_id":5288,"weight":2.0989},
{"Node_id":5289,"weight":2.5944},
{"Node_id":5291,"weight":4.1448},
{"Node_id":5292,"weight":1.893},
{"Node_id":5293,"weight":1.8286},
{"Node_id":5295,"weight":1.5313},
{"Node_id":5296,"weight":1.4007},
{"Node_id":5297,"weight":1.8652},
{"Node_id":5298,"weight":2.8731},
{"Node_id":5300,"weight":1.7647},
{"Node_id":5302,"weight":3.5362},
{"Node_id":5303,"weight":1.4598},
{"Node_id":5304,"weight":1.5913},
{"Node_id":5306,"weight":1.4756},
{"Node_id":5308,"weight":2.231},
{"Node_id":5309,"weight":1.5603},
{"Node_id":5310,"weight":3.3999},
{"Node_id":5311,"weight":3.0275},
{"Node_id":5313,"weight":2.3931},
{"Node_id":5315,"weight":2.3346},
{"Node_id":5316,"weight":2.0436},
{"Node_id":5317,"weight":3.3683},
{"Node_id":5318,"weight":1.7276},
{"Node_id":5320,"weight":2.4505},
{"Node_id":5322,"weight":4.9126},
{"Node_id":5323,"weight":3.3777},
{"Node_id":5324,"weight":1.9868},
{"Node_id":5325,"weight":1.5382},
{"Node_id":5326,"weight":1.9905},
{"Node_id":5328,"weight":5.0141},
{"Node_id":5330,"weight":3.511},
{"Node_id":5331,"weight":3.3347},
{"Node_id":5333,"weight":4.4364},
{"Node_id":5334,"weight":1.8549},
{"Node_id":5335,"weight":2.1302},
{"Node_id":5337,"weight":2.7427},
{"Node_id":5339,"weight":2.9593},
{"Node_id":5341,"weight":2.5944},
{"Node_id":5342,"weight":1.5638},
{"Node_id":5343,"weight":2.1643},
{"Node_id":5344,"weight":3.2648},
{"Node_id":5346,"weight":2.2265},
{"Node_id":5348,"weight":2.1093},
{"Node_id":5350,"weight":1.6679},
{"Node_id":5351,"weight":2.3788},
{"Node_id":5352,"weight":1.4591},
{"Node_id":5353,"weight":2.6777},
{"Node_id":5354,"weight":1.4928},
{"Node_id":5356,"weight":2.2811},
{"Node_id":5358,"weight":4.2619},
{"Node_id":5360,"weight":2.0887},
{"Node_id":5361,"weight":1.5499},
{"Node_id":5363,"weight":4.6155},
{"Node_id":5364,"weight":2.1082},
{"Node_id":5365,"weight":1.7914},
{"Node_id":5367,"weight":3.6312},
{"Node_id":5369,"weight":1.8328},
{"Node_id":5371,"weight":1.9459},
{"Node_id":5372,"weight":3.0715},
{"Node_id":5374,"weight":2.8324},
{"Node_id":5375,"weight":3.3529},
{"Node_id":5396,"weight":1.6361},
{"Node_id":5402,"weight":1.8764},
{"Node_id":5418,"weight":2.658},
{"Node_id":5419,"weight":2.2657},
{"Node_id":5420,"weight":1.6921},
{"Node_id":5421,"weight":4.1778},
{"Node_id":5422,"weight":1.7711},
{"Node_id":5423,"weight":2.401},
{"Node_id":5424,"weight":2.5066},
{"Node_id":5425,"weight":3.2098},
{"Node_id":5426,"weight":1.8974},
{"Node_id":5427,"weight":3.7011},
{"Node_id":5428,"weight":1.5042},
{"Node_id":5429,"weight":2.0134},
{"Node_id":5430,"weight":2.1386},
{"Node_id":5431,"weight":2.8248},
{"Node_id":5432,"weight":1.6582},
{"Node_id":5433,"weight":2.5371},
{"Node_id":5434,"weight":5.9496},
{"Node_id":5435,"weight":2.0407},
{"Node_id":5436,"weight":1.7448},
{"Node_id":5449,"weight":1.4338},
{"Node_id":5460,"weight":2.0535},
{"Node_id":5461,"weight":1.5589},
{"Node_id":5462,"weight":2.7098},
{"Node_id":5465,"weight":3.4795},
{"Node_id":5467,"weight":1.6523},
{"Node_id":5468,"weight":2.6162},
{"Node_id":5470,"weight":2.0077},
{"Node_id":5471,"weight":3.9936},
{"Node_id":5474,"weight":1.4064},
{"Node_id":5475,"weight":1.5049},
{"Node_id":5479,"weight":1.5218},
{"Node_id":5480,"weight":1.3919},
{"Node_id":5485,"weight":1.4928},
{"Node_id":5486,"weight":2.5415},
{"Node_id":5492,"weight":2.1323},
{"Node_id":5493,"weight":2.0077},
{"Node_id":5498,"weight":1.7448},
{"Node_id":5500,"weight":4.8853},
{"Node_id":5501,"weight":2.9852},
{"Node_id":5506,"weight":4.4896},
{"Node_id":5507,"weight":1.4559},
{"Node_id":5509,"weight":9.223372E18},
{"Node_id":5510,"weight":2.1397},
{"Node_id":5515,"weight":2.0775},
{"Node_id":5516,"weight":1.8808},
{"Node_id":5518,"weight":1.4223},
{"Node_id":5519,"weight":2.4142},
{"Node_id":5525,"weight":5.0609},
{"Node_id":5528,"weight":2.0856},
{"Node_id":5529,"weight":2.1557},
{"Node_id":5539,"weight":9.2102},
{"Node_id":5540,"weight":1.5197},
{"Node_id":5551,"weight":4.2692},
{"Node_id":5552,"weight":2.4115},
{"Node_id":5564,"weight":2.2587},
{"Node_id":5565,"weight":1.9188},
{"Node_id":5576,"weight":2.8191},
{"Node_id":5578,"weight":1.7543},
{"Node_id":5579,"weight":1.9746},
{"Node_id":5589,"weight":1.9532},
{"Node_id":5593,"weight":3.2151},
{"Node_id":5598,"weight":1.8886},
{"Node_id":5600,"weight":1.7615},
{"Node_id":5604,"weight":1.6959},
{"Node_id":5607,"weight":2.2174},
{"Node_id":5611,"weight":2.4342},
{"Node_id":5614,"weight":1.6974},
{"Node_id":5619,"weight":2.4248},
{"Node_id":5627,"weight":1.6427},
{"Node_id":5632,"weight":2.7931},
{"Node_id":5636,"weight":1.7736},
{"Node_id":5640,"weight":2.7029},
{"Node_id":5643,"weight":2.6305},
{"Node_id":5644,"weight":2.6911},
{"Node_id":5645,"weight":2.9529},
{"Node_id":5646,"weight":2.3635},
{"Node_id":5650,"weight":2.3609},
{"Node_id":5651,"weight":2.0289},
{"Node_id":5652,"weight":1.4729},
{"Node_id":5653,"weight":1.7575},
{"Node_id":5654,"weight":2.936},
{"Node_id":5656,"weight":1.4749},
{"Node_id":5658,"weight":1.5334},
{"Node_id":5660,"weight":2.1429},
{"Node_id":5661,"weight":2.4396},
{"Node_id":5663,"weight":2.2811},
{"Node_id":5664,"weight":1.6208},
{"Node_id":5665,"weight":1.7906},
{"Node_id":5667,"weight":1.8029},
{"Node_id":5669,"weight":1.3982},
{"Node_id":5673,"weight":1.7354},
{"Node_id":5674,"weight":2.4754},
{"Node_id":5675,"weight":2.4302},
{"Node_id":5715,"weight":1.7898},
{"Node_id":5716,"weight":1.7043},
{"Node_id":5717,"weight":1.6612},
{"Node_id":5718,"weight":1.8669},
{"Node_id":5719,"weight":1.6762},
{"Node_id":5720,"weight":2.2208},
{"Node_id":5721,"weight":3.0297},
{"Node_id":5722,"weight":2.4262},
{"Node_id":5723,"weight":2.4155},
{"Node_id":5724,"weight":3.2017},
{"Node_id":5725,"weight":2.4866},
{"Node_id":5726,"weight":2.9939},
{"Node_id":5727,"weight":4.4538},
{"Node_id":5728,"weight":2.1796},
{"Node_id":5729,"weight":1.8523},
{"Node_id":5730,"weight":2.0038},
{"Node_id":5731,"weight":1.9934},
{"Node_id":5732,"weight":1.5652},
{"Node_id":5733,"weight":1.6792},
{"Node_id":5734,"weight":1.561},
{"Node_id":5735,"weight":1.5892},
{"Node_id":5736,"weight":1.6006},
{"Node_id":5737,"weight":1.7377},
{"Node_id":5738,"weight":2.3321},
{"Node_id":5739,"weight":2.0202},
{"Node_id":5740,"weight":4.284},
{"Node_id":5741,"weight":3.4969},
{"Node_id":5742,"weight":1.5736},
{"Node_id":5743,"weight":1.7857},
{"Node_id":5744,"weight":2.3271},
{"Node_id":5745,"weight":1.873},
{"Node_id":5746,"weight":2.0685},
{"Node_id":5747,"weight":1.8506},
{"Node_id":5748,"weight":2.5609},
{"Node_id":5749,"weight":1.6034},
{"Node_id":5750,"weight":2.0358},
{"Node_id":5751,"weight":3.3808},
{"Node_id":5752,"weight":2.2599},
{"Node_id":5753,"weight":3.6801},
{"Node_id":5754,"weight":5.1441},
{"Node_id":5755,"weight":4.0396},
{"Node_id":5756,"weight":2.1611},
{"Node_id":5757,"weight":4.7832},
{"Node_id":5758,"weight":3.4258},
{"Node_id":5759,"weight":2.6662},
{"Node_id":5760,"weight":2.4208},
{"Node_id":5761,"weight":1.5687},
{"Node_id":5762,"weight":2.8191},
{"Node_id":5763,"weight":1.4935},
{"Node_id":5764,"weight":1.7362},
{"Node_id":5765,"weight":1.7808},
{"Node_id":5766,"weight":2.1503},
{"Node_id":5767,"weight":6.1637},
{"Node_id":5768,"weight":1.9359},
{"Node_id":5769,"weight":3.3287},
{"Node_id":5770,"weight":3.0458},
{"Node_id":5771,"weight":2.1165},
{"Node_id":5772,"weight":1.5022},
{"Node_id":5773,"weight":2.5066},
{"Node_id":5776,"weight":1.4281},
{"Node_id":5777,"weight":2.4089},
{"Node_id":5778,"weight":1.7615},
{"Node_id":5779,"weight":1.4995},
{"Node_id":5780,"weight":1.9597},
{"Node_id":5781,"weight":2.955},
{"Node_id":5784,"weight":2.4235},
{"Node_id":5785,"weight":1.6634},
{"Node_id":5791,"weight":1.9915},
{"Node_id":5794,"weight":1.6273},
{"Node_id":5798,"weight":2.7986},
{"Node_id":5803,"weight":6.0725},
{"Node_id":5809,"weight":3.8275},
{"Node_id":5816,"weight":2.1302},
{"Node_id":5821,"weight":2.2129},
{"Node_id":5822,"weight":1.683},
{"Node_id":5823,"weight":3.3621},
{"Node_id":5824,"weight":3.4692},
{"Node_id":5828,"weight":2.9635},
{"Node_id":5829,"weight":1.8965},
{"Node_id":5831,"weight":1.6883},
{"Node_id":5834,"weight":4.2331},
{"Node_id":5836,"weight":2.5474},
{"Node_id":5839,"weight":4.1711},
{"Node_id":5841,"weight":1.4128},
{"Node_id":5843,"weight":1.6951},
{"Node_id":5847,"weight":2.7712},
{"Node_id":5851,"weight":2.0397},
{"Node_id":5854,"weight":3.2676},
{"Node_id":5856,"weight":2.1062},
{"Node_id":5857,"weight":1.5949},
{"Node_id":5858,"weight":2.0705},
{"Node_id":5859,"weight":5.1441},
{"Node_id":5860,"weight":1.9018},
{"Node_id":5861,"weight":1.5582},
{"Node_id":5862,"weight":1.9477},
{"Node_id":5863,"weight":3.4095},
{"Node_id":5864,"weight":1.798},
{"Node_id":5865,"weight":3.8132},
{"Node_id":5866,"weight":5.1794},
{"Node_id":5867,"weight":8.1114},
{"Node_id":5868,"weight":3.5732},
{"Node_id":5869,"weight":6.5699},
{"Node_id":5870,"weight":1.8506},
{"Node_id":5871,"weight":3.2098},
{"Node_id":5872,"weight":2.1665},
{"Node_id":5873,"weight":1.6056},
{"Node_id":5874,"weight":4.5653},
{"Node_id":5875,"weight":2.0959},
{"Node_id":5876,"weight":3.1099},
{"Node_id":5877,"weight":2.2907},
{"Node_id":5878,"weight":5.2734},
{"Node_id":5879,"weight":3.8372},
{"Node_id":5880,"weight":1.6649},
{"Node_id":5881,"weight":2.5775},
{"Node_id":5882,"weight":3.0929},
{"Node_id":5883,"weight":1.7036},
{"Node_id":5884,"weight":2.5297},
{"Node_id":5885,"weight":1.917},
{"Node_id":5886,"weight":1.5416},
{"Node_id":5887,"weight":2.5913},
{"Node_id":5888,"weight":2.2006},
{"Node_id":5889,"weight":2.2073},
{"Node_id":5890,"weight":1.7346},
{"Node_id":5891,"weight":1.7252},
{"Node_id":5892,"weight":2.2871},
{"Node_id":5893,"weight":2.375},
{"Node_id":5894,"weight":1.9487},
{"Node_id":5895,"weight":2.5684},
{"Node_id":5896,"weight":2.4221},
{"Node_id":5897,"weight":1.6523},
{"Node_id":5898,"weight":2.1031},
{"Node_id":5899,"weight":1.7607},
{"Node_id":5900,"weight":1.4045},
{"Node_id":5901,"weight":2.3321},
{"Node_id":5902,"weight":3.5146},
{"Node_id":5903,"weight":3.7991},
{"Node_id":5904,"weight":2.5534},
{"Node_id":5905,"weight":2.2028},
{"Node_id":5906,"weight":1.9896},
{"Node_id":5907,"weight":1.8843},
{"Node_id":5908,"weight":2.8381},
{"Node_id":5909,"weight":1.5076},
{"Node_id":5910,"weight":2.184},
{"Node_id":5911,"weight":2.0416},
{"Node_id":5912,"weight":3.7579},
{"Node_id":5913,"weight":1.9296},
{"Node_id":5914,"weight":2.1093},
{"Node_id":5915,"weight":2.7876},
{"Node_id":5916,"weight":2.2657},
{"Node_id":5917,"weight":3.1651},
{"Node_id":5918,"weight":4.0163},
{"Node_id":5919,"weight":2.0192},
{"Node_id":5920,"weight":2.6678},
{"Node_id":5921,"weight":2.4768},
{"Node_id":5922,"weight":1.5245},
{"Node_id":5923,"weight":4.7954},
{"Node_id":5924,"weight":1.9896},
{"Node_id":5925,"weight":2.3075},
{"Node_id":5926,"weight":2.5023},
{"Node_id":5927,"weight":1.421},
{"Node_id":5928,"weight":1.7151},
{"Node_id":5929,"weight":1.5575},
{"Node_id":5930,"weight":1.9634},
{"Node_id":5931,"weight":1.4178},
{"Node_id":5932,"weight":4.6469},
{"Node_id":5933,"weight":1.9232},
{"Node_id":5934,"weight":1.8635},
{"Node_id":5935,"weight":2.7676},
{"Node_id":5936,"weight":5.1975},
{"Node_id":5937,"weight":2.31},
{"Node_id":5938,"weight":2.2967},
{"Node_id":5939,"weight":1.7198},
{"Node_id":5940,"weight":3.7669},
{"Node_id":5941,"weight":2.1186},
{"Node_id":5942,"weight":1.8974},
{"Node_id":5943,"weight":1.4533},
{"Node_id":5944,"weight":2.3931},
{"Node_id":5946,"weight":2.0134},
{"Node_id":5947,"weight":1.9934},
{"Node_id":5948,"weight":1.9542},
{"Node_id":5949,"weight":4.1711},
{"Node_id":5951,"weight":2.5312},
{"Node_id":5952,"weight":4.1002},
{"Node_id":5953,"weight":5.2159},
{"Node_id":5954,"weight":2.8613},
{"Node_id":5955,"weight":1.5842},
{"Node_id":5957,"weight":1.4448},
{"Node_id":5958,"weight":2.9092},
{"Node_id":5959,"weight":2.1578},
{"Node_id":5960,"weight":3.9072},
{"Node_id":5961,"weight":2.1862},
{"Node_id":5963,"weight":1.7097},
{"Node_id":5964,"weight":1.3913},
{"Node_id":5965,"weight":5.4448},
{"Node_id":5966,"weight":2.1072},
{"Node_id":5967,"weight":1.7464},
{"Node_id":5968,"weight":2.7235},
{"Node_id":5969,"weight":3.483},
{"Node_id":5970,"weight":2.3699},
{"Node_id":5973,"weight":3.1651},
{"Node_id":5976,"weight":1.9625},
{"Node_id":5978,"weight":2.8023},
{"Node_id":5981,"weight":3.776},
{"Node_id":5983,"weight":2.0515},
{"Node_id":5985,"weight":1.5561},
{"Node_id":5987,"weight":1.7841},
{"Node_id":5988,"weight":1.4578},
{"Node_id":5989,"weight":2.0231},
{"Node_id":5990,"weight":1.5779},
{"Node_id":5991,"weight":3.7715},
{"Node_id":5992,"weight":1.5035},
{"Node_id":5993,"weight":1.597},
{"Node_id":5994,"weight":1.7881},
{"Node_id":5995,"weight":2.474},
{"Node_id":5996,"weight":5.077},
{"Node_id":5997,"weight":2.0887},
{"Node_id":5998,"weight":2.7766},
{"Node_id":5999,"weight":2.5929},
{"Node_id":6000,"weight":2.0816},
{"Node_id":6001,"weight":2.1906},
{"Node_id":6002,"weight":1.8609},
{"Node_id":6003,"weight":1.6694},
{"Node_id":6004,"weight":2.6945},
{"Node_id":6005,"weight":3.6843},
{"Node_id":6006,"weight":2.6037},
{"Node_id":6009,"weight":3.4356},
{"Node_id":6011,"weight":3.5999},
{"Node_id":6012,"weight":4.7832},
{"Node_id":6014,"weight":1.9441},
{"Node_id":6015,"weight":2.1397},
{"Node_id":6016,"weight":4.3858},
{"Node_id":6017,"weight":1.5863},
{"Node_id":6018,"weight":1.7873},
{"Node_id":6019,"weight":1.4448},
{"Node_id":6021,"weight":3.6233},
{"Node_id":6022,"weight":2.5341},
{"Node_id":6023,"weight":2.6482},
{"Node_id":6024,"weight":2.2095},
{"Node_id":6025,"weight":2.2634},
{"Node_id":6026,"weight":1.653},
{"Node_id":6027,"weight":1.397},
{"Node_id":6028,"weight":2.5166},
{"Node_id":6029,"weight":1.9468},
{"Node_id":6030,"weight":2.0338},
{"Node_id":6031,"weight":1.7528},
{"Node_id":6032,"weight":1.53},
{"Node_id":6035,"weight":2.5699},
{"Node_id":6037,"weight":3.8969},
{"Node_id":6038,"weight":1.8087},
{"Node_id":6040,"weight":2.5023},
{"Node_id":6041,"weight":2.6498},
{"Node_id":6042,"weight":1.9514},
{"Node_id":6044,"weight":2.8516},
{"Node_id":6045,"weight":2.4023},
{"Node_id":6046,"weight":1.4204},
{"Node_id":6047,"weight":1.9634},
{"Node_id":6049,"weight":3.356},
{"Node_id":6050,"weight":1.832},
{"Node_id":6051,"weight":2.366},
{"Node_id":6052,"weight":2.1557},
{"Node_id":6053,"weight":3.1912},
{"Node_id":6055,"weight":1.561},
{"Node_id":6056,"weight":1.7488},
{"Node_id":6057,"weight":1.5786},
{"Node_id":6058,"weight":2.0585},
{"Node_id":6059,"weight":2.9808},
{"Node_id":6060,"weight":3.4899},
{"Node_id":6062,"weight":2.0918},
{"Node_id":6063,"weight":2.6242},
{"Node_id":6064,"weight":2.6979},
{"Node_id":6065,"weight":2.366},
{"Node_id":6066,"weight":1.893},
{"Node_id":6067,"weight":3.5362},
{"Node_id":6070,"weight":2.0625},
{"Node_id":6071,"weight":1.5055},
{"Node_id":6072,"weight":2.5137},
{"Node_id":6073,"weight":2.7392},
{"Node_id":6074,"weight":1.5136},
{"Node_id":6075,"weight":3.0715},
{"Node_id":6078,"weight":2.4342},
{"Node_id":6079,"weight":1.414},
{"Node_id":6080,"weight":2.4574},
{"Node_id":6081,"weight":5.3992},
{"Node_id":6082,"weight":1.4995},
{"Node_id":6083,"weight":2.748},
{"Node_id":6087,"weight":1.9905},
{"Node_id":6088,"weight":1.7323},
{"Node_id":6089,"weight":6.6441},
{"Node_id":6090,"weight":4.226},
{"Node_id":6091,"weight":2.2506},
{"Node_id":6092,"weight":1.5506},
{"Node_id":6095,"weight":1.5942},
{"Node_id":6097,"weight":1.4975},
{"Node_id":6098,"weight":2.1031},
{"Node_id":6099,"weight":1.7315},
{"Node_id":6100,"weight":4.0574},
{"Node_id":6101,"weight":2.9215},
{"Node_id":6102,"weight":2.9808},
{"Node_id":6105,"weight":1.8652},
{"Node_id":6106,"weight":3.7991},
{"Node_id":6107,"weight":1.8128},
{"Node_id":6108,"weight":2.9808},
{"Node_id":6109,"weight":4.2402},
{"Node_id":6110,"weight":1.935},
{"Node_id":6111,"weight":1.6792},
{"Node_id":6112,"weight":3.2591},
{"Node_id":6113,"weight":1.6538},
{"Node_id":6114,"weight":2.1568},
{"Node_id":6115,"weight":3.1781},
{"Node_id":6116,"weight":2.881},
{"Node_id":6117,"weight":1.4848},
{"Node_id":6118,"weight":1.5793},
{"Node_id":6119,"weight":3.1833},
{"Node_id":6120,"weight":2.7857},
{"Node_id":6121,"weight":1.659},
{"Node_id":6122,"weight":1.6754},
{"Node_id":6123,"weight":1.7575},
{"Node_id":6124,"weight":2.2955},
{"Node_id":6125,"weight":2.0202},
{"Node_id":6126,"weight":2.7235},
{"Node_id":6127,"weight":2.1796},
{"Node_id":6128,"weight":2.7339},
{"Node_id":6129,"weight":3.3967},
{"Node_id":6130,"weight":2.4208},
{"Node_id":6131,"weight":1.5652},
{"Node_id":6132,"weight":2.6945},
{"Node_id":6133,"weight":4.1064},
{"Node_id":6134,"weight":1.5715},
{"Node_id":6135,"weight":1.4723},
{"Node_id":6136,"weight":3.0435},
{"Node_id":6137,"weight":1.5259},
{"Node_id":6138,"weight":2.1312},
{"Node_id":6139,"weight":1.5002},
{"Node_id":6140,"weight":6.3182},
{"Node_id":6141,"weight":2.0745},
{"Node_id":6142,"weight":1.4822},
{"Node_id":6143,"weight":1.4848},
{"Node_id":6144,"weight":2.0436},
{"Node_id":6145,"weight":1.9905},
{"Node_id":6146,"weight":2.4852},
{"Node_id":6147,"weight":1.8643},
{"Node_id":6148,"weight":3.1651},
{"Node_id":6149,"weight":3.7357},
{"Node_id":6150,"weight":1.3932},
{"Node_id":6151,"weight":1.4975},
{"Node_id":6152,"weight":1.8037},
{"Node_id":6153,"weight":1.5963},
{"Node_id":6154,"weight":2.5224},
{"Node_id":6155,"weight":3.842},
{"Node_id":6156,"weight":2.1622},
{"Node_id":6157,"weight":1.8515},
{"Node_id":6158,"weight":5.8401},
{"Node_id":6159,"weight":1.6906},
{"Node_id":6160,"weight":1.7736},
{"Node_id":6161,"weight":1.9296},
{"Node_id":6162,"weight":2.7857},
{"Node_id":6163,"weight":2.3546},
{"Node_id":6164,"weight":3.776},
{"Node_id":6165,"weight":4.0694},
{"Node_id":6166,"weight":2.4671},
{"Node_id":6167,"weight":2.173},
{"Node_id":6168,"weight":1.752},
{"Node_id":6169,"weight":2.0038},
{"Node_id":6170,"weight":1.4371},
{"Node_id":6171,"weight":2.7081},
{"Node_id":6172,"weight":1.4835},
{"Node_id":6173,"weight":1.9962},
{"Node_id":6174,"weight":2.727},
{"Node_id":6175,"weight":2.2517},
{"Node_id":6176,"weight":2.3648},
{"Node_id":6177,"weight":3.596},
{"Node_id":6178,"weight":2.6257},
{"Node_id":6179,"weight":2.4275},
{"Node_id":6180,"weight":1.9277},
{"Node_id":6181,"weight":2.3866},
{"Node_id":6182,"weight":5.3992},
{"Node_id":6183,"weight":1.4624},
{"Node_id":6184,"weight":1.5485},
{"Node_id":6185,"weight":2.3395},
{"Node_id":6186,"weight":1.8895},
{"Node_id":6187,"weight":2.4588},
{"Node_id":6188,"weight":2.2799},
{"Node_id":6189,"weight":2.8652},
{"Node_id":6190,"weight":1.5062},
{"Node_id":6191,"weight":1.4881},
{"Node_id":6192,"weight":1.5842},
{"Node_id":6193,"weight":1.4921},
{"Node_id":6194,"weight":1.8078},
{"Node_id":6195,"weight":1.776},
{"Node_id":6196,"weight":3.305},
{"Node_id":6197,"weight":2.5959},
{"Node_id":6198,"weight":1.6974},
{"Node_id":6199,"weight":2.2196},
{"Node_id":6200,"weight":1.4848},
{"Node_id":6201,"weight":2.881},
{"Node_id":6202,"weight":1.7401},
{"Node_id":6203,"weight":2.3234},
{"Node_id":6204,"weight":1.6208},
{"Node_id":6205,"weight":2.6563},
{"Node_id":6206,"weight":1.6486},
{"Node_id":6207,"weight":1.9332},
{"Node_id":6208,"weight":1.8523},
{"Node_id":6209,"weight":2.8229},
{"Node_id":6210,"weight":2.5579},
{"Node_id":6211,"weight":2.6401},
{"Node_id":6212,"weight":1.5272},
{"Node_id":6213,"weight":1.5368},
{"Node_id":6214,"weight":4.8078},
{"Node_id":6215,"weight":1.9868},
{"Node_id":6217,"weight":1.9287},
{"Node_id":6218,"weight":1.5049},
{"Node_id":6220,"weight":1.5977},
{"Node_id":6221,"weight":2.5489},
{"Node_id":6222,"weight":2.1928},
{"Node_id":6224,"weight":2.3776},
{"Node_id":6225,"weight":2.2799},
{"Node_id":6226,"weight":2.4369},
{"Node_id":6227,"weight":3.0881},
{"Node_id":6228,"weight":1.4565},
{"Node_id":6229,"weight":2.0816},
{"Node_id":6230,"weight":2.7784},
{"Node_id":6232,"weight":2.0907},
{"Node_id":6233,"weight":6.0725},
{"Node_id":6234,"weight":2.8574},
{"Node_id":6235,"weight":1.4178},
{"Node_id":6236,"weight":1.5992},
{"Node_id":6237,"weight":2.1719},
{"Node_id":6238,"weight":1.5035},
{"Node_id":6239,"weight":1.3882},
{"Node_id":6240,"weight":2.2576},
{"Node_id":6241,"weight":3.3652},
{"Node_id":6242,"weight":2.5254},
{"Node_id":6243,"weight":1.7105},
{"Node_id":6244,"weight":4.8458},
{"Node_id":6245,"weight":2.2552},
{"Node_id":6246,"weight":1.3988},
{"Node_id":6247,"weight":1.4172},
{"Node_id":6248,"weight":1.6523},
{"Node_id":6249,"weight":1.7963},
{"Node_id":6250,"weight":4.1002},
{"Node_id":6251,"weight":2.5066},
{"Node_id":6252,"weight":2.5385},
{"Node_id":6253,"weight":2.877},
{"Node_id":6254,"weight":1.9523},
{"Node_id":6255,"weight":2.5714},
{"Node_id":6256,"weight":1.4565},
{"Node_id":6257,"weight":1.744},
{"Node_id":6258,"weight":1.6732},
{"Node_id":6259,"weight":1.798},
{"Node_id":6260,"weight":1.9305},
{"Node_id":6261,"weight":1.4229},
{"Node_id":6262,"weight":1.543},
{"Node_id":6263,"weight":4.1711},
{"Node_id":6264,"weight":2.6711},
{"Node_id":6265,"weight":2.205},
{"Node_id":6266,"weight":3.1347},
{"Node_id":6267,"weight":1.4815},
{"Node_id":6268,"weight":1.752},
{"Node_id":6269,"weight":3.0252},
{"Node_id":6270,"weight":1.6368},
{"Node_id":6271,"weight":2.9593},
{"Node_id":6272,"weight":3.1964},
{"Node_id":6273,"weight":2.0565},
{"Node_id":6274,"weight":1.9296},
{"Node_id":6275,"weight":1.8136},
{"Node_id":6276,"weight":2.2242},
{"Node_id":6277,"weight":2.3571},
{"Node_id":6278,"weight":3.8038},
{"Node_id":6279,"weight":2.0938},
{"Node_id":6280,"weight":2.0745},
{"Node_id":6281,"weight":2.5123},
{"Node_id":6282,"weight":1.5786},
{"Node_id":6283,"weight":1.726},
{"Node_id":6284,"weight":1.4663},
{"Node_id":6285,"weight":2.6563},
{"Node_id":6286,"weight":1.4147},
{"Node_id":6287,"weight":2.9011},
{"Node_id":6288,"weight":5.2347},
{"Node_id":6289,"weight":3.4095},
{"Node_id":6290,"weight":3.4225},
{"Node_id":6291,"weight":1.8557},
{"Node_id":6292,"weight":2.6498},
{"Node_id":6293,"weight":2.1134},
{"Node_id":6294,"weight":2.366},
{"Node_id":6295,"weight":1.9395},
{"Node_id":6296,"weight":3.1859},
{"Node_id":6297,"weight":2.2907},
{"Node_id":6298,"weight":1.8337},
{"Node_id":6299,"weight":1.5652},
{"Node_id":6300,"weight":2.543},
{"Node_id":6301,"weight":5.8061},
{"Node_id":6302,"weight":3.6969},
{"Node_id":6303,"weight":2.1774},
{"Node_id":6304,"weight":1.4795},
{"Node_id":6305,"weight":1.3944},
{"Node_id":6306,"weight":2.3222},
{"Node_id":6307,"weight":1.8012},
{"Node_id":6308,"weight":5.2933},
{"Node_id":6309,"weight":3.3079},
{"Node_id":6310,"weight":4.4278},
{"Node_id":6311,"weight":1.5652},
{"Node_id":6312,"weight":2.5944},
{"Node_id":6313,"weight":2.0856},
{"Node_id":6314,"weight":1.5029},
{"Node_id":6315,"weight":2.8751},
{"Node_id":6316,"weight":1.5361},
{"Node_id":6317,"weight":3.2342},
{"Node_id":6318,"weight":1.9432},
{"Node_id":6319,"weight":1.639},
{"Node_id":6320,"weight":2.0436},
{"Node_id":6323,"weight":5.7105},
{"Node_id":6326,"weight":2.0019},
{"Node_id":6328,"weight":3.9124},
{"Node_id":6331,"weight":1.7841},
{"Node_id":6335,"weight":2.5975},
{"Node_id":6338,"weight":2.1418},
{"Node_id":6340,"weight":1.9098},
{"Node_id":6343,"weight":1.4242},
{"Node_id":6346,"weight":2.5913},
{"Node_id":6349,"weight":1.6822},
{"Node_id":6353,"weight":3.5004},
{"Node_id":6356,"weight":1.4096},
{"Node_id":6360,"weight":1.8834},
{"Node_id":6361,"weight":1.6657},
{"Node_id":6362,"weight":2.0918},
{"Node_id":6363,"weight":4.8588},
{"Node_id":6364,"weight":2.9257},
{"Node_id":6365,"weight":3.4323},
{"Node_id":6371,"weight":1.6258},
{"Node_id":6374,"weight":2.0154},
{"Node_id":6375,"weight":1.8756},
{"Node_id":6403,"weight":1.5423},
{"Node_id":6410,"weight":2.5254},
{"Node_id":6411,"weight":1.8808},
{"Node_id":6418,"weight":2.8496},
{"Node_id":6419,"weight":1.8178},
{"Node_id":6427,"weight":1.8153},
{"Node_id":6428,"weight":2.4302},
{"Node_id":6430,"weight":2.2611},
{"Node_id":6431,"weight":4.1982},
{"Node_id":6432,"weight":3.6392},
{"Node_id":6433,"weight":1.9727},
{"Node_id":6434,"weight":5.7414},
{"Node_id":6435,"weight":3.0929},
{"Node_id":6436,"weight":2.3609},
{"Node_id":6437,"weight":1.7113},
{"Node_id":6438,"weight":1.4268},
{"Node_id":6441,"weight":2.9896},
{"Node_id":6442,"weight":2.0938},
{"Node_id":6443,"weight":3.6718},
{"Node_id":6444,"weight":2.1124},
{"Node_id":6445,"weight":2.5519},
{"Node_id":6446,"weight":2.3445},
{"Node_id":6447,"weight":1.5527},
{"Node_id":6448,"weight":1.752},
{"Node_id":6449,"weight":2.7658},
{"Node_id":6450,"weight":1.9241},
{"Node_id":6451,"weight":1.8506},
{"Node_id":6452,"weight":2.4951},
{"Node_id":6453,"weight":3.3168},
{"Node_id":6454,"weight":1.9368},
{"Node_id":6455,"weight":2.2599},
{"Node_id":6456,"weight":1.8532},
{"Node_id":6457,"weight":2.2379},
{"Node_id":6458,"weight":1.8379},
{"Node_id":6459,"weight":3.6718},
{"Node_id":6460,"weight":1.6317},
{"Node_id":6461,"weight":3.7624},
{"Node_id":6462,"weight":1.5617},
{"Node_id":6463,"weight":1.8566},
{"Node_id":6464,"weight":1.8575},
{"Node_id":6465,"weight":1.6013},
{"Node_id":6467,"weight":3.2648},
{"Node_id":6469,"weight":2.508},
{"Node_id":6470,"weight":1.4198},
{"Node_id":6471,"weight":2.4478},
{"Node_id":6472,"weight":1.4474},
{"Node_id":6473,"weight":3.0229},
{"Node_id":6474,"weight":2.0377},
{"Node_id":6475,"weight":1.5218},
{"Node_id":6478,"weight":2.0555},
{"Node_id":6480,"weight":1.8261},
{"Node_id":6481,"weight":2.887},
{"Node_id":6483,"weight":1.7898},
{"Node_id":6484,"weight":3.3999},
{"Node_id":6485,"weight":2.0545},
{"Node_id":6487,"weight":2.0928},
{"Node_id":6488,"weight":2.0105},
{"Node_id":6489,"weight":1.5582},
{"Node_id":6492,"weight":2.6466},
{"Node_id":6493,"weight":1.4134},
{"Node_id":6494,"weight":1.8186},
{"Node_id":6498,"weight":3.5922},
{"Node_id":6499,"weight":1.8371},
{"Node_id":6500,"weight":2.5564},
{"Node_id":6503,"weight":1.4293},
{"Node_id":6505,"weight":2.2028},
{"Node_id":6506,"weight":3.2905},
{"Node_id":6507,"weight":3.7357},
{"Node_id":6510,"weight":1.6368},
{"Node_id":6511,"weight":1.9188},
{"Node_id":6513,"weight":5.045},
{"Node_id":6514,"weight":3.3168},
{"Node_id":6515,"weight":2.5356},
{"Node_id":6518,"weight":3.8817},
{"Node_id":6521,"weight":1.9395},
{"Node_id":6522,"weight":1.4915},
{"Node_id":6523,"weight":1.6936},
{"Node_id":6526,"weight":3.3746},
{"Node_id":6530,"weight":1.8843},
{"Node_id":6531,"weight":1.45},
{"Node_id":6532,"weight":2.2847},
{"Node_id":6535,"weight":1.4442},
{"Node_id":6540,"weight":1.9662},
{"Node_id":6541,"weight":1.6324},
{"Node_id":6542,"weight":1.7456},
{"Node_id":6545,"weight":1.6717},
{"Node_id":6551,"weight":3.1964},
{"Node_id":6552,"weight":1.5069},
{"Node_id":6553,"weight":2.2219},
{"Node_id":6556,"weight":2.3027},
{"Node_id":6568,"weight":2.4895},
{"Node_id":6571,"weight":2.2118},
{"Node_id":6575,"weight":1.45},
{"Node_id":6580,"weight":1.656},
{"Node_id":6583,"weight":2.1503},
{"Node_id":6586,"weight":1.4703},
{"Node_id":6589,"weight":3.1148},
{"Node_id":6593,"weight":1.5715},
{"Node_id":6596,"weight":1.5771},
{"Node_id":6598,"weight":2.1093},
{"Node_id":6601,"weight":3.2847},
{"Node_id":6604,"weight":1.8211},
{"Node_id":6609,"weight":1.5863},
{"Node_id":6612,"weight":1.4789},
{"Node_id":6618,"weight":2.3905},
{"Node_id":6621,"weight":2.2859},
{"Node_id":6628,"weight":1.6739},
{"Node_id":6631,"weight":1.4591},
{"Node_id":6639,"weight":1.854},
{"Node_id":6642,"weight":2.3027},
{"Node_id":6648,"weight":2.5094},
{"Node_id":6651,"weight":2.8535},
{"Node_id":6654,"weight":1.5382},
{"Node_id":6660,"weight":2.401},
{"Node_id":6661,"weight":6.8113},
{"Node_id":6664,"weight":2.2265},
{"Node_id":6667,"weight":2.5474},
{"Node_id":6673,"weight":4.3858},
{"Node_id":6674,"weight":4.3614},
{"Node_id":6675,"weight":3.1807},
{"Node_id":6678,"weight":1.7988},
{"Node_id":6681,"weight":1.8128},
{"Node_id":6687,"weight":3.6352},
{"Node_id":6689,"weight":1.9395},
{"Node_id":6693,"weight":2.3711},
{"Node_id":6694,"weight":4.0221},
{"Node_id":6696,"weight":4.1127},
{"Node_id":6702,"weight":3.9549},
{"Node_id":6708,"weight":4.833},
{"Node_id":6709,"weight":1.5485},
{"Node_id":6710,"weight":2.3063},
{"Node_id":6711,"weight":1.8957},
{"Node_id":6712,"weight":1.8045},
{"Node_id":6713,"weight":3.1422},
{"Node_id":6714,"weight":4.1914},
{"Node_id":6715,"weight":4.3534},
{"Node_id":6716,"weight":1.6302},
{"Node_id":6717,"weight":1.8738},
{"Node_id":6718,"weight":1.5245},
{"Node_id":6719,"weight":5.0294},
{"Node_id":6720,"weight":1.5807},
{"Node_id":6721,"weight":3.8716},
{"Node_id":6722,"weight":2.2907},
{"Node_id":6723,"weight":2.6612},
{"Node_id":6724,"weight":2.2061},
{"Node_id":6725,"weight":1.5218},
{"Node_id":6726,"weight":2.2017},
{"Node_id":6727,"weight":5.3771},
{"Node_id":6728,"weight":2.3918},
{"Node_id":6729,"weight":1.5327},
{"Node_id":6730,"weight":1.5527},
{"Node_id":6731,"weight":2.2448},
{"Node_id":6732,"weight":2.1752},
{"Node_id":6733,"weight":3.0953},
{"Node_id":6735,"weight":3.1651},
{"Node_id":6738,"weight":1.8103},
{"Node_id":6742,"weight":2.3458},
{"Node_id":6746,"weight":4.1778},
{"Node_id":6747,"weight":2.1155},
{"Node_id":6751,"weight":1.8678},
{"Node_id":6752,"weight":4.8458},
{"Node_id":6753,"weight":2.7218},
{"Node_id":6757,"weight":1.5828},
{"Node_id":6758,"weight":2.0685},
{"Node_id":6759,"weight":4.2051},
{"Node_id":6760,"weight":2.7218},
{"Node_id":6764,"weight":2.9743},
{"Node_id":6765,"weight":2.4155},
{"Node_id":6766,"weight":5.3343},
{"Node_id":6767,"weight":1.5416},
{"Node_id":6768,"weight":2.6861},
{"Node_id":6772,"weight":8.517},
{"Node_id":6773,"weight":3.0095},
{"Node_id":6774,"weight":2.0416},
{"Node_id":6775,"weight":1.9839},
{"Node_id":6776,"weight":1.5561},
{"Node_id":6777,"weight":1.7971},
{"Node_id":6781,"weight":2.474},
{"Node_id":6782,"weight":1.7663},
{"Node_id":6783,"weight":3.0857},
{"Node_id":6784,"weight":1.4921},
{"Node_id":6785,"weight":1.7671},
{"Node_id":6786,"weight":4.4024},
{"Node_id":6787,"weight":1.9652},
{"Node_id":6791,"weight":1.7097},
{"Node_id":6792,"weight":1.6142},
{"Node_id":6793,"weight":2.1972},
{"Node_id":6794,"weight":2.6678},
{"Node_id":6795,"weight":1.4026},
{"Node_id":6796,"weight":2.2764},
{"Node_id":6797,"weight":2.342},
{"Node_id":6801,"weight":2.1197},
{"Node_id":6802,"weight":1.5347},
{"Node_id":6803,"weight":3.279},
{"Node_id":6804,"weight":1.8515},
{"Node_id":6805,"weight":1.5177},
{"Node_id":6806,"weight":2.401},
{"Node_id":6807,"weight":3.2205},
{"Node_id":6808,"weight":4.1254},
{"Node_id":6812,"weight":2.0836},
{"Node_id":6813,"weight":1.5197},
{"Node_id":6814,"weight":1.7825},
{"Node_id":6815,"weight":3.2818},
{"Node_id":6816,"weight":2.3853},
{"Node_id":6817,"weight":1.7074},
{"Node_id":6818,"weight":1.43},
{"Node_id":6820,"weight":3.1912},
{"Node_id":6824,"weight":1.7841},
{"Node_id":6825,"weight":1.4422},
{"Node_id":6826,"weight":2.8191},
{"Node_id":6827,"weight":3.1833},
{"Node_id":6828,"weight":3.3168},
{"Node_id":6829,"weight":2.5066},
{"Node_id":6830,"weight":2.4881},
{"Node_id":6832,"weight":1.6244},
{"Node_id":6833,"weight":1.9532},
{"Node_id":6837,"weight":1.3894},
{"Node_id":6838,"weight":1.5444},
{"Node_id":6839,"weight":2.223},
{"Node_id":6840,"weight":2.3222},
{"Node_id":6841,"weight":3.3197},
{"Node_id":6842,"weight":2.274},
{"Node_id":6843,"weight":2.4356},
{"Node_id":6845,"weight":1.822},
{"Node_id":6846,"weight":1.8583},
{"Node_id":6847,"weight":2.4221},
{"Node_id":6851,"weight":3.2314},
{"Node_id":6852,"weight":1.7151},
{"Node_id":6853,"weight":2.7063},
{"Node_id":6854,"weight":3.9282},
{"Node_id":6855,"weight":1.9934},
{"Node_id":6856,"weight":1.4377},
{"Node_id":6857,"weight":2.0836},
{"Node_id":6859,"weight":1.7089},
{"Node_id":6860,"weight":5.5429},
{"Node_id":6861,"weight":1.4371},
{"Node_id":6865,"weight":5.2159},
{"Node_id":6866,"weight":4.9989},
{"Node_id":6867,"weight":4.6053},
{"Node_id":6868,"weight":1.712},
{"Node_id":6869,"weight":1.5389},
{"Node_id":6870,"weight":5.4217},
{"Node_id":6871,"weight":1.7906},
{"Node_id":6873,"weight":1.7198},
{"Node_id":6875,"weight":5.2347},
{"Node_id":6876,"weight":1.9606},
{"Node_id":6877,"weight":1.7719},
{"Node_id":6878,"weight":1.4474},
{"Node_id":6879,"weight":2.4768},
{"Node_id":6889,"weight":1.8396},
{"Node_id":6890,"weight":1.7417},
{"Node_id":6891,"weight":2.9808},
{"Node_id":6892,"weight":4.3534},
{"Node_id":6893,"weight":2.2529},
{"Node_id":6894,"weight":1.4128},
{"Node_id":6895,"weight":1.5992},
{"Node_id":6896,"weight":1.6762},
{"Node_id":6897,"weight":2.0212},
{"Node_id":6898,"weight":3.0389},
{"Node_id":6899,"weight":3.3377},
{"Node_id":6900,"weight":2.1578},
{"Node_id":6901,"weight":2.5684},
{"Node_id":6902,"weight":3.1222},
{"Node_id":6903,"weight":4.0939},
{"Node_id":6904,"weight":2.5913},
{"Node_id":6906,"weight":1.9792},
{"Node_id":6907,"weight":2.0948},
{"Node_id":6909,"weight":2.9113},
{"Node_id":6910,"weight":1.9699},
{"Node_id":6911,"weight":1.9953},
{"Node_id":6913,"weight":3.7401},
{"Node_id":6914,"weight":1.7639},
{"Node_id":6915,"weight":1.5265},
{"Node_id":6916,"weight":3.6038},
{"Node_id":6918,"weight":1.5963},
{"Node_id":6919,"weight":2.3112},
{"Node_id":6920,"weight":3.1523},
{"Node_id":6921,"weight":2.6434},
{"Node_id":6922,"weight":2.3711},
{"Node_id":6924,"weight":2.6194},
{"Node_id":6925,"weight":1.3995},
{"Node_id":6926,"weight":1.7401},
{"Node_id":6927,"weight":2.9765},
{"Node_id":6928,"weight":2.0685},
{"Node_id":6929,"weight":1.4644},
{"Node_id":6931,"weight":1.6208},
{"Node_id":6932,"weight":1.39},
{"Node_id":6933,"weight":1.9597},
{"Node_id":6934,"weight":2.5836},
{"Node_id":6935,"weight":1.402},
{"Node_id":6936,"weight":2.1082},
{"Node_id":6937,"weight":5.5957},
{"Node_id":6938,"weight":1.8515},
{"Node_id":6939,"weight":1.4928},
{"Node_id":6940,"weight":2.1344},
{"Node_id":6941,"weight":2.4181},
{"Node_id":6942,"weight":2.1884},
{"Node_id":6944,"weight":2.6337},
{"Node_id":6945,"weight":1.7448},
{"Node_id":6946,"weight":1.6331},
{"Node_id":6947,"weight":2.0397},
{"Node_id":6948,"weight":1.7464},
{"Node_id":6949,"weight":1.9802},
{"Node_id":6950,"weight":2.027},
{"Node_id":6951,"weight":1.5828},
{"Node_id":6952,"weight":3.0504},
{"Node_id":6953,"weight":1.4281},
{"Node_id":6954,"weight":2.1557},
{"Node_id":6955,"weight":1.7881},
{"Node_id":6961,"weight":1.6575},
{"Node_id":6964,"weight":2.645},
{"Node_id":6965,"weight":1.575},
{"Node_id":6966,"weight":2.1884},
{"Node_id":6967,"weight":3.3317},
{"Node_id":6968,"weight":1.5089},
{"Node_id":6969,"weight":3.2044},
{"Node_id":6970,"weight":1.7005},
{"Node_id":6971,"weight":1.9505},
{"Node_id":6972,"weight":2.658},
{"Node_id":6973,"weight":1.7703},
{"Node_id":6974,"weight":2.9257},
{"Node_id":6975,"weight":1.5368},
{"Node_id":6976,"weight":2.7445},
{"Node_id":6977,"weight":1.9962},
{"Node_id":6978,"weight":3.4095},
{"Node_id":6979,"weight":1.4578},
{"Node_id":6980,"weight":2.31},
{"Node_id":6981,"weight":2.4951},
{"Node_id":6982,"weight":1.4468},
{"Node_id":6983,"weight":2.0231},
{"Node_id":6984,"weight":2.3445},
{"Node_id":6985,"weight":4.9989},
{"Node_id":6986,"weight":1.4631},
{"Node_id":6987,"weight":5.5957},
{"Node_id":6988,"weight":1.7504},
{"Node_id":6989,"weight":1.5513},
{"Node_id":6990,"weight":1.5764},
{"Node_id":6991,"weight":2.4049},
{"Node_id":6992,"weight":4.4896},
{"Node_id":6993,"weight":3.8567},
{"Node_id":6994,"weight":1.5708},
{"Node_id":6995,"weight":1.5582},
{"Node_id":6996,"weight":3.8616},
{"Node_id":6997,"weight":1.513},
{"Node_id":6998,"weight":5.4448},
{"Node_id":6999,"weight":2.7322},
{"Node_id":7000,"weight":1.4077},
{"Node_id":7001,"weight":6.0725},
{"Node_id":7002,"weight":1.6868},
{"Node_id":7003,"weight":1.4229},
{"Node_id":7004,"weight":2.9423},
{"Node_id":7005,"weight":1.7784},
{"Node_id":7006,"weight":2.0585},
{"Node_id":7007,"weight":1.8506},
{"Node_id":7008,"weight":1.9634},
{"Node_id":7009,"weight":1.702},
{"Node_id":7010,"weight":1.9588},
{"Node_id":7011,"weight":4.212},
{"Node_id":7012,"weight":3.5326},
{"Node_id":7013,"weight":3.248},
{"Node_id":7014,"weight":1.4526},
{"Node_id":7015,"weight":1.4565},
{"Node_id":7016,"weight":2.1093},
{"Node_id":7022,"weight":2.3763},
{"Node_id":7025,"weight":2.0605},
{"Node_id":7029,"weight":1.5191},
{"Node_id":7031,"weight":1.9072},
{"Node_id":7034,"weight":2.4275},
{"Node_id":7036,"weight":2.0241},
{"Node_id":7040,"weight":3.7624},
{"Node_id":7042,"weight":2.9678},
{"Node_id":7047,"weight":1.5596},
{"Node_id":7049,"weight":1.4901},
{"Node_id":7052,"weight":2.1493},
{"Node_id":7054,"weight":2.9917},
{"Node_id":7055,"weight":1.5779},
{"Node_id":7056,"weight":2.1503},
{"Node_id":7057,"weight":1.465},
{"Node_id":7058,"weight":1.9811},
{"Node_id":7059,"weight":1.4526},
{"Node_id":7060,"weight":1.5771},
{"Node_id":7061,"weight":1.8062},
{"Node_id":7062,"weight":2.0125},
{"Node_id":7063,"weight":5.7414},
{"Node_id":7064,"weight":4.1318},
{"Node_id":7065,"weight":2.5371},
{"Node_id":7066,"weight":2.1323},
{"Node_id":7067,"weight":1.4223},
{"Node_id":7068,"weight":4.3858},
{"Node_id":7069,"weight":4.4364},
{"Node_id":7070,"weight":1.4064},
{"Node_id":7071,"weight":1.4533},
{"Node_id":7072,"weight":1.513},
{"Node_id":7073,"weight":1.7036},
{"Node_id":7074,"weight":2.1218},
{"Node_id":7075,"weight":4.4451},
{"Node_id":7076,"weight":1.6538},
{"Node_id":7077,"weight":2.2185},
{"Node_id":7078,"weight":1.7535},
{"Node_id":7079,"weight":2.102},
{"Node_id":7080,"weight":1.397},
{"Node_id":7081,"weight":2.0685},
{"Node_id":7082,"weight":1.8851},
{"Node_id":7083,"weight":1.8379},
{"Node_id":7084,"weight":5.6515},
{"Node_id":7085,"weight":1.8992},
{"Node_id":7086,"weight":1.7939},
{"Node_id":7087,"weight":2.0125},
{"Node_id":7088,"weight":2.5594},
{"Node_id":7089,"weight":1.7244},
{"Node_id":7090,"weight":3.6969},
{"Node_id":7091,"weight":3.1703},
{"Node_id":7092,"weight":1.5184},
{"Node_id":7093,"weight":1.3869},
{"Node_id":7094,"weight":2.1829},
{"Node_id":7095,"weight":2.2196},
{"Node_id":7096,"weight":1.9597},
{"Node_id":7097,"weight":2.8477},
{"Node_id":7098,"weight":1.6694},
{"Node_id":7099,"weight":3.577},
{"Node_id":7100,"weight":2.889},
{"Node_id":7101,"weight":2.885},
{"Node_id":7102,"weight":1.5259},
{"Node_id":7103,"weight":3.8567},
{"Node_id":7104,"weight":3.3079},
{"Node_id":7105,"weight":1.8354},
{"Node_id":7106,"weight":1.7736},
{"Node_id":7107,"weight":3.714},
{"Node_id":7108,"weight":1.8371},
{"Node_id":7109,"weight":2.9808},
{"Node_id":7110,"weight":2.9614},
{"Node_id":7111,"weight":3.4934},
{"Node_id":7112,"weight":1.3882},
{"Node_id":7113,"weight":1.7623},
{"Node_id":7114,"weight":2.3711},
{"Node_id":7115,"weight":1.4313},
{"Node_id":7116,"weight":1.5527},
{"Node_id":7117,"weight":2.2599},
{"Node_id":7118,"weight":2.0029},
{"Node_id":7119,"weight":2.6596},
{"Node_id":7120,"weight":1.9359},
{"Node_id":7121,"weight":2.9381},
{"Node_id":7122,"weight":2.9174},
{"Node_id":7123,"weight":1.6171},
{"Node_id":7124,"weight":1.8103},
{"Node_id":7125,"weight":1.5334},
{"Node_id":7126,"weight":2.887},
{"Node_id":7127,"weight":1.8186},
{"Node_id":7128,"weight":1.9542},
{"Node_id":7139,"weight":1.6785},
{"Node_id":7140,"weight":3.0006},
{"Node_id":7141,"weight":2.1785},
{"Node_id":7142,"weight":3.0786},
{"Node_id":7143,"weight":3.8275},
{"Node_id":7144,"weight":1.7881},
{"Node_id":7145,"weight":3.055},
{"Node_id":7146,"weight":1.9662},
{"Node_id":7147,"weight":2.4671},
{"Node_id":7148,"weight":3.2905},
{"Node_id":7149,"weight":1.901},
{"Node_id":7150,"weight":1.9802},
{"Node_id":7151,"weight":1.9802},
{"Node_id":7152,"weight":7.8236},
{"Node_id":7154,"weight":1.8021},
{"Node_id":7156,"weight":1.6913},
{"Node_id":7157,"weight":2.645},
{"Node_id":7158,"weight":4.0163},
{"Node_id":7159,"weight":1.4915},
{"Node_id":7160,"weight":1.5347},
{"Node_id":7161,"weight":2.6531},
{"Node_id":7162,"weight":2.2611},
{"Node_id":7168,"weight":2.9508},
{"Node_id":7171,"weight":1.9625},
{"Node_id":7172,"weight":3.4456},
{"Node_id":7175,"weight":1.4121},
{"Node_id":7176,"weight":2.7569},
{"Node_id":7177,"weight":5.11},
{"Node_id":7180,"weight":2.3309},
{"Node_id":7181,"weight":1.4468},
{"Node_id":7182,"weight":4.8588},
{"Node_id":7183,"weight":2.1218},
{"Node_id":7186,"weight":2.5327},
{"Node_id":7187,"weight":1.5286},
{"Node_id":7188,"weight":2.1708},
{"Node_id":7189,"weight":1.7792},
{"Node_id":7190,"weight":1.5835},
{"Node_id":7193,"weight":2.0575},
{"Node_id":7194,"weight":1.9662},
{"Node_id":7195,"weight":1.4249},
{"Node_id":7196,"weight":1.9072},
{"Node_id":7197,"weight":1.8635},
{"Node_id":7198,"weight":2.7183},
{"Node_id":7201,"weight":2.1665},
{"Node_id":7202,"weight":2.3944},
{"Node_id":7203,"weight":1.8447},
{"Node_id":7204,"weight":6.1171},
{"Node_id":7205,"weight":2.5564},
{"Node_id":7206,"weight":1.7663},
{"Node_id":7207,"weight":1.9962},
{"Node_id":7210,"weight":1.6317},
{"Node_id":7211,"weight":2.0989},
{"Node_id":7212,"weight":3.1222},
{"Node_id":7213,"weight":2.3737},
{"Node_id":7214,"weight":2.0125},
{"Node_id":7215,"weight":3.6352},
{"Node_id":7216,"weight":5.2539},
{"Node_id":7217,"weight":2.8613},
{"Node_id":7220,"weight":2.6894},
{"Node_id":7221,"weight":1.6215},
{"Node_id":7222,"weight":2.1796},
{"Node_id":7223,"weight":2.6962},
{"Node_id":7224,"weight":2.2611},
{"Node_id":7225,"weight":1.5368},
{"Node_id":7226,"weight":1.5211},
{"Node_id":7227,"weight":1.789},
{"Node_id":7228,"weight":2.2185},
{"Node_id":7231,"weight":1.6157},
{"Node_id":7232,"weight":4.0455},
{"Node_id":7233,"weight":2.9174},
{"Node_id":7234,"weight":2.4519},
{"Node_id":7235,"weight":3.5075},
{"Node_id":7236,"weight":1.5225},
{"Node_id":7237,"weight":1.9953},
{"Node_id":7238,"weight":2.214},
{"Node_id":7239,"weight":2.1312},
{"Node_id":7240,"weight":2.1568},
{"Node_id":7241,"weight":4.3454},
{"Node_id":7242,"weight":2.8248},
{"Node_id":7245,"weight":2.4994},
{"Node_id":7246,"weight":1.748},
{"Node_id":7247,"weight":1.4855},
{"Node_id":7248,"weight":2.764},
{"Node_id":7249,"weight":1.8721},
{"Node_id":7250,"weight":2.4492},
{"Node_id":7251,"weight":1.8904},
{"Node_id":7252,"weight":1.9783},
{"Node_id":7253,"weight":1.6508},
{"Node_id":7254,"weight":2.1302},
{"Node_id":7255,"weight":2.4356},
{"Node_id":7256,"weight":2.0897},
{"Node_id":7257,"weight":3.1322},
{"Node_id":7258,"weight":1.956},
{"Node_id":7259,"weight":4.5362},
{"Node_id":7260,"weight":2.8574},
{"Node_id":7261,"weight":1.925},
{"Node_id":7262,"weight":3.2314},
{"Node_id":7263,"weight":4.6053},
{"Node_id":7264,"weight":2.7839},
{"Node_id":7265,"weight":1.5177},
{"Node_id":7266,"weight":1.414},
{"Node_id":7267,"weight":1.7496},
{"Node_id":7268,"weight":2.0318},
{"Node_id":7269,"weight":3.2424},
{"Node_id":7270,"weight":1.8756},
{"Node_id":7298,"weight":2.4657},
{"Node_id":7322,"weight":1.4442},
{"Node_id":7325,"weight":2.5519},
{"Node_id":7326,"weight":1.6346},
{"Node_id":7327,"weight":2.8343},
{"Node_id":7331,"weight":1.6508},
{"Node_id":7334,"weight":2.5371},
{"Node_id":7335,"weight":1.414},
{"Node_id":7336,"weight":2.4643},
{"Node_id":7337,"weight":1.8278},
{"Node_id":7338,"weight":2.5867},
{"Node_id":7339,"weight":3.2992},
{"Node_id":7340,"weight":2.5137},
{"Node_id":7341,"weight":1.5701},
{"Node_id":7342,"weight":4.4192},
{"Node_id":7343,"weight":1.4287},
{"Node_id":7344,"weight":2.5836},
{"Node_id":7345,"weight":1.4422},
{"Node_id":7346,"weight":2.4712},
{"Node_id":7347,"weight":3.6154},
{"Node_id":7348,"weight":1.4749},
{"Node_id":7349,"weight":2.1546},
{"Node_id":7350,"weight":2.727},
{"Node_id":7351,"weight":2.8751},
{"Node_id":7352,"weight":3.9604},
{"Node_id":7353,"weight":2.2705},
{"Node_id":7354,"weight":3.6352},
{"Node_id":7355,"weight":1.7663},
{"Node_id":7356,"weight":1.7082},
{"Node_id":7357,"weight":1.8515},
{"Node_id":7358,"weight":3.4865},
{"Node_id":7359,"weight":1.6027},
{"Node_id":7360,"weight":3.4865},
{"Node_id":7361,"weight":1.9027},
{"Node_id":7362,"weight":3.0621},
{"Node_id":7363,"weight":1.6092},
{"Node_id":7364,"weight":2.0897},
{"Node_id":7365,"weight":1.8128},
{"Node_id":7366,"weight":1.4461},
{"Node_id":7367,"weight":2.0446},
{"Node_id":7368,"weight":2.5821},
{"Node_id":7369,"weight":3.4761},
{"Node_id":7370,"weight":1.5062},
{"Node_id":7371,"weight":2.0989},
{"Node_id":7372,"weight":2.3788},
{"Node_id":7373,"weight":1.5485},
{"Node_id":7374,"weight":4.4108},
{"Node_id":7375,"weight":1.6951},
{"Node_id":7376,"weight":1.827},
{"Node_id":7377,"weight":1.4384},
{"Node_id":7378,"weight":2.7551},
{"Node_id":7379,"weight":1.7409},
{"Node_id":7380,"weight":2.1333},
{"Node_id":7381,"weight":1.9634},
{"Node_id":7382,"weight":1.8111},
{"Node_id":7383,"weight":2.7604},
{"Node_id":7384,"weight":1.5779},
{"Node_id":7385,"weight":4.1383},
{"Node_id":7386,"weight":1.4565},
{"Node_id":7387,"weight":3.6233},
{"Node_id":7388,"weight":1.7599},
{"Node_id":7389,"weight":2.5806},
{"Node_id":7390,"weight":1.4096},
{"Node_id":7391,"weight":3.9072},
{"Node_id":7392,"weight":1.8211},
{"Node_id":7393,"weight":2.5312},
{"Node_id":7394,"weight":1.8037},
{"Node_id":7395,"weight":2.9657},
{"Node_id":7396,"weight":2.6514},
{"Node_id":7397,"weight":1.4229},
{"Node_id":7398,"weight":2.7132},
{"Node_id":7399,"weight":1.8404},
{"Node_id":7400,"weight":1.9332},
{"Node_id":7401,"weight":2.5867},
{"Node_id":7402,"weight":1.6694},
{"Node_id":7403,"weight":4.119},
{"Node_id":7404,"weight":2.4937},
{"Node_id":7405,"weight":3.9992},
{"Node_id":7406,"weight":1.9268},
{"Node_id":7407,"weight":1.4351},
{"Node_id":7408,"weight":1.5361},
{"Node_id":7409,"weight":1.6501},
{"Node_id":7410,"weight":1.9001},
{"Node_id":7411,"weight":3.7401},
{"Node_id":7412,"weight":2.1961}]