[{"Inferred_node_ids":[4548],"Node_id":111},
{"Inferred_node_ids":[4525],"Node_id":112},
{"Inferred_node_ids":[4466],"Node_id":113},
{"Inferred_node_ids":[4515],"Node_id":114},
{"Inferred_node_ids":[4459],"Node_id":115},
{"Inferred_node_ids":[4468],"Node_id":116},
{"Inferred_node_ids":[4432],"Node_id":117},
{"Inferred_node_ids":[4493],"Node_id":962},
{"Inferred_node_ids":[4440],"Node_id":963},
{"Inferred_node_ids":[4479],"Node_id":964},
{"Inferred_node_ids":[4549],"Node_id":965},
{"Inferred_node_ids":[4433],"Node_id":966},
{"Inferred_node_ids":[4496],"Node_id":967},
{"Inferred_node_ids":[4491],"Node_id":1137},
{"Inferred_node_ids":[4484],"Node_id":1138},
{"Inferred_node_ids":[4464],"Node_id":1139},
{"Inferred_node_ids":[4485],"Node_id":1140},
{"Inferred_node_ids":[4528],"Node_id":1141},
{"Inferred_node_ids":[4507],"Node_id":1142},
{"Inferred_node_ids":[4522],"Node_id":1143},
{"Inferred_node_ids":[4527],"Node_id":1145},
{"Inferred_node_ids":[4534],"Node_id":1146},
{"Inferred_node_ids":[4460],"Node_id":1147},
{"Inferred_node_ids":[4472],"Node_id":1148},
{"Inferred_node_ids":[4538],"Node_id":1149},
{"Inferred_node_ids":[4543],"Node_id":1150},
{"Inferred_node_ids":[4495],"Node_id":1151},
{"Inferred_node_ids":[4529],"Node_id":1152},
{"Inferred_node_ids":[4430],"Node_id":1154},
{"Inferred_node_ids":[4547],"Node_id":1155},
{"Inferred_node_ids":[4487],"Node_id":1156},
{"Inferred_node_ids":[4437],"Node_id":3586},
{"Inferred_node_ids":[4508],"Node_id":3587},
{"Inferred_node_ids":[4509],"Node_id":3588},
{"Inferred_node_ids":[4445],"Node_id":3589},
{"Inferred_node_ids":[4539],"Node_id":3590},
{"Inferred_node_ids":[4526],"Node_id":3591},
{"Inferred_node_ids":[4462],"Node_id":89915},
{"Inferred_node_ids":[4471],"Node_id":89916},
{"Inferred_node_ids":[4494],"Node_id":89917},
{"Inferred_node_ids":[4500],"Node_id":89918},
{"Inferred_node_ids":[4499],"Node_id":89919},
{"Inferred_node_ids":[4443],"Node_id":89920},
{"Inferred_node_ids":[4512],"Node_id":89921},
{"Inferred_node_ids":[4523],"Node_id":90766},
{"Inferred_node_ids":[4476],"Node_id":90767},
{"Inferred_node_ids":[4444],"Node_id":90768},
{"Inferred_node_ids":[4517],"Node_id":90769},
{"Inferred_node_ids":[4473],"Node_id":90770},
{"Inferred_node_ids":[4470],"Node_id":90771},
{"Inferred_node_ids":[4478],"Node_id":90941},
{"Inferred_node_ids":[4454],"Node_id":90942},
{"Inferred_node_ids":[4474],"Node_id":90943},
{"Inferred_node_ids":[4492],"Node_id":90944},
{"Inferred_node_ids":[4455],"Node_id":90945},
{"Inferred_node_ids":[4537],"Node_id":90946},
{"Inferred_node_ids":[4544],"Node_id":90947},
{"Inferred_node_ids":[4426],"Node_id":90949},
{"Inferred_node_ids":[4540],"Node_id":90950},
{"Inferred_node_ids":[4486],"Node_id":90951},
{"Inferred_node_ids":[4504],"Node_id":90952},
{"Inferred_node_ids":[4501],"Node_id":90953},
{"Inferred_node_ids":[4497],"Node_id":90954},
{"Inferred_node_ids":[4524],"Node_id":90955},
{"Inferred_node_ids":[4510],"Node_id":90956},
{"Inferred_node_ids":[4531],"Node_id":90957},
{"Inferred_node_ids":[4518],"Node_id":90958},
{"Inferred_node_ids":[4542],"Node_id":90959},
{"Inferred_node_ids":[4469],"Node_id":90960},
{"Inferred_node_ids":[4453],"Node_id":93391},
{"Inferred_node_ids":[4541],"Node_id":93392},
{"Inferred_node_ids":[4446],"Node_id":93393},
{"Inferred_node_ids":[4535],"Node_id":93394},
{"Inferred_node_ids":[4449],"Node_id":93395},
{"Inferred_node_ids":[4521],"Node_id":93396},
{"Inferred_node_ids":[4503],"Node_id":95866},
{"Inferred_node_ids":[4452],"Node_id":95867},
{"Inferred_node_ids":[4435],"Node_id":95868},
{"Inferred_node_ids":[4477],"Node_id":95869},
{"Inferred_node_ids":[4465],"Node_id":95870},
{"Inferred_node_ids":[4488],"Node_id":95871},
{"Inferred_node_ids":[4457],"Node_id":95872},
{"Inferred_node_ids":[4520],"Node_id":95904},
{"Inferred_node_ids":[4519],"Node_id":95905},
{"Inferred_node_ids":[4429],"Node_id":95906},
{"Inferred_node_ids":[4530],"Node_id":95907},
{"Inferred_node_ids":[4498],"Node_id":95908},
{"Inferred_node_ids":[4456],"Node_id":95909},
{"Inferred_node_ids":[4505],"Node_id":95910},
{"Inferred_node_ids":[4463],"Node_id":95911},
{"Inferred_node_ids":[4441],"Node_id":95913},
{"Inferred_node_ids":[4447],"Node_id":95914},
{"Inferred_node_ids":[4436],"Node_id":96909},
{"Inferred_node_ids":[4533],"Node_id":96910},
{"Inferred_node_ids":[4428],"Node_id":96911},
{"Inferred_node_ids":[4506],"Node_id":126938},
{"Inferred_node_ids":[4536],"Node_id":126939},
{"Inferred_node_ids":[4490],"Node_id":126940},
{"Inferred_node_ids":[4434],"Node_id":126941},
{"Inferred_node_ids":[4545],"Node_id":126942},
{"Inferred_node_ids":[4514],"Node_id":126943},
{"Inferred_node_ids":[4427],"Node_id":126944},
{"Inferred_node_ids":[4475],"Node_id":126945},
{"Inferred_node_ids":[4438],"Node_id":126946},
{"Inferred_node_ids":[4450],"Node_id":126947},
{"Inferred_node_ids":[4461],"Node_id":126948},
{"Inferred_node_ids":[4467],"Node_id":126949},
{"Inferred_node_ids":[4481],"Node_id":127158},
{"Inferred_node_ids":[4516],"Node_id":127159},
{"Inferred_node_ids":[4442],"Node_id":127160},
{"Inferred_node_ids":[4513],"Node_id":127161},
{"Inferred_node_ids":[4451],"Node_id":127162},
{"Inferred_node_ids":[4431],"Node_id":127164},
{"Inferred_node_ids":[4532],"Node_id":127165},
{"Inferred_node_ids":[4439],"Node_id":127166},
{"Inferred_node_ids":[4482],"Node_id":127167},
{"Inferred_node_ids":[4483],"Node_id":127168},
{"Inferred_node_ids":[4458],"Node_id":127169},
{"Inferred_node_ids":[4511],"Node_id":127170},
{"Inferred_node_ids":[4480],"Node_id":127171},
{"Inferred_node_ids":[4489],"Node_id":127172},
{"Inferred_node_ids":[4546],"Node_id":127175},
{"Inferred_node_ids":[4448],"Node_id":127176},
{"Inferred_node_ids":[4502],"Node_id":127177}]