[{"Inferred_node_ids":[10005],"Node_id":64},
{"Inferred_node_ids":[10025],"Node_id":65},
{"Inferred_node_ids":[9978],"Node_id":66},
{"Inferred_node_ids":[9971],"Node_id":67},
{"Inferred_node_ids":[9995],"Node_id":68},
{"Inferred_node_ids":[9969],"Node_id":69},
{"Inferred_node_ids":[10022],"Node_id":70},
{"Inferred_node_ids":[10024],"Node_id":915},
{"Inferred_node_ids":[10012],"Node_id":916},
{"Inferred_node_ids":[10015],"Node_id":917},
{"Inferred_node_ids":[10009],"Node_id":918},
{"Inferred_node_ids":[9992],"Node_id":919},
{"Inferred_node_ids":[10013],"Node_id":920},
{"Inferred_node_ids":[9998],"Node_id":1090},
{"Inferred_node_ids":[9964],"Node_id":1091},
{"Inferred_node_ids":[10018],"Node_id":1092},
{"Inferred_node_ids":[9986],"Node_id":1093},
{"Inferred_node_ids":[9999],"Node_id":1094},
{"Inferred_node_ids":[10016],"Node_id":1095},
{"Inferred_node_ids":[10007],"Node_id":1096},
{"Inferred_node_ids":[9993],"Node_id":1097},
{"Inferred_node_ids":[9984],"Node_id":1098},
{"Inferred_node_ids":[10017],"Node_id":1099},
{"Inferred_node_ids":[9981],"Node_id":1100},
{"Inferred_node_ids":[9972],"Node_id":1101},
{"Inferred_node_ids":[10003],"Node_id":1102},
{"Inferred_node_ids":[9968],"Node_id":1103},
{"Inferred_node_ids":[10020],"Node_id":1104},
{"Inferred_node_ids":[9976],"Node_id":1105},
{"Inferred_node_ids":[10019],"Node_id":1106},
{"Inferred_node_ids":[9989],"Node_id":1107},
{"Inferred_node_ids":[9970],"Node_id":1108},
{"Inferred_node_ids":[10021],"Node_id":1109},
{"Inferred_node_ids":[9982],"Node_id":3540},
{"Inferred_node_ids":[9977],"Node_id":3541},
{"Inferred_node_ids":[9991],"Node_id":3542},
{"Inferred_node_ids":[9967],"Node_id":3543},
{"Inferred_node_ids":[9985],"Node_id":3544},
{"Inferred_node_ids":[10000],"Node_id":3545},
{"Inferred_node_ids":[9990],"Node_id":6015},
{"Inferred_node_ids":[9983],"Node_id":6016},
{"Inferred_node_ids":[9974],"Node_id":6017},
{"Inferred_node_ids":[10026],"Node_id":6018},
{"Inferred_node_ids":[10028],"Node_id":6019},
{"Inferred_node_ids":[10006],"Node_id":6020},
{"Inferred_node_ids":[10023],"Node_id":6021},
{"Inferred_node_ids":[9973],"Node_id":6022},
{"Inferred_node_ids":[9966],"Node_id":6053},
{"Inferred_node_ids":[10027],"Node_id":6054},
{"Inferred_node_ids":[10029],"Node_id":6056},
{"Inferred_node_ids":[9965],"Node_id":6057},
{"Inferred_node_ids":[9988],"Node_id":6058},
{"Inferred_node_ids":[10008],"Node_id":6059},
{"Inferred_node_ids":[9997],"Node_id":6060},
{"Inferred_node_ids":[10014],"Node_id":6061},
{"Inferred_node_ids":[10001],"Node_id":6062},
{"Inferred_node_ids":[9979],"Node_id":6064},
{"Inferred_node_ids":[10002],"Node_id":7059},
{"Inferred_node_ids":[9994],"Node_id":7060},
{"Inferred_node_ids":[9975],"Node_id":9402},
{"Inferred_node_ids":[10010],"Node_id":9403},
{"Inferred_node_ids":[10004],"Node_id":9404},
{"Inferred_node_ids":[9996],"Node_id":9405},
{"Inferred_node_ids":[10011],"Node_id":9406},
{"Inferred_node_ids":[9987],"Node_id":9407},
{"Inferred_node_ids":[9980],"Node_id":9408}]