[{"Inferred_node_ids":[14],"Node_id":77663},
{"Inferred_node_ids":[13],"Node_id":77664},
{"Inferred_node_ids":[16],"Node_id":77665},
{"Inferred_node_ids":[11],"Node_id":77666},
{"Inferred_node_ids":[52],"Node_id":77667},
{"Inferred_node_ids":[63],"Node_id":77668},
{"Inferred_node_ids":[10],"Node_id":77669},
{"Inferred_node_ids":[85],"Node_id":78514},
{"Inferred_node_ids":[27],"Node_id":78516},
{"Inferred_node_ids":[20],"Node_id":78517},
{"Inferred_node_ids":[56],"Node_id":78518},
{"Inferred_node_ids":[50],"Node_id":78519},
{"Inferred_node_ids":[31],"Node_id":78689},
{"Inferred_node_ids":[83],"Node_id":78690},
{"Inferred_node_ids":[4],"Node_id":78691},
{"Inferred_node_ids":[28],"Node_id":78692},
{"Inferred_node_ids":[3],"Node_id":78693},
{"Inferred_node_ids":[55],"Node_id":78694},
{"Inferred_node_ids":[38],"Node_id":78695},
{"Inferred_node_ids":[71],"Node_id":78696},
{"Inferred_node_ids":[73],"Node_id":78697},
{"Inferred_node_ids":[8],"Node_id":78698},
{"Inferred_node_ids":[69],"Node_id":78699},
{"Inferred_node_ids":[37],"Node_id":78700},
{"Inferred_node_ids":[24],"Node_id":78701},
{"Inferred_node_ids":[74],"Node_id":78702},
{"Inferred_node_ids":[21],"Node_id":78703},
{"Inferred_node_ids":[68],"Node_id":78704},
{"Inferred_node_ids":[0],"Node_id":78705},
{"Inferred_node_ids":[23],"Node_id":78706},
{"Inferred_node_ids":[42],"Node_id":78707},
{"Inferred_node_ids":[22],"Node_id":78708},
{"Inferred_node_ids":[75],"Node_id":81139},
{"Inferred_node_ids":[60],"Node_id":81140},
{"Inferred_node_ids":[82],"Node_id":81141},
{"Inferred_node_ids":[29],"Node_id":81142},
{"Inferred_node_ids":[58],"Node_id":81143},
{"Inferred_node_ids":[5],"Node_id":83614},
{"Inferred_node_ids":[9],"Node_id":83615},
{"Inferred_node_ids":[19],"Node_id":83616},
{"Inferred_node_ids":[45],"Node_id":83617},
{"Inferred_node_ids":[77],"Node_id":83618},
{"Inferred_node_ids":[30],"Node_id":83620},
{"Inferred_node_ids":[44],"Node_id":83621},
{"Inferred_node_ids":[7],"Node_id":83652},
{"Inferred_node_ids":[18],"Node_id":83653},
{"Inferred_node_ids":[46],"Node_id":83654},
{"Inferred_node_ids":[39],"Node_id":83655},
{"Inferred_node_ids":[61],"Node_id":83656},
{"Inferred_node_ids":[49],"Node_id":83657},
{"Inferred_node_ids":[1],"Node_id":83658},
{"Inferred_node_ids":[78],"Node_id":83659},
{"Inferred_node_ids":[64],"Node_id":83660},
{"Inferred_node_ids":[57],"Node_id":83661},
{"Inferred_node_ids":[36],"Node_id":83662},
{"Inferred_node_ids":[62],"Node_id":83663},
{"Inferred_node_ids":[66],"Node_id":84657},
{"Inferred_node_ids":[59],"Node_id":84658},
{"Inferred_node_ids":[47],"Node_id":114686},
{"Inferred_node_ids":[17],"Node_id":114687},
{"Inferred_node_ids":[25],"Node_id":114688},
{"Inferred_node_ids":[6],"Node_id":114689},
{"Inferred_node_ids":[79],"Node_id":114690},
{"Inferred_node_ids":[33],"Node_id":114691},
{"Inferred_node_ids":[15],"Node_id":114692},
{"Inferred_node_ids":[72],"Node_id":114693},
{"Inferred_node_ids":[48],"Node_id":114696},
{"Inferred_node_ids":[26],"Node_id":114697},
{"Inferred_node_ids":[84],"Node_id":114906},
{"Inferred_node_ids":[34],"Node_id":114907},
{"Inferred_node_ids":[2],"Node_id":114908},
{"Inferred_node_ids":[76],"Node_id":114910},
{"Inferred_node_ids":[67],"Node_id":114911},
{"Inferred_node_ids":[43],"Node_id":114912},
{"Inferred_node_ids":[51],"Node_id":114913},
{"Inferred_node_ids":[35],"Node_id":114914},
{"Inferred_node_ids":[32],"Node_id":114915},
{"Inferred_node_ids":[53],"Node_id":114916},
{"Inferred_node_ids":[65],"Node_id":114917},
{"Inferred_node_ids":[81],"Node_id":114918},
{"Inferred_node_ids":[70],"Node_id":114919},
{"Inferred_node_ids":[80],"Node_id":114920},
{"Inferred_node_ids":[40],"Node_id":114921},
{"Inferred_node_ids":[41],"Node_id":114922},
{"Inferred_node_ids":[12],"Node_id":114923},
{"Inferred_node_ids":[54],"Node_id":114925}]