[{"Node_id":8054,"weight":1.9214},
{"Node_id":8058,"weight":2.184},
{"Node_id":8059,"weight":3.483},
{"Node_id":8060,"weight":2.2799},
{"Node_id":8062,"weight":1.9802},
{"Node_id":8063,"weight":2.5051},
{"Node_id":8065,"weight":2.3015},
{"Node_id":8066,"weight":2.2634},
{"Node_id":8067,"weight":2.4994},
{"Node_id":8070,"weight":1.6493},
{"Node_id":8072,"weight":2.0367},
{"Node_id":8073,"weight":1.4319},
{"Node_id":8074,"weight":3.8918},
{"Node_id":8076,"weight":1.8825},
{"Node_id":8080,"weight":2.321},
{"Node_id":8081,"weight":1.6936},
{"Node_id":8086,"weight":2.4195},
{"Node_id":8088,"weight":1.8203},
{"Node_id":8090,"weight":2.184},
{"Node_id":8091,"weight":1.7036},
{"Node_id":8096,"weight":2.7912},
{"Node_id":8102,"weight":3.7945},
{"Node_id":8106,"weight":1.5736},
{"Node_id":8107,"weight":1.9597},
{"Node_id":8109,"weight":1.4474},
{"Node_id":8111,"weight":2.0241},
{"Node_id":8133,"weight":2.4866},
{"Node_id":8136,"weight":3.2124},
{"Node_id":8137,"weight":2.5123},
{"Node_id":8140,"weight":1.744},
{"Node_id":8144,"weight":1.8643},
{"Node_id":8146,"weight":1.7036},
{"Node_id":8147,"weight":2.5852},
{"Node_id":8150,"weight":3.9713},
{"Node_id":8152,"weight":2.0212},
{"Node_id":8153,"weight":1.3976},
{"Node_id":8154,"weight":1.5513},
{"Node_id":8156,"weight":1.5492},
{"Node_id":8157,"weight":2.0456},
{"Node_id":8159,"weight":2.0595},
{"Node_id":8163,"weight":1.8421},
{"Node_id":8165,"weight":3.429},
{"Node_id":8167,"weight":2.001},
{"Node_id":8168,"weight":1.6353},
{"Node_id":8169,"weight":1.4539},
{"Node_id":8170,"weight":4.219},
{"Node_id":8186,"weight":1.5638},
{"Node_id":8190,"weight":2.4102},
{"Node_id":8196,"weight":1.6034},
{"Node_id":8200,"weight":1.9532},
{"Node_id":8201,"weight":2.1928},
{"Node_id":8202,"weight":1.6493},
{"Node_id":8204,"weight":2.3983},
{"Node_id":8209,"weight":2.3271},
{"Node_id":8211,"weight":1.5764},
{"Node_id":8213,"weight":2.7115},
{"Node_id":8219,"weight":4.2766},
{"Node_id":8221,"weight":3.2397},
{"Node_id":8223,"weight":5.2159},
{"Node_id":8227,"weight":1.5666},
{"Node_id":8230,"weight":1.866},
{"Node_id":8232,"weight":2.1218},
{"Node_id":8234,"weight":3.596},
{"Node_id":8237,"weight":2.887},
{"Node_id":8361,"weight":3.3227},
{"Node_id":8877,"weight":2.0887},
{"Node_id":9116,"weight":2.2196},
{"Node_id":9119,"weight":2.9635},
{"Node_id":9120,"weight":3.9549},
{"Node_id":9121,"weight":1.4474},
{"Node_id":9123,"weight":2.3996},
{"Node_id":9124,"weight":1.7433},
{"Node_id":9125,"weight":2.1807},
{"Node_id":9126,"weight":2.3866},
{"Node_id":9127,"weight":1.3919},
{"Node_id":9133,"weight":2.0938},
{"Node_id":9136,"weight":2.3433},
{"Node_id":9138,"weight":2.5504},
{"Node_id":9140,"weight":2.5519},
{"Node_id":9142,"weight":2.3648},
{"Node_id":9146,"weight":1.4481},
{"Node_id":9148,"weight":5.2933},
{"Node_id":9149,"weight":1.4313},
{"Node_id":9151,"weight":1.9305},
{"Node_id":9153,"weight":2.5195},
{"Node_id":9155,"weight":3.2151},
{"Node_id":9156,"weight":2.3271},
{"Node_id":9158,"weight":4.6469},
{"Node_id":9159,"weight":2.2943},
{"Node_id":9160,"weight":3.4523},
{"Node_id":9164,"weight":1.6142},
{"Node_id":9166,"weight":3.0006},
{"Node_id":9178,"weight":3.4225},
{"Node_id":9184,"weight":1.8704},
{"Node_id":9186,"weight":1.452},
{"Node_id":9187,"weight":3.6677},
{"Node_id":9189,"weight":1.6405},
{"Node_id":9193,"weight":1.6627},
{"Node_id":9194,"weight":3.1173},
{"Node_id":9198,"weight":2.9786},
{"Node_id":9200,"weight":1.7151},
{"Node_id":9204,"weight":1.7448},
{"Node_id":9245,"weight":1.4822},
{"Node_id":9246,"weight":3.7852},
{"Node_id":9248,"weight":2.1218},
{"Node_id":9251,"weight":5.9496},
{"Node_id":9252,"weight":2.1961},
{"Node_id":9253,"weight":1.86},
{"Node_id":9257,"weight":4.1711},
{"Node_id":9260,"weight":2.4629},
{"Node_id":9262,"weight":4.6259},
{"Node_id":9263,"weight":4.5555},
{"Node_id":9266,"weight":1.8921},
{"Node_id":9268,"weight":1.4261},
{"Node_id":9272,"weight":1.4815},
{"Node_id":9274,"weight":1.5451},
{"Node_id":9277,"weight":2.579},
{"Node_id":9280,"weight":1.5361},
{"Node_id":9281,"weight":1.8371},
{"Node_id":9283,"weight":2.5654},
{"Node_id":9297,"weight":2.2494},
{"Node_id":9298,"weight":2.5669},
{"Node_id":9300,"weight":2.8439},
{"Node_id":9301,"weight":2.3371},
{"Node_id":9302,"weight":1.3913},
{"Node_id":9304,"weight":2.7712},
{"Node_id":9306,"weight":1.9386},
{"Node_id":9313,"weight":1.4364},
{"Node_id":9320,"weight":1.4855},
{"Node_id":9322,"weight":1.421},
{"Node_id":9324,"weight":2.6434},
{"Node_id":9325,"weight":1.6777},
{"Node_id":9329,"weight":2.4168},
{"Node_id":9562,"weight":5.4217},
{"Node_id":9563,"weight":5.5429},
{"Node_id":9567,"weight":3.3377},
{"Node_id":9626,"weight":5.045},
{"Node_id":9627,"weight":3.8766},
{"Node_id":9629,"weight":1.7354},
{"Node_id":9631,"weight":1.7198},
{"Node_id":9634,"weight":3.6076},
{"Node_id":9636,"weight":3.6273},
{"Node_id":9637,"weight":3.7401},
{"Node_id":9642,"weight":1.6419},
{"Node_id":9644,"weight":2.0212},
{"Node_id":9646,"weight":3.8469},
{"Node_id":9648,"weight":1.4742},
{"Node_id":9649,"weight":1.4881},
{"Node_id":9650,"weight":1.9523},
{"Node_id":9652,"weight":2.0575},
{"Node_id":9653,"weight":1.7922},
{"Node_id":9658,"weight":5.4927},
{"Node_id":9661,"weight":3.7446},
{"Node_id":9664,"weight":3.5075},
{"Node_id":9665,"weight":1.7472},
{"Node_id":9668,"weight":2.5519},
{"Node_id":9670,"weight":3.8372},
{"Node_id":9671,"weight":2.0615},
{"Node_id":9675,"weight":1.812},
{"Node_id":9677,"weight":1.7567},
{"Node_id":9679,"weight":2.1906},
{"Node_id":9681,"weight":2.9465},
{"Node_id":9683,"weight":3.6432},
{"Node_id":9684,"weight":5.1441},
{"Node_id":9686,"weight":3.0978},
{"Node_id":9687,"weight":3.8132},
{"Node_id":9689,"weight":2.401},
{"Node_id":9691,"weight":1.515},
{"Node_id":9692,"weight":2.9072},
{"Node_id":9693,"weight":1.8575},
{"Node_id":9694,"weight":3.0644},
{"Node_id":9696,"weight":2.3039},
{"Node_id":9701,"weight":2.025},
{"Node_id":9713,"weight":3.9658},
{"Node_id":9719,"weight":2.8381},
{"Node_id":9721,"weight":2.0338},
{"Node_id":9723,"weight":1.9323},
{"Node_id":9731,"weight":2.6337},
{"Node_id":9732,"weight":1.5485},
{"Node_id":9733,"weight":2.5297},
{"Node_id":9735,"weight":1.7663},
{"Node_id":9737,"weight":1.4422},
{"Node_id":9739,"weight":1.5729},
{"Node_id":9741,"weight":2.7409},
{"Node_id":9773,"weight":2.8711},
{"Node_id":9775,"weight":1.5659},
{"Node_id":9776,"weight":1.4782},
{"Node_id":9778,"weight":2.4796},
{"Node_id":9780,"weight":5.4927},
{"Node_id":9792,"weight":1.4862},
{"Node_id":9795,"weight":2.1622},
{"Node_id":9796,"weight":1.8253},
{"Node_id":9797,"weight":2.1928},
{"Node_id":9799,"weight":1.656},
{"Node_id":9803,"weight":1.6027},
{"Node_id":9805,"weight":1.8609},
{"Node_id":9810,"weight":2.6928},
{"Node_id":9811,"weight":3.3903},
{"Node_id":9817,"weight":2.6147},
{"Node_id":9821,"weight":4.1513},
{"Node_id":9823,"weight":1.5197},
{"Node_id":9824,"weight":3.4356},
{"Node_id":9825,"weight":4.4538},
{"Node_id":9826,"weight":3.2507},
{"Node_id":9827,"weight":1.4775},
{"Node_id":9828,"weight":3.6595},
{"Node_id":9831,"weight":1.8354},
{"Node_id":9832,"weight":2.7857},
{"Node_id":9835,"weight":1.8643},
{"Node_id":9836,"weight":2.1354},
{"Node_id":9840,"weight":2.5882},
{"Node_id":9844,"weight":2.6466},
{"Node_id":9845,"weight":2.1796},
{"Node_id":9847,"weight":3.562},
{"Node_id":9851,"weight":2.6022},
{"Node_id":9853,"weight":2.2716},
{"Node_id":9855,"weight":1.7543},
{"Node_id":9857,"weight":1.9098},
{"Node_id":9859,"weight":2.4519},
{"Node_id":9861,"weight":2.6434},
{"Node_id":9864,"weight":1.7711},
{"Node_id":9866,"weight":1.5485},
{"Node_id":9868,"weight":3.1222},
{"Node_id":9869,"weight":2.1752},
{"Node_id":9870,"weight":2.6321},
{"Node_id":9871,"weight":2.7183},
{"Node_id":9873,"weight":3.1026},
{"Node_id":9877,"weight":2.2576},
{"Node_id":9878,"weight":3.1625},
{"Node_id":9880,"weight":2.3814},
{"Node_id":9903,"weight":2.3827},
{"Node_id":9904,"weight":2.1514},
{"Node_id":9909,"weight":1.5899},
{"Node_id":9910,"weight":1.4941},
{"Node_id":9912,"weight":2.9984},
{"Node_id":9913,"weight":2.2084},
{"Node_id":9915,"weight":3.105},
{"Node_id":9916,"weight":2.1145},
{"Node_id":9956,"weight":1.7105},
{"Node_id":9957,"weight":2.1239},
{"Node_id":9959,"weight":2.7115},
{"Node_id":9961,"weight":1.6383},
{"Node_id":9963,"weight":3.6392},
{"Node_id":9966,"weight":1.7089},
{"Node_id":9969,"weight":3.3871},
{"Node_id":9970,"weight":2.9277},
{"Node_id":9971,"weight":4.5653},
{"Node_id":9975,"weight":1.5779},
{"Node_id":9976,"weight":3.8085},
{"Node_id":9979,"weight":1.6179},
{"Node_id":9981,"weight":2.4588},
{"Node_id":9982,"weight":1.6478},
{"Node_id":9984,"weight":2.342},
{"Node_id":9987,"weight":2.2681},
{"Node_id":9989,"weight":1.5109},
{"Node_id":9990,"weight":2.4519},
{"Node_id":9991,"weight":1.7105},
{"Node_id":9995,"weight":1.5807},
{"Node_id":9996,"weight":2.7586},
{"Node_id":9997,"weight":2.885},
{"Node_id":9999,"weight":3.3683},
{"Node_id":10006,"weight":2.0565},
{"Node_id":10008,"weight":1.4121},
{"Node_id":10010,"weight":1.7136},
{"Node_id":10012,"weight":1.7182},
{"Node_id":10013,"weight":1.6486},
{"Node_id":10014,"weight":3.5435},
{"Node_id":10022,"weight":3.2591},
{"Node_id":10023,"weight":1.6754},
{"Node_id":10027,"weight":2.1155},
{"Node_id":10029,"weight":1.4014},
{"Node_id":10030,"weight":1.7417},
{"Node_id":10037,"weight":2.8633},
{"Node_id":10044,"weight":4.0163},
{"Node_id":10046,"weight":1.7051},
{"Node_id":10048,"weight":1.8913},
{"Node_id":10052,"weight":1.5999},
{"Node_id":10153,"weight":1.8379},
{"Node_id":10154,"weight":1.3907},
{"Node_id":10159,"weight":2.4966},
{"Node_id":10161,"weight":3.562},
{"Node_id":10162,"weight":4.9548},
{"Node_id":10164,"weight":2.1873},
{"Node_id":10281,"weight":1.7988},
{"Node_id":10283,"weight":1.4802},
{"Node_id":10285,"weight":4.0634},
{"Node_id":10287,"weight":3.3347},
{"Node_id":10289,"weight":3.3777},
{"Node_id":10291,"weight":1.4178},
{"Node_id":10293,"weight":2.3788},
{"Node_id":10295,"weight":1.6664},
{"Node_id":10297,"weight":1.9143},
{"Node_id":10298,"weight":1.6523},
{"Node_id":10299,"weight":1.6538},
{"Node_id":10303,"weight":2.3584},
{"Node_id":10305,"weight":2.5224},
{"Node_id":10308,"weight":1.8834},
{"Node_id":10313,"weight":1.6627},
{"Node_id":10315,"weight":2.0605},
{"Node_id":10320,"weight":1.6982},
{"Node_id":10321,"weight":2.4505},
{"Node_id":10323,"weight":1.7825},
{"Node_id":10460,"weight":1.6186},
{"Node_id":10526,"weight":1.8404},
{"Node_id":10527,"weight":2.4588},
{"Node_id":10529,"weight":1.5659},
{"Node_id":10532,"weight":1.5361},
{"Node_id":10536,"weight":4.3534},
{"Node_id":10540,"weight":3.0667},
{"Node_id":10541,"weight":2.5445},
{"Node_id":10545,"weight":1.6845},
{"Node_id":10547,"weight":1.7299},
{"Node_id":10551,"weight":5.0141},
{"Node_id":10553,"weight":1.8128},
{"Node_id":10554,"weight":1.8566},
{"Node_id":10558,"weight":3.2124},
{"Node_id":10560,"weight":3.4127},
{"Node_id":10561,"weight":1.5708},
{"Node_id":10562,"weight":1.9868},
{"Node_id":10566,"weight":2.3788},
{"Node_id":10568,"weight":1.6121},
{"Node_id":10569,"weight":2.1578},
{"Node_id":10571,"weight":3.9335},
{"Node_id":10575,"weight":1.4306},
{"Node_id":10577,"weight":2.8574},
{"Node_id":10578,"weight":4.7242},
{"Node_id":10580,"weight":1.6891},
{"Node_id":10581,"weight":1.6186},
{"Node_id":10585,"weight":2.6466},
{"Node_id":10587,"weight":2.2705},
{"Node_id":10588,"weight":3.776},
{"Node_id":10590,"weight":1.5279},
{"Node_id":10591,"weight":2.7748},
{"Node_id":10592,"weight":2.2716},
{"Node_id":10596,"weight":1.8965},
{"Node_id":10598,"weight":3.2071},
{"Node_id":10599,"weight":4.1579},
{"Node_id":10601,"weight":2.1851},
{"Node_id":10602,"weight":2.4923},
{"Node_id":10603,"weight":1.452},
{"Node_id":10604,"weight":2.1145},
{"Node_id":10608,"weight":5.1616},
{"Node_id":10610,"weight":1.5666},
{"Node_id":10611,"weight":1.9332},
{"Node_id":10613,"weight":1.8712},
{"Node_id":10614,"weight":4.2619},
{"Node_id":10615,"weight":2.145},
{"Node_id":10616,"weight":2.955},
{"Node_id":10617,"weight":4.394},
{"Node_id":10621,"weight":2.1535},
{"Node_id":10623,"weight":2.0077},
{"Node_id":10624,"weight":4.8988},
{"Node_id":10626,"weight":2.7339},
{"Node_id":10627,"weight":2.3088},
{"Node_id":10628,"weight":2.3161},
{"Node_id":10630,"weight":1.4474},
{"Node_id":10634,"weight":3.7579},
{"Node_id":10636,"weight":2.6417},
{"Node_id":10637,"weight":3.5472},
{"Node_id":10639,"weight":1.6042},
{"Node_id":10640,"weight":1.6179},
{"Node_id":10642,"weight":1.5729},
{"Node_id":10643,"weight":1.9532},
{"Node_id":10646,"weight":1.7752},
{"Node_id":10648,"weight":1.5042},
{"Node_id":10649,"weight":1.9179},
{"Node_id":10651,"weight":5.2159},
{"Node_id":10652,"weight":4.3066},
{"Node_id":10653,"weight":2.6194},
{"Node_id":10655,"weight":3.5999},
{"Node_id":10656,"weight":1.6092},
{"Node_id":10657,"weight":1.8808},
{"Node_id":10660,"weight":2.1333},
{"Node_id":10661,"weight":1.9886},
{"Node_id":10662,"weight":2.7949},
{"Node_id":10666,"weight":2.2622},
{"Node_id":10667,"weight":3.356},
{"Node_id":10668,"weight":3.2761},
{"Node_id":10673,"weight":1.9098},
{"Node_id":10674,"weight":6.0299},
{"Node_id":10675,"weight":1.7354},
{"Node_id":10681,"weight":2.5137},
{"Node_id":10682,"weight":1.8404},
{"Node_id":10683,"weight":2.3853},
{"Node_id":10690,"weight":2.1072},
{"Node_id":10691,"weight":4.4896},
{"Node_id":10692,"weight":1.5575},
{"Node_id":10698,"weight":2.3371},
{"Node_id":10700,"weight":2.1546},
{"Node_id":10701,"weight":2.2494},
{"Node_id":10702,"weight":1.4795},
{"Node_id":10708,"weight":1.4461},
{"Node_id":10711,"weight":2.1093},
{"Node_id":10712,"weight":3.9388},
{"Node_id":10713,"weight":1.5293},
{"Node_id":10719,"weight":1.5471},
{"Node_id":10722,"weight":3.6312},
{"Node_id":10723,"weight":1.5225},
{"Node_id":10724,"weight":1.4448},
{"Node_id":10730,"weight":2.4128},
{"Node_id":10735,"weight":2.3063},
{"Node_id":10736,"weight":1.6868},
{"Node_id":10738,"weight":1.7825},
{"Node_id":10740,"weight":1.5736},
{"Node_id":10741,"weight":1.4921},
{"Node_id":10743,"weight":2.9277},
{"Node_id":10744,"weight":2.3711},
{"Node_id":10745,"weight":4.7128},
{"Node_id":10747,"weight":1.7315},
{"Node_id":10748,"weight":1.6056},
{"Node_id":10749,"weight":2.2705},
{"Node_id":10750,"weight":1.9125},
{"Node_id":10752,"weight":2.2991},
{"Node_id":10753,"weight":1.452},
{"Node_id":10754,"weight":2.0029},
{"Node_id":10755,"weight":2.1503},
{"Node_id":10756,"weight":3.7011},
{"Node_id":10758,"weight":1.7947},
{"Node_id":10759,"weight":2.1439},
{"Node_id":10760,"weight":3.1833},
{"Node_id":10762,"weight":1.9027},
{"Node_id":10764,"weight":5.4685},
{"Node_id":10765,"weight":1.789},
{"Node_id":10766,"weight":3.0072},
{"Node_id":10769,"weight":3.2071},
{"Node_id":10770,"weight":1.7988},
{"Node_id":10771,"weight":1.5116},
{"Node_id":10772,"weight":1.7043},
{"Node_id":10773,"weight":5.11},
{"Node_id":10774,"weight":1.5464},
{"Node_id":10775,"weight":3.8567},
{"Node_id":10776,"weight":4.8853},
{"Node_id":10777,"weight":1.4507},
{"Node_id":10778,"weight":2.0989},
{"Node_id":10779,"weight":2.5944},
{"Node_id":10781,"weight":4.1448},
{"Node_id":10782,"weight":1.893},
{"Node_id":10783,"weight":1.8286},
{"Node_id":10785,"weight":1.5313},
{"Node_id":10786,"weight":1.4007},
{"Node_id":10787,"weight":1.8652},
{"Node_id":10788,"weight":2.8731},
{"Node_id":10790,"weight":1.7647},
{"Node_id":10792,"weight":3.5362},
{"Node_id":10793,"weight":1.4598},
{"Node_id":10794,"weight":1.5913},
{"Node_id":10796,"weight":1.4756},
{"Node_id":10798,"weight":2.231},
{"Node_id":10799,"weight":1.5603},
{"Node_id":10800,"weight":3.3999},
{"Node_id":10801,"weight":3.0275},
{"Node_id":10803,"weight":2.3931},
{"Node_id":10805,"weight":2.3346},
{"Node_id":10806,"weight":2.0436},
{"Node_id":10807,"weight":3.3683},
{"Node_id":10808,"weight":1.7276},
{"Node_id":10810,"weight":2.4505},
{"Node_id":10812,"weight":4.9126},
{"Node_id":10813,"weight":3.3777},
{"Node_id":10814,"weight":1.9868},
{"Node_id":10815,"weight":1.5382},
{"Node_id":10816,"weight":1.9905},
{"Node_id":10818,"weight":5.0141},
{"Node_id":10820,"weight":3.511},
{"Node_id":10821,"weight":3.3347},
{"Node_id":10823,"weight":4.4364},
{"Node_id":10824,"weight":1.8549},
{"Node_id":10825,"weight":2.1302},
{"Node_id":10827,"weight":2.7427},
{"Node_id":10829,"weight":2.9593},
{"Node_id":10831,"weight":2.5944},
{"Node_id":10832,"weight":1.5638},
{"Node_id":10833,"weight":2.1643},
{"Node_id":10834,"weight":3.2648},
{"Node_id":10836,"weight":2.2265},
{"Node_id":10838,"weight":2.1093},
{"Node_id":10840,"weight":1.6679},
{"Node_id":10841,"weight":2.3788},
{"Node_id":10842,"weight":1.4591},
{"Node_id":10843,"weight":2.6777},
{"Node_id":10844,"weight":1.4928},
{"Node_id":10846,"weight":2.2811},
{"Node_id":10848,"weight":4.2619},
{"Node_id":10850,"weight":2.0887},
{"Node_id":10851,"weight":1.5499},
{"Node_id":10853,"weight":4.6155},
{"Node_id":10854,"weight":2.1082},
{"Node_id":10855,"weight":1.7914},
{"Node_id":10857,"weight":3.6312},
{"Node_id":10859,"weight":1.8328},
{"Node_id":10861,"weight":1.9459},
{"Node_id":10862,"weight":3.0715},
{"Node_id":10864,"weight":2.8324},
{"Node_id":10865,"weight":3.3529},
{"Node_id":10886,"weight":1.6361},
{"Node_id":10892,"weight":1.8764},
{"Node_id":10908,"weight":2.658},
{"Node_id":10909,"weight":2.2657},
{"Node_id":10910,"weight":1.6921},
{"Node_id":10911,"weight":4.1778},
{"Node_id":10912,"weight":1.7711},
{"Node_id":10913,"weight":2.401},
{"Node_id":10914,"weight":2.5066},
{"Node_id":10915,"weight":3.2098},
{"Node_id":10916,"weight":1.8974},
{"Node_id":10917,"weight":3.7011},
{"Node_id":10918,"weight":1.5042},
{"Node_id":10919,"weight":2.0134},
{"Node_id":10920,"weight":2.1386},
{"Node_id":10921,"weight":2.8248},
{"Node_id":10922,"weight":1.6582},
{"Node_id":10923,"weight":2.5371},
{"Node_id":10924,"weight":5.9496},
{"Node_id":10925,"weight":2.0407},
{"Node_id":10926,"weight":1.7448},
{"Node_id":10939,"weight":1.4338},
{"Node_id":10950,"weight":2.0535},
{"Node_id":10951,"weight":1.5589},
{"Node_id":10952,"weight":2.7098},
{"Node_id":10955,"weight":3.4795},
{"Node_id":10957,"weight":1.6523},
{"Node_id":10958,"weight":2.6162},
{"Node_id":10960,"weight":2.0077},
{"Node_id":10961,"weight":3.9936},
{"Node_id":10964,"weight":1.4064},
{"Node_id":10965,"weight":1.5049},
{"Node_id":10969,"weight":1.5218},
{"Node_id":10970,"weight":1.3919},
{"Node_id":10975,"weight":1.4928},
{"Node_id":10976,"weight":2.5415},
{"Node_id":10982,"weight":2.1323},
{"Node_id":10983,"weight":2.0077},
{"Node_id":10988,"weight":1.7448},
{"Node_id":10990,"weight":4.8853},
{"Node_id":10991,"weight":2.9852},
{"Node_id":10996,"weight":4.4896},
{"Node_id":10997,"weight":1.4559},
{"Node_id":10999,"weight":9.223372E18},
{"Node_id":11000,"weight":2.1397},
{"Node_id":11005,"weight":2.0775},
{"Node_id":11006,"weight":1.8808},
{"Node_id":11008,"weight":1.4223},
{"Node_id":11009,"weight":2.4142},
{"Node_id":11015,"weight":5.0609},
{"Node_id":11018,"weight":2.0856},
{"Node_id":11019,"weight":2.1557},
{"Node_id":11029,"weight":9.2102},
{"Node_id":11030,"weight":1.5197},
{"Node_id":11041,"weight":4.2692},
{"Node_id":11042,"weight":2.4115},
{"Node_id":11054,"weight":2.2587},
{"Node_id":11055,"weight":1.9188},
{"Node_id":11066,"weight":2.8191},
{"Node_id":11068,"weight":1.7543},
{"Node_id":11069,"weight":1.9746},
{"Node_id":11079,"weight":1.9532},
{"Node_id":11083,"weight":3.2151},
{"Node_id":11088,"weight":1.8886},
{"Node_id":11090,"weight":1.7615},
{"Node_id":11094,"weight":1.6959},
{"Node_id":11097,"weight":2.2174},
{"Node_id":11101,"weight":2.4342},
{"Node_id":11104,"weight":1.6974},
{"Node_id":11109,"weight":2.4248},
{"Node_id":11117,"weight":1.6427},
{"Node_id":11122,"weight":2.7931},
{"Node_id":11126,"weight":1.7736},
{"Node_id":11130,"weight":2.7029},
{"Node_id":11133,"weight":2.6305},
{"Node_id":11134,"weight":2.6911},
{"Node_id":11135,"weight":2.9529},
{"Node_id":11136,"weight":2.3635},
{"Node_id":11140,"weight":2.3609},
{"Node_id":11141,"weight":2.0289},
{"Node_id":11142,"weight":1.4729},
{"Node_id":11143,"weight":1.7575},
{"Node_id":11144,"weight":2.936},
{"Node_id":11146,"weight":1.4749},
{"Node_id":11148,"weight":1.5334},
{"Node_id":11150,"weight":2.1429},
{"Node_id":11151,"weight":2.4396},
{"Node_id":11153,"weight":2.2811},
{"Node_id":11154,"weight":1.6208},
{"Node_id":11155,"weight":1.7906},
{"Node_id":11157,"weight":1.8029},
{"Node_id":11159,"weight":1.3982},
{"Node_id":11163,"weight":1.7354},
{"Node_id":11164,"weight":2.4754},
{"Node_id":11165,"weight":2.4302},
{"Node_id":11205,"weight":1.7898},
{"Node_id":11206,"weight":1.7043},
{"Node_id":11207,"weight":1.6612},
{"Node_id":11208,"weight":1.8669},
{"Node_id":11209,"weight":1.6762},
{"Node_id":11210,"weight":2.2208},
{"Node_id":11211,"weight":3.0297},
{"Node_id":11212,"weight":2.4262},
{"Node_id":11213,"weight":2.4155},
{"Node_id":11214,"weight":3.2017},
{"Node_id":11215,"weight":2.4866},
{"Node_id":11216,"weight":2.9939},
{"Node_id":11217,"weight":4.4538},
{"Node_id":11218,"weight":2.1796},
{"Node_id":11219,"weight":1.8523},
{"Node_id":11220,"weight":2.0038},
{"Node_id":11221,"weight":1.9934},
{"Node_id":11222,"weight":1.5652},
{"Node_id":11223,"weight":1.6792},
{"Node_id":11224,"weight":1.561},
{"Node_id":11225,"weight":1.5892},
{"Node_id":11226,"weight":1.6006},
{"Node_id":11227,"weight":1.7377},
{"Node_id":11228,"weight":2.3321},
{"Node_id":11229,"weight":2.0202},
{"Node_id":11230,"weight":4.284},
{"Node_id":11231,"weight":3.4969},
{"Node_id":11232,"weight":1.5736},
{"Node_id":11233,"weight":1.7857},
{"Node_id":11234,"weight":2.3271},
{"Node_id":11235,"weight":1.873},
{"Node_id":11236,"weight":2.0685},
{"Node_id":11237,"weight":1.8506},
{"Node_id":11238,"weight":2.5609},
{"Node_id":11239,"weight":1.6034},
{"Node_id":11240,"weight":2.0358},
{"Node_id":11241,"weight":3.3808},
{"Node_id":11242,"weight":2.2599},
{"Node_id":11243,"weight":3.6801},
{"Node_id":11244,"weight":5.1441},
{"Node_id":11245,"weight":4.0396},
{"Node_id":11246,"weight":2.1611},
{"Node_id":11247,"weight":4.7832},
{"Node_id":11248,"weight":3.4258},
{"Node_id":11249,"weight":2.6662},
{"Node_id":11250,"weight":2.4208},
{"Node_id":11251,"weight":1.5687},
{"Node_id":11252,"weight":2.8191},
{"Node_id":11253,"weight":1.4935},
{"Node_id":11254,"weight":1.7362},
{"Node_id":11255,"weight":1.7808},
{"Node_id":11256,"weight":2.1503},
{"Node_id":11257,"weight":6.1637},
{"Node_id":11258,"weight":1.9359},
{"Node_id":11259,"weight":3.3287},
{"Node_id":11260,"weight":3.0458},
{"Node_id":11261,"weight":2.1165},
{"Node_id":11262,"weight":1.5022},
{"Node_id":11263,"weight":2.5066},
{"Node_id":11266,"weight":1.4281},
{"Node_id":11267,"weight":2.4089},
{"Node_id":11268,"weight":1.7615},
{"Node_id":11269,"weight":1.4995},
{"Node_id":11270,"weight":1.9597},
{"Node_id":11271,"weight":2.955},
{"Node_id":11274,"weight":2.4235},
{"Node_id":11275,"weight":1.6634},
{"Node_id":11281,"weight":1.9915},
{"Node_id":11284,"weight":1.6273},
{"Node_id":11288,"weight":2.7986},
{"Node_id":11293,"weight":6.0725},
{"Node_id":11299,"weight":3.8275},
{"Node_id":11306,"weight":2.1302},
{"Node_id":11311,"weight":2.2129},
{"Node_id":11312,"weight":1.683},
{"Node_id":11313,"weight":3.3621},
{"Node_id":11314,"weight":3.4692},
{"Node_id":11318,"weight":2.9635},
{"Node_id":11319,"weight":1.8965},
{"Node_id":11321,"weight":1.6883},
{"Node_id":11324,"weight":4.2331},
{"Node_id":11326,"weight":2.5474},
{"Node_id":11329,"weight":4.1711},
{"Node_id":11331,"weight":1.4128},
{"Node_id":11333,"weight":1.6951},
{"Node_id":11337,"weight":2.7712},
{"Node_id":11341,"weight":2.0397},
{"Node_id":11344,"weight":3.2676},
{"Node_id":11346,"weight":2.1062},
{"Node_id":11347,"weight":1.5949},
{"Node_id":11348,"weight":2.0705},
{"Node_id":11349,"weight":5.1441},
{"Node_id":11350,"weight":1.9018},
{"Node_id":11351,"weight":1.5582},
{"Node_id":11352,"weight":1.9477},
{"Node_id":11353,"weight":3.4095},
{"Node_id":11354,"weight":1.798},
{"Node_id":11355,"weight":3.8132},
{"Node_id":11356,"weight":5.1794},
{"Node_id":11357,"weight":8.1114},
{"Node_id":11358,"weight":3.5732},
{"Node_id":11359,"weight":6.5699},
{"Node_id":11360,"weight":1.8506},
{"Node_id":11361,"weight":3.2098},
{"Node_id":11362,"weight":2.1665},
{"Node_id":11363,"weight":1.6056},
{"Node_id":11364,"weight":4.5653},
{"Node_id":11365,"weight":2.0959},
{"Node_id":11366,"weight":3.1099},
{"Node_id":11367,"weight":2.2907},
{"Node_id":11368,"weight":5.2734},
{"Node_id":11369,"weight":3.8372},
{"Node_id":11370,"weight":1.6649},
{"Node_id":11371,"weight":2.5775},
{"Node_id":11372,"weight":3.0929},
{"Node_id":11373,"weight":1.7036},
{"Node_id":11374,"weight":2.5297},
{"Node_id":11375,"weight":1.917},
{"Node_id":11376,"weight":1.5416},
{"Node_id":11377,"weight":2.5913},
{"Node_id":11378,"weight":2.2006},
{"Node_id":11379,"weight":2.2073},
{"Node_id":11380,"weight":1.7346},
{"Node_id":11381,"weight":1.7252},
{"Node_id":11382,"weight":2.2871},
{"Node_id":11383,"weight":2.375},
{"Node_id":11384,"weight":1.9487},
{"Node_id":11385,"weight":2.5684},
{"Node_id":11386,"weight":2.4221},
{"Node_id":11387,"weight":1.6523},
{"Node_id":11388,"weight":2.1031},
{"Node_id":11389,"weight":1.7607},
{"Node_id":11390,"weight":1.4045},
{"Node_id":11391,"weight":2.3321},
{"Node_id":11392,"weight":3.5146},
{"Node_id":11393,"weight":3.7991},
{"Node_id":11394,"weight":2.5534},
{"Node_id":11395,"weight":2.2028},
{"Node_id":11396,"weight":1.9896},
{"Node_id":11397,"weight":1.8843},
{"Node_id":11398,"weight":2.8381},
{"Node_id":11399,"weight":1.5076},
{"Node_id":11400,"weight":2.184},
{"Node_id":11401,"weight":2.0416},
{"Node_id":11402,"weight":3.7579},
{"Node_id":11403,"weight":1.9296},
{"Node_id":11404,"weight":2.1093},
{"Node_id":11405,"weight":2.7876},
{"Node_id":11406,"weight":2.2657},
{"Node_id":11407,"weight":3.1651},
{"Node_id":11408,"weight":4.0163},
{"Node_id":11409,"weight":2.0192},
{"Node_id":11410,"weight":2.6678},
{"Node_id":11411,"weight":2.4768},
{"Node_id":11412,"weight":1.5245},
{"Node_id":11413,"weight":4.7954},
{"Node_id":11414,"weight":1.9896},
{"Node_id":11415,"weight":2.3075},
{"Node_id":11416,"weight":2.5023},
{"Node_id":11417,"weight":1.421},
{"Node_id":11418,"weight":1.7151},
{"Node_id":11419,"weight":1.5575},
{"Node_id":11420,"weight":1.9634},
{"Node_id":11421,"weight":1.4178},
{"Node_id":11422,"weight":4.6469},
{"Node_id":11423,"weight":1.9232},
{"Node_id":11424,"weight":1.8635},
{"Node_id":11425,"weight":2.7676},
{"Node_id":11426,"weight":5.1975},
{"Node_id":11427,"weight":2.31},
{"Node_id":11428,"weight":2.2967},
{"Node_id":11429,"weight":1.7198},
{"Node_id":11430,"weight":3.7669},
{"Node_id":11431,"weight":2.1186},
{"Node_id":11432,"weight":1.8974},
{"Node_id":11433,"weight":1.4533},
{"Node_id":11434,"weight":2.3931},
{"Node_id":11436,"weight":2.0134},
{"Node_id":11437,"weight":1.9934},
{"Node_id":11438,"weight":1.9542},
{"Node_id":11439,"weight":4.1711},
{"Node_id":11441,"weight":2.5312},
{"Node_id":11442,"weight":4.1002},
{"Node_id":11443,"weight":5.2159},
{"Node_id":11444,"weight":2.8613},
{"Node_id":11445,"weight":1.5842},
{"Node_id":11447,"weight":1.4448},
{"Node_id":11448,"weight":2.9092},
{"Node_id":11449,"weight":2.1578},
{"Node_id":11450,"weight":3.9072},
{"Node_id":11451,"weight":2.1862},
{"Node_id":11453,"weight":1.7097},
{"Node_id":11454,"weight":1.3913},
{"Node_id":11455,"weight":5.4448},
{"Node_id":11456,"weight":2.1072},
{"Node_id":11457,"weight":1.7464},
{"Node_id":11458,"weight":2.7235},
{"Node_id":11459,"weight":3.483},
{"Node_id":11460,"weight":2.3699},
{"Node_id":11463,"weight":3.1651},
{"Node_id":11466,"weight":1.9625},
{"Node_id":11468,"weight":2.8023},
{"Node_id":11471,"weight":3.776},
{"Node_id":11473,"weight":2.0515},
{"Node_id":11475,"weight":1.5561},
{"Node_id":11477,"weight":1.7841},
{"Node_id":11478,"weight":1.4578},
{"Node_id":11479,"weight":2.0231},
{"Node_id":11480,"weight":1.5779},
{"Node_id":11481,"weight":3.7715},
{"Node_id":11482,"weight":1.5035},
{"Node_id":11483,"weight":1.597},
{"Node_id":11484,"weight":1.7881},
{"Node_id":11485,"weight":2.474},
{"Node_id":11486,"weight":5.077},
{"Node_id":11487,"weight":2.0887},
{"Node_id":11488,"weight":2.7766},
{"Node_id":11489,"weight":2.5929},
{"Node_id":11490,"weight":2.0816},
{"Node_id":11491,"weight":2.1906},
{"Node_id":11492,"weight":1.8609},
{"Node_id":11493,"weight":1.6694},
{"Node_id":11494,"weight":2.6945},
{"Node_id":11495,"weight":3.6843},
{"Node_id":11496,"weight":2.6037},
{"Node_id":11499,"weight":3.4356},
{"Node_id":11501,"weight":3.5999},
{"Node_id":11502,"weight":4.7832},
{"Node_id":11504,"weight":1.9441},
{"Node_id":11505,"weight":2.1397},
{"Node_id":11506,"weight":4.3858},
{"Node_id":11507,"weight":1.5863},
{"Node_id":11508,"weight":1.7873},
{"Node_id":11509,"weight":1.4448},
{"Node_id":11511,"weight":3.6233},
{"Node_id":11512,"weight":2.5341},
{"Node_id":11513,"weight":2.6482},
{"Node_id":11514,"weight":2.2095},
{"Node_id":11515,"weight":2.2634},
{"Node_id":11516,"weight":1.653},
{"Node_id":11517,"weight":1.397},
{"Node_id":11518,"weight":2.5166},
{"Node_id":11519,"weight":1.9468},
{"Node_id":11520,"weight":2.0338},
{"Node_id":11521,"weight":1.7528},
{"Node_id":11522,"weight":1.53},
{"Node_id":11525,"weight":2.5699},
{"Node_id":11527,"weight":3.8969},
{"Node_id":11528,"weight":1.8087},
{"Node_id":11530,"weight":2.5023},
{"Node_id":11531,"weight":2.6498},
{"Node_id":11532,"weight":1.9514},
{"Node_id":11534,"weight":2.8516},
{"Node_id":11535,"weight":2.4023},
{"Node_id":11536,"weight":1.4204},
{"Node_id":11537,"weight":1.9634},
{"Node_id":11539,"weight":3.356},
{"Node_id":11540,"weight":1.832},
{"Node_id":11541,"weight":2.366},
{"Node_id":11542,"weight":2.1557},
{"Node_id":11543,"weight":3.1912},
{"Node_id":11545,"weight":1.561},
{"Node_id":11546,"weight":1.7488},
{"Node_id":11547,"weight":1.5786},
{"Node_id":11548,"weight":2.0585},
{"Node_id":11549,"weight":2.9808},
{"Node_id":11550,"weight":3.4899},
{"Node_id":11552,"weight":2.0918},
{"Node_id":11553,"weight":2.6242},
{"Node_id":11554,"weight":2.6979},
{"Node_id":11555,"weight":2.366},
{"Node_id":11556,"weight":1.893},
{"Node_id":11557,"weight":3.5362},
{"Node_id":11560,"weight":2.0625},
{"Node_id":11561,"weight":1.5055},
{"Node_id":11562,"weight":2.5137},
{"Node_id":11563,"weight":2.7392},
{"Node_id":11564,"weight":1.5136},
{"Node_id":11565,"weight":3.0715},
{"Node_id":11568,"weight":2.4342},
{"Node_id":11569,"weight":1.414},
{"Node_id":11570,"weight":2.4574},
{"Node_id":11571,"weight":5.3992},
{"Node_id":11572,"weight":1.4995},
{"Node_id":11573,"weight":2.748},
{"Node_id":11577,"weight":1.9905},
{"Node_id":11578,"weight":1.7323},
{"Node_id":11579,"weight":6.6441},
{"Node_id":11580,"weight":4.226},
{"Node_id":11581,"weight":2.2506},
{"Node_id":11582,"weight":1.5506},
{"Node_id":11585,"weight":1.5942},
{"Node_id":11587,"weight":1.4975},
{"Node_id":11588,"weight":2.1031},
{"Node_id":11589,"weight":1.7315},
{"Node_id":11590,"weight":4.0574},
{"Node_id":11591,"weight":2.9215},
{"Node_id":11592,"weight":2.9808},
{"Node_id":11595,"weight":1.8652},
{"Node_id":11596,"weight":3.7991},
{"Node_id":11597,"weight":1.8128},
{"Node_id":11598,"weight":2.9808},
{"Node_id":11599,"weight":4.2402},
{"Node_id":11600,"weight":1.935},
{"Node_id":11601,"weight":1.6792},
{"Node_id":11602,"weight":3.2591},
{"Node_id":11603,"weight":1.6538},
{"Node_id":11604,"weight":2.1568},
{"Node_id":11605,"weight":3.1781},
{"Node_id":11606,"weight":2.881},
{"Node_id":11607,"weight":1.4848},
{"Node_id":11608,"weight":1.5793},
{"Node_id":11609,"weight":3.1833},
{"Node_id":11610,"weight":2.7857},
{"Node_id":11611,"weight":1.659},
{"Node_id":11612,"weight":1.6754},
{"Node_id":11613,"weight":1.7575},
{"Node_id":11614,"weight":2.2955},
{"Node_id":11615,"weight":2.0202},
{"Node_id":11616,"weight":2.7235},
{"Node_id":11617,"weight":2.1796},
{"Node_id":11618,"weight":2.7339},
{"Node_id":11619,"weight":3.3967},
{"Node_id":11620,"weight":2.4208},
{"Node_id":11621,"weight":1.5652},
{"Node_id":11622,"weight":2.6945},
{"Node_id":11623,"weight":4.1064},
{"Node_id":11624,"weight":1.5715},
{"Node_id":11625,"weight":1.4723},
{"Node_id":11626,"weight":3.0435},
{"Node_id":11627,"weight":1.5259},
{"Node_id":11628,"weight":2.1312},
{"Node_id":11629,"weight":1.5002},
{"Node_id":11630,"weight":6.3182},
{"Node_id":11631,"weight":2.0745},
{"Node_id":11632,"weight":1.4822},
{"Node_id":11633,"weight":1.4848},
{"Node_id":11634,"weight":2.0436},
{"Node_id":11635,"weight":1.9905},
{"Node_id":11636,"weight":2.4852},
{"Node_id":11637,"weight":1.8643},
{"Node_id":11638,"weight":3.1651},
{"Node_id":11639,"weight":3.7357},
{"Node_id":11640,"weight":1.3932},
{"Node_id":11641,"weight":1.4975},
{"Node_id":11642,"weight":1.8037},
{"Node_id":11643,"weight":1.5963},
{"Node_id":11644,"weight":2.5224},
{"Node_id":11645,"weight":3.842},
{"Node_id":11646,"weight":2.1622},
{"Node_id":11647,"weight":1.8515},
{"Node_id":11648,"weight":5.8401},
{"Node_id":11649,"weight":1.6906},
{"Node_id":11650,"weight":1.7736},
{"Node_id":11651,"weight":1.9296},
{"Node_id":11652,"weight":2.7857},
{"Node_id":11653,"weight":2.3546},
{"Node_id":11654,"weight":3.776},
{"Node_id":11655,"weight":4.0694},
{"Node_id":11656,"weight":2.4671},
{"Node_id":11657,"weight":2.173},
{"Node_id":11658,"weight":1.752},
{"Node_id":11659,"weight":2.0038},
{"Node_id":11660,"weight":1.4371},
{"Node_id":11661,"weight":2.7081},
{"Node_id":11662,"weight":1.4835},
{"Node_id":11663,"weight":1.9962},
{"Node_id":11664,"weight":2.727},
{"Node_id":11665,"weight":2.2517},
{"Node_id":11666,"weight":2.3648},
{"Node_id":11667,"weight":3.596},
{"Node_id":11668,"weight":2.6257},
{"Node_id":11669,"weight":2.4275},
{"Node_id":11670,"weight":1.9277},
{"Node_id":11671,"weight":2.3866},
{"Node_id":11672,"weight":5.3992},
{"Node_id":11673,"weight":1.4624},
{"Node_id":11674,"weight":1.5485},
{"Node_id":11675,"weight":2.3395},
{"Node_id":11676,"weight":1.8895},
{"Node_id":11677,"weight":2.4588},
{"Node_id":11678,"weight":2.2799},
{"Node_id":11679,"weight":2.8652},
{"Node_id":11680,"weight":1.5062},
{"Node_id":11681,"weight":1.4881},
{"Node_id":11682,"weight":1.5842},
{"Node_id":11683,"weight":1.4921},
{"Node_id":11684,"weight":1.8078},
{"Node_id":11685,"weight":1.776},
{"Node_id":11686,"weight":3.305},
{"Node_id":11687,"weight":2.5959},
{"Node_id":11688,"weight":1.6974},
{"Node_id":11689,"weight":2.2196},
{"Node_id":11690,"weight":1.4848},
{"Node_id":11691,"weight":2.881},
{"Node_id":11692,"weight":1.7401},
{"Node_id":11693,"weight":2.3234},
{"Node_id":11694,"weight":1.6208},
{"Node_id":11695,"weight":2.6563},
{"Node_id":11696,"weight":1.6486},
{"Node_id":11697,"weight":1.9332},
{"Node_id":11698,"weight":1.8523},
{"Node_id":11699,"weight":2.8229},
{"Node_id":11700,"weight":2.5579},
{"Node_id":11701,"weight":2.6401},
{"Node_id":11702,"weight":1.5272},
{"Node_id":11703,"weight":1.5368},
{"Node_id":11704,"weight":4.8078},
{"Node_id":11705,"weight":1.9868},
{"Node_id":11707,"weight":1.9287},
{"Node_id":11708,"weight":1.5049},
{"Node_id":11710,"weight":1.5977},
{"Node_id":11711,"weight":2.5489},
{"Node_id":11712,"weight":2.1928},
{"Node_id":11714,"weight":2.3776},
{"Node_id":11715,"weight":2.2799},
{"Node_id":11716,"weight":2.4369},
{"Node_id":11717,"weight":3.0881},
{"Node_id":11718,"weight":1.4565},
{"Node_id":11719,"weight":2.0816},
{"Node_id":11720,"weight":2.7784},
{"Node_id":11722,"weight":2.0907},
{"Node_id":11723,"weight":6.0725},
{"Node_id":11724,"weight":2.8574},
{"Node_id":11725,"weight":1.4178},
{"Node_id":11726,"weight":1.5992},
{"Node_id":11727,"weight":2.1719},
{"Node_id":11728,"weight":1.5035},
{"Node_id":11729,"weight":1.3882},
{"Node_id":11730,"weight":2.2576},
{"Node_id":11731,"weight":3.3652},
{"Node_id":11732,"weight":2.5254},
{"Node_id":11733,"weight":1.7105},
{"Node_id":11734,"weight":4.8458},
{"Node_id":11735,"weight":2.2552},
{"Node_id":11736,"weight":1.3988},
{"Node_id":11737,"weight":1.4172},
{"Node_id":11738,"weight":1.6523},
{"Node_id":11739,"weight":1.7963},
{"Node_id":11740,"weight":4.1002},
{"Node_id":11741,"weight":2.5066},
{"Node_id":11742,"weight":2.5385},
{"Node_id":11743,"weight":2.877},
{"Node_id":11744,"weight":1.9523},
{"Node_id":11745,"weight":2.5714},
{"Node_id":11746,"weight":1.4565},
{"Node_id":11747,"weight":1.744},
{"Node_id":11748,"weight":1.6732},
{"Node_id":11749,"weight":1.798},
{"Node_id":11750,"weight":1.9305},
{"Node_id":11751,"weight":1.4229},
{"Node_id":11752,"weight":1.543},
{"Node_id":11753,"weight":4.1711},
{"Node_id":11754,"weight":2.6711},
{"Node_id":11755,"weight":2.205},
{"Node_id":11756,"weight":3.1347},
{"Node_id":11757,"weight":1.4815},
{"Node_id":11758,"weight":1.752},
{"Node_id":11759,"weight":3.0252},
{"Node_id":11760,"weight":1.6368},
{"Node_id":11761,"weight":2.9593},
{"Node_id":11762,"weight":3.1964},
{"Node_id":11763,"weight":2.0565},
{"Node_id":11764,"weight":1.9296},
{"Node_id":11765,"weight":1.8136},
{"Node_id":11766,"weight":2.2242},
{"Node_id":11767,"weight":2.3571},
{"Node_id":11768,"weight":3.8038},
{"Node_id":11769,"weight":2.0938},
{"Node_id":11770,"weight":2.0745},
{"Node_id":11771,"weight":2.5123},
{"Node_id":11772,"weight":1.5786},
{"Node_id":11773,"weight":1.726},
{"Node_id":11774,"weight":1.4663},
{"Node_id":11775,"weight":2.6563},
{"Node_id":11776,"weight":1.4147},
{"Node_id":11777,"weight":2.9011},
{"Node_id":11778,"weight":5.2347},
{"Node_id":11779,"weight":3.4095},
{"Node_id":11780,"weight":3.4225},
{"Node_id":11781,"weight":1.8557},
{"Node_id":11782,"weight":2.6498},
{"Node_id":11783,"weight":2.1134},
{"Node_id":11784,"weight":2.366},
{"Node_id":11785,"weight":1.9395},
{"Node_id":11786,"weight":3.1859},
{"Node_id":11787,"weight":2.2907},
{"Node_id":11788,"weight":1.8337},
{"Node_id":11789,"weight":1.5652},
{"Node_id":11790,"weight":2.543},
{"Node_id":11791,"weight":5.8061},
{"Node_id":11792,"weight":3.6969},
{"Node_id":11793,"weight":2.1774},
{"Node_id":11794,"weight":1.4795},
{"Node_id":11795,"weight":1.3944},
{"Node_id":11796,"weight":2.3222},
{"Node_id":11797,"weight":1.8012},
{"Node_id":11798,"weight":5.2933},
{"Node_id":11799,"weight":3.3079},
{"Node_id":11800,"weight":4.4278},
{"Node_id":11801,"weight":1.5652},
{"Node_id":11802,"weight":2.5944},
{"Node_id":11803,"weight":2.0856},
{"Node_id":11804,"weight":1.5029},
{"Node_id":11805,"weight":2.8751},
{"Node_id":11806,"weight":1.5361},
{"Node_id":11807,"weight":3.2342},
{"Node_id":11808,"weight":1.9432},
{"Node_id":11809,"weight":1.639},
{"Node_id":11810,"weight":2.0436},
{"Node_id":11813,"weight":5.7105},
{"Node_id":11816,"weight":2.0019},
{"Node_id":11818,"weight":3.9124},
{"Node_id":11821,"weight":1.7841},
{"Node_id":11825,"weight":2.5975},
{"Node_id":11828,"weight":2.1418},
{"Node_id":11830,"weight":1.9098},
{"Node_id":11833,"weight":1.4242},
{"Node_id":11836,"weight":2.5913},
{"Node_id":11839,"weight":1.6822},
{"Node_id":11843,"weight":3.5004},
{"Node_id":11846,"weight":1.4096},
{"Node_id":11850,"weight":1.8834},
{"Node_id":11851,"weight":1.6657},
{"Node_id":11852,"weight":2.0918},
{"Node_id":11853,"weight":4.8588},
{"Node_id":11854,"weight":2.9257},
{"Node_id":11855,"weight":3.4323},
{"Node_id":11861,"weight":1.6258},
{"Node_id":11864,"weight":2.0154},
{"Node_id":11865,"weight":1.8756},
{"Node_id":11893,"weight":1.5423},
{"Node_id":11900,"weight":2.5254},
{"Node_id":11901,"weight":1.8808},
{"Node_id":11908,"weight":2.8496},
{"Node_id":11909,"weight":1.8178},
{"Node_id":11917,"weight":1.8153},
{"Node_id":11918,"weight":2.4302},
{"Node_id":11920,"weight":2.2611},
{"Node_id":11921,"weight":4.1982},
{"Node_id":11922,"weight":3.6392},
{"Node_id":11923,"weight":1.9727},
{"Node_id":11924,"weight":5.7414},
{"Node_id":11925,"weight":3.0929},
{"Node_id":11926,"weight":2.3609},
{"Node_id":11927,"weight":1.7113},
{"Node_id":11928,"weight":1.4268},
{"Node_id":11931,"weight":2.9896},
{"Node_id":11932,"weight":2.0938},
{"Node_id":11933,"weight":3.6718},
{"Node_id":11934,"weight":2.1124},
{"Node_id":11935,"weight":2.5519},
{"Node_id":11936,"weight":2.3445},
{"Node_id":11937,"weight":1.5527},
{"Node_id":11938,"weight":1.752},
{"Node_id":11939,"weight":2.7658},
{"Node_id":11940,"weight":1.9241},
{"Node_id":11941,"weight":1.8506},
{"Node_id":11942,"weight":2.4951},
{"Node_id":11943,"weight":3.3168},
{"Node_id":11944,"weight":1.9368},
{"Node_id":11945,"weight":2.2599},
{"Node_id":11946,"weight":1.8532},
{"Node_id":11947,"weight":2.2379},
{"Node_id":11948,"weight":1.8379},
{"Node_id":11949,"weight":3.6718},
{"Node_id":11950,"weight":1.6317},
{"Node_id":11951,"weight":3.7624},
{"Node_id":11952,"weight":1.5617},
{"Node_id":11953,"weight":1.8566},
{"Node_id":11954,"weight":1.8575},
{"Node_id":11955,"weight":1.6013},
{"Node_id":11957,"weight":3.2648},
{"Node_id":11959,"weight":2.508},
{"Node_id":11960,"weight":1.4198},
{"Node_id":11961,"weight":2.4478},
{"Node_id":11962,"weight":1.4474},
{"Node_id":11963,"weight":3.0229},
{"Node_id":11964,"weight":2.0377},
{"Node_id":11965,"weight":1.5218},
{"Node_id":11968,"weight":2.0555},
{"Node_id":11970,"weight":1.8261},
{"Node_id":11971,"weight":2.887},
{"Node_id":11973,"weight":1.7898},
{"Node_id":11974,"weight":3.3999},
{"Node_id":11975,"weight":2.0545},
{"Node_id":11977,"weight":2.0928},
{"Node_id":11978,"weight":2.0105},
{"Node_id":11979,"weight":1.5582},
{"Node_id":11982,"weight":2.6466},
{"Node_id":11983,"weight":1.4134},
{"Node_id":11984,"weight":1.8186},
{"Node_id":11988,"weight":3.5922},
{"Node_id":11989,"weight":1.8371},
{"Node_id":11990,"weight":2.5564},
{"Node_id":11993,"weight":1.4293},
{"Node_id":11995,"weight":2.2028},
{"Node_id":11996,"weight":3.2905},
{"Node_id":11997,"weight":3.7357},
{"Node_id":12000,"weight":1.6368},
{"Node_id":12001,"weight":1.9188},
{"Node_id":12003,"weight":5.045},
{"Node_id":12004,"weight":3.3168},
{"Node_id":12005,"weight":2.5356},
{"Node_id":12008,"weight":3.8817},
{"Node_id":12011,"weight":1.9395},
{"Node_id":12012,"weight":1.4915},
{"Node_id":12013,"weight":1.6936},
{"Node_id":12016,"weight":3.3746},
{"Node_id":12020,"weight":1.8843},
{"Node_id":12021,"weight":1.45},
{"Node_id":12022,"weight":2.2847},
{"Node_id":12025,"weight":1.4442},
{"Node_id":12030,"weight":1.9662},
{"Node_id":12031,"weight":1.6324},
{"Node_id":12032,"weight":1.7456},
{"Node_id":12035,"weight":1.6717},
{"Node_id":12041,"weight":3.1964},
{"Node_id":12042,"weight":1.5069},
{"Node_id":12043,"weight":2.2219},
{"Node_id":12046,"weight":2.3027},
{"Node_id":12058,"weight":2.4895},
{"Node_id":12061,"weight":2.2118},
{"Node_id":12065,"weight":1.45},
{"Node_id":12070,"weight":1.656},
{"Node_id":12073,"weight":2.1503},
{"Node_id":12076,"weight":1.4703},
{"Node_id":12079,"weight":3.1148},
{"Node_id":12083,"weight":1.5715},
{"Node_id":12086,"weight":1.5771},
{"Node_id":12088,"weight":2.1093},
{"Node_id":12091,"weight":3.2847},
{"Node_id":12094,"weight":1.8211},
{"Node_id":12099,"weight":1.5863},
{"Node_id":12102,"weight":1.4789},
{"Node_id":12108,"weight":2.3905},
{"Node_id":12111,"weight":2.2859},
{"Node_id":12118,"weight":1.6739},
{"Node_id":12121,"weight":1.4591},
{"Node_id":12129,"weight":1.854},
{"Node_id":12132,"weight":2.3027},
{"Node_id":12138,"weight":2.5094},
{"Node_id":12141,"weight":2.8535},
{"Node_id":12144,"weight":1.5382},
{"Node_id":12150,"weight":2.401},
{"Node_id":12151,"weight":6.8113},
{"Node_id":12154,"weight":2.2265},
{"Node_id":12157,"weight":2.5474},
{"Node_id":12163,"weight":4.3858},
{"Node_id":12164,"weight":4.3614},
{"Node_id":12165,"weight":3.1807},
{"Node_id":12168,"weight":1.7988},
{"Node_id":12171,"weight":1.8128},
{"Node_id":12177,"weight":3.6352},
{"Node_id":12179,"weight":1.9395},
{"Node_id":12183,"weight":2.3711},
{"Node_id":12184,"weight":4.0221},
{"Node_id":12186,"weight":4.1127},
{"Node_id":12192,"weight":3.9549},
{"Node_id":12198,"weight":4.833},
{"Node_id":12199,"weight":1.5485},
{"Node_id":12200,"weight":2.3063},
{"Node_id":12201,"weight":1.8957},
{"Node_id":12202,"weight":1.8045},
{"Node_id":12203,"weight":3.1422},
{"Node_id":12204,"weight":4.1914},
{"Node_id":12205,"weight":4.3534},
{"Node_id":12206,"weight":1.6302},
{"Node_id":12207,"weight":1.8738},
{"Node_id":12208,"weight":1.5245},
{"Node_id":12209,"weight":5.0294},
{"Node_id":12210,"weight":1.5807},
{"Node_id":12211,"weight":3.8716},
{"Node_id":12212,"weight":2.2907},
{"Node_id":12213,"weight":2.6612},
{"Node_id":12214,"weight":2.2061},
{"Node_id":12215,"weight":1.5218},
{"Node_id":12216,"weight":2.2017},
{"Node_id":12217,"weight":5.3771},
{"Node_id":12218,"weight":2.3918},
{"Node_id":12219,"weight":1.5327},
{"Node_id":12220,"weight":1.5527},
{"Node_id":12221,"weight":2.2448},
{"Node_id":12222,"weight":2.1752},
{"Node_id":12223,"weight":3.0953},
{"Node_id":12225,"weight":3.1651},
{"Node_id":12228,"weight":1.8103},
{"Node_id":12232,"weight":2.3458},
{"Node_id":12236,"weight":4.1778},
{"Node_id":12237,"weight":2.1155},
{"Node_id":12241,"weight":1.8678},
{"Node_id":12242,"weight":4.8458},
{"Node_id":12243,"weight":2.7218},
{"Node_id":12247,"weight":1.5828},
{"Node_id":12248,"weight":2.0685},
{"Node_id":12249,"weight":4.2051},
{"Node_id":12250,"weight":2.7218},
{"Node_id":12254,"weight":2.9743},
{"Node_id":12255,"weight":2.4155},
{"Node_id":12256,"weight":5.3343},
{"Node_id":12257,"weight":1.5416},
{"Node_id":12258,"weight":2.6861},
{"Node_id":12262,"weight":8.517},
{"Node_id":12263,"weight":3.0095},
{"Node_id":12264,"weight":2.0416},
{"Node_id":12265,"weight":1.9839},
{"Node_id":12266,"weight":1.5561},
{"Node_id":12267,"weight":1.7971},
{"Node_id":12271,"weight":2.474},
{"Node_id":12272,"weight":1.7663},
{"Node_id":12273,"weight":3.0857},
{"Node_id":12274,"weight":1.4921},
{"Node_id":12275,"weight":1.7671},
{"Node_id":12276,"weight":4.4024},
{"Node_id":12277,"weight":1.9652},
{"Node_id":12281,"weight":1.7097},
{"Node_id":12282,"weight":1.6142},
{"Node_id":12283,"weight":2.1972},
{"Node_id":12284,"weight":2.6678},
{"Node_id":12285,"weight":1.4026},
{"Node_id":12286,"weight":2.2764},
{"Node_id":12287,"weight":2.342},
{"Node_id":12291,"weight":2.1197},
{"Node_id":12292,"weight":1.5347},
{"Node_id":12293,"weight":3.279},
{"Node_id":12294,"weight":1.8515},
{"Node_id":12295,"weight":1.5177},
{"Node_id":12296,"weight":2.401},
{"Node_id":12297,"weight":3.2205},
{"Node_id":12298,"weight":4.1254},
{"Node_id":12302,"weight":2.0836},
{"Node_id":12303,"weight":1.5197},
{"Node_id":12304,"weight":1.7825},
{"Node_id":12305,"weight":3.2818},
{"Node_id":12306,"weight":2.3853},
{"Node_id":12307,"weight":1.7074},
{"Node_id":12308,"weight":1.43},
{"Node_id":12310,"weight":3.1912},
{"Node_id":12314,"weight":1.7841},
{"Node_id":12315,"weight":1.4422},
{"Node_id":12316,"weight":2.8191},
{"Node_id":12317,"weight":3.1833},
{"Node_id":12318,"weight":3.3168},
{"Node_id":12319,"weight":2.5066},
{"Node_id":12320,"weight":2.4881},
{"Node_id":12322,"weight":1.6244},
{"Node_id":12323,"weight":1.9532},
{"Node_id":12327,"weight":1.3894},
{"Node_id":12328,"weight":1.5444},
{"Node_id":12329,"weight":2.223},
{"Node_id":12330,"weight":2.3222},
{"Node_id":12331,"weight":3.3197},
{"Node_id":12332,"weight":2.274},
{"Node_id":12333,"weight":2.4356},
{"Node_id":12335,"weight":1.822},
{"Node_id":12336,"weight":1.8583},
{"Node_id":12337,"weight":2.4221},
{"Node_id":12341,"weight":3.2314},
{"Node_id":12342,"weight":1.7151},
{"Node_id":12343,"weight":2.7063},
{"Node_id":12344,"weight":3.9282},
{"Node_id":12345,"weight":1.9934},
{"Node_id":12346,"weight":1.4377},
{"Node_id":12347,"weight":2.0836},
{"Node_id":12349,"weight":1.7089},
{"Node_id":12350,"weight":5.5429},
{"Node_id":12351,"weight":1.4371},
{"Node_id":12355,"weight":5.2159},
{"Node_id":12356,"weight":4.9989},
{"Node_id":12357,"weight":4.6053},
{"Node_id":12358,"weight":1.712},
{"Node_id":12359,"weight":1.5389},
{"Node_id":12360,"weight":5.4217},
{"Node_id":12361,"weight":1.7906},
{"Node_id":12363,"weight":1.7198},
{"Node_id":12365,"weight":5.2347},
{"Node_id":12366,"weight":1.9606},
{"Node_id":12367,"weight":1.7719},
{"Node_id":12368,"weight":1.4474},
{"Node_id":12369,"weight":2.4768},
{"Node_id":12379,"weight":1.8396},
{"Node_id":12380,"weight":1.7417},
{"Node_id":12381,"weight":2.9808},
{"Node_id":12382,"weight":4.3534},
{"Node_id":12383,"weight":2.2529},
{"Node_id":12384,"weight":1.4128},
{"Node_id":12385,"weight":1.5992},
{"Node_id":12386,"weight":1.6762},
{"Node_id":12387,"weight":2.0212},
{"Node_id":12388,"weight":3.0389},
{"Node_id":12389,"weight":3.3377},
{"Node_id":12390,"weight":2.1578},
{"Node_id":12391,"weight":2.5684},
{"Node_id":12392,"weight":3.1222},
{"Node_id":12393,"weight":4.0939},
{"Node_id":12394,"weight":2.5913},
{"Node_id":12396,"weight":1.9792},
{"Node_id":12397,"weight":2.0948},
{"Node_id":12399,"weight":2.9113},
{"Node_id":12400,"weight":1.9699},
{"Node_id":12401,"weight":1.9953},
{"Node_id":12403,"weight":3.7401},
{"Node_id":12404,"weight":1.7639},
{"Node_id":12405,"weight":1.5265},
{"Node_id":12406,"weight":3.6038},
{"Node_id":12408,"weight":1.5963},
{"Node_id":12409,"weight":2.3112},
{"Node_id":12410,"weight":3.1523},
{"Node_id":12411,"weight":2.6434},
{"Node_id":12412,"weight":2.3711},
{"Node_id":12414,"weight":2.6194},
{"Node_id":12415,"weight":1.3995},
{"Node_id":12416,"weight":1.7401},
{"Node_id":12417,"weight":2.9765},
{"Node_id":12418,"weight":2.0685},
{"Node_id":12419,"weight":1.4644},
{"Node_id":12421,"weight":1.6208},
{"Node_id":12422,"weight":1.39},
{"Node_id":12423,"weight":1.9597},
{"Node_id":12424,"weight":2.5836},
{"Node_id":12425,"weight":1.402},
{"Node_id":12426,"weight":2.1082},
{"Node_id":12427,"weight":5.5957},
{"Node_id":12428,"weight":1.8515},
{"Node_id":12429,"weight":1.4928},
{"Node_id":12430,"weight":2.1344},
{"Node_id":12431,"weight":2.4181},
{"Node_id":12432,"weight":2.1884},
{"Node_id":12434,"weight":2.6337},
{"Node_id":12435,"weight":1.7448},
{"Node_id":12436,"weight":1.6331},
{"Node_id":12437,"weight":2.0397},
{"Node_id":12438,"weight":1.7464},
{"Node_id":12439,"weight":1.9802},
{"Node_id":12440,"weight":2.027},
{"Node_id":12441,"weight":1.5828},
{"Node_id":12442,"weight":3.0504},
{"Node_id":12443,"weight":1.4281},
{"Node_id":12444,"weight":2.1557},
{"Node_id":12445,"weight":1.7881},
{"Node_id":12451,"weight":1.6575},
{"Node_id":12454,"weight":2.645},
{"Node_id":12455,"weight":1.575},
{"Node_id":12456,"weight":2.1884},
{"Node_id":12457,"weight":3.3317},
{"Node_id":12458,"weight":1.5089},
{"Node_id":12459,"weight":3.2044},
{"Node_id":12460,"weight":1.7005},
{"Node_id":12461,"weight":1.9505},
{"Node_id":12462,"weight":2.658},
{"Node_id":12463,"weight":1.7703},
{"Node_id":12464,"weight":2.9257},
{"Node_id":12465,"weight":1.5368},
{"Node_id":12466,"weight":2.7445},
{"Node_id":12467,"weight":1.9962},
{"Node_id":12468,"weight":3.4095},
{"Node_id":12469,"weight":1.4578},
{"Node_id":12470,"weight":2.31},
{"Node_id":12471,"weight":2.4951},
{"Node_id":12472,"weight":1.4468},
{"Node_id":12473,"weight":2.0231},
{"Node_id":12474,"weight":2.3445},
{"Node_id":12475,"weight":4.9989},
{"Node_id":12476,"weight":1.4631},
{"Node_id":12477,"weight":5.5957},
{"Node_id":12478,"weight":1.7504},
{"Node_id":12479,"weight":1.5513},
{"Node_id":12480,"weight":1.5764},
{"Node_id":12481,"weight":2.4049},
{"Node_id":12482,"weight":4.4896},
{"Node_id":12483,"weight":3.8567},
{"Node_id":12484,"weight":1.5708},
{"Node_id":12485,"weight":1.5582},
{"Node_id":12486,"weight":3.8616},
{"Node_id":12487,"weight":1.513},
{"Node_id":12488,"weight":5.4448},
{"Node_id":12489,"weight":2.7322},
{"Node_id":12490,"weight":1.4077},
{"Node_id":12491,"weight":6.0725},
{"Node_id":12492,"weight":1.6868},
{"Node_id":12493,"weight":1.4229},
{"Node_id":12494,"weight":2.9423},
{"Node_id":12495,"weight":1.7784},
{"Node_id":12496,"weight":2.0585},
{"Node_id":12497,"weight":1.8506},
{"Node_id":12498,"weight":1.9634},
{"Node_id":12499,"weight":1.702},
{"Node_id":12500,"weight":1.9588},
{"Node_id":12501,"weight":4.212},
{"Node_id":12502,"weight":3.5326},
{"Node_id":12503,"weight":3.248},
{"Node_id":12504,"weight":1.4526},
{"Node_id":12505,"weight":1.4565},
{"Node_id":12506,"weight":2.1093},
{"Node_id":12512,"weight":2.3763},
{"Node_id":12515,"weight":2.0605},
{"Node_id":12519,"weight":1.5191},
{"Node_id":12521,"weight":1.9072},
{"Node_id":12524,"weight":2.4275},
{"Node_id":12526,"weight":2.0241},
{"Node_id":12530,"weight":3.7624},
{"Node_id":12532,"weight":2.9678},
{"Node_id":12537,"weight":1.5596},
{"Node_id":12539,"weight":1.4901},
{"Node_id":12542,"weight":2.1493},
{"Node_id":12544,"weight":2.9917},
{"Node_id":12545,"weight":1.5779},
{"Node_id":12546,"weight":2.1503},
{"Node_id":12547,"weight":1.465},
{"Node_id":12548,"weight":1.9811},
{"Node_id":12549,"weight":1.4526},
{"Node_id":12550,"weight":1.5771},
{"Node_id":12551,"weight":1.8062},
{"Node_id":12552,"weight":2.0125},
{"Node_id":12553,"weight":5.7414},
{"Node_id":12554,"weight":4.1318},
{"Node_id":12555,"weight":2.5371},
{"Node_id":12556,"weight":2.1323},
{"Node_id":12557,"weight":1.4223},
{"Node_id":12558,"weight":4.3858},
{"Node_id":12559,"weight":4.4364},
{"Node_id":12560,"weight":1.4064},
{"Node_id":12561,"weight":1.4533},
{"Node_id":12562,"weight":1.513},
{"Node_id":12563,"weight":1.7036},
{"Node_id":12564,"weight":2.1218},
{"Node_id":12565,"weight":4.4451},
{"Node_id":12566,"weight":1.6538},
{"Node_id":12567,"weight":2.2185},
{"Node_id":12568,"weight":1.7535},
{"Node_id":12569,"weight":2.102},
{"Node_id":12570,"weight":1.397},
{"Node_id":12571,"weight":2.0685},
{"Node_id":12572,"weight":1.8851},
{"Node_id":12573,"weight":1.8379},
{"Node_id":12574,"weight":5.6515},
{"Node_id":12575,"weight":1.8992},
{"Node_id":12576,"weight":1.7939},
{"Node_id":12577,"weight":2.0125},
{"Node_id":12578,"weight":2.5594},
{"Node_id":12579,"weight":1.7244},
{"Node_id":12580,"weight":3.6969},
{"Node_id":12581,"weight":3.1703},
{"Node_id":12582,"weight":1.5184},
{"Node_id":12583,"weight":1.3869},
{"Node_id":12584,"weight":2.1829},
{"Node_id":12585,"weight":2.2196},
{"Node_id":12586,"weight":1.9597},
{"Node_id":12587,"weight":2.8477},
{"Node_id":12588,"weight":1.6694},
{"Node_id":12589,"weight":3.577},
{"Node_id":12590,"weight":2.889},
{"Node_id":12591,"weight":2.885},
{"Node_id":12592,"weight":1.5259},
{"Node_id":12593,"weight":3.8567},
{"Node_id":12594,"weight":3.3079},
{"Node_id":12595,"weight":1.8354},
{"Node_id":12596,"weight":1.7736},
{"Node_id":12597,"weight":3.714},
{"Node_id":12598,"weight":1.8371},
{"Node_id":12599,"weight":2.9808},
{"Node_id":12600,"weight":2.9614},
{"Node_id":12601,"weight":3.4934},
{"Node_id":12602,"weight":1.3882},
{"Node_id":12603,"weight":1.7623},
{"Node_id":12604,"weight":2.3711},
{"Node_id":12605,"weight":1.4313},
{"Node_id":12606,"weight":1.5527},
{"Node_id":12607,"weight":2.2599},
{"Node_id":12608,"weight":2.0029},
{"Node_id":12609,"weight":2.6596},
{"Node_id":12610,"weight":1.9359},
{"Node_id":12611,"weight":2.9381},
{"Node_id":12612,"weight":2.9174},
{"Node_id":12613,"weight":1.6171},
{"Node_id":12614,"weight":1.8103},
{"Node_id":12615,"weight":1.5334},
{"Node_id":12616,"weight":2.887},
{"Node_id":12617,"weight":1.8186},
{"Node_id":12618,"weight":1.9542},
{"Node_id":12629,"weight":1.6785},
{"Node_id":12630,"weight":3.0006},
{"Node_id":12631,"weight":2.1785},
{"Node_id":12632,"weight":3.0786},
{"Node_id":12633,"weight":3.8275},
{"Node_id":12634,"weight":1.7881},
{"Node_id":12635,"weight":3.055},
{"Node_id":12636,"weight":1.9662},
{"Node_id":12637,"weight":2.4671},
{"Node_id":12638,"weight":3.2905},
{"Node_id":12639,"weight":1.901},
{"Node_id":12640,"weight":1.9802},
{"Node_id":12641,"weight":1.9802},
{"Node_id":12642,"weight":7.8236},
{"Node_id":12644,"weight":1.8021},
{"Node_id":12646,"weight":1.6913},
{"Node_id":12647,"weight":2.645},
{"Node_id":12648,"weight":4.0163},
{"Node_id":12649,"weight":1.4915},
{"Node_id":12650,"weight":1.5347},
{"Node_id":12651,"weight":2.6531},
{"Node_id":12652,"weight":2.2611},
{"Node_id":12658,"weight":2.9508},
{"Node_id":12661,"weight":1.9625},
{"Node_id":12662,"weight":3.4456},
{"Node_id":12665,"weight":1.4121},
{"Node_id":12666,"weight":2.7569},
{"Node_id":12667,"weight":5.11},
{"Node_id":12670,"weight":2.3309},
{"Node_id":12671,"weight":1.4468},
{"Node_id":12672,"weight":4.8588},
{"Node_id":12673,"weight":2.1218},
{"Node_id":12676,"weight":2.5327},
{"Node_id":12677,"weight":1.5286},
{"Node_id":12678,"weight":2.1708},
{"Node_id":12679,"weight":1.7792},
{"Node_id":12680,"weight":1.5835},
{"Node_id":12683,"weight":2.0575},
{"Node_id":12684,"weight":1.9662},
{"Node_id":12685,"weight":1.4249},
{"Node_id":12686,"weight":1.9072},
{"Node_id":12687,"weight":1.8635},
{"Node_id":12688,"weight":2.7183},
{"Node_id":12691,"weight":2.1665},
{"Node_id":12692,"weight":2.3944},
{"Node_id":12693,"weight":1.8447},
{"Node_id":12694,"weight":6.1171},
{"Node_id":12695,"weight":2.5564},
{"Node_id":12696,"weight":1.7663},
{"Node_id":12697,"weight":1.9962},
{"Node_id":12700,"weight":1.6317},
{"Node_id":12701,"weight":2.0989},
{"Node_id":12702,"weight":3.1222},
{"Node_id":12703,"weight":2.3737},
{"Node_id":12704,"weight":2.0125},
{"Node_id":12705,"weight":3.6352},
{"Node_id":12706,"weight":5.2539},
{"Node_id":12707,"weight":2.8613},
{"Node_id":12710,"weight":2.6894},
{"Node_id":12711,"weight":1.6215},
{"Node_id":12712,"weight":2.1796},
{"Node_id":12713,"weight":2.6962},
{"Node_id":12714,"weight":2.2611},
{"Node_id":12715,"weight":1.5368},
{"Node_id":12716,"weight":1.5211},
{"Node_id":12717,"weight":1.789},
{"Node_id":12718,"weight":2.2185},
{"Node_id":12721,"weight":1.6157},
{"Node_id":12722,"weight":4.0455},
{"Node_id":12723,"weight":2.9174},
{"Node_id":12724,"weight":2.4519},
{"Node_id":12725,"weight":3.5075},
{"Node_id":12726,"weight":1.5225},
{"Node_id":12727,"weight":1.9953},
{"Node_id":12728,"weight":2.214},
{"Node_id":12729,"weight":2.1312},
{"Node_id":12730,"weight":2.1568},
{"Node_id":12731,"weight":4.3454},
{"Node_id":12732,"weight":2.8248},
{"Node_id":12735,"weight":2.4994},
{"Node_id":12736,"weight":1.748},
{"Node_id":12737,"weight":1.4855},
{"Node_id":12738,"weight":2.764},
{"Node_id":12739,"weight":1.8721},
{"Node_id":12740,"weight":2.4492},
{"Node_id":12741,"weight":1.8904},
{"Node_id":12742,"weight":1.9783},
{"Node_id":12743,"weight":1.6508},
{"Node_id":12744,"weight":2.1302},
{"Node_id":12745,"weight":2.4356},
{"Node_id":12746,"weight":2.0897},
{"Node_id":12747,"weight":3.1322},
{"Node_id":12748,"weight":1.956},
{"Node_id":12749,"weight":4.5362},
{"Node_id":12750,"weight":2.8574},
{"Node_id":12751,"weight":1.925},
{"Node_id":12752,"weight":3.2314},
{"Node_id":12753,"weight":4.6053},
{"Node_id":12754,"weight":2.7839},
{"Node_id":12755,"weight":1.5177},
{"Node_id":12756,"weight":1.414},
{"Node_id":12757,"weight":1.7496},
{"Node_id":12758,"weight":2.0318},
{"Node_id":12759,"weight":3.2424},
{"Node_id":12760,"weight":1.8756},
{"Node_id":12788,"weight":2.4657},
{"Node_id":12812,"weight":1.4442},
{"Node_id":12815,"weight":2.5519},
{"Node_id":12816,"weight":1.6346},
{"Node_id":12817,"weight":2.8343},
{"Node_id":12821,"weight":1.6508},
{"Node_id":12824,"weight":2.5371},
{"Node_id":12825,"weight":1.414},
{"Node_id":12826,"weight":2.4643},
{"Node_id":12827,"weight":1.8278},
{"Node_id":12828,"weight":2.5867},
{"Node_id":12829,"weight":3.2992},
{"Node_id":12830,"weight":2.5137},
{"Node_id":12831,"weight":1.5701},
{"Node_id":12832,"weight":4.4192},
{"Node_id":12833,"weight":1.4287},
{"Node_id":12834,"weight":2.5836},
{"Node_id":12835,"weight":1.4422},
{"Node_id":12836,"weight":2.4712},
{"Node_id":12837,"weight":3.6154},
{"Node_id":12838,"weight":1.4749},
{"Node_id":12839,"weight":2.1546},
{"Node_id":12840,"weight":2.727},
{"Node_id":12841,"weight":2.8751},
{"Node_id":12842,"weight":3.9604},
{"Node_id":12843,"weight":2.2705},
{"Node_id":12844,"weight":3.6352},
{"Node_id":12845,"weight":1.7663},
{"Node_id":12846,"weight":1.7082},
{"Node_id":12847,"weight":1.8515},
{"Node_id":12848,"weight":3.4865},
{"Node_id":12849,"weight":1.6027},
{"Node_id":12850,"weight":3.4865},
{"Node_id":12851,"weight":1.9027},
{"Node_id":12852,"weight":3.0621},
{"Node_id":12853,"weight":1.6092},
{"Node_id":12854,"weight":2.0897},
{"Node_id":12855,"weight":1.8128},
{"Node_id":12856,"weight":1.4461},
{"Node_id":12857,"weight":2.0446},
{"Node_id":12858,"weight":2.5821},
{"Node_id":12859,"weight":3.4761},
{"Node_id":12860,"weight":1.5062},
{"Node_id":12861,"weight":2.0989},
{"Node_id":12862,"weight":2.3788},
{"Node_id":12863,"weight":1.5485},
{"Node_id":12864,"weight":4.4108},
{"Node_id":12865,"weight":1.6951},
{"Node_id":12866,"weight":1.827},
{"Node_id":12867,"weight":1.4384},
{"Node_id":12868,"weight":2.7551},
{"Node_id":12869,"weight":1.7409},
{"Node_id":12870,"weight":2.1333},
{"Node_id":12871,"weight":1.9634},
{"Node_id":12872,"weight":1.8111},
{"Node_id":12873,"weight":2.7604},
{"Node_id":12874,"weight":1.5779},
{"Node_id":12875,"weight":4.1383},
{"Node_id":12876,"weight":1.4565},
{"Node_id":12877,"weight":3.6233},
{"Node_id":12878,"weight":1.7599},
{"Node_id":12879,"weight":2.5806},
{"Node_id":12880,"weight":1.4096},
{"Node_id":12881,"weight":3.9072},
{"Node_id":12882,"weight":1.8211},
{"Node_id":12883,"weight":2.5312},
{"Node_id":12884,"weight":1.8037},
{"Node_id":12885,"weight":2.9657},
{"Node_id":12886,"weight":2.6514},
{"Node_id":12887,"weight":1.4229},
{"Node_id":12888,"weight":2.7132},
{"Node_id":12889,"weight":1.8404},
{"Node_id":12890,"weight":1.9332},
{"Node_id":12891,"weight":2.5867},
{"Node_id":12892,"weight":1.6694},
{"Node_id":12893,"weight":4.119},
{"Node_id":12894,"weight":2.4937},
{"Node_id":12895,"weight":3.9992},
{"Node_id":12896,"weight":1.9268},
{"Node_id":12897,"weight":1.4351},
{"Node_id":12898,"weight":1.5361},
{"Node_id":12899,"weight":1.6501},
{"Node_id":12900,"weight":1.9001},
{"Node_id":12901,"weight":3.7401},
{"Node_id":12902,"weight":2.1961},
{"Node_id":12915,"weight":0.1294},
{"Node_id":12916,"weight":1.2721},
{"Node_id":12917,"weight":3.2676},
{"Node_id":12919,"weight":2.8691},
{"Node_id":12922,"weight":1.4204},
{"Node_id":12923,"weight":0.4561},
{"Node_id":12924,"weight":2.7046},
{"Node_id":12927,"weight":1.62},
{"Node_id":12929,"weight":0.6955},
{"Node_id":12930,"weight":2.5166},
{"Node_id":12931,"weight":5.4448},
{"Node_id":12933,"weight":0.6239},
{"Node_id":12937,"weight":1.9569},
{"Node_id":12938,"weight":1.6822},
{"Node_id":12945,"weight":2.0755},
{"Node_id":12947,"weight":0.4084},
{"Node_id":12948,"weight":2.3185},
{"Node_id":12959,"weight":1.2448},
{"Node_id":12963,"weight":0.7598},
{"Node_id":12966,"weight":1.827},
{"Node_id":12989,"weight":4.0878},
{"Node_id":12992,"weight":2.1741},
{"Node_id":12993,"weight":0.6803},
{"Node_id":12996,"weight":3.7011},
{"Node_id":13002,"weight":4.8588},
{"Node_id":13006,"weight":1.7089},
{"Node_id":13008,"weight":0.2302},
{"Node_id":13009,"weight":3.429},
{"Node_id":13012,"weight":0.3437},
{"Node_id":13013,"weight":0.2294},
{"Node_id":13019,"weight":0.3602},
{"Node_id":13021,"weight":1.6128},
{"Node_id":13023,"weight":4.8988},
{"Node_id":13024,"weight":1.7535},
{"Node_id":13025,"weight":0.6678},
{"Node_id":13026,"weight":1.0465},
{"Node_id":13047,"weight":1.1859},
{"Node_id":13053,"weight":0.3174},
{"Node_id":13057,"weight":0.9346},
{"Node_id":13058,"weight":2.5195},
{"Node_id":13059,"weight":1.0997},
{"Node_id":13061,"weight":0.3293},
{"Node_id":13066,"weight":0.3756},
{"Node_id":13068,"weight":0.5849},
{"Node_id":13070,"weight":0.0532},
{"Node_id":13076,"weight":0.2408},
{"Node_id":13078,"weight":0.9982},
{"Node_id":13080,"weight":0.2884},
{"Node_id":13084,"weight":0.9714},
{"Node_id":13087,"weight":0.2745},
{"Node_id":13089,"weight":0.1141},
{"Node_id":13091,"weight":0.4879},
{"Node_id":13094,"weight":0.1322},
{"Node_id":13217,"weight":1.8379},
{"Node_id":13996,"weight":1.8904},
{"Node_id":14000,"weight":0.9494},
{"Node_id":14001,"weight":1.39},
{"Node_id":14002,"weight":2.9896},
{"Node_id":14004,"weight":4.3694},
{"Node_id":14005,"weight":1.8878},
{"Node_id":14006,"weight":1.033},
{"Node_id":14007,"weight":2.1333},
{"Node_id":14008,"weight":0.6682},
{"Node_id":14014,"weight":0.7773},
{"Node_id":14017,"weight":1.3081},
{"Node_id":14022,"weight":0.1378},
{"Node_id":14024,"weight":2.4356},
{"Node_id":14028,"weight":1.2727},
{"Node_id":14030,"weight":0.8217},
{"Node_id":14031,"weight":1.139},
{"Node_id":14033,"weight":0.2152},
{"Node_id":14035,"weight":1.2791},
{"Node_id":14037,"weight":0.1987},
{"Node_id":14040,"weight":5.4927},
{"Node_id":14041,"weight":2.7586},
{"Node_id":14042,"weight":0.1463},
{"Node_id":14046,"weight":1.1521},
{"Node_id":14048,"weight":2.6547},
{"Node_id":14060,"weight":3.6677},
{"Node_id":14068,"weight":1.2208},
{"Node_id":14069,"weight":1.901},
{"Node_id":14075,"weight":0.7713},
{"Node_id":14076,"weight":0.3789},
{"Node_id":14082,"weight":1.5561},
{"Node_id":14086,"weight":0.7662},
{"Node_id":14127,"weight":1.0906},
{"Node_id":14128,"weight":0.4583},
{"Node_id":14130,"weight":0.6745},
{"Node_id":14133,"weight":1.1703},
{"Node_id":14134,"weight":0.2189},
{"Node_id":14135,"weight":0.4243},
{"Node_id":14139,"weight":1.3004},
{"Node_id":14142,"weight":0.054},
{"Node_id":14144,"weight":1.7504},
{"Node_id":14145,"weight":1.6501},
{"Node_id":14148,"weight":0.5147},
{"Node_id":14150,"weight":0.795},
{"Node_id":14154,"weight":2.6162},
{"Node_id":14156,"weight":1.5265},
{"Node_id":14159,"weight":1.5008},
{"Node_id":14182,"weight":1.0299},
{"Node_id":14183,"weight":2.508},
{"Node_id":14186,"weight":1.014},
{"Node_id":14187,"weight":2.1418},
{"Node_id":14189,"weight":3.2619},
{"Node_id":14191,"weight":0.7286},
{"Node_id":14200,"weight":1.8103},
{"Node_id":14207,"weight":2.1676},
{"Node_id":14209,"weight":1.5645},
{"Node_id":14211,"weight":1.5652},
{"Node_id":14449,"weight":1.6114},
{"Node_id":14450,"weight":2.0125},
{"Node_id":14522,"weight":0.5941},
{"Node_id":14523,"weight":3.1247},
{"Node_id":14525,"weight":1.7744},
{"Node_id":14527,"weight":1.7307},
{"Node_id":14530,"weight":0.4912},
{"Node_id":14532,"weight":1.0222},
{"Node_id":14533,"weight":0.5117},
{"Node_id":14538,"weight":0.8789},
{"Node_id":14540,"weight":0.8886},
{"Node_id":14544,"weight":4.0396},
{"Node_id":14545,"weight":1.4064},
{"Node_id":14548,"weight":4.833},
{"Node_id":14549,"weight":0.7291},
{"Node_id":14554,"weight":1.6013},
{"Node_id":14561,"weight":3.4624},
{"Node_id":14571,"weight":1.9089},
{"Node_id":14573,"weight":0.1342},
{"Node_id":14575,"weight":3.727},
{"Node_id":14577,"weight":3.577},
{"Node_id":14582,"weight":2.2646},
{"Node_id":14583,"weight":0.6517},
{"Node_id":14585,"weight":2.9896},
{"Node_id":14587,"weight":0.3232},
{"Node_id":14588,"weight":2.0048},
{"Node_id":14589,"weight":2.1851},
{"Node_id":14590,"weight":0.3146},
{"Node_id":14592,"weight":0.911},
{"Node_id":14597,"weight":1.0658},
{"Node_id":14609,"weight":0.2615},
{"Node_id":14615,"weight":3.0458},
{"Node_id":14617,"weight":0.1595},
{"Node_id":14627,"weight":2.1578},
{"Node_id":14628,"weight":1.5942},
{"Node_id":14629,"weight":0.5989},
{"Node_id":14631,"weight":1.5136},
{"Node_id":14633,"weight":0.5741},
{"Node_id":14635,"weight":1.5423},
{"Node_id":14637,"weight":0.4176},
{"Node_id":14669,"weight":1.0038},
{"Node_id":14671,"weight":0.403},
{"Node_id":14674,"weight":0.9139},
{"Node_id":14688,"weight":3.055},
{"Node_id":14691,"weight":1.295},
{"Node_id":14692,"weight":0.2007},
{"Node_id":14693,"weight":2.7339},
{"Node_id":14695,"weight":0.3826},
{"Node_id":14699,"weight":0.4629},
{"Node_id":14706,"weight":1.0423},
{"Node_id":14717,"weight":1.4908},
{"Node_id":14719,"weight":2.0775},
{"Node_id":14720,"weight":1.789},
{"Node_id":14721,"weight":1.1072},
{"Node_id":14722,"weight":2.3309},
{"Node_id":14723,"weight":0.9159},
{"Node_id":14724,"weight":0.8132},
{"Node_id":14727,"weight":0.8001},
{"Node_id":14731,"weight":1.2809},
{"Node_id":14732,"weight":2.0029},
{"Node_id":14740,"weight":0.9464},
{"Node_id":14741,"weight":0.0748},
{"Node_id":14743,"weight":1.2529},
{"Node_id":14745,"weight":0.3805},
{"Node_id":14747,"weight":0.0748},
{"Node_id":14749,"weight":3.0881},
{"Node_id":14751,"weight":0.4184},
{"Node_id":14755,"weight":3.2314},
{"Node_id":14757,"weight":1.172},
{"Node_id":14762,"weight":0.5473},
{"Node_id":14765,"weight":0.2088},
{"Node_id":14767,"weight":2.401},
{"Node_id":14769,"weight":0.6081},
{"Node_id":14770,"weight":2.1665},
{"Node_id":14774,"weight":0.7213},
{"Node_id":14776,"weight":5.6515},
{"Node_id":14779,"weight":1.631},
{"Node_id":14800,"weight":0.9455},
{"Node_id":14805,"weight":0.3289},
{"Node_id":14806,"weight":1.0094},
{"Node_id":14808,"weight":0.3611},
{"Node_id":14809,"weight":1.2345},
{"Node_id":14811,"weight":4.5751},
{"Node_id":14855,"weight":1.2832},
{"Node_id":14857,"weight":1.2962},
{"Node_id":14859,"weight":0.7556},
{"Node_id":14862,"weight":0.1523},
{"Node_id":14865,"weight":0.7773},
{"Node_id":14866,"weight":0.5262},
{"Node_id":14867,"weight":1.7105},
{"Node_id":14869,"weight":1.3334},
{"Node_id":14871,"weight":2.5297},
{"Node_id":14872,"weight":3.3138},
{"Node_id":14875,"weight":0.6857},
{"Node_id":14877,"weight":0.1302},
{"Node_id":14878,"weight":0.0492},
{"Node_id":14880,"weight":2.0515},
{"Node_id":14883,"weight":0.4811},
{"Node_id":14884,"weight":2.0645},
{"Node_id":14885,"weight":0.0324},
{"Node_id":14886,"weight":2.6385},
{"Node_id":14890,"weight":0.5159},
{"Node_id":14891,"weight":0.3917},
{"Node_id":14892,"weight":1.6642},
{"Node_id":14894,"weight":0.4819},
{"Node_id":14901,"weight":0.5066},
{"Node_id":14903,"weight":0.8383},
{"Node_id":14905,"weight":7.418},
{"Node_id":14909,"weight":1.0284},
{"Node_id":14917,"weight":2.1503},
{"Node_id":14918,"weight":1.2174},
{"Node_id":14922,"weight":3.2178},
{"Node_id":14924,"weight":0.4301},
{"Node_id":14925,"weight":1.3153},
{"Node_id":14930,"weight":2.3788},
{"Node_id":14932,"weight":1.0099},
{"Node_id":14943,"weight":0.3772},
{"Node_id":14947,"weight":0.2908},
{"Node_id":15048,"weight":0.8449},
{"Node_id":15054,"weight":1.8128},
{"Node_id":15056,"weight":0.3314},
{"Node_id":15059,"weight":3.0162},
{"Node_id":15179,"weight":0.2128},
{"Node_id":15181,"weight":1.1488},
{"Node_id":15183,"weight":2.1397},
{"Node_id":15185,"weight":0.6177},
{"Node_id":15187,"weight":0.7446},
{"Node_id":15189,"weight":3.0207},
{"Node_id":15191,"weight":2.0806},
{"Node_id":15193,"weight":1.7591},
{"Node_id":15195,"weight":0.1523},
{"Node_id":15196,"weight":3.5884},
{"Node_id":15197,"weight":3.6885},
{"Node_id":15201,"weight":0.9609},
{"Node_id":15203,"weight":1.7051},
{"Node_id":15206,"weight":0.4595},
{"Node_id":15211,"weight":4.7474},
{"Node_id":15213,"weight":1.793},
{"Node_id":15218,"weight":0.4934},
{"Node_id":15219,"weight":0.4243},
{"Node_id":15221,"weight":3.3621},
{"Node_id":15362,"weight":6.6441}]