[{"Inferred_node_ids":[42454],"Node_id":25209},
{"Inferred_node_ids":[42447],"Node_id":25210},
{"Inferred_node_ids":[42315],"Node_id":25212},
{"Inferred_node_ids":[42453],"Node_id":25213},
{"Inferred_node_ids":[42417],"Node_id":25215},
{"Inferred_node_ids":[42412],"Node_id":25217},
{"Inferred_node_ids":[42397],"Node_id":25218},
{"Inferred_node_ids":[42402],"Node_id":25219},
{"Inferred_node_ids":[42356],"Node_id":25220},
{"Inferred_node_ids":[42353],"Node_id":25429},
{"Inferred_node_ids":[42350],"Node_id":25430},
{"Inferred_node_ids":[42339],"Node_id":25431},
{"Inferred_node_ids":[42363],"Node_id":25432},
{"Inferred_node_ids":[42394],"Node_id":25433},
{"Inferred_node_ids":[42434],"Node_id":25434},
{"Inferred_node_ids":[42436],"Node_id":25435},
{"Inferred_node_ids":[42336],"Node_id":25436},
{"Inferred_node_ids":[42382],"Node_id":25437},
{"Inferred_node_ids":[42413],"Node_id":25438},
{"Inferred_node_ids":[42378],"Node_id":25439},
{"Inferred_node_ids":[42359],"Node_id":25440},
{"Inferred_node_ids":[42326],"Node_id":25441},
{"Inferred_node_ids":[42451],"Node_id":25442},
{"Inferred_node_ids":[42351],"Node_id":25443},
{"Inferred_node_ids":[42456],"Node_id":25444},
{"Inferred_node_ids":[42335],"Node_id":25445},
{"Inferred_node_ids":[42400],"Node_id":25446},
{"Inferred_node_ids":[42430],"Node_id":25447},
{"Inferred_node_ids":[42322],"Node_id":25448},
{"Inferred_node_ids":[42428],"Node_id":36792},
{"Inferred_node_ids":[42333],"Node_id":36793},
{"Inferred_node_ids":[42330],"Node_id":36794},
{"Inferred_node_ids":[42368],"Node_id":36795},
{"Inferred_node_ids":[42437],"Node_id":36796},
{"Inferred_node_ids":[42439],"Node_id":36797},
{"Inferred_node_ids":[42343],"Node_id":36798},
{"Inferred_node_ids":[42344],"Node_id":37643},
{"Inferred_node_ids":[42423],"Node_id":37644},
{"Inferred_node_ids":[42403],"Node_id":37645},
{"Inferred_node_ids":[42373],"Node_id":37647},
{"Inferred_node_ids":[42375],"Node_id":37648},
{"Inferred_node_ids":[42450],"Node_id":37818},
{"Inferred_node_ids":[42418],"Node_id":37819},
{"Inferred_node_ids":[42399],"Node_id":37820},
{"Inferred_node_ids":[42410],"Node_id":37821},
{"Inferred_node_ids":[42391],"Node_id":37822},
{"Inferred_node_ids":[42334],"Node_id":37823},
{"Inferred_node_ids":[42414],"Node_id":37824},
{"Inferred_node_ids":[42329],"Node_id":37825},
{"Inferred_node_ids":[42376],"Node_id":37826},
{"Inferred_node_ids":[42379],"Node_id":37827},
{"Inferred_node_ids":[42444],"Node_id":37829},
{"Inferred_node_ids":[42387],"Node_id":37830},
{"Inferred_node_ids":[42349],"Node_id":37831},
{"Inferred_node_ids":[42380],"Node_id":37832},
{"Inferred_node_ids":[42411],"Node_id":37833},
{"Inferred_node_ids":[42367],"Node_id":37834},
{"Inferred_node_ids":[42319],"Node_id":37835},
{"Inferred_node_ids":[42320],"Node_id":37836},
{"Inferred_node_ids":[42404],"Node_id":37837},
{"Inferred_node_ids":[42324],"Node_id":40268},
{"Inferred_node_ids":[42358],"Node_id":40269},
{"Inferred_node_ids":[42416],"Node_id":40270},
{"Inferred_node_ids":[42346],"Node_id":40271},
{"Inferred_node_ids":[42442],"Node_id":40272},
{"Inferred_node_ids":[42408],"Node_id":131831},
{"Inferred_node_ids":[42448],"Node_id":131832},
{"Inferred_node_ids":[42440],"Node_id":131833},
{"Inferred_node_ids":[42389],"Node_id":131834},
{"Inferred_node_ids":[42386],"Node_id":131836},
{"Inferred_node_ids":[42366],"Node_id":131837},
{"Inferred_node_ids":[42360],"Node_id":132682},
{"Inferred_node_ids":[42352],"Node_id":132683},
{"Inferred_node_ids":[42425],"Node_id":132684},
{"Inferred_node_ids":[42381],"Node_id":132686},
{"Inferred_node_ids":[42455],"Node_id":132687},
{"Inferred_node_ids":[42317],"Node_id":132857},
{"Inferred_node_ids":[42438],"Node_id":132858},
{"Inferred_node_ids":[42370],"Node_id":132859},
{"Inferred_node_ids":[42421],"Node_id":132860},
{"Inferred_node_ids":[42341],"Node_id":132861},
{"Inferred_node_ids":[42377],"Node_id":132862},
{"Inferred_node_ids":[42372],"Node_id":132863},
{"Inferred_node_ids":[42321],"Node_id":132864},
{"Inferred_node_ids":[42452],"Node_id":132865},
{"Inferred_node_ids":[42432],"Node_id":132866},
{"Inferred_node_ids":[42445],"Node_id":132867},
{"Inferred_node_ids":[42392],"Node_id":132868},
{"Inferred_node_ids":[42395],"Node_id":132869},
{"Inferred_node_ids":[42314],"Node_id":132870},
{"Inferred_node_ids":[42323],"Node_id":132871},
{"Inferred_node_ids":[42348],"Node_id":132872},
{"Inferred_node_ids":[42374],"Node_id":132873},
{"Inferred_node_ids":[42396],"Node_id":132874},
{"Inferred_node_ids":[42337],"Node_id":132875},
{"Inferred_node_ids":[42361],"Node_id":135307},
{"Inferred_node_ids":[42371],"Node_id":135308},
{"Inferred_node_ids":[42354],"Node_id":135309},
{"Inferred_node_ids":[42328],"Node_id":135310},
{"Inferred_node_ids":[42393],"Node_id":135311},
{"Inferred_node_ids":[42443],"Node_id":137782},
{"Inferred_node_ids":[42449],"Node_id":137783},
{"Inferred_node_ids":[42327],"Node_id":137784},
{"Inferred_node_ids":[42435],"Node_id":137785},
{"Inferred_node_ids":[42369],"Node_id":137786},
{"Inferred_node_ids":[42415],"Node_id":137787},
{"Inferred_node_ids":[42429],"Node_id":137788},
{"Inferred_node_ids":[42383],"Node_id":137789},
{"Inferred_node_ids":[42390],"Node_id":137820},
{"Inferred_node_ids":[42405],"Node_id":137821},
{"Inferred_node_ids":[42345],"Node_id":137822},
{"Inferred_node_ids":[42362],"Node_id":137823},
{"Inferred_node_ids":[42401],"Node_id":137824},
{"Inferred_node_ids":[42355],"Node_id":137825},
{"Inferred_node_ids":[42446],"Node_id":137826},
{"Inferred_node_ids":[42325],"Node_id":137827},
{"Inferred_node_ids":[42424],"Node_id":137828},
{"Inferred_node_ids":[42419],"Node_id":137829},
{"Inferred_node_ids":[42426],"Node_id":137830},
{"Inferred_node_ids":[42384],"Node_id":137831},
{"Inferred_node_ids":[42433],"Node_id":138826},
{"Inferred_node_ids":[42365],"Node_id":138827},
{"Inferred_node_ids":[42406],"Node_id":144073},
{"Inferred_node_ids":[42427],"Node_id":144074},
{"Inferred_node_ids":[42407],"Node_id":144075},
{"Inferred_node_ids":[42332],"Node_id":144076},
{"Inferred_node_ids":[42340],"Node_id":144077},
{"Inferred_node_ids":[42431],"Node_id":144079},
{"Inferred_node_ids":[42347],"Node_id":144111},
{"Inferred_node_ids":[42338],"Node_id":144112},
{"Inferred_node_ids":[42364],"Node_id":144113},
{"Inferred_node_ids":[42357],"Node_id":144114},
{"Inferred_node_ids":[42316],"Node_id":144115},
{"Inferred_node_ids":[42409],"Node_id":144116},
{"Inferred_node_ids":[42385],"Node_id":144117},
{"Inferred_node_ids":[42441],"Node_id":144118},
{"Inferred_node_ids":[42318],"Node_id":144119},
{"Inferred_node_ids":[42331],"Node_id":144120},
{"Inferred_node_ids":[42388],"Node_id":144121},
{"Inferred_node_ids":[42422],"Node_id":144122},
{"Inferred_node_ids":[42398],"Node_id":145116},
{"Inferred_node_ids":[42342],"Node_id":145117},
{"Inferred_node_ids":[42420],"Node_id":145118}]