[{"Node_id":10135,"weight":1.9214},
{"Node_id":10139,"weight":2.184},
{"Node_id":10140,"weight":3.483},
{"Node_id":10141,"weight":2.2799},
{"Node_id":10143,"weight":1.9802},
{"Node_id":10144,"weight":2.5051},
{"Node_id":10146,"weight":2.3015},
{"Node_id":10147,"weight":2.2634},
{"Node_id":10148,"weight":2.4994},
{"Node_id":10151,"weight":1.6493},
{"Node_id":10153,"weight":2.0367},
{"Node_id":10154,"weight":1.4319},
{"Node_id":10155,"weight":3.8918},
{"Node_id":10157,"weight":1.8825},
{"Node_id":10161,"weight":2.321},
{"Node_id":10162,"weight":1.6936},
{"Node_id":10167,"weight":2.4195},
{"Node_id":10169,"weight":1.8203},
{"Node_id":10171,"weight":2.184},
{"Node_id":10172,"weight":1.7036},
{"Node_id":10177,"weight":2.7912},
{"Node_id":10183,"weight":3.7945},
{"Node_id":10187,"weight":1.5736},
{"Node_id":10188,"weight":1.9597},
{"Node_id":10189,"weight":1.9569},
{"Node_id":10190,"weight":1.4474},
{"Node_id":10191,"weight":1.9468},
{"Node_id":10192,"weight":2.0241},
{"Node_id":10195,"weight":1.686},
{"Node_id":10197,"weight":2.6629},
{"Node_id":10198,"weight":3.1026},
{"Node_id":10199,"weight":1.8128},
{"Node_id":10200,"weight":1.4663},
{"Node_id":10201,"weight":2.9465},
{"Node_id":10202,"weight":3.3967},
{"Node_id":10203,"weight":1.5478},
{"Node_id":10204,"weight":1.5743},
{"Node_id":10205,"weight":1.9615},
{"Node_id":10206,"weight":3.5657},
{"Node_id":10207,"weight":3.9072},
{"Node_id":10210,"weight":1.8186},
{"Node_id":10213,"weight":1.4371},
{"Node_id":10214,"weight":2.4866},
{"Node_id":10215,"weight":1.7922},
{"Node_id":10216,"weight":1.5259},
{"Node_id":10217,"weight":3.2124},
{"Node_id":10218,"weight":2.5123},
{"Node_id":10219,"weight":1.832},
{"Node_id":10220,"weight":4.7357},
{"Node_id":10221,"weight":1.744},
{"Node_id":10222,"weight":1.748},
{"Node_id":10223,"weight":2.0192},
{"Node_id":10224,"weight":2.0241},
{"Node_id":10225,"weight":1.8643},
{"Node_id":10226,"weight":3.4127},
{"Node_id":10227,"weight":1.7036},
{"Node_id":10228,"weight":2.5852},
{"Node_id":10229,"weight":1.9001},
{"Node_id":10230,"weight":2.0846},
{"Node_id":10231,"weight":3.9713},
{"Node_id":10232,"weight":3.2963},
{"Node_id":10233,"weight":2.0212},
{"Node_id":10234,"weight":1.3976},
{"Node_id":10235,"weight":1.5513},
{"Node_id":10236,"weight":1.8203},
{"Node_id":10237,"weight":1.5492},
{"Node_id":10238,"weight":2.0456},
{"Node_id":10239,"weight":1.7036},
{"Node_id":10240,"weight":2.0595},
{"Node_id":10241,"weight":4.7954},
{"Node_id":10242,"weight":1.4217},
{"Node_id":10243,"weight":1.8421},
{"Node_id":10244,"weight":1.8421},
{"Node_id":10245,"weight":1.4624},
{"Node_id":10246,"weight":3.429},
{"Node_id":10247,"weight":2.764},
{"Node_id":10248,"weight":2.001},
{"Node_id":10249,"weight":1.6353},
{"Node_id":10250,"weight":1.4539},
{"Node_id":10251,"weight":4.219},
{"Node_id":10252,"weight":3.0667},
{"Node_id":10253,"weight":4.226},
{"Node_id":10254,"weight":2.8731},
{"Node_id":10255,"weight":1.5361},
{"Node_id":10256,"weight":4.226},
{"Node_id":10257,"weight":1.3944},
{"Node_id":10258,"weight":3.562},
{"Node_id":10259,"weight":1.86},
{"Node_id":10260,"weight":1.5458},
{"Node_id":10261,"weight":1.6898},
{"Node_id":10262,"weight":2.9031},
{"Node_id":10263,"weight":2.456},
{"Node_id":10264,"weight":1.5949},
{"Node_id":10265,"weight":1.9423},
{"Node_id":10266,"weight":4.8988},
{"Node_id":10267,"weight":2.7949},
{"Node_id":10268,"weight":1.5638},
{"Node_id":10269,"weight":1.4875},
{"Node_id":10270,"weight":2.7839},
{"Node_id":10271,"weight":1.7583},
{"Node_id":10272,"weight":2.4102},
{"Node_id":10277,"weight":7.6004},
{"Node_id":10278,"weight":1.6034},
{"Node_id":10279,"weight":1.9197},
{"Node_id":10280,"weight":1.5259},
{"Node_id":10281,"weight":1.8421},
{"Node_id":10282,"weight":1.9532},
{"Node_id":10283,"weight":2.1928},
{"Node_id":10284,"weight":1.6493},
{"Node_id":10285,"weight":1.9395},
{"Node_id":10286,"weight":2.3983},
{"Node_id":10287,"weight":2.2634},
{"Node_id":10288,"weight":2.2253},
{"Node_id":10289,"weight":3.9176},
{"Node_id":10290,"weight":2.4369},
{"Node_id":10291,"weight":2.3271},
{"Node_id":10292,"weight":3.1026},
{"Node_id":10293,"weight":1.5764},
{"Node_id":10294,"weight":1.7097},
{"Node_id":10295,"weight":2.7115},
{"Node_id":10300,"weight":1.4261},
{"Node_id":10301,"weight":4.2766},
{"Node_id":10302,"weight":6.0725},
{"Node_id":10303,"weight":3.2397},
{"Node_id":10304,"weight":2.3763},
{"Node_id":10305,"weight":5.2159},
{"Node_id":10306,"weight":2.6006},
{"Node_id":10307,"weight":2.7857},
{"Node_id":10308,"weight":3.3714},
{"Node_id":10309,"weight":1.5666},
{"Node_id":10310,"weight":2.6612},
{"Node_id":10311,"weight":1.886},
{"Node_id":10312,"weight":1.866},
{"Node_id":10313,"weight":1.5327},
{"Node_id":10314,"weight":2.1218},
{"Node_id":10315,"weight":1.5123},
{"Node_id":10316,"weight":3.596},
{"Node_id":10317,"weight":1.7013},
{"Node_id":10318,"weight":2.0348},
{"Node_id":10319,"weight":2.887},
{"Node_id":10320,"weight":2.2287},
{"Node_id":10327,"weight":5.8753},
{"Node_id":10330,"weight":1.6405},
{"Node_id":10334,"weight":2.5714},
{"Node_id":10339,"weight":2.6226},
{"Node_id":10345,"weight":1.7719},
{"Node_id":10352,"weight":2.1376},
{"Node_id":10360,"weight":1.4083},
{"Node_id":10388,"weight":3.4934},
{"Node_id":10394,"weight":2.1796},
{"Node_id":10401,"weight":1.6186},
{"Node_id":10409,"weight":1.4572},
{"Node_id":10418,"weight":1.4448},
{"Node_id":10427,"weight":1.5382},
{"Node_id":10431,"weight":2.4866},
{"Node_id":10432,"weight":2.6337},
{"Node_id":10433,"weight":1.9441},
{"Node_id":10434,"weight":5.2159},
{"Node_id":10435,"weight":4.5751},
{"Node_id":10436,"weight":1.8957},
{"Node_id":10437,"weight":1.631},
{"Node_id":10438,"weight":1.6106},
{"Node_id":10439,"weight":3.3021},
{"Node_id":10441,"weight":1.7136},
{"Node_id":10442,"weight":1.6875},
{"Node_id":10443,"weight":3.3227},
{"Node_id":10444,"weight":3.2733},
{"Node_id":10454,"weight":2.1429},
{"Node_id":10467,"weight":1.854},
{"Node_id":10468,"weight":2.4726},
{"Node_id":10470,"weight":2.4356},
{"Node_id":10473,"weight":1.3913},
{"Node_id":10476,"weight":2.102},
{"Node_id":10477,"weight":1.6434},
{"Node_id":10482,"weight":3.6969},
{"Node_id":10487,"weight":1.5589},
{"Node_id":10488,"weight":3.3227},
{"Node_id":10493,"weight":1.5499},
{"Node_id":10495,"weight":2.7949},
{"Node_id":10500,"weight":2.9657},
{"Node_id":10503,"weight":1.7833},
{"Node_id":10504,"weight":2.5882},
{"Node_id":10505,"weight":1.3919},
{"Node_id":10506,"weight":1.4358},
{"Node_id":10507,"weight":1.5252},
{"Node_id":10508,"weight":2.983},
{"Node_id":10509,"weight":3.776},
{"Node_id":10510,"weight":1.8738},
{"Node_id":10511,"weight":2.84},
{"Node_id":10512,"weight":1.7939},
{"Node_id":10513,"weight":1.8678},
{"Node_id":10514,"weight":1.8095},
{"Node_id":10515,"weight":1.402},
{"Node_id":10516,"weight":2.2028},
{"Node_id":10517,"weight":2.5051},
{"Node_id":10519,"weight":2.9072},
{"Node_id":10520,"weight":1.9523},
{"Node_id":10521,"weight":1.8029},
{"Node_id":10522,"weight":1.4696},
{"Node_id":10525,"weight":2.8751},
{"Node_id":10526,"weight":1.5197},
{"Node_id":10527,"weight":2.1344},
{"Node_id":10528,"weight":2.97},
{"Node_id":10531,"weight":4.6576},
{"Node_id":10532,"weight":1.4559},
{"Node_id":10533,"weight":1.4128},
{"Node_id":10534,"weight":2.0485},
{"Node_id":10535,"weight":1.5513},
{"Node_id":10538,"weight":1.6006},
{"Node_id":10540,"weight":3.3197},
{"Node_id":10541,"weight":1.6099},
{"Node_id":10542,"weight":1.9523},
{"Node_id":10543,"weight":4.2915},
{"Node_id":10546,"weight":3.4692},
{"Node_id":10548,"weight":2.1197},
{"Node_id":10549,"weight":1.9287},
{"Node_id":10550,"weight":6.0725},
{"Node_id":10551,"weight":1.397},
{"Node_id":10553,"weight":1.7472},
{"Node_id":10555,"weight":3.8766},
{"Node_id":10556,"weight":3.0458},
{"Node_id":10558,"weight":2.54},
{"Node_id":10559,"weight":1.8328},
{"Node_id":10560,"weight":2.7894},
{"Node_id":10562,"weight":3.7401},
{"Node_id":10563,"weight":2.0525},
{"Node_id":10565,"weight":1.4507},
{"Node_id":10567,"weight":2.8248},
{"Node_id":10568,"weight":2.2991},
{"Node_id":10571,"weight":1.5211},
{"Node_id":10573,"weight":1.6471},
{"Node_id":10574,"weight":9.223372E18},
{"Node_id":10577,"weight":3.6801},
{"Node_id":10578,"weight":3.3079},
{"Node_id":10580,"weight":1.3882},
{"Node_id":10581,"weight":2.8652},
{"Node_id":10584,"weight":2.1906},
{"Node_id":10585,"weight":2.6353},
{"Node_id":10586,"weight":1.6171},
{"Node_id":10588,"weight":1.9877},
{"Node_id":10589,"weight":1.6412},
{"Node_id":10592,"weight":2.7012},
{"Node_id":10593,"weight":1.5603},
{"Node_id":10595,"weight":2.1165},
{"Node_id":10597,"weight":3.4323},
{"Node_id":10598,"weight":2.6242},
{"Node_id":10601,"weight":1.7252},
{"Node_id":10602,"weight":1.639},
{"Node_id":10605,"weight":1.4007},
{"Node_id":10607,"weight":3.7357},
{"Node_id":10608,"weight":2.0436},
{"Node_id":10611,"weight":2.0},
{"Node_id":10612,"weight":2.4895},
{"Node_id":10615,"weight":1.9634},
{"Node_id":10637,"weight":4.1711},
{"Node_id":10643,"weight":4.7128},
{"Node_id":10650,"weight":1.7615},
{"Node_id":10658,"weight":1.6582},
{"Node_id":10667,"weight":2.2646},
{"Node_id":10677,"weight":1.9432},
{"Node_id":10688,"weight":1.4729},
{"Node_id":10700,"weight":1.4147},
{"Node_id":10713,"weight":1.9802},
{"Node_id":10727,"weight":1.9368},
{"Node_id":10742,"weight":2.1774},
{"Node_id":10752,"weight":1.8851},
{"Node_id":10754,"weight":2.3371},
{"Node_id":10755,"weight":1.6405},
{"Node_id":10757,"weight":2.5882},
{"Node_id":10759,"weight":1.4631},
{"Node_id":10760,"weight":2.821},
{"Node_id":10762,"weight":3.4323},
{"Node_id":10763,"weight":2.3088},
{"Node_id":10764,"weight":2.1103},
{"Node_id":10766,"weight":2.3088},
{"Node_id":10767,"weight":2.5806},
{"Node_id":10768,"weight":2.1741},
{"Node_id":10769,"weight":1.822},
{"Node_id":10771,"weight":2.498},
{"Node_id":10772,"weight":5.3555},
{"Node_id":10773,"weight":2.9257},
{"Node_id":10775,"weight":4.322},
{"Node_id":10777,"weight":1.4644},
{"Node_id":10778,"weight":3.0762},
{"Node_id":10779,"weight":1.8328},
{"Node_id":10782,"weight":2.7658},
{"Node_id":10784,"weight":1.7615},
{"Node_id":10785,"weight":2.2095},
{"Node_id":10786,"weight":2.6037},
{"Node_id":10789,"weight":1.4881},
{"Node_id":10790,"weight":2.8172},
{"Node_id":10796,"weight":1.3926},
{"Node_id":10799,"weight":1.8652},
{"Node_id":10803,"weight":2.0154},
{"Node_id":10808,"weight":2.0989},
{"Node_id":10814,"weight":2.3905},
{"Node_id":10818,"weight":1.6478},
{"Node_id":10821,"weight":1.6456},
{"Node_id":10825,"weight":2.4492},
{"Node_id":10826,"weight":1.6186},
{"Node_id":10829,"weight":2.0125},
{"Node_id":10833,"weight":2.599},
{"Node_id":10834,"weight":1.4703},
{"Node_id":10838,"weight":2.4062},
{"Node_id":10842,"weight":1.628},
{"Node_id":10843,"weight":1.439},
{"Node_id":10845,"weight":1.9821},
{"Node_id":10848,"weight":1.5029},
{"Node_id":10852,"weight":1.8764},
{"Node_id":10853,"weight":4.6576},
{"Node_id":10855,"weight":2.0086},
{"Node_id":10856,"weight":1.628},
{"Node_id":10859,"weight":1.9981},
{"Node_id":10863,"weight":4.7242},
{"Node_id":10864,"weight":2.6178},
{"Node_id":10866,"weight":3.1651},
{"Node_id":10867,"weight":2.1807},
{"Node_id":10868,"weight":4.4538},
{"Node_id":10871,"weight":2.6612},
{"Node_id":10875,"weight":4.6363},
{"Node_id":10876,"weight":1.8738},
{"Node_id":10878,"weight":2.214},
{"Node_id":10879,"weight":3.0905},
{"Node_id":10880,"weight":2.2471},
{"Node_id":10884,"weight":1.9081},
{"Node_id":10888,"weight":2.1354},
{"Node_id":10889,"weight":1.9477},
{"Node_id":10891,"weight":3.1026},
{"Node_id":10892,"weight":1.8583},
{"Node_id":10893,"weight":3.727},
{"Node_id":10895,"weight":2.239},
{"Node_id":10898,"weight":4.1982},
{"Node_id":10902,"weight":1.4716},
{"Node_id":10903,"weight":1.5603},
{"Node_id":10905,"weight":3.988},
{"Node_id":10906,"weight":2.0495},
{"Node_id":10907,"weight":2.2006},
{"Node_id":10909,"weight":2.4383},
{"Node_id":10913,"weight":3.6312},
{"Node_id":10917,"weight":2.4221},
{"Node_id":10918,"weight":2.8419},
{"Node_id":10920,"weight":4.6684},
{"Node_id":10921,"weight":4.0163},
{"Node_id":10922,"weight":2.7803},
{"Node_id":10924,"weight":1.4663},
{"Node_id":10929,"weight":2.0289},
{"Node_id":10933,"weight":2.4128},
{"Node_id":10934,"weight":1.6434},
{"Node_id":10936,"weight":2.7392},
{"Node_id":10937,"weight":3.1991},
{"Node_id":10938,"weight":2.2506},
{"Node_id":10940,"weight":1.9542},
{"Node_id":10946,"weight":3.749},
{"Node_id":10949,"weight":2.0289},
{"Node_id":10950,"weight":2.0505},
{"Node_id":10951,"weight":1.4982},
{"Node_id":10953,"weight":1.686},
{"Node_id":10954,"weight":3.0857},
{"Node_id":10955,"weight":4.2402},
{"Node_id":10957,"weight":2.7803},
{"Node_id":10960,"weight":1.5478},
{"Node_id":10963,"weight":2.4451},
{"Node_id":10964,"weight":3.2424},
{"Node_id":10965,"weight":4.0049},
{"Node_id":10966,"weight":2.6878},
{"Node_id":10967,"weight":4.508},
{"Node_id":10968,"weight":1.4624},
{"Node_id":10969,"weight":4.3776},
{"Node_id":10970,"weight":2.3408},
{"Node_id":10971,"weight":2.1113},
{"Node_id":10972,"weight":2.0515},
{"Node_id":10973,"weight":1.7167},
{"Node_id":10974,"weight":1.5437},
{"Node_id":10975,"weight":3.2098},
{"Node_id":10976,"weight":1.7089},
{"Node_id":10977,"weight":2.0525},
{"Node_id":10978,"weight":1.4403},
{"Node_id":10979,"weight":2.6695},
{"Node_id":10980,"weight":3.3777},
{"Node_id":10981,"weight":2.2564},
{"Node_id":10982,"weight":1.5197},
{"Node_id":10983,"weight":2.5654},
{"Node_id":10984,"weight":1.4281},
{"Node_id":10985,"weight":2.0887},
{"Node_id":10991,"weight":3.9388},
{"Node_id":10994,"weight":1.8145},
{"Node_id":10998,"weight":1.8721},
{"Node_id":11003,"weight":2.1939},
{"Node_id":11009,"weight":3.3967},
{"Node_id":11016,"weight":1.4611},
{"Node_id":11024,"weight":1.5934},
{"Node_id":11033,"weight":2.7201},
{"Node_id":11043,"weight":1.4089},
{"Node_id":11051,"weight":1.5471},
{"Node_id":11054,"weight":4.4192},
{"Node_id":11062,"weight":1.4657},
{"Node_id":11066,"weight":1.9241},
{"Node_id":11074,"weight":2.9051},
{"Node_id":11076,"weight":1.3913},
{"Node_id":11079,"weight":1.6339},
{"Node_id":11087,"weight":1.628},
{"Node_id":11089,"weight":7.418},
{"Node_id":11093,"weight":1.4716},
{"Node_id":11101,"weight":4.1448},
{"Node_id":11103,"weight":2.4838},
{"Node_id":11108,"weight":1.3957},
{"Node_id":11116,"weight":1.7971},
{"Node_id":11118,"weight":3.6038},
{"Node_id":11124,"weight":5.3771},
{"Node_id":11132,"weight":1.5354},
{"Node_id":11134,"weight":2.366},
{"Node_id":11141,"weight":1.4716},
{"Node_id":11149,"weight":1.8447},
{"Node_id":11151,"weight":5.6515},
{"Node_id":11159,"weight":6.6441},
{"Node_id":11167,"weight":2.4937},
{"Node_id":11169,"weight":2.0715},
{"Node_id":11178,"weight":2.3149},
{"Node_id":11186,"weight":3.3621},
{"Node_id":11187,"weight":1.843},
{"Node_id":11188,"weight":2.1611},
{"Node_id":11206,"weight":2.397},
{"Node_id":11210,"weight":4.0939},
{"Node_id":11211,"weight":1.7097},
{"Node_id":11214,"weight":3.9229},
{"Node_id":11215,"weight":3.8227},
{"Node_id":11216,"weight":4.5751},
{"Node_id":11218,"weight":2.806},
{"Node_id":11219,"weight":5.077},
{"Node_id":11220,"weight":1.4178},
{"Node_id":11221,"weight":4.1064},
{"Node_id":11222,"weight":2.0695},
{"Node_id":11223,"weight":1.6085},
{"Node_id":11224,"weight":2.2196},
{"Node_id":11225,"weight":1.6027},
{"Node_id":11226,"weight":2.0907},
{"Node_id":11227,"weight":2.9635},
{"Node_id":11228,"weight":3.9549},
{"Node_id":11229,"weight":1.4474},
{"Node_id":11230,"weight":1.7051},
{"Node_id":11231,"weight":2.3996},
{"Node_id":11232,"weight":1.7433},
{"Node_id":11233,"weight":2.1807},
{"Node_id":11234,"weight":2.3866},
{"Node_id":11235,"weight":1.3919},
{"Node_id":11236,"weight":2.0928},
{"Node_id":11239,"weight":4.5751},
{"Node_id":11240,"weight":1.8481},
{"Node_id":11241,"weight":2.0938},
{"Node_id":11242,"weight":1.9615},
{"Node_id":11243,"weight":2.0299},
{"Node_id":11244,"weight":2.3433},
{"Node_id":11245,"weight":1.7159},
{"Node_id":11246,"weight":4.0337},
{"Node_id":11247,"weight":2.5504},
{"Node_id":11248,"weight":2.9765},
{"Node_id":11249,"weight":2.5519},
{"Node_id":11250,"weight":1.8523},
{"Node_id":11251,"weight":2.3648},
{"Node_id":11252,"weight":3.2876},
{"Node_id":11253,"weight":1.9755},
{"Node_id":11254,"weight":1.4868},
{"Node_id":11255,"weight":1.4481},
{"Node_id":11256,"weight":1.4384},
{"Node_id":11257,"weight":5.2933},
{"Node_id":11258,"weight":1.4313},
{"Node_id":11259,"weight":3.3287},
{"Node_id":11260,"weight":1.9305},
{"Node_id":11261,"weight":4.8078},
{"Node_id":11262,"weight":2.5195},
{"Node_id":11263,"weight":1.3882},
{"Node_id":11264,"weight":3.2151},
{"Node_id":11265,"weight":2.3271},
{"Node_id":11266,"weight":1.6208},
{"Node_id":11267,"weight":4.6469},
{"Node_id":11268,"weight":2.2943},
{"Node_id":11269,"weight":3.4523},
{"Node_id":11270,"weight":1.4617},
{"Node_id":11271,"weight":1.4313},
{"Node_id":11272,"weight":3.0978},
{"Node_id":11273,"weight":1.6142},
{"Node_id":11274,"weight":1.3869},
{"Node_id":11275,"weight":3.0006},
{"Node_id":11276,"weight":2.8691},
{"Node_id":11277,"weight":1.7276},
{"Node_id":11278,"weight":1.3982},
{"Node_id":11279,"weight":1.8869},
{"Node_id":11280,"weight":2.0918},
{"Node_id":11285,"weight":2.7604},
{"Node_id":11286,"weight":1.7647},
{"Node_id":11287,"weight":3.4225},
{"Node_id":11288,"weight":3.1651},
{"Node_id":11289,"weight":2.6482},
{"Node_id":11290,"weight":1.6434},
{"Node_id":11291,"weight":2.6662},
{"Node_id":11292,"weight":1.5204},
{"Node_id":11293,"weight":1.8704},
{"Node_id":11294,"weight":1.4455},
{"Node_id":11295,"weight":1.452},
{"Node_id":11296,"weight":3.6677},
{"Node_id":11297,"weight":2.9722},
{"Node_id":11298,"weight":1.6405},
{"Node_id":11301,"weight":3.511},
{"Node_id":11302,"weight":1.6627},
{"Node_id":11303,"weight":3.1173},
{"Node_id":11304,"weight":2.2752},
{"Node_id":11305,"weight":1.6049},
{"Node_id":11306,"weight":1.6612},
{"Node_id":11307,"weight":2.9786},
{"Node_id":11308,"weight":1.9496},
{"Node_id":11309,"weight":1.7151},
{"Node_id":11312,"weight":1.8037},
{"Node_id":11313,"weight":1.7448},
{"Node_id":11314,"weight":1.9197},
{"Node_id":11315,"weight":2.6369},
{"Node_id":11351,"weight":1.4494},
{"Node_id":11352,"weight":4.4024},
{"Node_id":11353,"weight":2.1397},
{"Node_id":11354,"weight":1.4822},
{"Node_id":11355,"weight":3.7852},
{"Node_id":11356,"weight":1.9487},
{"Node_id":11357,"weight":2.1218},
{"Node_id":11358,"weight":2.2242},
{"Node_id":11359,"weight":1.9972},
{"Node_id":11360,"weight":5.9496},
{"Node_id":11361,"weight":2.1961},
{"Node_id":11362,"weight":1.86},
{"Node_id":11363,"weight":2.9298},
{"Node_id":11366,"weight":4.1711},
{"Node_id":11367,"weight":2.4142},
{"Node_id":11368,"weight":2.4838},
{"Node_id":11369,"weight":2.4629},
{"Node_id":11370,"weight":3.2676},
{"Node_id":11371,"weight":4.6259},
{"Node_id":11372,"weight":4.5555},
{"Node_id":11373,"weight":1.7865},
{"Node_id":11374,"weight":1.4862},
{"Node_id":11375,"weight":1.8921},
{"Node_id":11376,"weight":1.5055},
{"Node_id":11377,"weight":1.4261},
{"Node_id":11378,"weight":1.7551},
{"Node_id":11379,"weight":1.8652},
{"Node_id":11380,"weight":5.2539},
{"Node_id":11381,"weight":1.4815},
{"Node_id":11382,"weight":1.4287},
{"Node_id":11383,"weight":1.5451},
{"Node_id":11384,"weight":1.6229},
{"Node_id":11385,"weight":4.2051},
{"Node_id":11386,"weight":2.579},
{"Node_id":11387,"weight":1.5885},
{"Node_id":11388,"weight":2.883},
{"Node_id":11389,"weight":1.5361},
{"Node_id":11390,"weight":1.8371},
{"Node_id":11391,"weight":3.4591},
{"Node_id":11392,"weight":2.5654},
{"Node_id":11395,"weight":7.8236},
{"Node_id":11397,"weight":2.2185},
{"Node_id":11398,"weight":2.1503},
{"Node_id":11400,"weight":3.3999},
{"Node_id":11401,"weight":2.3136},
{"Node_id":11402,"weight":1.5849},
{"Node_id":11403,"weight":2.1207},
{"Node_id":11404,"weight":1.5218},
{"Node_id":11405,"weight":2.4075},
{"Node_id":11407,"weight":2.9487},
{"Node_id":11408,"weight":1.5225},
{"Node_id":11409,"weight":2.2494},
{"Node_id":11410,"weight":2.5669},
{"Node_id":11411,"weight":3.2452},
{"Node_id":11412,"weight":2.8439},
{"Node_id":11413,"weight":2.3371},
{"Node_id":11414,"weight":1.3913},
{"Node_id":11415,"weight":4.3066},
{"Node_id":11416,"weight":2.7712},
{"Node_id":11417,"weight":5.077},
{"Node_id":11418,"weight":1.9386},
{"Node_id":11419,"weight":3.3903},
{"Node_id":11420,"weight":1.7736},
{"Node_id":11421,"weight":2.7115},
{"Node_id":11422,"weight":1.7151},
{"Node_id":11423,"weight":1.5764},
{"Node_id":11424,"weight":2.2425},
{"Node_id":11425,"weight":2.0144},
{"Node_id":11426,"weight":1.4955},
{"Node_id":11427,"weight":1.4364},
{"Node_id":11428,"weight":1.7639},
{"Node_id":11429,"weight":4.872},
{"Node_id":11431,"weight":1.4338},
{"Node_id":11433,"weight":2.2967},
{"Node_id":11434,"weight":1.4855},
{"Node_id":11435,"weight":3.0297},
{"Node_id":11436,"weight":1.421},
{"Node_id":11437,"weight":1.9487},
{"Node_id":11438,"weight":2.6434},
{"Node_id":11439,"weight":1.6777},
{"Node_id":11440,"weight":1.5008},
{"Node_id":11441,"weight":2.9765},
{"Node_id":11442,"weight":1.7082},
{"Node_id":11443,"weight":2.4168},
{"Node_id":11444,"weight":6.0725},
{"Node_id":11445,"weight":2.6305},
{"Node_id":11446,"weight":4.7242},
{"Node_id":11447,"weight":2.0505},
{"Node_id":11448,"weight":2.9174},
{"Node_id":11450,"weight":4.9989},
{"Node_id":11451,"weight":3.6513},
{"Node_id":11454,"weight":1.8387},
{"Node_id":11455,"weight":3.7357},
{"Node_id":11459,"weight":6.3754},
{"Node_id":11460,"weight":1.7059},
{"Node_id":11464,"weight":3.8969},
{"Node_id":11465,"weight":2.4062},
{"Node_id":11466,"weight":1.8895},
{"Node_id":11470,"weight":5.8061},
{"Node_id":11472,"weight":1.6883},
{"Node_id":11473,"weight":2.1589},
{"Node_id":11477,"weight":3.2287},
{"Node_id":11479,"weight":1.737},
{"Node_id":11480,"weight":3.5435},
{"Node_id":11481,"weight":2.6385},
{"Node_id":11485,"weight":2.0816},
{"Node_id":11487,"weight":1.5575},
{"Node_id":11488,"weight":3.3257},
{"Node_id":11489,"weight":1.5729},
{"Node_id":11490,"weight":2.1939},
{"Node_id":11494,"weight":2.0585},
{"Node_id":11496,"weight":2.1525},
{"Node_id":11497,"weight":5.3771},
{"Node_id":11499,"weight":3.562},
{"Node_id":11500,"weight":3.6392},
{"Node_id":11504,"weight":2.7622},
{"Node_id":11506,"weight":2.7029},
{"Node_id":11507,"weight":2.1611},
{"Node_id":11510,"weight":2.0086},
{"Node_id":11511,"weight":2.4796},
{"Node_id":11515,"weight":2.2955},
{"Node_id":11517,"weight":1.8532},
{"Node_id":11518,"weight":1.9432},
{"Node_id":11521,"weight":2.2073},
{"Node_id":11522,"weight":2.895},
{"Node_id":11523,"weight":3.7446},
{"Node_id":11527,"weight":1.7151},
{"Node_id":11529,"weight":2.2494},
{"Node_id":11530,"weight":2.6596},
{"Node_id":11533,"weight":2.1676},
{"Node_id":11535,"weight":2.3944},
{"Node_id":11536,"weight":2.0299},
{"Node_id":11540,"weight":2.881},
{"Node_id":11542,"weight":1.7417},
{"Node_id":11543,"weight":6.4362},
{"Node_id":11546,"weight":2.4615},
{"Node_id":11549,"weight":1.6486},
{"Node_id":11550,"weight":1.4908},
{"Node_id":11554,"weight":2.3112},
{"Node_id":11556,"weight":1.7711},
{"Node_id":11557,"weight":3.0006},
{"Node_id":11560,"weight":3.9495},
{"Node_id":11564,"weight":4.6363},
{"Node_id":11565,"weight":1.7074},
{"Node_id":11569,"weight":2.7427},
{"Node_id":11571,"weight":2.5549},
{"Node_id":11572,"weight":2.5037},
{"Node_id":11575,"weight":7.8236},
{"Node_id":11579,"weight":1.744},
{"Node_id":11580,"weight":2.1589},
{"Node_id":11581,"weight":4.4108},
{"Node_id":11585,"weight":2.4726},
{"Node_id":11587,"weight":1.602},
{"Node_id":11588,"weight":1.9063},
{"Node_id":11591,"weight":1.6486},
{"Node_id":11595,"weight":1.5506},
{"Node_id":11597,"weight":3.3683},
{"Node_id":11598,"weight":1.6434},
{"Node_id":11602,"weight":1.8472},
{"Node_id":11604,"weight":2.4275},
{"Node_id":11605,"weight":2.481},
{"Node_id":11608,"weight":1.9072},
{"Node_id":11612,"weight":1.9395},
{"Node_id":11615,"weight":2.6777},
{"Node_id":11616,"weight":3.4523},
{"Node_id":11620,"weight":2.3321},
{"Node_id":11622,"weight":4.7954},
{"Node_id":11623,"weight":2.0221},
{"Node_id":11626,"weight":4.872},
{"Node_id":11630,"weight":2.7201},
{"Node_id":11634,"weight":3.5922},
{"Node_id":11635,"weight":3.5472},
{"Node_id":11639,"weight":1.4995},
{"Node_id":11641,"weight":2.3711},
{"Node_id":11642,"weight":4.8203},
{"Node_id":11645,"weight":2.9072},
{"Node_id":11649,"weight":1.6754},
{"Node_id":11653,"weight":1.8913},
{"Node_id":11654,"weight":2.2494},
{"Node_id":11655,"weight":2.8731},
{"Node_id":11659,"weight":2.7712},
{"Node_id":11661,"weight":2.2436},
{"Node_id":11662,"weight":1.9821},
{"Node_id":11665,"weight":1.6627},
{"Node_id":11669,"weight":1.5416},
{"Node_id":11673,"weight":3.1372},
{"Node_id":11674,"weight":1.587},
{"Node_id":11676,"weight":5.4217},
{"Node_id":11677,"weight":5.5429},
{"Node_id":11678,"weight":2.5534},
{"Node_id":11679,"weight":1.4223},
{"Node_id":11680,"weight":2.2728},
{"Node_id":11681,"weight":3.3377},
{"Node_id":11747,"weight":2.6995},
{"Node_id":11749,"weight":5.045},
{"Node_id":11750,"weight":3.8766},
{"Node_id":11751,"weight":1.719},
{"Node_id":11752,"weight":1.7354},
{"Node_id":11753,"weight":2.4768},
{"Node_id":11754,"weight":1.7198},
{"Node_id":11755,"weight":2.0416},
{"Node_id":11756,"weight":1.6982},
{"Node_id":11757,"weight":3.6076},
{"Node_id":11758,"weight":3.4523},
{"Node_id":11759,"weight":3.6273},
{"Node_id":11760,"weight":3.7401},
{"Node_id":11761,"weight":2.0338},
{"Node_id":11762,"weight":1.6906},
{"Node_id":11763,"weight":3.6718},
{"Node_id":11764,"weight":2.1418},
{"Node_id":11765,"weight":1.6419},
{"Node_id":11766,"weight":1.8549},
{"Node_id":11767,"weight":2.0212},
{"Node_id":11768,"weight":3.3808},
{"Node_id":11769,"weight":3.8469},
{"Node_id":11770,"weight":3.305},
{"Node_id":11771,"weight":1.4742},
{"Node_id":11772,"weight":1.4881},
{"Node_id":11773,"weight":1.9523},
{"Node_id":11774,"weight":1.5464},
{"Node_id":11775,"weight":2.0575},
{"Node_id":11776,"weight":1.7922},
{"Node_id":11779,"weight":4.1579},
{"Node_id":11780,"weight":1.615},
{"Node_id":11781,"weight":5.4927},
{"Node_id":11784,"weight":3.7446},
{"Node_id":11787,"weight":3.5075},
{"Node_id":11788,"weight":1.7472},
{"Node_id":11789,"weight":1.4001},
{"Node_id":11790,"weight":3.6885},
{"Node_id":11791,"weight":2.5519},
{"Node_id":11792,"weight":1.8145},
{"Node_id":11793,"weight":3.8372},
{"Node_id":11794,"weight":2.0615},
{"Node_id":11795,"weight":2.0785},
{"Node_id":11796,"weight":2.1654},
{"Node_id":11797,"weight":1.6114},
{"Node_id":11798,"weight":1.812},
{"Node_id":11799,"weight":1.9143},
{"Node_id":11800,"weight":1.7567},
{"Node_id":11801,"weight":2.1862},
{"Node_id":11802,"weight":2.1906},
{"Node_id":11803,"weight":2.7357},
{"Node_id":11804,"weight":2.9465},
{"Node_id":11805,"weight":2.1249},
{"Node_id":11806,"weight":3.6432},
{"Node_id":11807,"weight":5.1441},
{"Node_id":11808,"weight":5.2734},
{"Node_id":11809,"weight":3.0978},
{"Node_id":11810,"weight":3.8132},
{"Node_id":11811,"weight":5.045},
{"Node_id":11812,"weight":2.401},
{"Node_id":11813,"weight":2.101},
{"Node_id":11814,"weight":1.515},
{"Node_id":11815,"weight":2.9072},
{"Node_id":11816,"weight":1.8575},
{"Node_id":11817,"weight":3.0644},
{"Node_id":11818,"weight":3.0366},
{"Node_id":11819,"weight":2.3039},
{"Node_id":11820,"weight":1.7849},
{"Node_id":11821,"weight":3.0184},
{"Node_id":11822,"weight":1.886},
{"Node_id":11823,"weight":2.0038},
{"Node_id":11824,"weight":2.025},
{"Node_id":11834,"weight":1.9206},
{"Node_id":11835,"weight":2.4329},
{"Node_id":11836,"weight":3.9658},
{"Node_id":11837,"weight":2.5579},
{"Node_id":11838,"weight":2.0192},
{"Node_id":11841,"weight":2.8135},
{"Node_id":11842,"weight":2.8381},
{"Node_id":11843,"weight":2.889},
{"Node_id":11844,"weight":2.0338},
{"Node_id":11845,"weight":3.0667},
{"Node_id":11846,"weight":1.9323},
{"Node_id":11847,"weight":1.7237},
{"Node_id":11848,"weight":1.7599},
{"Node_id":11849,"weight":2.3015},
{"Node_id":11850,"weight":1.4881},
{"Node_id":11851,"weight":1.3988},
{"Node_id":11852,"weight":2.9786},
{"Node_id":11853,"weight":3.3652},
{"Node_id":11854,"weight":2.6337},
{"Node_id":11855,"weight":1.5485},
{"Node_id":11856,"weight":2.5297},
{"Node_id":11857,"weight":1.5327},
{"Node_id":11858,"weight":1.7663},
{"Node_id":11859,"weight":1.9423},
{"Node_id":11860,"weight":1.4422},
{"Node_id":11861,"weight":1.5885},
{"Node_id":11862,"weight":1.5729},
{"Node_id":11863,"weight":1.5306},
{"Node_id":11864,"weight":2.7409},
{"Node_id":11865,"weight":1.8012},
{"Node_id":11866,"weight":4.8588},
{"Node_id":11867,"weight":2.7218},
{"Node_id":11868,"weight":3.0297},
{"Node_id":11869,"weight":3.2098},
{"Node_id":11870,"weight":1.5638},
{"Node_id":11871,"weight":1.5764},
{"Node_id":11872,"weight":2.4478},
{"Node_id":11873,"weight":2.0989},
{"Node_id":11874,"weight":1.8886},
{"Node_id":11875,"weight":1.7736},
{"Node_id":11876,"weight":2.3259},
{"Node_id":11877,"weight":2.2379},
{"Node_id":11878,"weight":4.0221},
{"Node_id":11879,"weight":1.5771},
{"Node_id":11880,"weight":2.1134},
{"Node_id":11881,"weight":3.0229},
{"Node_id":11882,"weight":3.9658},
{"Node_id":11883,"weight":1.7551},
{"Node_id":11884,"weight":1.5793},
{"Node_id":11885,"weight":2.6928},
{"Node_id":11886,"weight":1.4828},
{"Node_id":11887,"weight":3.2452},
{"Node_id":11888,"weight":1.9652},
{"Node_id":11889,"weight":1.7128},
{"Node_id":11890,"weight":2.7063},
{"Node_id":11891,"weight":4.5851},
{"Node_id":11892,"weight":1.4147},
{"Node_id":11893,"weight":1.6657},
{"Node_id":11894,"weight":1.4052},
{"Node_id":11895,"weight":1.6324},
{"Node_id":11896,"weight":2.8711},
{"Node_id":11897,"weight":5.0933},
{"Node_id":11898,"weight":1.5659},
{"Node_id":11899,"weight":1.4782},
{"Node_id":11900,"weight":2.6761},
{"Node_id":11901,"weight":2.4796},
{"Node_id":11902,"weight":2.6337},
{"Node_id":11903,"weight":5.4927},
{"Node_id":11906,"weight":2.0928},
{"Node_id":11915,"weight":1.4862},
{"Node_id":11916,"weight":1.4435},
{"Node_id":11917,"weight":4.8458},
{"Node_id":11918,"weight":2.1622},
{"Node_id":11919,"weight":1.8253},
{"Node_id":11920,"weight":2.1928},
{"Node_id":11921,"weight":1.587},
{"Node_id":11922,"weight":1.656},
{"Node_id":11923,"weight":2.4684},
{"Node_id":11924,"weight":3.511},
{"Node_id":11925,"weight":1.5368},
{"Node_id":11926,"weight":1.6027},
{"Node_id":11927,"weight":1.733},
{"Node_id":11928,"weight":1.8609},
{"Node_id":11931,"weight":3.6312},
{"Node_id":11932,"weight":2.3699},
{"Node_id":11933,"weight":2.6928},
{"Node_id":11934,"weight":3.3903},
{"Node_id":11935,"weight":2.2943},
{"Node_id":11938,"weight":1.9597},
{"Node_id":11939,"weight":2.1376},
{"Node_id":11940,"weight":2.6147},
{"Node_id":11941,"weight":2.0485},
{"Node_id":11942,"weight":1.8438},
{"Node_id":11943,"weight":2.97},
{"Node_id":11944,"weight":4.1513},
{"Node_id":11945,"weight":2.9031},
{"Node_id":11946,"weight":1.5197},
{"Node_id":11947,"weight":3.4356},
{"Node_id":11948,"weight":4.4538},
{"Node_id":11949,"weight":3.2507},
{"Node_id":11950,"weight":1.4775},
{"Node_id":11951,"weight":3.6595},
{"Node_id":11952,"weight":1.4769},
{"Node_id":11953,"weight":4.7832},
{"Node_id":11954,"weight":1.8354},
{"Node_id":11955,"weight":2.7857},
{"Node_id":11956,"weight":3.3468},
{"Node_id":11957,"weight":4.284},
{"Node_id":11958,"weight":1.8643},
{"Node_id":11959,"weight":2.1354},
{"Node_id":11960,"weight":1.8153},
{"Node_id":11963,"weight":2.5882},
{"Node_id":11964,"weight":2.1774},
{"Node_id":11965,"weight":4.0049},
{"Node_id":11966,"weight":2.9444},
{"Node_id":11967,"weight":2.6466},
{"Node_id":11968,"weight":2.1796},
{"Node_id":11969,"weight":3.3079},
{"Node_id":11970,"weight":3.562},
{"Node_id":11971,"weight":1.6164},
{"Node_id":11972,"weight":1.9915},
{"Node_id":11973,"weight":2.4994},
{"Node_id":11974,"weight":2.6022},
{"Node_id":11975,"weight":1.5603},
{"Node_id":11976,"weight":2.2716},
{"Node_id":11977,"weight":3.3287},
{"Node_id":11978,"weight":1.7543},
{"Node_id":11979,"weight":3.3468},
{"Node_id":11980,"weight":1.9098},
{"Node_id":11981,"weight":1.8078},
{"Node_id":11982,"weight":2.4519},
{"Node_id":11983,"weight":3.3138},
{"Node_id":11984,"weight":2.6434},
{"Node_id":11985,"weight":2.9939},
{"Node_id":11986,"weight":1.8379},
{"Node_id":11987,"weight":1.7711},
{"Node_id":11988,"weight":3.0072},
{"Node_id":11989,"weight":1.5485},
{"Node_id":11990,"weight":1.4585},
{"Node_id":11991,"weight":3.1222},
{"Node_id":11992,"weight":2.1752},
{"Node_id":11993,"weight":2.6321},
{"Node_id":11994,"weight":2.7183},
{"Node_id":11995,"weight":3.5694},
{"Node_id":11996,"weight":3.1026},
{"Node_id":11997,"weight":2.4315},
{"Node_id":11998,"weight":1.4868},
{"Node_id":11999,"weight":1.6785},
{"Node_id":12000,"weight":2.2576},
{"Node_id":12001,"weight":3.1625},
{"Node_id":12002,"weight":1.827},
{"Node_id":12003,"weight":2.3814},
{"Node_id":12004,"weight":2.6761},
{"Node_id":12005,"weight":1.7988},
{"Node_id":12006,"weight":5.9118},
{"Node_id":12007,"weight":2.4342},
{"Node_id":12008,"weight":1.4461},
{"Node_id":12009,"weight":3.4356},
{"Node_id":12024,"weight":2.0019},
{"Node_id":12025,"weight":1.4982},
{"Node_id":12026,"weight":2.3827},
{"Node_id":12027,"weight":2.1514},
{"Node_id":12028,"weight":1.421},
{"Node_id":12029,"weight":4.2546},
{"Node_id":12030,"weight":2.889},
{"Node_id":12031,"weight":2.6162},
{"Node_id":12032,"weight":1.5899},
{"Node_id":12033,"weight":1.4941},
{"Node_id":12034,"weight":4.508},
{"Node_id":12035,"weight":2.9984},
{"Node_id":12036,"weight":2.2084},
{"Node_id":12037,"weight":2.6401},
{"Node_id":12038,"weight":3.105},
{"Node_id":12039,"weight":2.1145},
{"Node_id":12040,"weight":2.1197},
{"Node_id":12041,"weight":1.9161},
{"Node_id":12077,"weight":2.4643},
{"Node_id":12078,"weight":2.1145},
{"Node_id":12079,"weight":1.7105},
{"Node_id":12080,"weight":2.1239},
{"Node_id":12081,"weight":1.8834},
{"Node_id":12082,"weight":2.7115},
{"Node_id":12083,"weight":2.3597},
{"Node_id":12084,"weight":1.6383},
{"Node_id":12085,"weight":1.4624},
{"Node_id":12086,"weight":3.6392},
{"Node_id":12087,"weight":1.7338},
{"Node_id":12088,"weight":4.3776},
{"Node_id":12089,"weight":1.7089},
{"Node_id":12090,"weight":1.4789},
{"Node_id":12091,"weight":3.2591},
{"Node_id":12092,"weight":3.3871},
{"Node_id":12093,"weight":2.9277},
{"Node_id":12094,"weight":4.5653},
{"Node_id":12095,"weight":3.2178},
{"Node_id":12096,"weight":2.321},
{"Node_id":12097,"weight":2.2073},
{"Node_id":12098,"weight":1.5779},
{"Node_id":12099,"weight":3.8085},
{"Node_id":12100,"weight":1.6186},
{"Node_id":12101,"weight":6.8113},
{"Node_id":12102,"weight":1.6179},
{"Node_id":12103,"weight":1.7377},
{"Node_id":12104,"weight":2.4588},
{"Node_id":12105,"weight":1.6478},
{"Node_id":12106,"weight":1.5231},
{"Node_id":12107,"weight":2.342},
{"Node_id":12108,"weight":1.4644},
{"Node_id":12109,"weight":2.0595},
{"Node_id":12110,"weight":2.2681},
{"Node_id":12112,"weight":1.5109},
{"Node_id":12113,"weight":2.4519},
{"Node_id":12114,"weight":1.7105},
{"Node_id":12117,"weight":3.3871},
{"Node_id":12118,"weight":1.5807},
{"Node_id":12119,"weight":2.7586},
{"Node_id":12120,"weight":2.885},
{"Node_id":12121,"weight":4.5653},
{"Node_id":12122,"weight":3.3683},
{"Node_id":12123,"weight":2.7374},
{"Node_id":12126,"weight":2.0485},
{"Node_id":12127,"weight":1.8261},
{"Node_id":12128,"weight":2.9593},
{"Node_id":12129,"weight":2.0565},
{"Node_id":12130,"weight":2.5123},
{"Node_id":12131,"weight":1.4121},
{"Node_id":12132,"weight":2.2061},
{"Node_id":12133,"weight":1.7136},
{"Node_id":12134,"weight":2.2799},
{"Node_id":12135,"weight":1.7182},
{"Node_id":12136,"weight":1.6486},
{"Node_id":12137,"weight":3.5435},
{"Node_id":12138,"weight":2.0605},
{"Node_id":12139,"weight":3.6233},
{"Node_id":12142,"weight":2.6242},
{"Node_id":12143,"weight":1.5771},
{"Node_id":12144,"weight":1.5402},
{"Node_id":12145,"weight":3.2591},
{"Node_id":12146,"weight":1.6754},
{"Node_id":12147,"weight":1.5238},
{"Node_id":12148,"weight":2.0096},
{"Node_id":12149,"weight":2.8381},
{"Node_id":12150,"weight":2.1155},
{"Node_id":12151,"weight":1.5687},
{"Node_id":12152,"weight":1.4014},
{"Node_id":12153,"weight":1.7417},
{"Node_id":12154,"weight":2.3699},
{"Node_id":12155,"weight":2.0029},
{"Node_id":12156,"weight":1.4962},
{"Node_id":12157,"weight":1.6078},
{"Node_id":12158,"weight":1.7857},
{"Node_id":12159,"weight":3.562},
{"Node_id":12160,"weight":2.8633},
{"Node_id":12164,"weight":1.9259},
{"Node_id":12165,"weight":2.6662},
{"Node_id":12166,"weight":3.5326},
{"Node_id":12167,"weight":4.0163},
{"Node_id":12168,"weight":3.226},
{"Node_id":12169,"weight":1.7051},
{"Node_id":12170,"weight":2.9113},
{"Node_id":12171,"weight":1.8913},
{"Node_id":12174,"weight":1.6085},
{"Node_id":12175,"weight":1.5999},
{"Node_id":12176,"weight":3.0738},
{"Node_id":12177,"weight":1.5878},
{"Node_id":12269,"weight":3.0117},
{"Node_id":12270,"weight":2.2907},
{"Node_id":12271,"weight":1.4868},
{"Node_id":12272,"weight":1.4396},
{"Node_id":12273,"weight":2.4437},
{"Node_id":12274,"weight":2.0038},
{"Node_id":12275,"weight":3.5398},
{"Node_id":12276,"weight":1.8379},
{"Node_id":12277,"weight":1.3907},
{"Node_id":12278,"weight":3.0786},
{"Node_id":12279,"weight":4.0049},
{"Node_id":12280,"weight":3.4969},
{"Node_id":12281,"weight":1.7841},
{"Node_id":12282,"weight":2.4966},
{"Node_id":12283,"weight":4.9126},
{"Node_id":12284,"weight":3.562},
{"Node_id":12285,"weight":4.9548},
{"Node_id":12286,"weight":4.7592},
{"Node_id":12287,"weight":2.1873},
{"Node_id":12288,"weight":2.2219},
{"Node_id":12289,"weight":1.789},
{"Node_id":12290,"weight":2.0367},
{"Node_id":12291,"weight":3.2905},
{"Node_id":12292,"weight":2.5959},
{"Node_id":12293,"weight":4.7015},
{"Node_id":12294,"weight":1.6837},
{"Node_id":12295,"weight":2.5474},
{"Node_id":12296,"weight":2.8004},
{"Node_id":12297,"weight":3.0184},
{"Node_id":12298,"weight":1.4572},
{"Node_id":12343,"weight":3.2733},
{"Node_id":12352,"weight":1.414},
{"Node_id":12362,"weight":4.1002},
{"Node_id":12364,"weight":1.5231},
{"Node_id":12373,"weight":2.0387},
{"Node_id":12375,"weight":1.7028},
{"Node_id":12385,"weight":5.6232},
{"Node_id":12387,"weight":1.7679},
{"Node_id":12398,"weight":2.1546},
{"Node_id":12400,"weight":4.1579},
{"Node_id":12403,"weight":2.0595},
{"Node_id":12405,"weight":2.4994},
{"Node_id":12406,"weight":5.4448},
{"Node_id":12407,"weight":1.7988},
{"Node_id":12408,"weight":1.6412},
{"Node_id":12409,"weight":1.4802},
{"Node_id":12410,"weight":1.4683},
{"Node_id":12411,"weight":4.0634},
{"Node_id":12412,"weight":2.895},
{"Node_id":12413,"weight":3.3347},
{"Node_id":12414,"weight":1.6508},
{"Node_id":12415,"weight":3.3777},
{"Node_id":12416,"weight":2.9072},
{"Node_id":12417,"weight":1.4178},
{"Node_id":12418,"weight":2.4881},
{"Node_id":12419,"weight":2.3788},
{"Node_id":12420,"weight":2.9614},
{"Node_id":12421,"weight":1.6664},
{"Node_id":12422,"weight":1.7963},
{"Node_id":12423,"weight":1.9143},
{"Node_id":12424,"weight":1.6523},
{"Node_id":12425,"weight":1.6538},
{"Node_id":12426,"weight":1.9036},
{"Node_id":12427,"weight":1.7776},
{"Node_id":12428,"weight":3.3999},
{"Node_id":12429,"weight":2.3584},
{"Node_id":12430,"weight":2.1785},
{"Node_id":12431,"weight":2.5224},
{"Node_id":12432,"weight":2.4601},
{"Node_id":12433,"weight":1.7074},
{"Node_id":12434,"weight":1.8834},
{"Node_id":12435,"weight":1.8921},
{"Node_id":12436,"weight":1.39},
{"Node_id":12437,"weight":2.2106},
{"Node_id":12438,"weight":1.9241},
{"Node_id":12439,"weight":1.6627},
{"Node_id":12440,"weight":3.0667},
{"Node_id":12441,"weight":2.0605},
{"Node_id":12442,"weight":2.2895},
{"Node_id":12443,"weight":1.43},
{"Node_id":12444,"weight":2.4698},
{"Node_id":12445,"weight":2.7694},
{"Node_id":12446,"weight":1.6982},
{"Node_id":12447,"weight":2.4505},
{"Node_id":12448,"weight":2.8305},
{"Node_id":12449,"weight":1.7825},
{"Node_id":12471,"weight":1.5042},
{"Node_id":12477,"weight":1.7543},
{"Node_id":12484,"weight":2.0655},
{"Node_id":12492,"weight":2.4275},
{"Node_id":12501,"weight":3.1347},
{"Node_id":12506,"weight":1.702},
{"Node_id":12507,"weight":1.9152},
{"Node_id":12508,"weight":2.5371},
{"Node_id":12509,"weight":2.3559},
{"Node_id":12510,"weight":6.2126},
{"Node_id":12511,"weight":1.9849},
{"Node_id":12512,"weight":2.5137},
{"Node_id":12513,"weight":2.0846},
{"Node_id":12514,"weight":2.7357},
{"Node_id":12515,"weight":2.7081},
{"Node_id":12516,"weight":2.027},
{"Node_id":12517,"weight":1.9277},
{"Node_id":12518,"weight":1.7816},
{"Node_id":12519,"weight":2.2811},
{"Node_id":12520,"weight":1.4147},
{"Node_id":12521,"weight":3.2071},
{"Node_id":12522,"weight":3.5146},
{"Node_id":12523,"weight":1.5856},
{"Node_id":12524,"weight":2.0212},
{"Node_id":12525,"weight":1.7679},
{"Node_id":12526,"weight":1.9505},
{"Node_id":12527,"weight":3.3935},
{"Node_id":12528,"weight":2.0086},
{"Node_id":12529,"weight":6.5008},
{"Node_id":12530,"weight":1.8295},
{"Node_id":12531,"weight":2.1103},
{"Node_id":12532,"weight":2.2506},
{"Node_id":12533,"weight":1.8328},
{"Node_id":12534,"weight":1.7354},
{"Node_id":12535,"weight":1.7599},
{"Node_id":12536,"weight":3.7945},
{"Node_id":12537,"weight":2.205},
{"Node_id":12538,"weight":4.0221},
{"Node_id":12539,"weight":1.7939},
{"Node_id":12540,"weight":3.4969},
{"Node_id":12541,"weight":1.9811},
{"Node_id":12542,"weight":1.6627},
{"Node_id":12543,"weight":2.6226},
{"Node_id":12544,"weight":1.9643},
{"Node_id":12545,"weight":1.7283},
{"Node_id":12546,"weight":2.8343},
{"Node_id":12547,"weight":2.3483},
{"Node_id":12548,"weight":1.7898},
{"Node_id":12549,"weight":1.7768},
{"Node_id":12550,"weight":1.7559},
{"Node_id":12551,"weight":2.5459},
{"Node_id":12552,"weight":3.4591},
{"Node_id":12553,"weight":1.4782},
{"Node_id":12554,"weight":2.4102},
{"Node_id":12555,"weight":4.3858},
{"Node_id":12556,"weight":1.6339},
{"Node_id":12557,"weight":2.3222},
{"Node_id":12558,"weight":2.9072},
{"Node_id":12559,"weight":1.9718},
{"Node_id":12560,"weight":5.8753},
{"Node_id":12561,"weight":3.4356},
{"Node_id":12562,"weight":1.7671},
{"Node_id":12563,"weight":1.4026},
{"Node_id":12564,"weight":1.7472},
{"Node_id":12565,"weight":1.8421},
{"Node_id":12566,"weight":2.806},
{"Node_id":12567,"weight":2.184},
{"Node_id":12568,"weight":3.9441},
{"Node_id":12569,"weight":1.4775},
{"Node_id":12570,"weight":1.5807},
{"Node_id":12571,"weight":2.877},
{"Node_id":12572,"weight":1.9152},
{"Node_id":12573,"weight":2.9133},
{"Node_id":12574,"weight":1.4185},
{"Node_id":12575,"weight":2.1386},
{"Node_id":12576,"weight":2.9381},
{"Node_id":12577,"weight":2.8594},
{"Node_id":12578,"weight":2.0},
{"Node_id":12579,"weight":2.4396},
{"Node_id":12580,"weight":2.1482},
{"Node_id":12581,"weight":1.8782},
{"Node_id":12582,"weight":3.429},
{"Node_id":12583,"weight":2.893},
{"Node_id":12584,"weight":1.4749},
{"Node_id":12585,"weight":1.6974},
{"Node_id":12586,"weight":2.4519},
{"Node_id":12587,"weight":1.4736},
{"Node_id":12588,"weight":1.822},
{"Node_id":12589,"weight":1.4546},
{"Node_id":12590,"weight":1.6186},
{"Node_id":12591,"weight":2.4754},
{"Node_id":12592,"weight":1.8756},
{"Node_id":12602,"weight":1.8178},
{"Node_id":12606,"weight":2.0125},
{"Node_id":12607,"weight":1.8278},
{"Node_id":12611,"weight":1.4908},
{"Node_id":12617,"weight":1.6545},
{"Node_id":12621,"weight":1.4217},
{"Node_id":12622,"weight":1.7647},
{"Node_id":12623,"weight":2.3234},
{"Node_id":12625,"weight":2.2564},
{"Node_id":12628,"weight":1.9134},
{"Node_id":12632,"weight":2.3533},
{"Node_id":12637,"weight":2.1439},
{"Node_id":12643,"weight":1.4742},
{"Node_id":12650,"weight":2.5624},
{"Node_id":12657,"weight":2.2185},
{"Node_id":12658,"weight":1.5701},
{"Node_id":12659,"weight":1.8404},
{"Node_id":12660,"weight":2.4588},
{"Node_id":12662,"weight":1.5659},
{"Node_id":12665,"weight":1.5361},
{"Node_id":12669,"weight":4.3534},
{"Node_id":12673,"weight":3.0667},
{"Node_id":12674,"weight":2.5445},
{"Node_id":12678,"weight":1.6845},
{"Node_id":12680,"weight":1.7299},
{"Node_id":12684,"weight":5.0141},
{"Node_id":12686,"weight":1.8128},
{"Node_id":12687,"weight":1.8566},
{"Node_id":12691,"weight":3.2124},
{"Node_id":12693,"weight":3.4127},
{"Node_id":12694,"weight":1.5708},
{"Node_id":12695,"weight":1.9868},
{"Node_id":12699,"weight":2.3788},
{"Node_id":12701,"weight":1.6121},
{"Node_id":12702,"weight":2.1578},
{"Node_id":12704,"weight":3.9335},
{"Node_id":12708,"weight":1.4306},
{"Node_id":12710,"weight":2.8574},
{"Node_id":12711,"weight":4.7242},
{"Node_id":12713,"weight":1.6891},
{"Node_id":12714,"weight":1.6186},
{"Node_id":12718,"weight":2.6466},
{"Node_id":12720,"weight":2.2705},
{"Node_id":12721,"weight":3.776},
{"Node_id":12723,"weight":1.5279},
{"Node_id":12724,"weight":2.7748},
{"Node_id":12725,"weight":2.2716},
{"Node_id":12729,"weight":1.8965},
{"Node_id":12731,"weight":3.2071},
{"Node_id":12732,"weight":4.1579},
{"Node_id":12734,"weight":2.1851},
{"Node_id":12735,"weight":2.4923},
{"Node_id":12736,"weight":1.452},
{"Node_id":12737,"weight":2.1145},
{"Node_id":12741,"weight":5.1616},
{"Node_id":12743,"weight":1.5666},
{"Node_id":12744,"weight":1.9332},
{"Node_id":12746,"weight":1.8712},
{"Node_id":12747,"weight":4.2619},
{"Node_id":12748,"weight":2.145},
{"Node_id":12749,"weight":2.955},
{"Node_id":12750,"weight":4.394},
{"Node_id":12754,"weight":2.1535},
{"Node_id":12756,"weight":2.0077},
{"Node_id":12757,"weight":4.8988},
{"Node_id":12759,"weight":2.7339},
{"Node_id":12760,"weight":2.3088},
{"Node_id":12761,"weight":1.8029},
{"Node_id":12762,"weight":2.3161},
{"Node_id":12764,"weight":1.4474},
{"Node_id":12768,"weight":3.7579},
{"Node_id":12770,"weight":2.6417},
{"Node_id":12771,"weight":3.5472},
{"Node_id":12773,"weight":1.6042},
{"Node_id":12774,"weight":1.6179},
{"Node_id":12775,"weight":1.6412},
{"Node_id":12776,"weight":1.7276},
{"Node_id":12778,"weight":1.5729},
{"Node_id":12779,"weight":1.9532},
{"Node_id":12782,"weight":1.7752},
{"Node_id":12784,"weight":1.5042},
{"Node_id":12785,"weight":1.9179},
{"Node_id":12787,"weight":5.2159},
{"Node_id":12788,"weight":4.3066},
{"Node_id":12789,"weight":2.6194},
{"Node_id":12791,"weight":3.5999},
{"Node_id":12792,"weight":1.6092},
{"Node_id":12793,"weight":1.8808},
{"Node_id":12796,"weight":2.1333},
{"Node_id":12797,"weight":1.9886},
{"Node_id":12798,"weight":2.7949},
{"Node_id":12802,"weight":2.2622},
{"Node_id":12803,"weight":3.356},
{"Node_id":12804,"weight":3.2761},
{"Node_id":12809,"weight":1.9098},
{"Node_id":12810,"weight":6.0299},
{"Node_id":12811,"weight":1.7354},
{"Node_id":12817,"weight":2.5137},
{"Node_id":12818,"weight":1.8404},
{"Node_id":12819,"weight":2.3853},
{"Node_id":12826,"weight":2.1072},
{"Node_id":12827,"weight":4.4896},
{"Node_id":12828,"weight":1.5575},
{"Node_id":12834,"weight":2.3371},
{"Node_id":12836,"weight":2.1546},
{"Node_id":12837,"weight":2.2494},
{"Node_id":12838,"weight":1.4795},
{"Node_id":12844,"weight":1.4461},
{"Node_id":12847,"weight":2.1093},
{"Node_id":12848,"weight":3.9388},
{"Node_id":12849,"weight":1.5293},
{"Node_id":12855,"weight":1.5471},
{"Node_id":12858,"weight":3.6312},
{"Node_id":12859,"weight":1.5225},
{"Node_id":12860,"weight":1.4448},
{"Node_id":12866,"weight":2.4128},
{"Node_id":12871,"weight":2.3063},
{"Node_id":12872,"weight":1.6868},
{"Node_id":12874,"weight":1.7825},
{"Node_id":12876,"weight":1.5736},
{"Node_id":12877,"weight":1.4921},
{"Node_id":12879,"weight":2.9277},
{"Node_id":12880,"weight":2.3711},
{"Node_id":12881,"weight":4.7128},
{"Node_id":12883,"weight":1.7315},
{"Node_id":12884,"weight":1.6056},
{"Node_id":12885,"weight":2.2705},
{"Node_id":12886,"weight":1.9125},
{"Node_id":12888,"weight":2.2991},
{"Node_id":12889,"weight":1.452},
{"Node_id":12890,"weight":2.0029},
{"Node_id":12891,"weight":2.1503},
{"Node_id":12892,"weight":3.7011},
{"Node_id":12894,"weight":1.7947},
{"Node_id":12895,"weight":2.1439},
{"Node_id":12896,"weight":3.1833},
{"Node_id":12897,"weight":1.5771},
{"Node_id":12899,"weight":1.9027},
{"Node_id":12901,"weight":5.4685},
{"Node_id":12902,"weight":1.789},
{"Node_id":12903,"weight":3.0072},
{"Node_id":12904,"weight":2.6911},
{"Node_id":12907,"weight":3.2071},
{"Node_id":12908,"weight":1.7988},
{"Node_id":12909,"weight":1.5116},
{"Node_id":12910,"weight":1.7043},
{"Node_id":12911,"weight":5.11},
{"Node_id":12912,"weight":1.5464},
{"Node_id":12913,"weight":3.8567},
{"Node_id":12914,"weight":4.8853},
{"Node_id":12915,"weight":1.4507},
{"Node_id":12916,"weight":2.0989},
{"Node_id":12917,"weight":2.5944},
{"Node_id":12919,"weight":4.1448},
{"Node_id":12920,"weight":1.893},
{"Node_id":12921,"weight":1.8286},
{"Node_id":12923,"weight":1.5313},
{"Node_id":12924,"weight":1.4007},
{"Node_id":12925,"weight":1.8652},
{"Node_id":12926,"weight":2.8731},
{"Node_id":12928,"weight":1.7647},
{"Node_id":12930,"weight":3.5362},
{"Node_id":12931,"weight":1.4598},
{"Node_id":12932,"weight":1.5913},
{"Node_id":12934,"weight":1.4756},
{"Node_id":12936,"weight":2.231},
{"Node_id":12937,"weight":1.5603},
{"Node_id":12938,"weight":3.3999},
{"Node_id":12939,"weight":3.0275},
{"Node_id":12941,"weight":2.3931},
{"Node_id":12943,"weight":2.3346},
{"Node_id":12944,"weight":2.0436},
{"Node_id":12945,"weight":3.3683},
{"Node_id":12946,"weight":1.7276},
{"Node_id":12948,"weight":2.4505},
{"Node_id":12950,"weight":4.9126},
{"Node_id":12951,"weight":3.3777},
{"Node_id":12952,"weight":1.9868},
{"Node_id":12953,"weight":1.5382},
{"Node_id":12954,"weight":1.9905},
{"Node_id":12956,"weight":5.0141},
{"Node_id":12958,"weight":3.511},
{"Node_id":12961,"weight":4.4364},
{"Node_id":12962,"weight":1.8549},
{"Node_id":12963,"weight":2.1302},
{"Node_id":12965,"weight":2.7427},
{"Node_id":12967,"weight":2.9593},
{"Node_id":12970,"weight":2.5944},
{"Node_id":12971,"weight":1.5638},
{"Node_id":12972,"weight":2.1643},
{"Node_id":12973,"weight":3.2648},
{"Node_id":12975,"weight":2.2265},
{"Node_id":12977,"weight":2.1093},
{"Node_id":12980,"weight":1.6679},
{"Node_id":12981,"weight":2.3788},
{"Node_id":12982,"weight":1.4591},
{"Node_id":12983,"weight":2.6777},
{"Node_id":12984,"weight":1.4928},
{"Node_id":12986,"weight":2.2811},
{"Node_id":12988,"weight":4.2619},
{"Node_id":12991,"weight":2.0887},
{"Node_id":12992,"weight":1.5499},
{"Node_id":12994,"weight":4.6155},
{"Node_id":12995,"weight":2.1082},
{"Node_id":12996,"weight":1.7914},
{"Node_id":12998,"weight":3.6312},
{"Node_id":13000,"weight":1.8328},
{"Node_id":13003,"weight":1.9459},
{"Node_id":13004,"weight":3.0715},
{"Node_id":13006,"weight":2.8324},
{"Node_id":13007,"weight":3.3529},
{"Node_id":13028,"weight":1.6361},
{"Node_id":13034,"weight":2.0115},
{"Node_id":13035,"weight":1.8764},
{"Node_id":13041,"weight":1.5327},
{"Node_id":13049,"weight":3.3652},
{"Node_id":13053,"weight":2.658},
{"Node_id":13054,"weight":2.2657},
{"Node_id":13055,"weight":1.6921},
{"Node_id":13056,"weight":4.1778},
{"Node_id":13057,"weight":1.7711},
{"Node_id":13058,"weight":2.401},
{"Node_id":13059,"weight":2.5066},
{"Node_id":13060,"weight":3.2098},
{"Node_id":13061,"weight":1.8974},
{"Node_id":13062,"weight":3.7011},
{"Node_id":13063,"weight":1.5042},
{"Node_id":13064,"weight":2.0134},
{"Node_id":13065,"weight":2.1386},
{"Node_id":13066,"weight":2.8248},
{"Node_id":13067,"weight":1.6582},
{"Node_id":13068,"weight":2.5371},
{"Node_id":13069,"weight":5.9496},
{"Node_id":13070,"weight":2.0407},
{"Node_id":13071,"weight":3.0343},
{"Node_id":13072,"weight":1.7448},
{"Node_id":13073,"weight":1.5603},
{"Node_id":13076,"weight":2.2163},
{"Node_id":13080,"weight":1.4862},
{"Node_id":13085,"weight":1.7784},
{"Node_id":13090,"weight":1.4338},
{"Node_id":13091,"weight":2.2095},
{"Node_id":13098,"weight":1.4908},
{"Node_id":13105,"weight":2.0535},
{"Node_id":13106,"weight":1.5589},
{"Node_id":13107,"weight":2.7098},
{"Node_id":13110,"weight":3.4795},
{"Node_id":13112,"weight":1.6523},
{"Node_id":13113,"weight":2.6162},
{"Node_id":13115,"weight":2.0077},
{"Node_id":13116,"weight":3.9936},
{"Node_id":13119,"weight":1.4064},
{"Node_id":13120,"weight":1.5049},
{"Node_id":13124,"weight":1.5218},
{"Node_id":13125,"weight":1.3919},
{"Node_id":13130,"weight":1.4928},
{"Node_id":13131,"weight":2.5415},
{"Node_id":13137,"weight":2.1323},
{"Node_id":13138,"weight":2.0077},
{"Node_id":13143,"weight":1.7448},
{"Node_id":13145,"weight":4.8853},
{"Node_id":13146,"weight":2.9852},
{"Node_id":13151,"weight":4.4896},
{"Node_id":13152,"weight":1.4559},
{"Node_id":13154,"weight":9.223372E18},
{"Node_id":13155,"weight":2.1397},
{"Node_id":13160,"weight":2.6178},
{"Node_id":13161,"weight":2.0775},
{"Node_id":13162,"weight":1.8808},
{"Node_id":13164,"weight":1.4223},
{"Node_id":13165,"weight":2.4142},
{"Node_id":13170,"weight":1.9953},
{"Node_id":13172,"weight":5.0609},
{"Node_id":13175,"weight":2.0856},
{"Node_id":13176,"weight":2.1557},
{"Node_id":13181,"weight":2.205},
{"Node_id":13187,"weight":9.2102},
{"Node_id":13188,"weight":1.5197},
{"Node_id":13193,"weight":1.7425},
{"Node_id":13200,"weight":4.2692},
{"Node_id":13201,"weight":2.4115},
{"Node_id":13206,"weight":1.6508},
{"Node_id":13214,"weight":2.2587},
{"Node_id":13215,"weight":1.9188},
{"Node_id":13220,"weight":2.1862},
{"Node_id":13227,"weight":2.8191},
{"Node_id":13229,"weight":1.7543},
{"Node_id":13230,"weight":1.9746},
{"Node_id":13240,"weight":1.9532},
{"Node_id":13244,"weight":3.2151},
{"Node_id":13249,"weight":1.8886},
{"Node_id":13251,"weight":1.7615},
{"Node_id":13255,"weight":1.6959},
{"Node_id":13258,"weight":2.2174},
{"Node_id":13262,"weight":2.4342},
{"Node_id":13265,"weight":1.6974},
{"Node_id":13270,"weight":2.4248},
{"Node_id":13273,"weight":2.5898},
{"Node_id":13279,"weight":1.6427},
{"Node_id":13282,"weight":2.1103},
{"Node_id":13285,"weight":2.7931},
{"Node_id":13289,"weight":1.7736},
{"Node_id":13292,"weight":2.887},
{"Node_id":13295,"weight":2.7029},
{"Node_id":13298,"weight":2.6305},
{"Node_id":13299,"weight":2.6911},
{"Node_id":13300,"weight":2.9529},
{"Node_id":13301,"weight":2.3635},
{"Node_id":13303,"weight":1.8756},
{"Node_id":13307,"weight":2.3609},
{"Node_id":13308,"weight":2.0289},
{"Node_id":13309,"weight":1.4729},
{"Node_id":13310,"weight":1.7575},
{"Node_id":13311,"weight":2.936},
{"Node_id":13313,"weight":1.4749},
{"Node_id":13315,"weight":1.5334},
{"Node_id":13317,"weight":2.1429},
{"Node_id":13318,"weight":2.4396},
{"Node_id":13320,"weight":2.2811},
{"Node_id":13321,"weight":1.6208},
{"Node_id":13322,"weight":1.7906},
{"Node_id":13324,"weight":6.264},
{"Node_id":13325,"weight":1.8029},
{"Node_id":13327,"weight":1.3982},
{"Node_id":13329,"weight":2.5594},
{"Node_id":13332,"weight":1.7354},
{"Node_id":13333,"weight":2.4754},
{"Node_id":13334,"weight":2.4302},
{"Node_id":13335,"weight":1.414},
{"Node_id":13337,"weight":2.5283},
{"Node_id":13340,"weight":4.7474},
{"Node_id":13344,"weight":3.5884},
{"Node_id":13349,"weight":2.3635},
{"Node_id":13355,"weight":1.8447},
{"Node_id":13362,"weight":1.5548},
{"Node_id":13370,"weight":1.7377},
{"Node_id":13379,"weight":2.5975},
{"Node_id":13390,"weight":1.7898},
{"Node_id":13391,"weight":1.7043},
{"Node_id":13392,"weight":1.6612},
{"Node_id":13393,"weight":1.8669},
{"Node_id":13394,"weight":1.6762},
{"Node_id":13395,"weight":2.2208},
{"Node_id":13396,"weight":3.0297},
{"Node_id":13397,"weight":2.4262},
{"Node_id":13398,"weight":2.4155},
{"Node_id":13399,"weight":3.2017},
{"Node_id":13400,"weight":2.4866},
{"Node_id":13401,"weight":2.9939},
{"Node_id":13402,"weight":4.4538},
{"Node_id":13403,"weight":2.1796},
{"Node_id":13404,"weight":1.8523},
{"Node_id":13405,"weight":2.0038},
{"Node_id":13406,"weight":1.9934},
{"Node_id":13407,"weight":1.5652},
{"Node_id":13408,"weight":1.6792},
{"Node_id":13409,"weight":1.561},
{"Node_id":13410,"weight":1.5892},
{"Node_id":13411,"weight":1.6006},
{"Node_id":13412,"weight":1.7377},
{"Node_id":13413,"weight":2.3321},
{"Node_id":13414,"weight":2.0202},
{"Node_id":13415,"weight":4.284},
{"Node_id":13416,"weight":3.4969},
{"Node_id":13417,"weight":1.5736},
{"Node_id":13418,"weight":1.7857},
{"Node_id":13419,"weight":2.3271},
{"Node_id":13420,"weight":1.873},
{"Node_id":13421,"weight":2.0685},
{"Node_id":13422,"weight":1.8506},
{"Node_id":13423,"weight":2.5609},
{"Node_id":13424,"weight":1.6034},
{"Node_id":13425,"weight":2.0358},
{"Node_id":13426,"weight":3.3808},
{"Node_id":13427,"weight":2.2599},
{"Node_id":13428,"weight":3.6801},
{"Node_id":13429,"weight":5.1441},
{"Node_id":13430,"weight":4.0396},
{"Node_id":13431,"weight":2.1611},
{"Node_id":13432,"weight":4.7832},
{"Node_id":13433,"weight":3.4258},
{"Node_id":13434,"weight":2.6662},
{"Node_id":13435,"weight":2.4208},
{"Node_id":13436,"weight":1.5687},
{"Node_id":13437,"weight":2.8191},
{"Node_id":13438,"weight":1.4935},
{"Node_id":13439,"weight":1.7362},
{"Node_id":13440,"weight":1.7808},
{"Node_id":13441,"weight":2.1503},
{"Node_id":13442,"weight":6.1637},
{"Node_id":13443,"weight":1.9359},
{"Node_id":13444,"weight":3.3287},
{"Node_id":13445,"weight":3.0458},
{"Node_id":13446,"weight":2.1165},
{"Node_id":13447,"weight":1.5022},
{"Node_id":13448,"weight":2.5066},
{"Node_id":13451,"weight":1.4281},
{"Node_id":13452,"weight":2.4089},
{"Node_id":13453,"weight":1.7615},
{"Node_id":13454,"weight":1.4995},
{"Node_id":13455,"weight":1.9597},
{"Node_id":13456,"weight":2.955},
{"Node_id":13459,"weight":2.4235},
{"Node_id":13460,"weight":1.6634},
{"Node_id":13466,"weight":1.9915},
{"Node_id":13469,"weight":1.6273},
{"Node_id":13473,"weight":2.7986},
{"Node_id":13478,"weight":6.0725},
{"Node_id":13484,"weight":3.8275},
{"Node_id":13491,"weight":2.1302},
{"Node_id":13496,"weight":2.2129},
{"Node_id":13497,"weight":1.683},
{"Node_id":13498,"weight":3.3621},
{"Node_id":13499,"weight":3.4692},
{"Node_id":13503,"weight":2.9635},
{"Node_id":13504,"weight":1.8965},
{"Node_id":13506,"weight":1.6883},
{"Node_id":13509,"weight":4.2331},
{"Node_id":13511,"weight":2.5474},
{"Node_id":13514,"weight":4.1711},
{"Node_id":13516,"weight":1.4128},
{"Node_id":13518,"weight":1.6951},
{"Node_id":13520,"weight":2.9133},
{"Node_id":13523,"weight":2.7712},
{"Node_id":13525,"weight":1.5184},
{"Node_id":13529,"weight":2.0397},
{"Node_id":13531,"weight":4.4278},
{"Node_id":13534,"weight":3.2676},
{"Node_id":13536,"weight":2.1062},
{"Node_id":13537,"weight":1.5949},
{"Node_id":13538,"weight":2.0705},
{"Node_id":13539,"weight":5.1441},
{"Node_id":13540,"weight":1.9018},
{"Node_id":13541,"weight":1.5582},
{"Node_id":13542,"weight":1.9477},
{"Node_id":13543,"weight":3.4095},
{"Node_id":13544,"weight":1.798},
{"Node_id":13545,"weight":3.8132},
{"Node_id":13546,"weight":5.1794},
{"Node_id":13547,"weight":8.1114},
{"Node_id":13548,"weight":3.5732},
{"Node_id":13549,"weight":6.5699},
{"Node_id":13550,"weight":1.8506},
{"Node_id":13551,"weight":3.2098},
{"Node_id":13552,"weight":2.1665},
{"Node_id":13553,"weight":1.6056},
{"Node_id":13554,"weight":4.5653},
{"Node_id":13555,"weight":2.0959},
{"Node_id":13556,"weight":3.1099},
{"Node_id":13557,"weight":2.2907},
{"Node_id":13558,"weight":5.2734},
{"Node_id":13559,"weight":3.8372},
{"Node_id":13560,"weight":1.6649},
{"Node_id":13561,"weight":2.5775},
{"Node_id":13562,"weight":3.0929},
{"Node_id":13563,"weight":1.7036},
{"Node_id":13564,"weight":2.5297},
{"Node_id":13565,"weight":1.917},
{"Node_id":13566,"weight":1.5416},
{"Node_id":13567,"weight":2.5913},
{"Node_id":13568,"weight":2.2006},
{"Node_id":13569,"weight":2.2073},
{"Node_id":13570,"weight":1.7346},
{"Node_id":13571,"weight":1.7252},
{"Node_id":13572,"weight":2.2871},
{"Node_id":13573,"weight":2.375},
{"Node_id":13574,"weight":1.9487},
{"Node_id":13575,"weight":2.5684},
{"Node_id":13576,"weight":2.4221},
{"Node_id":13577,"weight":1.6523},
{"Node_id":13578,"weight":2.1031},
{"Node_id":13579,"weight":1.7607},
{"Node_id":13580,"weight":1.4045},
{"Node_id":13581,"weight":2.3321},
{"Node_id":13582,"weight":3.5146},
{"Node_id":13583,"weight":3.7991},
{"Node_id":13584,"weight":2.5534},
{"Node_id":13585,"weight":2.2028},
{"Node_id":13586,"weight":1.9896},
{"Node_id":13587,"weight":1.8843},
{"Node_id":13588,"weight":2.8381},
{"Node_id":13589,"weight":1.5076},
{"Node_id":13590,"weight":2.184},
{"Node_id":13591,"weight":2.0416},
{"Node_id":13592,"weight":3.7579},
{"Node_id":13593,"weight":1.9296},
{"Node_id":13594,"weight":2.1093},
{"Node_id":13595,"weight":2.7876},
{"Node_id":13596,"weight":2.2657},
{"Node_id":13597,"weight":3.1651},
{"Node_id":13598,"weight":4.0163},
{"Node_id":13599,"weight":2.0192},
{"Node_id":13600,"weight":2.6678},
{"Node_id":13601,"weight":2.4768},
{"Node_id":13602,"weight":1.5245},
{"Node_id":13603,"weight":4.7954},
{"Node_id":13604,"weight":1.9896},
{"Node_id":13605,"weight":2.3075},
{"Node_id":13606,"weight":2.5023},
{"Node_id":13607,"weight":1.421},
{"Node_id":13608,"weight":1.7151},
{"Node_id":13609,"weight":1.5575},
{"Node_id":13610,"weight":1.9634},
{"Node_id":13611,"weight":1.4178},
{"Node_id":13612,"weight":4.6469},
{"Node_id":13613,"weight":1.9232},
{"Node_id":13614,"weight":1.8635},
{"Node_id":13615,"weight":2.7676},
{"Node_id":13616,"weight":5.1975},
{"Node_id":13617,"weight":2.31},
{"Node_id":13618,"weight":2.2967},
{"Node_id":13619,"weight":1.7198},
{"Node_id":13620,"weight":3.7669},
{"Node_id":13621,"weight":2.1186},
{"Node_id":13622,"weight":1.8974},
{"Node_id":13623,"weight":1.4533},
{"Node_id":13624,"weight":2.3931},
{"Node_id":13626,"weight":2.0134},
{"Node_id":13627,"weight":1.9934},
{"Node_id":13628,"weight":1.9542},
{"Node_id":13629,"weight":4.1711},
{"Node_id":13631,"weight":2.5312},
{"Node_id":13632,"weight":4.1002},
{"Node_id":13633,"weight":5.2159},
{"Node_id":13634,"weight":2.8613},
{"Node_id":13635,"weight":1.5842},
{"Node_id":13637,"weight":1.7575},
{"Node_id":13638,"weight":1.4448},
{"Node_id":13639,"weight":2.9092},
{"Node_id":13640,"weight":2.1578},
{"Node_id":13641,"weight":3.9072},
{"Node_id":13642,"weight":2.1862},
{"Node_id":13644,"weight":4.5458},
{"Node_id":13645,"weight":1.7097},
{"Node_id":13646,"weight":1.3913},
{"Node_id":13647,"weight":5.4448},
{"Node_id":13648,"weight":2.1072},
{"Node_id":13649,"weight":1.7464},
{"Node_id":13650,"weight":2.7235},
{"Node_id":13651,"weight":3.483},
{"Node_id":13652,"weight":3.6843},
{"Node_id":13653,"weight":2.3699},
{"Node_id":13656,"weight":3.1651},
{"Node_id":13659,"weight":1.9625},
{"Node_id":13661,"weight":2.8023},
{"Node_id":13664,"weight":3.776},
{"Node_id":13666,"weight":2.0515},
{"Node_id":13668,"weight":1.5561},
{"Node_id":13670,"weight":1.7841},
{"Node_id":13671,"weight":1.4578},
{"Node_id":13672,"weight":2.0231},
{"Node_id":13673,"weight":1.5779},
{"Node_id":13674,"weight":3.7715},
{"Node_id":13675,"weight":1.5035},
{"Node_id":13676,"weight":1.597},
{"Node_id":13677,"weight":1.7881},
{"Node_id":13678,"weight":2.474},
{"Node_id":13679,"weight":5.077},
{"Node_id":13680,"weight":2.0887},
{"Node_id":13681,"weight":2.7766},
{"Node_id":13682,"weight":2.5929},
{"Node_id":13683,"weight":2.0816},
{"Node_id":13684,"weight":2.1906},
{"Node_id":13685,"weight":1.8609},
{"Node_id":13686,"weight":1.6694},
{"Node_id":13687,"weight":2.6945},
{"Node_id":13688,"weight":3.6843},
{"Node_id":13689,"weight":2.6037},
{"Node_id":13692,"weight":3.4356},
{"Node_id":13694,"weight":3.5999},
{"Node_id":13695,"weight":4.7832},
{"Node_id":13697,"weight":1.9441},
{"Node_id":13698,"weight":2.1397},
{"Node_id":13699,"weight":4.3858},
{"Node_id":13700,"weight":1.5863},
{"Node_id":13701,"weight":1.7873},
{"Node_id":13702,"weight":1.4448},
{"Node_id":13703,"weight":2.9743},
{"Node_id":13705,"weight":3.6233},
{"Node_id":13706,"weight":2.5341},
{"Node_id":13707,"weight":2.6482},
{"Node_id":13708,"weight":2.2095},
{"Node_id":13709,"weight":2.2634},
{"Node_id":13710,"weight":1.653},
{"Node_id":13711,"weight":1.397},
{"Node_id":13712,"weight":2.5166},
{"Node_id":13713,"weight":1.9468},
{"Node_id":13714,"weight":2.0338},
{"Node_id":13715,"weight":1.7528},
{"Node_id":13716,"weight":1.53},
{"Node_id":13719,"weight":2.5699},
{"Node_id":13721,"weight":3.8969},
{"Node_id":13722,"weight":1.8087},
{"Node_id":13724,"weight":2.5023},
{"Node_id":13725,"weight":2.6498},
{"Node_id":13726,"weight":1.9514},
{"Node_id":13728,"weight":2.8516},
{"Node_id":13729,"weight":2.4023},
{"Node_id":13730,"weight":1.4204},
{"Node_id":13731,"weight":1.9634},
{"Node_id":13733,"weight":3.356},
{"Node_id":13734,"weight":1.832},
{"Node_id":13735,"weight":2.366},
{"Node_id":13736,"weight":2.1557},
{"Node_id":13737,"weight":3.1912},
{"Node_id":13739,"weight":1.561},
{"Node_id":13740,"weight":1.7488},
{"Node_id":13741,"weight":1.5786},
{"Node_id":13742,"weight":2.0585},
{"Node_id":13743,"weight":2.9808},
{"Node_id":13744,"weight":3.4899},
{"Node_id":13746,"weight":2.0918},
{"Node_id":13747,"weight":2.6242},
{"Node_id":13748,"weight":2.6979},
{"Node_id":13749,"weight":2.366},
{"Node_id":13750,"weight":1.893},
{"Node_id":13751,"weight":3.5362},
{"Node_id":13754,"weight":2.0625},
{"Node_id":13755,"weight":1.5055},
{"Node_id":13756,"weight":2.5137},
{"Node_id":13757,"weight":2.7392},
{"Node_id":13758,"weight":1.5136},
{"Node_id":13759,"weight":3.0715},
{"Node_id":13762,"weight":2.4342},
{"Node_id":13763,"weight":1.414},
{"Node_id":13764,"weight":2.4574},
{"Node_id":13765,"weight":5.3992},
{"Node_id":13766,"weight":1.4995},
{"Node_id":13767,"weight":2.748},
{"Node_id":13771,"weight":1.9905},
{"Node_id":13772,"weight":1.7323},
{"Node_id":13773,"weight":6.6441},
{"Node_id":13774,"weight":4.226},
{"Node_id":13775,"weight":2.2506},
{"Node_id":13776,"weight":1.5506},
{"Node_id":13779,"weight":1.5942},
{"Node_id":13781,"weight":1.4975},
{"Node_id":13782,"weight":2.1031},
{"Node_id":13783,"weight":1.7315},
{"Node_id":13784,"weight":4.0574},
{"Node_id":13785,"weight":2.9215},
{"Node_id":13786,"weight":2.9808},
{"Node_id":13789,"weight":1.8652},
{"Node_id":13790,"weight":3.7991},
{"Node_id":13791,"weight":1.8128},
{"Node_id":13792,"weight":2.9808},
{"Node_id":13793,"weight":4.2402},
{"Node_id":13794,"weight":1.935},
{"Node_id":13795,"weight":1.6792},
{"Node_id":13796,"weight":3.2591},
{"Node_id":13797,"weight":1.6538},
{"Node_id":13798,"weight":2.1568},
{"Node_id":13799,"weight":3.1781},
{"Node_id":13800,"weight":2.881},
{"Node_id":13801,"weight":1.4848},
{"Node_id":13802,"weight":1.5793},
{"Node_id":13803,"weight":3.1833},
{"Node_id":13804,"weight":2.7857},
{"Node_id":13805,"weight":1.659},
{"Node_id":13806,"weight":1.6754},
{"Node_id":13807,"weight":1.7575},
{"Node_id":13808,"weight":2.2955},
{"Node_id":13809,"weight":2.0202},
{"Node_id":13810,"weight":2.7235},
{"Node_id":13811,"weight":2.1796},
{"Node_id":13812,"weight":2.7339},
{"Node_id":13813,"weight":3.3967},
{"Node_id":13814,"weight":2.4208},
{"Node_id":13815,"weight":1.5652},
{"Node_id":13816,"weight":2.6945},
{"Node_id":13817,"weight":4.1064},
{"Node_id":13818,"weight":1.5715},
{"Node_id":13819,"weight":1.4723},
{"Node_id":13820,"weight":3.0435},
{"Node_id":13821,"weight":1.5259},
{"Node_id":13822,"weight":2.1312},
{"Node_id":13823,"weight":1.5002},
{"Node_id":13824,"weight":6.3182},
{"Node_id":13825,"weight":2.0745},
{"Node_id":13826,"weight":1.4822},
{"Node_id":13827,"weight":1.4848},
{"Node_id":13828,"weight":2.0436},
{"Node_id":13829,"weight":1.9905},
{"Node_id":13830,"weight":2.4852},
{"Node_id":13831,"weight":1.8643},
{"Node_id":13832,"weight":3.1651},
{"Node_id":13833,"weight":3.7357},
{"Node_id":13834,"weight":1.3932},
{"Node_id":13835,"weight":1.4975},
{"Node_id":13836,"weight":1.8037},
{"Node_id":13837,"weight":1.5963},
{"Node_id":13838,"weight":2.5224},
{"Node_id":13839,"weight":3.842},
{"Node_id":13840,"weight":2.1622},
{"Node_id":13841,"weight":1.8515},
{"Node_id":13842,"weight":5.8401},
{"Node_id":13843,"weight":1.6906},
{"Node_id":13844,"weight":1.7736},
{"Node_id":13845,"weight":1.9296},
{"Node_id":13846,"weight":2.7857},
{"Node_id":13847,"weight":2.3546},
{"Node_id":13848,"weight":3.776},
{"Node_id":13849,"weight":4.0694},
{"Node_id":13850,"weight":2.4671},
{"Node_id":13851,"weight":2.173},
{"Node_id":13852,"weight":1.752},
{"Node_id":13853,"weight":2.0038},
{"Node_id":13854,"weight":1.4371},
{"Node_id":13855,"weight":2.7081},
{"Node_id":13856,"weight":1.4835},
{"Node_id":13857,"weight":1.9962},
{"Node_id":13858,"weight":2.727},
{"Node_id":13859,"weight":2.2517},
{"Node_id":13860,"weight":2.3648},
{"Node_id":13861,"weight":3.596},
{"Node_id":13862,"weight":2.6257},
{"Node_id":13863,"weight":2.4275},
{"Node_id":13864,"weight":1.9277},
{"Node_id":13865,"weight":2.3866},
{"Node_id":13866,"weight":5.3992},
{"Node_id":13867,"weight":1.4624},
{"Node_id":13868,"weight":1.5485},
{"Node_id":13869,"weight":2.3395},
{"Node_id":13870,"weight":1.8895},
{"Node_id":13871,"weight":2.4588},
{"Node_id":13872,"weight":2.2799},
{"Node_id":13873,"weight":2.8652},
{"Node_id":13874,"weight":1.5062},
{"Node_id":13875,"weight":1.4881},
{"Node_id":13876,"weight":1.5842},
{"Node_id":13877,"weight":1.4921},
{"Node_id":13878,"weight":1.8078},
{"Node_id":13879,"weight":1.776},
{"Node_id":13880,"weight":3.305},
{"Node_id":13881,"weight":2.5959},
{"Node_id":13882,"weight":1.6974},
{"Node_id":13883,"weight":2.2196},
{"Node_id":13884,"weight":1.4848},
{"Node_id":13885,"weight":2.881},
{"Node_id":13886,"weight":1.7401},
{"Node_id":13887,"weight":2.3234},
{"Node_id":13888,"weight":1.6208},
{"Node_id":13889,"weight":2.6563},
{"Node_id":13890,"weight":1.6486},
{"Node_id":13891,"weight":1.9332},
{"Node_id":13892,"weight":1.8523},
{"Node_id":13893,"weight":2.8229},
{"Node_id":13894,"weight":2.5579},
{"Node_id":13895,"weight":2.6401},
{"Node_id":13896,"weight":1.5272},
{"Node_id":13897,"weight":1.5368},
{"Node_id":13898,"weight":4.8078},
{"Node_id":13899,"weight":1.9868},
{"Node_id":13901,"weight":1.9287},
{"Node_id":13902,"weight":1.5049},
{"Node_id":13904,"weight":1.5977},
{"Node_id":13905,"weight":2.5489},
{"Node_id":13906,"weight":2.1928},
{"Node_id":13908,"weight":2.3776},
{"Node_id":13909,"weight":2.2799},
{"Node_id":13910,"weight":2.4369},
{"Node_id":13911,"weight":3.0881},
{"Node_id":13912,"weight":1.4565},
{"Node_id":13913,"weight":2.0816},
{"Node_id":13914,"weight":2.7784},
{"Node_id":13916,"weight":2.0907},
{"Node_id":13917,"weight":6.0725},
{"Node_id":13918,"weight":2.8574},
{"Node_id":13919,"weight":1.4178},
{"Node_id":13920,"weight":1.5992},
{"Node_id":13921,"weight":2.1719},
{"Node_id":13922,"weight":1.5035},
{"Node_id":13923,"weight":1.3882},
{"Node_id":13924,"weight":2.2576},
{"Node_id":13925,"weight":3.3652},
{"Node_id":13926,"weight":2.5254},
{"Node_id":13927,"weight":1.7105},
{"Node_id":13928,"weight":4.8458},
{"Node_id":13929,"weight":2.2552},
{"Node_id":13930,"weight":1.3988},
{"Node_id":13931,"weight":1.4172},
{"Node_id":13932,"weight":1.6523},
{"Node_id":13933,"weight":1.7963},
{"Node_id":13934,"weight":4.1002},
{"Node_id":13935,"weight":2.5066},
{"Node_id":13936,"weight":2.5385},
{"Node_id":13937,"weight":2.877},
{"Node_id":13938,"weight":1.9523},
{"Node_id":13939,"weight":2.5714},
{"Node_id":13940,"weight":1.4565},
{"Node_id":13941,"weight":1.744},
{"Node_id":13942,"weight":1.6732},
{"Node_id":13943,"weight":1.798},
{"Node_id":13944,"weight":1.9305},
{"Node_id":13945,"weight":1.4229},
{"Node_id":13946,"weight":1.543},
{"Node_id":13947,"weight":4.1711},
{"Node_id":13948,"weight":2.6711},
{"Node_id":13949,"weight":2.205},
{"Node_id":13950,"weight":3.1347},
{"Node_id":13951,"weight":1.4815},
{"Node_id":13952,"weight":1.752},
{"Node_id":13953,"weight":3.0252},
{"Node_id":13954,"weight":1.6368},
{"Node_id":13955,"weight":2.9593},
{"Node_id":13956,"weight":3.1964},
{"Node_id":13957,"weight":2.0565},
{"Node_id":13958,"weight":1.9296},
{"Node_id":13959,"weight":1.8136},
{"Node_id":13960,"weight":2.2242},
{"Node_id":13961,"weight":2.3571},
{"Node_id":13962,"weight":3.8038},
{"Node_id":13963,"weight":2.0938},
{"Node_id":13964,"weight":2.0745},
{"Node_id":13965,"weight":2.5123},
{"Node_id":13966,"weight":1.5786},
{"Node_id":13967,"weight":1.726},
{"Node_id":13968,"weight":1.4663},
{"Node_id":13969,"weight":2.6563},
{"Node_id":13970,"weight":1.4147},
{"Node_id":13971,"weight":2.9011},
{"Node_id":13972,"weight":5.2347},
{"Node_id":13973,"weight":3.4095},
{"Node_id":13974,"weight":3.4225},
{"Node_id":13975,"weight":1.8557},
{"Node_id":13976,"weight":2.6498},
{"Node_id":13977,"weight":2.1134},
{"Node_id":13978,"weight":2.366},
{"Node_id":13979,"weight":1.9395},
{"Node_id":13980,"weight":3.1859},
{"Node_id":13981,"weight":2.2907},
{"Node_id":13982,"weight":1.8337},
{"Node_id":13983,"weight":1.5652},
{"Node_id":13984,"weight":2.543},
{"Node_id":13985,"weight":5.8061},
{"Node_id":13986,"weight":3.6969},
{"Node_id":13987,"weight":2.1774},
{"Node_id":13988,"weight":1.4795},
{"Node_id":13989,"weight":1.3944},
{"Node_id":13990,"weight":2.3222},
{"Node_id":13991,"weight":1.8012},
{"Node_id":13992,"weight":5.2933},
{"Node_id":13993,"weight":3.3079},
{"Node_id":13994,"weight":4.4278},
{"Node_id":13995,"weight":1.5652},
{"Node_id":13996,"weight":2.5944},
{"Node_id":13997,"weight":2.0856},
{"Node_id":13998,"weight":1.5029},
{"Node_id":13999,"weight":2.8751},
{"Node_id":14000,"weight":1.5361},
{"Node_id":14001,"weight":3.2342},
{"Node_id":14002,"weight":1.9432},
{"Node_id":14003,"weight":1.639},
{"Node_id":14004,"weight":2.0436},
{"Node_id":14007,"weight":5.7105},
{"Node_id":14010,"weight":2.0019},
{"Node_id":14012,"weight":3.9124},
{"Node_id":14015,"weight":1.7841},
{"Node_id":14019,"weight":2.5975},
{"Node_id":14022,"weight":2.1418},
{"Node_id":14024,"weight":1.9098},
{"Node_id":14027,"weight":1.4242},
{"Node_id":14030,"weight":2.5913},
{"Node_id":14033,"weight":1.6822},
{"Node_id":14037,"weight":3.5004},
{"Node_id":14040,"weight":1.4096},
{"Node_id":14044,"weight":1.8834},
{"Node_id":14045,"weight":1.6657},
{"Node_id":14046,"weight":2.0918},
{"Node_id":14047,"weight":4.8588},
{"Node_id":14048,"weight":2.9257},
{"Node_id":14049,"weight":3.4323},
{"Node_id":14055,"weight":1.6258},
{"Node_id":14058,"weight":2.5913},
{"Node_id":14059,"weight":2.0154},
{"Node_id":14060,"weight":1.8756},
{"Node_id":14088,"weight":1.5423},
{"Node_id":14095,"weight":2.5254},
{"Node_id":14096,"weight":1.8808},
{"Node_id":14103,"weight":2.8496},
{"Node_id":14104,"weight":1.8178},
{"Node_id":14112,"weight":1.8153},
{"Node_id":14113,"weight":2.4302},
{"Node_id":14115,"weight":2.2611},
{"Node_id":14116,"weight":4.1982},
{"Node_id":14117,"weight":3.6392},
{"Node_id":14118,"weight":1.9727},
{"Node_id":14119,"weight":5.7414},
{"Node_id":14120,"weight":3.0929},
{"Node_id":14121,"weight":2.3609},
{"Node_id":14122,"weight":1.7113},
{"Node_id":14123,"weight":1.4268},
{"Node_id":14126,"weight":2.9896},
{"Node_id":14127,"weight":2.0938},
{"Node_id":14128,"weight":3.6718},
{"Node_id":14129,"weight":2.1124},
{"Node_id":14130,"weight":2.5519},
{"Node_id":14131,"weight":2.3445},
{"Node_id":14132,"weight":1.5527},
{"Node_id":14133,"weight":1.752},
{"Node_id":14134,"weight":2.7658},
{"Node_id":14135,"weight":1.9241},
{"Node_id":14136,"weight":1.8506},
{"Node_id":14137,"weight":2.4951},
{"Node_id":14138,"weight":3.3168},
{"Node_id":14139,"weight":1.9368},
{"Node_id":14140,"weight":2.2599},
{"Node_id":14141,"weight":1.8532},
{"Node_id":14142,"weight":2.2379},
{"Node_id":14143,"weight":1.8379},
{"Node_id":14144,"weight":3.6718},
{"Node_id":14145,"weight":1.6317},
{"Node_id":14146,"weight":3.7624},
{"Node_id":14147,"weight":1.5617},
{"Node_id":14148,"weight":1.8566},
{"Node_id":14149,"weight":1.8575},
{"Node_id":14150,"weight":1.6013},
{"Node_id":14152,"weight":3.2648},
{"Node_id":14154,"weight":2.508},
{"Node_id":14155,"weight":1.4198},
{"Node_id":14156,"weight":2.4478},
{"Node_id":14157,"weight":3.0184},
{"Node_id":14158,"weight":1.4474},
{"Node_id":14159,"weight":3.0229},
{"Node_id":14160,"weight":2.9529},
{"Node_id":14161,"weight":2.0377},
{"Node_id":14162,"weight":1.5218},
{"Node_id":14165,"weight":2.0555},
{"Node_id":14167,"weight":1.8261},
{"Node_id":14168,"weight":2.887},
{"Node_id":14170,"weight":1.7898},
{"Node_id":14171,"weight":3.3999},
{"Node_id":14172,"weight":2.0545},
{"Node_id":14174,"weight":2.0928},
{"Node_id":14175,"weight":2.0105},
{"Node_id":14176,"weight":1.5582},
{"Node_id":14179,"weight":2.6466},
{"Node_id":14180,"weight":1.4134},
{"Node_id":14181,"weight":1.8186},
{"Node_id":14185,"weight":3.5922},
{"Node_id":14186,"weight":1.8371},
{"Node_id":14187,"weight":2.5564},
{"Node_id":14190,"weight":1.4293},
{"Node_id":14192,"weight":2.2028},
{"Node_id":14193,"weight":3.2905},
{"Node_id":14194,"weight":3.7357},
{"Node_id":14197,"weight":1.6368},
{"Node_id":14198,"weight":1.9188},
{"Node_id":14200,"weight":5.045},
{"Node_id":14201,"weight":3.3168},
{"Node_id":14202,"weight":2.5356},
{"Node_id":14205,"weight":3.8817},
{"Node_id":14206,"weight":2.7839},
{"Node_id":14209,"weight":1.9395},
{"Node_id":14210,"weight":1.4915},
{"Node_id":14211,"weight":1.6936},
{"Node_id":14214,"weight":3.3746},
{"Node_id":14215,"weight":3.3871},
{"Node_id":14219,"weight":1.8843},
{"Node_id":14220,"weight":1.45},
{"Node_id":14221,"weight":2.2847},
{"Node_id":14224,"weight":1.4442},
{"Node_id":14225,"weight":2.9381},
{"Node_id":14230,"weight":1.9662},
{"Node_id":14231,"weight":1.6324},
{"Node_id":14232,"weight":1.7456},
{"Node_id":14235,"weight":1.6717},
{"Node_id":14236,"weight":1.5927},
{"Node_id":14242,"weight":3.1964},
{"Node_id":14243,"weight":1.5069},
{"Node_id":14244,"weight":2.2219},
{"Node_id":14247,"weight":2.3027},
{"Node_id":14248,"weight":3.4063},
{"Node_id":14260,"weight":2.4895},
{"Node_id":14263,"weight":2.2118},
{"Node_id":14267,"weight":1.45},
{"Node_id":14272,"weight":1.656},
{"Node_id":14275,"weight":2.1503},
{"Node_id":14278,"weight":1.4703},
{"Node_id":14281,"weight":3.1148},
{"Node_id":14285,"weight":1.5715},
{"Node_id":14288,"weight":1.5771},
{"Node_id":14290,"weight":2.1093},
{"Node_id":14293,"weight":3.2847},
{"Node_id":14296,"weight":1.8211},
{"Node_id":14298,"weight":1.8992},
{"Node_id":14302,"weight":1.5863},
{"Node_id":14305,"weight":1.4789},
{"Node_id":14307,"weight":1.5541},
{"Node_id":14312,"weight":2.3905},
{"Node_id":14315,"weight":2.2859},
{"Node_id":14317,"weight":4.1002},
{"Node_id":14323,"weight":1.6739},
{"Node_id":14326,"weight":1.4591},
{"Node_id":14328,"weight":2.2344},
{"Node_id":14335,"weight":1.854},
{"Node_id":14338,"weight":2.3027},
{"Node_id":14340,"weight":1.8617},
{"Node_id":14345,"weight":2.5094},
{"Node_id":14348,"weight":2.8535},
{"Node_id":14351,"weight":1.5382},
{"Node_id":14353,"weight":1.812},
{"Node_id":14358,"weight":2.401},
{"Node_id":14359,"weight":6.8113},
{"Node_id":14362,"weight":2.2265},
{"Node_id":14365,"weight":2.5474},
{"Node_id":14367,"weight":1.4948},
{"Node_id":14372,"weight":4.3858},
{"Node_id":14373,"weight":4.3614},
{"Node_id":14374,"weight":3.1807},
{"Node_id":14377,"weight":1.7988},
{"Node_id":14380,"weight":1.8128},
{"Node_id":14382,"weight":2.9174},
{"Node_id":14387,"weight":3.6352},
{"Node_id":14389,"weight":1.9395},
{"Node_id":14393,"weight":2.3711},
{"Node_id":14394,"weight":4.0221},
{"Node_id":14396,"weight":4.1127},
{"Node_id":14398,"weight":2.0615},
{"Node_id":14403,"weight":3.9549},
{"Node_id":14409,"weight":4.833},
{"Node_id":14410,"weight":1.5485},
{"Node_id":14411,"weight":2.3063},
{"Node_id":14412,"weight":1.8957},
{"Node_id":14413,"weight":1.8045},
{"Node_id":14414,"weight":3.1422},
{"Node_id":14415,"weight":4.1914},
{"Node_id":14416,"weight":4.3534},
{"Node_id":14417,"weight":1.6302},
{"Node_id":14418,"weight":1.8738},
{"Node_id":14419,"weight":1.5245},
{"Node_id":14420,"weight":5.0294},
{"Node_id":14421,"weight":1.5807},
{"Node_id":14422,"weight":3.8716},
{"Node_id":14423,"weight":2.2907},
{"Node_id":14424,"weight":2.6612},
{"Node_id":14425,"weight":2.2061},
{"Node_id":14426,"weight":1.5218},
{"Node_id":14427,"weight":2.2017},
{"Node_id":14428,"weight":5.3771},
{"Node_id":14429,"weight":2.3918},
{"Node_id":14430,"weight":1.5327},
{"Node_id":14431,"weight":1.5527},
{"Node_id":14432,"weight":2.2448},
{"Node_id":14433,"weight":2.1752},
{"Node_id":14434,"weight":3.0953},
{"Node_id":14436,"weight":3.1651},
{"Node_id":14439,"weight":1.8103},
{"Node_id":14443,"weight":2.3458},
{"Node_id":14447,"weight":4.1778},
{"Node_id":14448,"weight":2.1155},
{"Node_id":14452,"weight":1.8678},
{"Node_id":14453,"weight":4.8458},
{"Node_id":14454,"weight":2.7218},
{"Node_id":14458,"weight":1.5828},
{"Node_id":14459,"weight":2.0685},
{"Node_id":14460,"weight":4.2051},
{"Node_id":14461,"weight":2.7218},
{"Node_id":14465,"weight":2.9743},
{"Node_id":14466,"weight":2.4155},
{"Node_id":14467,"weight":5.3343},
{"Node_id":14468,"weight":1.5416},
{"Node_id":14469,"weight":2.6861},
{"Node_id":14473,"weight":8.517},
{"Node_id":14474,"weight":3.0095},
{"Node_id":14475,"weight":2.0416},
{"Node_id":14476,"weight":1.9839},
{"Node_id":14477,"weight":1.5561},
{"Node_id":14478,"weight":1.7971},
{"Node_id":14482,"weight":2.474},
{"Node_id":14483,"weight":1.7663},
{"Node_id":14484,"weight":3.0857},
{"Node_id":14485,"weight":1.4921},
{"Node_id":14486,"weight":1.7671},
{"Node_id":14487,"weight":4.4024},
{"Node_id":14488,"weight":1.9652},
{"Node_id":14492,"weight":1.7097},
{"Node_id":14493,"weight":1.6142},
{"Node_id":14494,"weight":2.1972},
{"Node_id":14495,"weight":2.6678},
{"Node_id":14496,"weight":1.4026},
{"Node_id":14497,"weight":2.2764},
{"Node_id":14498,"weight":2.342},
{"Node_id":14502,"weight":2.1197},
{"Node_id":14503,"weight":1.5347},
{"Node_id":14504,"weight":3.279},
{"Node_id":14505,"weight":1.8515},
{"Node_id":14506,"weight":1.5177},
{"Node_id":14507,"weight":2.401},
{"Node_id":14508,"weight":3.2205},
{"Node_id":14509,"weight":4.1254},
{"Node_id":14513,"weight":2.0836},
{"Node_id":14514,"weight":1.5197},
{"Node_id":14515,"weight":1.7825},
{"Node_id":14516,"weight":3.2818},
{"Node_id":14517,"weight":2.3853},
{"Node_id":14518,"weight":1.7074},
{"Node_id":14519,"weight":1.43},
{"Node_id":14521,"weight":3.1912},
{"Node_id":14525,"weight":1.7841},
{"Node_id":14526,"weight":1.4422},
{"Node_id":14527,"weight":2.8191},
{"Node_id":14528,"weight":3.1833},
{"Node_id":14529,"weight":3.3168},
{"Node_id":14530,"weight":2.5066},
{"Node_id":14531,"weight":2.4881},
{"Node_id":14533,"weight":1.6244},
{"Node_id":14534,"weight":1.9532},
{"Node_id":14538,"weight":1.3894},
{"Node_id":14539,"weight":1.5444},
{"Node_id":14540,"weight":2.223},
{"Node_id":14541,"weight":2.3222},
{"Node_id":14542,"weight":3.3197},
{"Node_id":14543,"weight":2.274},
{"Node_id":14544,"weight":2.4356},
{"Node_id":14546,"weight":1.822},
{"Node_id":14547,"weight":1.8583},
{"Node_id":14548,"weight":2.4221},
{"Node_id":14552,"weight":3.2314},
{"Node_id":14553,"weight":1.7151},
{"Node_id":14554,"weight":2.7063},
{"Node_id":14555,"weight":3.9282},
{"Node_id":14556,"weight":1.9934},
{"Node_id":14557,"weight":1.4377},
{"Node_id":14558,"weight":2.0836},
{"Node_id":14560,"weight":1.7089},
{"Node_id":14561,"weight":1.7276},
{"Node_id":14562,"weight":5.5429},
{"Node_id":14563,"weight":1.4371},
{"Node_id":14567,"weight":5.2159},
{"Node_id":14568,"weight":4.9989},
{"Node_id":14569,"weight":4.6053},
{"Node_id":14570,"weight":1.712},
{"Node_id":14571,"weight":1.5389},
{"Node_id":14572,"weight":5.4217},
{"Node_id":14573,"weight":1.7906},
{"Node_id":14575,"weight":1.7198},
{"Node_id":14576,"weight":1.5327},
{"Node_id":14577,"weight":3.2619},
{"Node_id":14579,"weight":5.2347},
{"Node_id":14580,"weight":1.9606},
{"Node_id":14581,"weight":1.7719},
{"Node_id":14582,"weight":1.4474},
{"Node_id":14583,"weight":2.4768},
{"Node_id":14593,"weight":1.8396},
{"Node_id":14594,"weight":1.7417},
{"Node_id":14595,"weight":2.9808},
{"Node_id":14596,"weight":4.3534},
{"Node_id":14597,"weight":2.2529},
{"Node_id":14598,"weight":1.4128},
{"Node_id":14599,"weight":1.5992},
{"Node_id":14600,"weight":1.6762},
{"Node_id":14601,"weight":2.0212},
{"Node_id":14602,"weight":3.0389},
{"Node_id":14603,"weight":3.3377},
{"Node_id":14604,"weight":2.1578},
{"Node_id":14605,"weight":2.5684},
{"Node_id":14606,"weight":3.1222},
{"Node_id":14607,"weight":4.0939},
{"Node_id":14608,"weight":2.5913},
{"Node_id":14610,"weight":1.9792},
{"Node_id":14611,"weight":2.0948},
{"Node_id":14613,"weight":2.9113},
{"Node_id":14614,"weight":1.9699},
{"Node_id":14615,"weight":1.9953},
{"Node_id":14617,"weight":3.7401},
{"Node_id":14618,"weight":1.7639},
{"Node_id":14619,"weight":1.5265},
{"Node_id":14620,"weight":3.6038},
{"Node_id":14622,"weight":1.5963},
{"Node_id":14623,"weight":2.3112},
{"Node_id":14624,"weight":3.1523},
{"Node_id":14625,"weight":2.6434},
{"Node_id":14626,"weight":2.3711},
{"Node_id":14628,"weight":2.6194},
{"Node_id":14629,"weight":1.3995},
{"Node_id":14630,"weight":1.7401},
{"Node_id":14631,"weight":2.9765},
{"Node_id":14632,"weight":2.0685},
{"Node_id":14633,"weight":1.4644},
{"Node_id":14635,"weight":1.6208},
{"Node_id":14636,"weight":1.39},
{"Node_id":14637,"weight":1.9597},
{"Node_id":14638,"weight":2.5836},
{"Node_id":14639,"weight":1.402},
{"Node_id":14640,"weight":2.1082},
{"Node_id":14641,"weight":5.5957},
{"Node_id":14642,"weight":1.8515},
{"Node_id":14643,"weight":1.4928},
{"Node_id":14644,"weight":2.1344},
{"Node_id":14645,"weight":2.4181},
{"Node_id":14646,"weight":2.1884},
{"Node_id":14647,"weight":2.1},
{"Node_id":14649,"weight":2.6337},
{"Node_id":14650,"weight":1.7448},
{"Node_id":14651,"weight":1.6331},
{"Node_id":14652,"weight":2.0397},
{"Node_id":14653,"weight":1.7464},
{"Node_id":14654,"weight":1.9802},
{"Node_id":14655,"weight":2.027},
{"Node_id":14656,"weight":1.5828},
{"Node_id":14657,"weight":3.0504},
{"Node_id":14658,"weight":1.4281},
{"Node_id":14659,"weight":2.1557},
{"Node_id":14660,"weight":1.7881},
{"Node_id":14666,"weight":1.6575},
{"Node_id":14669,"weight":3.2342},
{"Node_id":14670,"weight":2.645},
{"Node_id":14671,"weight":1.575},
{"Node_id":14672,"weight":2.1884},
{"Node_id":14673,"weight":3.3317},
{"Node_id":14674,"weight":1.5089},
{"Node_id":14675,"weight":3.2044},
{"Node_id":14676,"weight":1.7005},
{"Node_id":14677,"weight":1.9505},
{"Node_id":14678,"weight":2.658},
{"Node_id":14679,"weight":1.7703},
{"Node_id":14680,"weight":2.9257},
{"Node_id":14681,"weight":1.5368},
{"Node_id":14682,"weight":2.7445},
{"Node_id":14683,"weight":1.9962},
{"Node_id":14684,"weight":3.4095},
{"Node_id":14685,"weight":1.4578},
{"Node_id":14686,"weight":2.31},
{"Node_id":14687,"weight":2.4951},
{"Node_id":14688,"weight":1.4468},
{"Node_id":14689,"weight":2.0231},
{"Node_id":14690,"weight":2.3445},
{"Node_id":14691,"weight":4.9989},
{"Node_id":14692,"weight":1.4631},
{"Node_id":14693,"weight":5.5957},
{"Node_id":14694,"weight":1.7504},
{"Node_id":14695,"weight":1.5513},
{"Node_id":14696,"weight":1.5764},
{"Node_id":14697,"weight":2.4049},
{"Node_id":14698,"weight":4.4896},
{"Node_id":14699,"weight":3.8567},
{"Node_id":14700,"weight":1.5708},
{"Node_id":14701,"weight":1.5582},
{"Node_id":14702,"weight":3.8616},
{"Node_id":14703,"weight":1.513},
{"Node_id":14704,"weight":5.4448},
{"Node_id":14705,"weight":2.7322},
{"Node_id":14706,"weight":1.4077},
{"Node_id":14707,"weight":6.0725},
{"Node_id":14708,"weight":1.6868},
{"Node_id":14709,"weight":1.4229},
{"Node_id":14710,"weight":2.9423},
{"Node_id":14711,"weight":1.7784},
{"Node_id":14712,"weight":2.0585},
{"Node_id":14713,"weight":1.8506},
{"Node_id":14714,"weight":1.9634},
{"Node_id":14715,"weight":1.702},
{"Node_id":14716,"weight":1.9588},
{"Node_id":14717,"weight":4.212},
{"Node_id":14718,"weight":3.5326},
{"Node_id":14719,"weight":3.248},
{"Node_id":14720,"weight":1.4526},
{"Node_id":14721,"weight":1.4565},
{"Node_id":14722,"weight":2.1093},
{"Node_id":14728,"weight":2.3763},
{"Node_id":14731,"weight":2.0605},
{"Node_id":14735,"weight":1.5191},
{"Node_id":14737,"weight":1.9072},
{"Node_id":14740,"weight":2.4275},
{"Node_id":14742,"weight":2.0241},
{"Node_id":14746,"weight":3.7624},
{"Node_id":14748,"weight":2.9678},
{"Node_id":14753,"weight":1.5596},
{"Node_id":14755,"weight":1.4901},
{"Node_id":14758,"weight":2.1493},
{"Node_id":14760,"weight":2.9917},
{"Node_id":14761,"weight":1.5779},
{"Node_id":14762,"weight":2.1503},
{"Node_id":14763,"weight":1.465},
{"Node_id":14764,"weight":1.9811},
{"Node_id":14765,"weight":1.4526},
{"Node_id":14766,"weight":1.5771},
{"Node_id":14767,"weight":1.8062},
{"Node_id":14768,"weight":2.0125},
{"Node_id":14769,"weight":5.7414},
{"Node_id":14770,"weight":4.1318},
{"Node_id":14771,"weight":2.5371},
{"Node_id":14772,"weight":2.1323},
{"Node_id":14773,"weight":1.4223},
{"Node_id":14774,"weight":4.3858},
{"Node_id":14775,"weight":4.4364},
{"Node_id":14776,"weight":1.4064},
{"Node_id":14777,"weight":1.4533},
{"Node_id":14778,"weight":1.513},
{"Node_id":14779,"weight":1.7036},
{"Node_id":14780,"weight":2.1218},
{"Node_id":14781,"weight":4.4451},
{"Node_id":14782,"weight":1.6538},
{"Node_id":14783,"weight":2.2185},
{"Node_id":14784,"weight":1.7535},
{"Node_id":14785,"weight":2.102},
{"Node_id":14786,"weight":1.397},
{"Node_id":14787,"weight":2.0685},
{"Node_id":14788,"weight":1.8851},
{"Node_id":14789,"weight":1.8379},
{"Node_id":14790,"weight":5.6515},
{"Node_id":14791,"weight":1.8992},
{"Node_id":14792,"weight":1.7939},
{"Node_id":14793,"weight":2.0125},
{"Node_id":14794,"weight":2.5594},
{"Node_id":14795,"weight":1.7244},
{"Node_id":14796,"weight":3.6969},
{"Node_id":14797,"weight":3.1703},
{"Node_id":14798,"weight":1.5184},
{"Node_id":14799,"weight":1.3869},
{"Node_id":14800,"weight":2.1829},
{"Node_id":14801,"weight":2.2196},
{"Node_id":14802,"weight":1.9597},
{"Node_id":14803,"weight":2.8477},
{"Node_id":14804,"weight":1.6694},
{"Node_id":14805,"weight":3.577},
{"Node_id":14806,"weight":2.889},
{"Node_id":14807,"weight":2.885},
{"Node_id":14808,"weight":1.5259},
{"Node_id":14809,"weight":3.8567},
{"Node_id":14810,"weight":3.3079},
{"Node_id":14811,"weight":1.8354},
{"Node_id":14812,"weight":1.7736},
{"Node_id":14813,"weight":3.714},
{"Node_id":14814,"weight":1.8371},
{"Node_id":14815,"weight":2.9808},
{"Node_id":14816,"weight":2.9614},
{"Node_id":14817,"weight":3.4934},
{"Node_id":14818,"weight":1.3882},
{"Node_id":14819,"weight":1.7623},
{"Node_id":14820,"weight":2.3711},
{"Node_id":14821,"weight":1.4313},
{"Node_id":14822,"weight":1.5527},
{"Node_id":14823,"weight":2.2599},
{"Node_id":14824,"weight":2.0029},
{"Node_id":14825,"weight":2.6596},
{"Node_id":14826,"weight":1.9359},
{"Node_id":14827,"weight":2.9381},
{"Node_id":14828,"weight":2.9174},
{"Node_id":14829,"weight":1.6171},
{"Node_id":14830,"weight":1.8103},
{"Node_id":14831,"weight":1.5334},
{"Node_id":14832,"weight":2.887},
{"Node_id":14833,"weight":1.8186},
{"Node_id":14834,"weight":1.9542},
{"Node_id":14845,"weight":1.6785},
{"Node_id":14846,"weight":3.0006},
{"Node_id":14847,"weight":2.1785},
{"Node_id":14848,"weight":3.0786},
{"Node_id":14849,"weight":3.8275},
{"Node_id":14850,"weight":1.7881},
{"Node_id":14851,"weight":3.055},
{"Node_id":14852,"weight":1.9662},
{"Node_id":14853,"weight":2.4671},
{"Node_id":14854,"weight":3.2905},
{"Node_id":14855,"weight":1.901},
{"Node_id":14856,"weight":1.9802},
{"Node_id":14857,"weight":1.9802},
{"Node_id":14858,"weight":7.8236},
{"Node_id":14860,"weight":1.8021},
{"Node_id":14862,"weight":1.6913},
{"Node_id":14863,"weight":2.645},
{"Node_id":14864,"weight":4.0163},
{"Node_id":14865,"weight":1.4915},
{"Node_id":14866,"weight":1.5347},
{"Node_id":14867,"weight":2.6531},
{"Node_id":14868,"weight":2.2611},
{"Node_id":14874,"weight":2.9508},
{"Node_id":14877,"weight":1.9625},
{"Node_id":14878,"weight":3.4456},
{"Node_id":14881,"weight":1.4121},
{"Node_id":14882,"weight":2.7569},
{"Node_id":14883,"weight":5.11},
{"Node_id":14886,"weight":2.3309},
{"Node_id":14887,"weight":1.4468},
{"Node_id":14888,"weight":4.8588},
{"Node_id":14889,"weight":2.1218},
{"Node_id":14892,"weight":2.5327},
{"Node_id":14893,"weight":1.5286},
{"Node_id":14894,"weight":2.1708},
{"Node_id":14895,"weight":1.7792},
{"Node_id":14896,"weight":1.5835},
{"Node_id":14899,"weight":2.0575},
{"Node_id":14900,"weight":1.9662},
{"Node_id":14901,"weight":1.4249},
{"Node_id":14902,"weight":1.9072},
{"Node_id":14903,"weight":1.8635},
{"Node_id":14904,"weight":2.7183},
{"Node_id":14907,"weight":2.1665},
{"Node_id":14908,"weight":2.3944},
{"Node_id":14909,"weight":1.8447},
{"Node_id":14910,"weight":6.1171},
{"Node_id":14911,"weight":2.5564},
{"Node_id":14912,"weight":1.7663},
{"Node_id":14913,"weight":1.9962},
{"Node_id":14916,"weight":1.6317},
{"Node_id":14917,"weight":2.0989},
{"Node_id":14918,"weight":3.1222},
{"Node_id":14919,"weight":2.3737},
{"Node_id":14920,"weight":2.0125},
{"Node_id":14921,"weight":3.6352},
{"Node_id":14922,"weight":5.2539},
{"Node_id":14923,"weight":2.8613},
{"Node_id":14926,"weight":2.6894},
{"Node_id":14927,"weight":1.6215},
{"Node_id":14928,"weight":2.1796},
{"Node_id":14929,"weight":2.6962},
{"Node_id":14930,"weight":2.2611},
{"Node_id":14931,"weight":1.5368},
{"Node_id":14932,"weight":1.5211},
{"Node_id":14933,"weight":1.789},
{"Node_id":14934,"weight":2.2185},
{"Node_id":14937,"weight":1.6157},
{"Node_id":14938,"weight":4.0455},
{"Node_id":14939,"weight":2.9174},
{"Node_id":14940,"weight":2.4519},
{"Node_id":14941,"weight":3.5075},
{"Node_id":14942,"weight":1.5225},
{"Node_id":14943,"weight":1.9953},
{"Node_id":14944,"weight":2.214},
{"Node_id":14945,"weight":2.1312},
{"Node_id":14946,"weight":2.1568},
{"Node_id":14947,"weight":4.3454},
{"Node_id":14948,"weight":2.8248},
{"Node_id":14951,"weight":2.4994},
{"Node_id":14952,"weight":1.748},
{"Node_id":14953,"weight":1.4855},
{"Node_id":14954,"weight":2.764},
{"Node_id":14955,"weight":1.8721},
{"Node_id":14956,"weight":2.4492},
{"Node_id":14957,"weight":1.8904},
{"Node_id":14958,"weight":1.9783},
{"Node_id":14959,"weight":1.6508},
{"Node_id":14960,"weight":2.1302},
{"Node_id":14961,"weight":2.4356},
{"Node_id":14962,"weight":2.0897},
{"Node_id":14963,"weight":3.1322},
{"Node_id":14964,"weight":1.956},
{"Node_id":14965,"weight":4.5362},
{"Node_id":14966,"weight":2.8574},
{"Node_id":14967,"weight":1.925},
{"Node_id":14968,"weight":3.2314},
{"Node_id":14969,"weight":4.6053},
{"Node_id":14970,"weight":2.7839},
{"Node_id":14971,"weight":1.5177},
{"Node_id":14972,"weight":1.414},
{"Node_id":14973,"weight":1.7496},
{"Node_id":14974,"weight":2.0318},
{"Node_id":14975,"weight":3.2424},
{"Node_id":14976,"weight":1.8756},
{"Node_id":15004,"weight":2.4657},
{"Node_id":15011,"weight":1.7671},
{"Node_id":15019,"weight":1.5069},
{"Node_id":15028,"weight":1.8455},
{"Node_id":15031,"weight":1.4442},
{"Node_id":15034,"weight":2.5519},
{"Node_id":15035,"weight":1.6346},
{"Node_id":15036,"weight":2.8343},
{"Node_id":15038,"weight":8.517},
{"Node_id":15041,"weight":1.6508},
{"Node_id":15044,"weight":2.5371},
{"Node_id":15045,"weight":1.414},
{"Node_id":15046,"weight":2.4643},
{"Node_id":15047,"weight":1.8278},
{"Node_id":15048,"weight":2.5867},
{"Node_id":15049,"weight":3.2992},
{"Node_id":15050,"weight":2.5137},
{"Node_id":15051,"weight":1.5701},
{"Node_id":15052,"weight":4.4192},
{"Node_id":15053,"weight":1.4287},
{"Node_id":15054,"weight":2.5836},
{"Node_id":15055,"weight":1.4422},
{"Node_id":15056,"weight":2.4712},
{"Node_id":15057,"weight":3.6154},
{"Node_id":15058,"weight":1.4749},
{"Node_id":15059,"weight":2.1546},
{"Node_id":15060,"weight":2.727},
{"Node_id":15061,"weight":2.8751},
{"Node_id":15062,"weight":3.9604},
{"Node_id":15063,"weight":2.2705},
{"Node_id":15064,"weight":3.6352},
{"Node_id":15065,"weight":1.7663},
{"Node_id":15066,"weight":1.7082},
{"Node_id":15067,"weight":1.8515},
{"Node_id":15068,"weight":3.4865},
{"Node_id":15069,"weight":1.6027},
{"Node_id":15070,"weight":3.4865},
{"Node_id":15071,"weight":1.9027},
{"Node_id":15072,"weight":3.0621},
{"Node_id":15073,"weight":1.6092},
{"Node_id":15074,"weight":2.0897},
{"Node_id":15075,"weight":1.8128},
{"Node_id":15076,"weight":1.4461},
{"Node_id":15077,"weight":2.0446},
{"Node_id":15078,"weight":2.5821},
{"Node_id":15079,"weight":3.4761},
{"Node_id":15080,"weight":1.5062},
{"Node_id":15081,"weight":2.0989},
{"Node_id":15082,"weight":2.3788},
{"Node_id":15083,"weight":1.5485},
{"Node_id":15084,"weight":4.4108},
{"Node_id":15085,"weight":1.6951},
{"Node_id":15086,"weight":1.827},
{"Node_id":15087,"weight":1.4384},
{"Node_id":15088,"weight":2.7551},
{"Node_id":15089,"weight":1.7409},
{"Node_id":15090,"weight":2.1333},
{"Node_id":15091,"weight":1.9634},
{"Node_id":15092,"weight":1.8111},
{"Node_id":15093,"weight":2.7604},
{"Node_id":15094,"weight":1.5779},
{"Node_id":15095,"weight":4.1383},
{"Node_id":15096,"weight":1.4565},
{"Node_id":15097,"weight":3.6233},
{"Node_id":15098,"weight":1.7599},
{"Node_id":15099,"weight":2.5806},
{"Node_id":15100,"weight":1.4096},
{"Node_id":15101,"weight":3.9072},
{"Node_id":15102,"weight":1.8211},
{"Node_id":15103,"weight":2.5312},
{"Node_id":15104,"weight":1.8037},
{"Node_id":15105,"weight":2.9657},
{"Node_id":15106,"weight":2.6514},
{"Node_id":15107,"weight":1.4229},
{"Node_id":15108,"weight":2.7132},
{"Node_id":15109,"weight":1.8404},
{"Node_id":15110,"weight":1.9332},
{"Node_id":15111,"weight":2.5867},
{"Node_id":15112,"weight":1.6694},
{"Node_id":15113,"weight":4.119},
{"Node_id":15114,"weight":2.4937},
{"Node_id":15115,"weight":3.9992},
{"Node_id":15116,"weight":1.9268},
{"Node_id":15117,"weight":1.4351},
{"Node_id":15118,"weight":1.5361},
{"Node_id":15119,"weight":1.6501},
{"Node_id":15120,"weight":1.9001},
{"Node_id":15121,"weight":3.7401},
{"Node_id":15122,"weight":1.4293},
{"Node_id":15123,"weight":2.1961},
{"Node_id":15124,"weight":2.7876},
{"Node_id":15127,"weight":1.3995},
{"Node_id":15131,"weight":2.5283},
{"Node_id":15136,"weight":1.8161},
{"Node_id":15142,"weight":0.1294},
{"Node_id":15143,"weight":1.2721},
{"Node_id":15144,"weight":3.2676},
{"Node_id":15146,"weight":2.8691},
{"Node_id":15149,"weight":1.4204},
{"Node_id":15150,"weight":0.4561},
{"Node_id":15151,"weight":2.7046},
{"Node_id":15154,"weight":1.62},
{"Node_id":15156,"weight":0.6955},
{"Node_id":15157,"weight":2.5166},
{"Node_id":15158,"weight":5.4448},
{"Node_id":15160,"weight":0.6239},
{"Node_id":15164,"weight":1.9569},
{"Node_id":15165,"weight":1.6822},
{"Node_id":15172,"weight":2.0755},
{"Node_id":15174,"weight":0.4084},
{"Node_id":15175,"weight":2.3185},
{"Node_id":15186,"weight":1.2448}]