[{"Inferred_node_ids":[45],"Node_id":2814},
{"Inferred_node_ids":[71],"Node_id":2815},
{"Inferred_node_ids":[49],"Node_id":2816},
{"Inferred_node_ids":[42],"Node_id":2817},
{"Inferred_node_ids":[70],"Node_id":2818},
{"Inferred_node_ids":[40],"Node_id":2819},
{"Inferred_node_ids":[65],"Node_id":2820},
{"Inferred_node_ids":[67],"Node_id":3665},
{"Inferred_node_ids":[50],"Node_id":3666},
{"Inferred_node_ids":[56],"Node_id":3667},
{"Inferred_node_ids":[48],"Node_id":3668},
{"Inferred_node_ids":[68],"Node_id":3669},
{"Inferred_node_ids":[55],"Node_id":3670},
{"Inferred_node_ids":[35],"Node_id":3840},
{"Inferred_node_ids":[36],"Node_id":3841},
{"Inferred_node_ids":[60],"Node_id":3842},
{"Inferred_node_ids":[57],"Node_id":3843},
{"Inferred_node_ids":[58],"Node_id":3845},
{"Inferred_node_ids":[47],"Node_id":3846},
{"Inferred_node_ids":[69],"Node_id":3847},
{"Inferred_node_ids":[53],"Node_id":3848},
{"Inferred_node_ids":[59],"Node_id":3849},
{"Inferred_node_ids":[51],"Node_id":3850},
{"Inferred_node_ids":[43],"Node_id":3851},
{"Inferred_node_ids":[39],"Node_id":3853},
{"Inferred_node_ids":[62],"Node_id":3854},
{"Inferred_node_ids":[44],"Node_id":3855},
{"Inferred_node_ids":[61],"Node_id":3856},
{"Inferred_node_ids":[63],"Node_id":3857},
{"Inferred_node_ids":[41],"Node_id":3858},
{"Inferred_node_ids":[64],"Node_id":3859},
{"Inferred_node_ids":[52],"Node_id":6290},
{"Inferred_node_ids":[46],"Node_id":6291},
{"Inferred_node_ids":[66],"Node_id":6292},
{"Inferred_node_ids":[38],"Node_id":6293},
{"Inferred_node_ids":[54],"Node_id":6294},
{"Inferred_node_ids":[37],"Node_id":6295}]