[{"Node_id":0,"weight":1.1909},
{"Node_id":2,"weight":0.5862},
{"Node_id":4,"weight":0.8978},
{"Node_id":14,"weight":1.3075},
{"Node_id":15,"weight":1.4941},
{"Node_id":16,"weight":0.7639},
{"Node_id":17,"weight":0.058},
{"Node_id":18,"weight":2.8991},
{"Node_id":43,"weight":1.6982},
{"Node_id":47,"weight":1.047},
{"Node_id":48,"weight":1.3714},
{"Node_id":50,"weight":3.3746},
{"Node_id":52,"weight":0.938},
{"Node_id":54,"weight":0.3503},
{"Node_id":55,"weight":1.2832},
{"Node_id":58,"weight":1.9259},
{"Node_id":59,"weight":0.3685},
{"Node_id":60,"weight":1.0748},
{"Node_id":62,"weight":0.3011},
{"Node_id":65,"weight":3.3683},
{"Node_id":75,"weight":2.0979},
{"Node_id":77,"weight":0.2201},
{"Node_id":78,"weight":1.1942},
{"Node_id":84,"weight":0.6816},
{"Node_id":85,"weight":2.2943},
{"Node_id":88,"weight":0.0388},
{"Node_id":89,"weight":0.4276},
{"Node_id":91,"weight":4.5653},
{"Node_id":93,"weight":1.058},
{"Node_id":97,"weight":2.7551},
{"Node_id":100,"weight":2.9174},
{"Node_id":103,"weight":0.98},
{"Node_id":105,"weight":0.5902},
{"Node_id":109,"weight":1.4611},
{"Node_id":111,"weight":2.3801},
{"Node_id":114,"weight":0.8934},
{"Node_id":117,"weight":1.0997},
{"Node_id":120,"weight":1.45},
{"Node_id":122,"weight":0.2481},
{"Node_id":126,"weight":1.1494},
{"Node_id":129,"weight":5.8061},
{"Node_id":171,"weight":0.0528},
{"Node_id":174,"weight":0.5481},
{"Node_id":243,"weight":0.7391},
{"Node_id":246,"weight":0.988},
{"Node_id":251,"weight":0.8998},
{"Node_id":256,"weight":0.8891},
{"Node_id":260,"weight":0.0228},
{"Node_id":262,"weight":0.7268},
{"Node_id":266,"weight":1.3794},
{"Node_id":268,"weight":2.4923},
{"Node_id":270,"weight":1.5451},
{"Node_id":273,"weight":4.2915},
{"Node_id":275,"weight":0.909},
{"Node_id":281,"weight":0.3064},
{"Node_id":282,"weight":2.4089},
{"Node_id":283,"weight":0.2096},
{"Node_id":284,"weight":0.3789},
{"Node_id":285,"weight":1.5116},
{"Node_id":287,"weight":2.895},
{"Node_id":537,"weight":1.6121},
{"Node_id":540,"weight":0.6151},
{"Node_id":542,"weight":3.1099},
{"Node_id":544,"weight":2.8305},
{"Node_id":545,"weight":1.119},
{"Node_id":551,"weight":0.4515},
{"Node_id":553,"weight":2.1302},
{"Node_id":706,"weight":0.3693},
{"Node_id":708,"weight":0.0124},
{"Node_id":725,"weight":1.9625},
{"Node_id":727,"weight":0.612},
{"Node_id":728,"weight":1.4384},
{"Node_id":781,"weight":2.7357},
{"Node_id":782,"weight":2.1365},
{"Node_id":785,"weight":0.4255},
{"Node_id":844,"weight":0.0704},
{"Node_id":846,"weight":1.631},
{"Node_id":847,"weight":1.9542},
{"Node_id":885,"weight":0.281},
{"Node_id":886,"weight":5.4685},
{"Node_id":889,"weight":0.5797},
{"Node_id":890,"weight":1.5279},
{"Node_id":891,"weight":1.4835},
{"Node_id":892,"weight":2.6761},
{"Node_id":893,"weight":0.4009},
{"Node_id":897,"weight":0.638},
{"Node_id":899,"weight":2.2028},
{"Node_id":904,"weight":0.6195},
{"Node_id":906,"weight":0.3714},
{"Node_id":909,"weight":1.3334},
{"Node_id":910,"weight":1.2803},
{"Node_id":912,"weight":1.2587},
{"Node_id":914,"weight":1.4975},
{"Node_id":916,"weight":1.1703},
{"Node_id":924,"weight":1.9081},
{"Node_id":927,"weight":0.8833},
{"Node_id":929,"weight":1.2454},
{"Node_id":931,"weight":0.8559},
{"Node_id":934,"weight":2.375},
{"Node_id":940,"weight":0.6522},
{"Node_id":943,"weight":1.5306},
{"Node_id":944,"weight":0.8545},
{"Node_id":945,"weight":0.6256},
{"Node_id":949,"weight":0.9061},
{"Node_id":952,"weight":0.1121},
{"Node_id":953,"weight":1.5729},
{"Node_id":955,"weight":0.0536},
{"Node_id":957,"weight":1.3455},
{"Node_id":971,"weight":0.4785},
{"Node_id":974,"weight":2.2764},
{"Node_id":979,"weight":0.8274},
{"Node_id":982,"weight":0.0752},
{"Node_id":983,"weight":2.1103},
{"Node_id":989,"weight":2.4643},
{"Node_id":990,"weight":0.3722},
{"Node_id":991,"weight":1.7955},
{"Node_id":1073,"weight":3.5362},
{"Node_id":1083,"weight":1.4982},
{"Node_id":1095,"weight":1.8816},
{"Node_id":1097,"weight":0.7866},
{"Node_id":1098,"weight":1.2756},
{"Node_id":1099,"weight":0.056},
{"Node_id":1101,"weight":3.0343},
{"Node_id":1169,"weight":0.8071},
{"Node_id":1170,"weight":1.7623},
{"Node_id":1202,"weight":1.4723},
{"Node_id":1208,"weight":0.588},
{"Node_id":1210,"weight":1.3738},
{"Node_id":1211,"weight":0.8731},
{"Node_id":1216,"weight":0.3648},
{"Node_id":1217,"weight":1.9259},
{"Node_id":1219,"weight":0.9071},
{"Node_id":1232,"weight":3.3438},
{"Node_id":1239,"weight":1.5272},
{"Node_id":1245,"weight":0.4105},
{"Node_id":9988,"weight":1.9214},
{"Node_id":9992,"weight":2.184},
{"Node_id":9993,"weight":3.483},
{"Node_id":9994,"weight":2.2799},
{"Node_id":9996,"weight":1.9802},
{"Node_id":9997,"weight":2.5051},
{"Node_id":9999,"weight":2.3015},
{"Node_id":10000,"weight":2.2634},
{"Node_id":10001,"weight":2.4994},
{"Node_id":10004,"weight":1.6493},
{"Node_id":10006,"weight":2.0367},
{"Node_id":10007,"weight":1.4319},
{"Node_id":10008,"weight":3.8918},
{"Node_id":10010,"weight":1.8825},
{"Node_id":10014,"weight":2.321},
{"Node_id":10015,"weight":1.6936},
{"Node_id":10020,"weight":2.4195},
{"Node_id":10022,"weight":1.8203},
{"Node_id":10024,"weight":2.184},
{"Node_id":10025,"weight":1.7036},
{"Node_id":10030,"weight":2.7912},
{"Node_id":10036,"weight":3.7945},
{"Node_id":10040,"weight":1.5736},
{"Node_id":10041,"weight":1.9597},
{"Node_id":10043,"weight":1.4474},
{"Node_id":10045,"weight":2.0241},
{"Node_id":10067,"weight":2.4866},
{"Node_id":10070,"weight":3.2124},
{"Node_id":10071,"weight":2.5123},
{"Node_id":10074,"weight":1.744},
{"Node_id":10078,"weight":1.8643},
{"Node_id":10080,"weight":1.7036},
{"Node_id":10081,"weight":2.5852},
{"Node_id":10084,"weight":3.9713},
{"Node_id":10086,"weight":2.0212},
{"Node_id":10087,"weight":1.3976},
{"Node_id":10088,"weight":1.5513},
{"Node_id":10090,"weight":1.5492},
{"Node_id":10091,"weight":2.0456},
{"Node_id":10093,"weight":2.0595},
{"Node_id":10097,"weight":1.8421},
{"Node_id":10099,"weight":3.429},
{"Node_id":10101,"weight":2.001},
{"Node_id":10102,"weight":1.6353},
{"Node_id":10103,"weight":1.4539},
{"Node_id":10104,"weight":4.219},
{"Node_id":10120,"weight":1.5638},
{"Node_id":10124,"weight":2.4102},
{"Node_id":10130,"weight":1.6034},
{"Node_id":10134,"weight":1.9532},
{"Node_id":10135,"weight":2.1928},
{"Node_id":10136,"weight":1.6493},
{"Node_id":10138,"weight":2.3983},
{"Node_id":10143,"weight":2.3271},
{"Node_id":10145,"weight":1.5764},
{"Node_id":10147,"weight":2.7115},
{"Node_id":10153,"weight":4.2766},
{"Node_id":10155,"weight":3.2397},
{"Node_id":10157,"weight":5.2159},
{"Node_id":10161,"weight":1.5666},
{"Node_id":10164,"weight":1.866},
{"Node_id":10166,"weight":2.1218},
{"Node_id":10168,"weight":3.596},
{"Node_id":10171,"weight":2.887},
{"Node_id":10295,"weight":3.3227},
{"Node_id":10811,"weight":2.0887},
{"Node_id":11050,"weight":2.2196},
{"Node_id":11053,"weight":2.9635},
{"Node_id":11054,"weight":3.9549},
{"Node_id":11055,"weight":1.4474},
{"Node_id":11057,"weight":2.3996},
{"Node_id":11058,"weight":1.7433},
{"Node_id":11059,"weight":2.1807},
{"Node_id":11060,"weight":2.3866},
{"Node_id":11061,"weight":1.3919},
{"Node_id":11067,"weight":2.0938},
{"Node_id":11070,"weight":2.3433},
{"Node_id":11072,"weight":2.5504},
{"Node_id":11074,"weight":2.5519},
{"Node_id":11076,"weight":2.3648},
{"Node_id":11080,"weight":1.4481},
{"Node_id":11082,"weight":5.2933},
{"Node_id":11083,"weight":1.4313},
{"Node_id":11085,"weight":1.9305},
{"Node_id":11087,"weight":2.5195},
{"Node_id":11089,"weight":3.2151},
{"Node_id":11090,"weight":2.3271},
{"Node_id":11092,"weight":4.6469},
{"Node_id":11093,"weight":2.2943},
{"Node_id":11094,"weight":3.4523},
{"Node_id":11098,"weight":1.6142},
{"Node_id":11100,"weight":3.0006},
{"Node_id":11112,"weight":3.4225},
{"Node_id":11118,"weight":1.8704},
{"Node_id":11120,"weight":1.452},
{"Node_id":11121,"weight":3.6677},
{"Node_id":11123,"weight":1.6405},
{"Node_id":11127,"weight":1.6627},
{"Node_id":11128,"weight":3.1173},
{"Node_id":11132,"weight":2.9786},
{"Node_id":11134,"weight":1.7151},
{"Node_id":11138,"weight":1.7448},
{"Node_id":11179,"weight":1.4822},
{"Node_id":11180,"weight":3.7852},
{"Node_id":11182,"weight":2.1218},
{"Node_id":11185,"weight":5.9496},
{"Node_id":11186,"weight":2.1961},
{"Node_id":11187,"weight":1.86},
{"Node_id":11191,"weight":4.1711},
{"Node_id":11194,"weight":2.4629},
{"Node_id":11196,"weight":4.6259},
{"Node_id":11197,"weight":4.5555},
{"Node_id":11200,"weight":1.8921},
{"Node_id":11202,"weight":1.4261},
{"Node_id":11206,"weight":1.4815},
{"Node_id":11208,"weight":1.5451},
{"Node_id":11211,"weight":2.579},
{"Node_id":11214,"weight":1.5361},
{"Node_id":11215,"weight":1.8371},
{"Node_id":11217,"weight":2.5654},
{"Node_id":11231,"weight":2.2494},
{"Node_id":11232,"weight":2.5669},
{"Node_id":11234,"weight":2.8439},
{"Node_id":11235,"weight":2.3371},
{"Node_id":11236,"weight":1.3913},
{"Node_id":11238,"weight":2.7712},
{"Node_id":11240,"weight":1.9386},
{"Node_id":11247,"weight":1.4364},
{"Node_id":11254,"weight":1.4855},
{"Node_id":11256,"weight":1.421},
{"Node_id":11258,"weight":2.6434},
{"Node_id":11259,"weight":1.6777},
{"Node_id":11263,"weight":2.4168},
{"Node_id":11496,"weight":5.4217},
{"Node_id":11497,"weight":5.5429},
{"Node_id":11501,"weight":3.3377},
{"Node_id":11560,"weight":5.045},
{"Node_id":11561,"weight":3.8766},
{"Node_id":11563,"weight":1.7354},
{"Node_id":11565,"weight":1.7198},
{"Node_id":11568,"weight":3.6076},
{"Node_id":11570,"weight":3.6273},
{"Node_id":11571,"weight":3.7401},
{"Node_id":11576,"weight":1.6419},
{"Node_id":11578,"weight":2.0212},
{"Node_id":11580,"weight":3.8469},
{"Node_id":11582,"weight":1.4742},
{"Node_id":11583,"weight":1.4881},
{"Node_id":11584,"weight":1.9523},
{"Node_id":11586,"weight":2.0575},
{"Node_id":11587,"weight":1.7922},
{"Node_id":11592,"weight":5.4927},
{"Node_id":11595,"weight":3.7446},
{"Node_id":11598,"weight":3.5075},
{"Node_id":11599,"weight":1.7472},
{"Node_id":11602,"weight":2.5519},
{"Node_id":11604,"weight":3.8372},
{"Node_id":11605,"weight":2.0615},
{"Node_id":11609,"weight":1.812},
{"Node_id":11611,"weight":1.7567},
{"Node_id":11613,"weight":2.1906},
{"Node_id":11615,"weight":2.9465},
{"Node_id":11617,"weight":3.6432},
{"Node_id":11618,"weight":5.1441},
{"Node_id":11620,"weight":3.0978},
{"Node_id":11621,"weight":3.8132},
{"Node_id":11623,"weight":2.401},
{"Node_id":11625,"weight":1.515},
{"Node_id":11626,"weight":2.9072},
{"Node_id":11627,"weight":1.8575},
{"Node_id":11628,"weight":3.0644},
{"Node_id":11630,"weight":2.3039},
{"Node_id":11635,"weight":2.025},
{"Node_id":11647,"weight":3.9658},
{"Node_id":11653,"weight":2.8381},
{"Node_id":11655,"weight":2.0338},
{"Node_id":11657,"weight":1.9323},
{"Node_id":11665,"weight":2.6337},
{"Node_id":11666,"weight":1.5485},
{"Node_id":11667,"weight":2.5297},
{"Node_id":11669,"weight":1.7663},
{"Node_id":11671,"weight":1.4422},
{"Node_id":11673,"weight":1.5729},
{"Node_id":11675,"weight":2.7409},
{"Node_id":11707,"weight":2.8711},
{"Node_id":11709,"weight":1.5659},
{"Node_id":11710,"weight":1.4782},
{"Node_id":11712,"weight":2.4796},
{"Node_id":11714,"weight":5.4927},
{"Node_id":11726,"weight":1.4862},
{"Node_id":11729,"weight":2.1622},
{"Node_id":11730,"weight":1.8253},
{"Node_id":11731,"weight":2.1928},
{"Node_id":11733,"weight":1.656},
{"Node_id":11737,"weight":1.6027},
{"Node_id":11739,"weight":1.8609},
{"Node_id":11744,"weight":2.6928},
{"Node_id":11745,"weight":3.3903},
{"Node_id":11751,"weight":2.6147},
{"Node_id":11755,"weight":4.1513},
{"Node_id":11757,"weight":1.5197},
{"Node_id":11758,"weight":3.4356},
{"Node_id":11759,"weight":4.4538},
{"Node_id":11760,"weight":3.2507},
{"Node_id":11761,"weight":1.4775},
{"Node_id":11762,"weight":3.6595},
{"Node_id":11765,"weight":1.8354},
{"Node_id":11766,"weight":2.7857},
{"Node_id":11769,"weight":1.8643},
{"Node_id":11770,"weight":2.1354},
{"Node_id":11774,"weight":2.5882},
{"Node_id":11778,"weight":2.6466},
{"Node_id":11779,"weight":2.1796},
{"Node_id":11781,"weight":3.562},
{"Node_id":11785,"weight":2.6022},
{"Node_id":11787,"weight":2.2716},
{"Node_id":11789,"weight":1.7543},
{"Node_id":11791,"weight":1.9098},
{"Node_id":11793,"weight":2.4519},
{"Node_id":11795,"weight":2.6434},
{"Node_id":11798,"weight":1.7711},
{"Node_id":11800,"weight":1.5485},
{"Node_id":11802,"weight":3.1222},
{"Node_id":11803,"weight":2.1752},
{"Node_id":11804,"weight":2.6321},
{"Node_id":11805,"weight":2.7183},
{"Node_id":11807,"weight":3.1026},
{"Node_id":11811,"weight":2.2576},
{"Node_id":11812,"weight":3.1625},
{"Node_id":11814,"weight":2.3814},
{"Node_id":11837,"weight":2.3827},
{"Node_id":11838,"weight":2.1514},
{"Node_id":11843,"weight":1.5899},
{"Node_id":11844,"weight":1.4941},
{"Node_id":11846,"weight":2.9984},
{"Node_id":11847,"weight":2.2084},
{"Node_id":11849,"weight":3.105},
{"Node_id":11850,"weight":2.1145},
{"Node_id":11890,"weight":1.7105},
{"Node_id":11891,"weight":2.1239},
{"Node_id":11893,"weight":2.7115},
{"Node_id":11895,"weight":1.6383},
{"Node_id":11897,"weight":3.6392},
{"Node_id":11900,"weight":1.7089},
{"Node_id":11903,"weight":3.3871},
{"Node_id":11904,"weight":2.9277},
{"Node_id":11905,"weight":4.5653},
{"Node_id":11909,"weight":1.5779},
{"Node_id":11910,"weight":3.8085},
{"Node_id":11913,"weight":1.6179},
{"Node_id":11915,"weight":2.4588},
{"Node_id":11916,"weight":1.6478},
{"Node_id":11918,"weight":2.342},
{"Node_id":11921,"weight":2.2681},
{"Node_id":11923,"weight":1.5109},
{"Node_id":11924,"weight":2.4519},
{"Node_id":11925,"weight":1.7105},
{"Node_id":11929,"weight":1.5807},
{"Node_id":11930,"weight":2.7586},
{"Node_id":11931,"weight":2.885},
{"Node_id":11933,"weight":3.3683},
{"Node_id":11940,"weight":2.0565},
{"Node_id":11942,"weight":1.4121},
{"Node_id":11944,"weight":1.7136},
{"Node_id":11946,"weight":1.7182},
{"Node_id":11947,"weight":1.6486},
{"Node_id":11948,"weight":3.5435},
{"Node_id":11956,"weight":3.2591},
{"Node_id":11957,"weight":1.6754},
{"Node_id":11961,"weight":2.1155},
{"Node_id":11963,"weight":1.4014},
{"Node_id":11964,"weight":1.7417},
{"Node_id":11971,"weight":2.8633},
{"Node_id":11978,"weight":4.0163},
{"Node_id":11980,"weight":1.7051},
{"Node_id":11982,"weight":1.8913},
{"Node_id":11986,"weight":1.5999},
{"Node_id":12087,"weight":1.8379},
{"Node_id":12088,"weight":1.3907},
{"Node_id":12093,"weight":2.4966},
{"Node_id":12095,"weight":3.562},
{"Node_id":12096,"weight":4.9548},
{"Node_id":12098,"weight":2.1873},
{"Node_id":12215,"weight":1.7988},
{"Node_id":12217,"weight":1.4802},
{"Node_id":12219,"weight":4.0634},
{"Node_id":12221,"weight":3.3347},
{"Node_id":12223,"weight":3.3777},
{"Node_id":12225,"weight":1.4178},
{"Node_id":12227,"weight":2.3788},
{"Node_id":12229,"weight":1.6664},
{"Node_id":12231,"weight":1.9143},
{"Node_id":12232,"weight":1.6523},
{"Node_id":12233,"weight":1.6538},
{"Node_id":12237,"weight":2.3584},
{"Node_id":12239,"weight":2.5224},
{"Node_id":12242,"weight":1.8834},
{"Node_id":12247,"weight":1.6627},
{"Node_id":12249,"weight":2.0605},
{"Node_id":12254,"weight":1.6982},
{"Node_id":12255,"weight":2.4505},
{"Node_id":12257,"weight":1.7825},
{"Node_id":12394,"weight":1.6186},
{"Node_id":13003,"weight":1.9746},
{"Node_id":13140,"weight":1.7043},
{"Node_id":13141,"weight":1.6612},
{"Node_id":13144,"weight":2.2208},
{"Node_id":13148,"weight":3.2017},
{"Node_id":13150,"weight":2.9939},
{"Node_id":13154,"weight":2.0038},
{"Node_id":13159,"weight":1.5892},
{"Node_id":13161,"weight":1.7377},
{"Node_id":13162,"weight":2.3321},
{"Node_id":13164,"weight":4.284},
{"Node_id":13168,"weight":2.3271},
{"Node_id":13172,"weight":2.5609},
{"Node_id":13174,"weight":2.0358},
{"Node_id":13180,"weight":2.1611},
{"Node_id":13186,"weight":2.8191},
{"Node_id":13191,"weight":6.1637},
{"Node_id":13193,"weight":3.3287},
{"Node_id":13195,"weight":2.1165},
{"Node_id":13196,"weight":1.5022},
{"Node_id":13197,"weight":2.5066},
{"Node_id":13205,"weight":2.955},
{"Node_id":13281,"weight":1.5949},
{"Node_id":13285,"weight":1.5582},
{"Node_id":13287,"weight":3.4095},
{"Node_id":13289,"weight":3.8132},
{"Node_id":13291,"weight":8.1114},
{"Node_id":13293,"weight":6.5699},
{"Node_id":13299,"weight":2.0959},
{"Node_id":13301,"weight":2.2907},
{"Node_id":13303,"weight":3.8372},
{"Node_id":13305,"weight":2.5775},
{"Node_id":13308,"weight":2.5297},
{"Node_id":13314,"weight":1.7346},
{"Node_id":13315,"weight":1.7252},
{"Node_id":13318,"weight":1.9487},
{"Node_id":13320,"weight":2.4221},
{"Node_id":13322,"weight":2.1031},
{"Node_id":13323,"weight":1.7607},
{"Node_id":13325,"weight":2.3321},
{"Node_id":13336,"weight":3.7579},
{"Node_id":13344,"weight":2.6678},
{"Node_id":13346,"weight":1.5245},
{"Node_id":13348,"weight":1.9896},
{"Node_id":13350,"weight":2.5023},
{"Node_id":13352,"weight":1.7151},
{"Node_id":13354,"weight":1.9634},
{"Node_id":13447,"weight":2.6482},
{"Node_id":13449,"weight":2.2634},
{"Node_id":13451,"weight":1.397},
{"Node_id":13453,"weight":1.9468},
{"Node_id":13456,"weight":1.53},
{"Node_id":13532,"weight":2.9808},
{"Node_id":13534,"weight":1.935},
{"Node_id":13535,"weight":1.6792},
{"Node_id":13541,"weight":1.4848},
{"Node_id":13543,"weight":3.1833},
{"Node_id":13545,"weight":1.659},
{"Node_id":13550,"weight":2.7235},
{"Node_id":13555,"weight":1.5652},
{"Node_id":13556,"weight":2.6945},
{"Node_id":13558,"weight":1.5715},
{"Node_id":13559,"weight":1.4723},
{"Node_id":13560,"weight":3.0435},
{"Node_id":13562,"weight":2.1312},
{"Node_id":13563,"weight":1.5002},
{"Node_id":13565,"weight":2.0745},
{"Node_id":13566,"weight":1.4822},
{"Node_id":13567,"weight":1.4848},
{"Node_id":13568,"weight":2.0436},
{"Node_id":13572,"weight":3.1651},
{"Node_id":13575,"weight":1.4975},
{"Node_id":13583,"weight":1.6906},
{"Node_id":13584,"weight":1.7736},
{"Node_id":13586,"weight":2.7857},
{"Node_id":13587,"weight":2.3546},
{"Node_id":13589,"weight":4.0694},
{"Node_id":13590,"weight":2.4671},
{"Node_id":13592,"weight":1.752},
{"Node_id":13593,"weight":2.0038},
{"Node_id":13596,"weight":1.4835},
{"Node_id":13598,"weight":2.727},
{"Node_id":13600,"weight":2.3648},
{"Node_id":13601,"weight":3.596},
{"Node_id":13605,"weight":2.3866},
{"Node_id":13607,"weight":1.4624},
{"Node_id":13609,"weight":2.3395},
{"Node_id":13611,"weight":2.4588},
{"Node_id":13613,"weight":2.8652},
{"Node_id":13614,"weight":1.5062},
{"Node_id":13615,"weight":1.4881},
{"Node_id":13617,"weight":1.4921},
{"Node_id":13619,"weight":1.776},
{"Node_id":13622,"weight":1.6974},
{"Node_id":13625,"weight":2.881},
{"Node_id":13629,"weight":2.6563},
{"Node_id":13630,"weight":1.6486},
{"Node_id":13631,"weight":1.9332},
{"Node_id":13632,"weight":1.8523},
{"Node_id":13633,"weight":2.8229},
{"Node_id":13658,"weight":2.8574},
{"Node_id":13661,"weight":2.1719},
{"Node_id":13662,"weight":1.5035},
{"Node_id":13663,"weight":1.3882},
{"Node_id":13665,"weight":3.3652},
{"Node_id":13667,"weight":1.7105},
{"Node_id":13669,"weight":2.2552},
{"Node_id":13670,"weight":1.3988},
{"Node_id":13673,"weight":1.7963},
{"Node_id":13674,"weight":4.1002},
{"Node_id":13675,"weight":2.5066},
{"Node_id":13677,"weight":2.877},
{"Node_id":13680,"weight":1.4565},
{"Node_id":13687,"weight":4.1711},
{"Node_id":13689,"weight":2.205},
{"Node_id":13690,"weight":3.1347},
{"Node_id":13692,"weight":1.752},
{"Node_id":13693,"weight":3.0252},
{"Node_id":13697,"weight":2.0565},
{"Node_id":13699,"weight":1.8136},
{"Node_id":13700,"weight":2.2242},
{"Node_id":13703,"weight":2.0938},
{"Node_id":13704,"weight":2.0745},
{"Node_id":13706,"weight":1.5786},
{"Node_id":13708,"weight":1.4663},
{"Node_id":13712,"weight":5.2347},
{"Node_id":13715,"weight":1.8557},
{"Node_id":13718,"weight":2.366},
{"Node_id":13720,"weight":3.1859},
{"Node_id":13722,"weight":1.8337},
{"Node_id":13724,"weight":2.543},
{"Node_id":13728,"weight":1.4795},
{"Node_id":13729,"weight":1.3944},
{"Node_id":13732,"weight":5.2933},
{"Node_id":13735,"weight":1.5652},
{"Node_id":13741,"weight":3.2342},
{"Node_id":13744,"weight":2.0436},
{"Node_id":13747,"weight":5.7105},
{"Node_id":13786,"weight":2.0918},
{"Node_id":13787,"weight":4.8588},
{"Node_id":13789,"weight":3.4323},
{"Node_id":13857,"weight":1.9727},
{"Node_id":13859,"weight":3.0929},
{"Node_id":13860,"weight":2.3609},
{"Node_id":13865,"weight":2.9896},
{"Node_id":13868,"weight":2.1124},
{"Node_id":13870,"weight":2.3445},
{"Node_id":13872,"weight":1.752},
{"Node_id":13874,"weight":1.9241},
{"Node_id":13876,"weight":2.4951},
{"Node_id":13879,"weight":2.2599},
{"Node_id":13880,"weight":1.8532},
{"Node_id":13882,"weight":1.8379},
{"Node_id":13884,"weight":1.6317},
{"Node_id":13887,"weight":1.8566},
{"Node_id":13889,"weight":1.6013},
{"Node_id":13895,"weight":2.4478},
{"Node_id":13896,"weight":1.4474},
{"Node_id":13897,"weight":3.0229},
{"Node_id":13899,"weight":1.5218},
{"Node_id":14135,"weight":1.8957},
{"Node_id":14138,"weight":4.1914},
{"Node_id":14140,"weight":1.6302},
{"Node_id":14142,"weight":1.5245},
{"Node_id":14143,"weight":5.0294},
{"Node_id":14149,"weight":1.5218},
{"Node_id":14151,"weight":5.3771},
{"Node_id":14153,"weight":1.5327},
{"Node_id":14301,"weight":1.7719},
{"Node_id":14303,"weight":2.4768},
{"Node_id":14315,"weight":2.9808},
{"Node_id":14316,"weight":4.3534},
{"Node_id":14317,"weight":2.2529},
{"Node_id":14320,"weight":1.6762},
{"Node_id":14322,"weight":3.0389},
{"Node_id":14323,"weight":3.3377},
{"Node_id":14369,"weight":1.7448},
{"Node_id":14375,"weight":1.5828},
{"Node_id":14376,"weight":3.0504},
{"Node_id":14379,"weight":1.7881},
{"Node_id":14437,"weight":3.248},
{"Node_id":14439,"weight":1.4565},
{"Node_id":14440,"weight":2.1093},
{"Node_id":14478,"weight":2.9917},
{"Node_id":14479,"weight":1.5779},
{"Node_id":14482,"weight":1.9811},
{"Node_id":14483,"weight":1.4526},
{"Node_id":14484,"weight":1.5771},
{"Node_id":14485,"weight":1.8062},
{"Node_id":14486,"weight":2.0125},
{"Node_id":14490,"weight":2.1323},
{"Node_id":14492,"weight":4.3858},
{"Node_id":14497,"weight":1.7036},
{"Node_id":14499,"weight":4.4451},
{"Node_id":14501,"weight":2.2185},
{"Node_id":14502,"weight":1.7535},
{"Node_id":14503,"weight":2.102},
{"Node_id":14505,"weight":2.0685},
{"Node_id":14507,"weight":1.8379},
{"Node_id":14509,"weight":1.8992},
{"Node_id":14511,"weight":2.0125},
{"Node_id":14513,"weight":1.7244},
{"Node_id":14517,"weight":1.3869},
{"Node_id":14520,"weight":1.9597},
{"Node_id":14522,"weight":1.6694},
{"Node_id":14524,"weight":2.889},
{"Node_id":14526,"weight":1.5259},
{"Node_id":14527,"weight":3.8567},
{"Node_id":14533,"weight":2.9808},
{"Node_id":14534,"weight":2.9614},
{"Node_id":14536,"weight":1.3882},
{"Node_id":14537,"weight":1.7623},
{"Node_id":14538,"weight":2.3711},
{"Node_id":14542,"weight":2.0029},
{"Node_id":14545,"weight":2.9381},
{"Node_id":14546,"weight":2.9174},
{"Node_id":14548,"weight":1.8103},
{"Node_id":14550,"weight":2.887},
{"Node_id":14564,"weight":3.0006},
{"Node_id":14567,"weight":3.8275},
{"Node_id":14572,"weight":3.2905},
{"Node_id":14573,"weight":1.901},
{"Node_id":14575,"weight":1.9802},
{"Node_id":14576,"weight":7.8236},
{"Node_id":14582,"weight":4.0163},
{"Node_id":14583,"weight":1.4915},
{"Node_id":14584,"weight":1.5347},
{"Node_id":14666,"weight":2.8248},
{"Node_id":14670,"weight":1.748},
{"Node_id":14674,"weight":2.4492},
{"Node_id":14676,"weight":1.9783},
{"Node_id":14677,"weight":1.6508},
{"Node_id":14682,"weight":1.956},
{"Node_id":14684,"weight":2.8574},
{"Node_id":14690,"weight":1.414},
{"Node_id":14691,"weight":1.7496},
{"Node_id":14692,"weight":2.0318},
{"Node_id":14694,"weight":1.8756},
{"Node_id":14758,"weight":2.5371},
{"Node_id":14759,"weight":1.414},
{"Node_id":14790,"weight":1.4461},
{"Node_id":14791,"weight":2.0446},
{"Node_id":14795,"weight":2.0989},
{"Node_id":14797,"weight":1.5485},
{"Node_id":14799,"weight":1.6951},
{"Node_id":14800,"weight":1.827},
{"Node_id":14802,"weight":2.7551},
{"Node_id":14804,"weight":2.1333},
{"Node_id":14805,"weight":1.9634},
{"Node_id":14806,"weight":1.8111},
{"Node_id":14808,"weight":1.5779},
{"Node_id":14811,"weight":3.6233},
{"Node_id":14821,"weight":1.4229},
{"Node_id":14828,"weight":2.4937},
{"Node_id":14830,"weight":1.9268},
{"Node_id":14834,"weight":1.9001},
{"Node_id":14849,"weight":0.1294},
{"Node_id":14850,"weight":1.2721},
{"Node_id":14851,"weight":3.2676},
{"Node_id":14853,"weight":2.8691},
{"Node_id":14856,"weight":1.4204},
{"Node_id":14857,"weight":0.4561},
{"Node_id":14858,"weight":2.7046},
{"Node_id":14861,"weight":1.62},
{"Node_id":14863,"weight":0.6955},
{"Node_id":14864,"weight":2.5166},
{"Node_id":14865,"weight":5.4448},
{"Node_id":14867,"weight":0.6239},
{"Node_id":14871,"weight":1.9569},
{"Node_id":14872,"weight":1.6822},
{"Node_id":14879,"weight":2.0755},
{"Node_id":14881,"weight":0.4084},
{"Node_id":14882,"weight":2.3185},
{"Node_id":14893,"weight":1.2448},
{"Node_id":14897,"weight":0.7598},
{"Node_id":14900,"weight":1.827},
{"Node_id":14923,"weight":4.0878},
{"Node_id":14926,"weight":2.1741},
{"Node_id":14927,"weight":0.6803},
{"Node_id":14930,"weight":3.7011},
{"Node_id":14936,"weight":4.8588},
{"Node_id":14940,"weight":1.7089},
{"Node_id":14942,"weight":0.2302},
{"Node_id":14943,"weight":3.429},
{"Node_id":14946,"weight":0.3437},
{"Node_id":14947,"weight":0.2294},
{"Node_id":14953,"weight":0.3602},
{"Node_id":14955,"weight":1.6128},
{"Node_id":14957,"weight":4.8988},
{"Node_id":14958,"weight":1.7535},
{"Node_id":14959,"weight":0.6678},
{"Node_id":14960,"weight":1.0465},
{"Node_id":14981,"weight":1.1859},
{"Node_id":14987,"weight":0.3174},
{"Node_id":14991,"weight":0.9346},
{"Node_id":14992,"weight":2.5195},
{"Node_id":14993,"weight":1.0997},
{"Node_id":14995,"weight":0.3293},
{"Node_id":15000,"weight":0.3756},
{"Node_id":15002,"weight":0.5849},
{"Node_id":15004,"weight":0.0532},
{"Node_id":15010,"weight":0.2408},
{"Node_id":15012,"weight":0.9982},
{"Node_id":15014,"weight":0.2884},
{"Node_id":15018,"weight":0.9714},
{"Node_id":15021,"weight":0.2745},
{"Node_id":15023,"weight":0.1141},
{"Node_id":15025,"weight":0.4879},
{"Node_id":15028,"weight":0.1322},
{"Node_id":15151,"weight":1.8379},
{"Node_id":15930,"weight":1.8904},
{"Node_id":15934,"weight":0.9494},
{"Node_id":15935,"weight":1.39},
{"Node_id":15936,"weight":2.9896},
{"Node_id":15938,"weight":4.3694},
{"Node_id":15939,"weight":1.8878},
{"Node_id":15940,"weight":1.033},
{"Node_id":15941,"weight":2.1333},
{"Node_id":15942,"weight":0.6682},
{"Node_id":15948,"weight":0.7773},
{"Node_id":15951,"weight":1.3081},
{"Node_id":15956,"weight":0.1378},
{"Node_id":15958,"weight":2.4356},
{"Node_id":15962,"weight":1.2727},
{"Node_id":15964,"weight":0.8217},
{"Node_id":15965,"weight":1.139},
{"Node_id":15967,"weight":0.2152},
{"Node_id":15969,"weight":1.2791},
{"Node_id":15971,"weight":0.1987},
{"Node_id":15974,"weight":5.4927},
{"Node_id":15975,"weight":2.7586},
{"Node_id":15976,"weight":0.1463},
{"Node_id":15980,"weight":1.1521},
{"Node_id":15982,"weight":2.6547},
{"Node_id":15994,"weight":3.6677},
{"Node_id":16002,"weight":1.2208},
{"Node_id":16003,"weight":1.901},
{"Node_id":16009,"weight":0.7713},
{"Node_id":16010,"weight":0.3789},
{"Node_id":16016,"weight":1.5561},
{"Node_id":16020,"weight":0.7662},
{"Node_id":16061,"weight":1.0906},
{"Node_id":16062,"weight":0.4583},
{"Node_id":16064,"weight":0.6745},
{"Node_id":16067,"weight":1.1703},
{"Node_id":16068,"weight":0.2189},
{"Node_id":16069,"weight":0.4243},
{"Node_id":16073,"weight":1.3004},
{"Node_id":16076,"weight":0.054},
{"Node_id":16078,"weight":1.7504},
{"Node_id":16079,"weight":1.6501},
{"Node_id":16082,"weight":0.5147},
{"Node_id":16084,"weight":0.795},
{"Node_id":16088,"weight":2.6162},
{"Node_id":16090,"weight":1.5265},
{"Node_id":16093,"weight":1.5008},
{"Node_id":16116,"weight":1.0299},
{"Node_id":16117,"weight":2.508},
{"Node_id":16120,"weight":1.014},
{"Node_id":16121,"weight":2.1418},
{"Node_id":16123,"weight":3.2619},
{"Node_id":16125,"weight":0.7286},
{"Node_id":16134,"weight":1.8103},
{"Node_id":16141,"weight":2.1676},
{"Node_id":16143,"weight":1.5645},
{"Node_id":16145,"weight":1.5652},
{"Node_id":16383,"weight":1.6114},
{"Node_id":16384,"weight":2.0125},
{"Node_id":16456,"weight":0.5941},
{"Node_id":16457,"weight":3.1247},
{"Node_id":16459,"weight":1.7744},
{"Node_id":16461,"weight":1.7307},
{"Node_id":16464,"weight":0.4912},
{"Node_id":16466,"weight":1.0222},
{"Node_id":16467,"weight":0.5117},
{"Node_id":16472,"weight":0.8789},
{"Node_id":16474,"weight":0.8886},
{"Node_id":16478,"weight":4.0396},
{"Node_id":16479,"weight":1.4064},
{"Node_id":16482,"weight":4.833},
{"Node_id":16483,"weight":0.7291},
{"Node_id":16488,"weight":1.6013},
{"Node_id":16495,"weight":3.4624},
{"Node_id":16505,"weight":1.9089},
{"Node_id":16507,"weight":0.1342},
{"Node_id":16509,"weight":3.727},
{"Node_id":16511,"weight":3.577},
{"Node_id":16516,"weight":2.2646},
{"Node_id":16517,"weight":0.6517},
{"Node_id":16519,"weight":2.9896},
{"Node_id":16521,"weight":0.3232},
{"Node_id":16522,"weight":2.0048},
{"Node_id":16523,"weight":2.1851},
{"Node_id":16524,"weight":0.3146},
{"Node_id":16526,"weight":0.911},
{"Node_id":16531,"weight":1.0658},
{"Node_id":16543,"weight":0.2615},
{"Node_id":16549,"weight":3.0458},
{"Node_id":16551,"weight":0.1595},
{"Node_id":16561,"weight":2.1578},
{"Node_id":16562,"weight":1.5942},
{"Node_id":16563,"weight":0.5989},
{"Node_id":16565,"weight":1.5136},
{"Node_id":16567,"weight":0.5741},
{"Node_id":16569,"weight":1.5423},
{"Node_id":16571,"weight":0.4176},
{"Node_id":16603,"weight":1.0038},
{"Node_id":16605,"weight":0.403},
{"Node_id":16608,"weight":0.9139},
{"Node_id":16622,"weight":3.055},
{"Node_id":16625,"weight":1.295},
{"Node_id":16626,"weight":0.2007},
{"Node_id":16627,"weight":2.7339},
{"Node_id":16629,"weight":0.3826},
{"Node_id":16633,"weight":0.4629},
{"Node_id":16640,"weight":1.0423},
{"Node_id":16651,"weight":1.4908},
{"Node_id":16653,"weight":2.0775},
{"Node_id":16654,"weight":1.789},
{"Node_id":16655,"weight":1.1072},
{"Node_id":16656,"weight":2.3309},
{"Node_id":16657,"weight":0.9159},
{"Node_id":16658,"weight":0.8132},
{"Node_id":16661,"weight":0.8001},
{"Node_id":16665,"weight":1.2809},
{"Node_id":16666,"weight":2.0029},
{"Node_id":16674,"weight":0.9464},
{"Node_id":16675,"weight":0.0748},
{"Node_id":16677,"weight":1.2529},
{"Node_id":16679,"weight":0.3805},
{"Node_id":16681,"weight":0.0748},
{"Node_id":16683,"weight":3.0881},
{"Node_id":16685,"weight":0.4184},
{"Node_id":16689,"weight":3.2314},
{"Node_id":16691,"weight":1.172},
{"Node_id":16696,"weight":0.5473},
{"Node_id":16699,"weight":0.2088},
{"Node_id":16701,"weight":2.401},
{"Node_id":16703,"weight":0.6081},
{"Node_id":16704,"weight":2.1665},
{"Node_id":16708,"weight":0.7213},
{"Node_id":16710,"weight":5.6515},
{"Node_id":16713,"weight":1.631},
{"Node_id":16734,"weight":0.9455},
{"Node_id":16739,"weight":0.3289},
{"Node_id":16740,"weight":1.0094},
{"Node_id":16742,"weight":0.3611},
{"Node_id":16743,"weight":1.2345},
{"Node_id":16745,"weight":4.5751},
{"Node_id":16789,"weight":1.2832},
{"Node_id":16791,"weight":1.2962},
{"Node_id":16793,"weight":0.7556},
{"Node_id":16796,"weight":0.1523},
{"Node_id":16799,"weight":0.7773},
{"Node_id":16800,"weight":0.5262},
{"Node_id":16801,"weight":1.7105},
{"Node_id":16803,"weight":1.3334},
{"Node_id":16805,"weight":2.5297},
{"Node_id":16806,"weight":3.3138},
{"Node_id":16809,"weight":0.6857},
{"Node_id":16811,"weight":0.1302},
{"Node_id":16812,"weight":0.0492},
{"Node_id":16814,"weight":2.0515},
{"Node_id":16817,"weight":0.4811},
{"Node_id":16818,"weight":2.0645},
{"Node_id":16819,"weight":0.0324},
{"Node_id":16820,"weight":2.6385},
{"Node_id":16824,"weight":0.5159},
{"Node_id":16825,"weight":0.3917},
{"Node_id":16826,"weight":1.6642},
{"Node_id":16828,"weight":0.4819},
{"Node_id":16835,"weight":0.5066},
{"Node_id":16837,"weight":0.8383},
{"Node_id":16839,"weight":7.418},
{"Node_id":16843,"weight":1.0284},
{"Node_id":16851,"weight":2.1503},
{"Node_id":16852,"weight":1.2174},
{"Node_id":16856,"weight":3.2178},
{"Node_id":16858,"weight":0.4301},
{"Node_id":16859,"weight":1.3153},
{"Node_id":16864,"weight":2.3788},
{"Node_id":16866,"weight":1.0099},
{"Node_id":16877,"weight":0.3772},
{"Node_id":16881,"weight":0.2908},
{"Node_id":16982,"weight":0.8449},
{"Node_id":16988,"weight":1.8128},
{"Node_id":16990,"weight":0.3314},
{"Node_id":16993,"weight":3.0162},
{"Node_id":17113,"weight":0.2128},
{"Node_id":17115,"weight":1.1488},
{"Node_id":17117,"weight":2.1397},
{"Node_id":17119,"weight":0.6177},
{"Node_id":17121,"weight":0.7446},
{"Node_id":17123,"weight":3.0207},
{"Node_id":17125,"weight":2.0806},
{"Node_id":17127,"weight":1.7591},
{"Node_id":17129,"weight":0.1523},
{"Node_id":17130,"weight":3.5884},
{"Node_id":17131,"weight":3.6885},
{"Node_id":17135,"weight":0.9609},
{"Node_id":17137,"weight":1.7051},
{"Node_id":17140,"weight":0.4595},
{"Node_id":17145,"weight":4.7474},
{"Node_id":17147,"weight":1.793},
{"Node_id":17152,"weight":0.4934},
{"Node_id":17153,"weight":0.4243},
{"Node_id":17155,"weight":3.3621},
{"Node_id":17296,"weight":6.6441},
{"Node_id":17933,"weight":2.0105},
{"Node_id":18094,"weight":0.8635},
{"Node_id":18095,"weight":2.0183},
{"Node_id":18098,"weight":3.8666},
{"Node_id":18102,"weight":8.1114},
{"Node_id":18104,"weight":0.457},
{"Node_id":18108,"weight":1.5835},
{"Node_id":18113,"weight":0.6522},
{"Node_id":18115,"weight":0.405},
{"Node_id":18116,"weight":0.74},
{"Node_id":18118,"weight":0.359},
{"Node_id":18122,"weight":1.602},
{"Node_id":18126,"weight":1.2213},
{"Node_id":18134,"weight":0.8655},
{"Node_id":18145,"weight":0.7699},
{"Node_id":18147,"weight":0.1704},
{"Node_id":18149,"weight":2.883},
{"Node_id":18150,"weight":1.9496},
{"Node_id":18151,"weight":4.0634},
{"Node_id":18157,"weight":2.97},
{"Node_id":18159,"weight":1.3437},
{"Node_id":18246,"weight":3.2314},
{"Node_id":18248,"weight":0.2802},
{"Node_id":18250,"weight":1.597},
{"Node_id":18256,"weight":1.3763},
{"Node_id":18257,"weight":5.9496},
{"Node_id":18258,"weight":1.6063},
{"Node_id":18262,"weight":0.7295},
{"Node_id":18267,"weight":0.3801},
{"Node_id":18273,"weight":0.658},
{"Node_id":18274,"weight":1.016},
{"Node_id":18277,"weight":1.4696},
{"Node_id":18279,"weight":0.6789},
{"Node_id":18281,"weight":2.5008},
{"Node_id":18282,"weight":1.0548},
{"Node_id":18295,"weight":1.5892},
{"Node_id":18301,"weight":0.7259},
{"Node_id":18303,"weight":1.4657},
{"Node_id":18305,"weight":0.7023},
{"Node_id":18307,"weight":0.038},
{"Node_id":18311,"weight":1.0981},
{"Node_id":18313,"weight":2.773},
{"Node_id":18410,"weight":0.3265},
{"Node_id":18412,"weight":2.31},
{"Node_id":18414,"weight":0.6362},
{"Node_id":18416,"weight":1.1407},
{"Node_id":18419,"weight":0.4968},
{"Node_id":18495,"weight":0.4968},
{"Node_id":18497,"weight":1.7615},
{"Node_id":18498,"weight":2.4049},
{"Node_id":18504,"weight":0.4314},
{"Node_id":18506,"weight":0.825},
{"Node_id":18513,"weight":1.7655},
{"Node_id":18518,"weight":0.3269},
{"Node_id":18521,"weight":0.3031},
{"Node_id":18522,"weight":1.9188},
{"Node_id":18523,"weight":1.2339},
{"Node_id":18525,"weight":3.5845},
{"Node_id":18526,"weight":0.7501},
{"Node_id":18528,"weight":1.079},
{"Node_id":18529,"weight":2.321},
{"Node_id":18530,"weight":1.7167},
{"Node_id":18544,"weight":0.1061},
{"Node_id":18546,"weight":0.2424},
{"Node_id":18547,"weight":3.7357},
{"Node_id":18549,"weight":4.0694},
{"Node_id":18550,"weight":1.0094},
{"Node_id":18552,"weight":1.5984},
{"Node_id":18553,"weight":4.4451},
{"Node_id":18556,"weight":1.2709},
{"Node_id":18559,"weight":0.3963},
{"Node_id":18561,"weight":2.1994},
{"Node_id":18563,"weight":0.8944},
{"Node_id":18568,"weight":2.8633},
{"Node_id":18570,"weight":0.3996},
{"Node_id":18572,"weight":0.6821},
{"Node_id":18574,"weight":1.167},
{"Node_id":18576,"weight":0.6946},
{"Node_id":18577,"weight":2.1939}]