[{"Node_id":815,"weight":1.9214},
{"Node_id":819,"weight":2.184},
{"Node_id":820,"weight":3.483},
{"Node_id":821,"weight":2.2799},
{"Node_id":823,"weight":1.9802},
{"Node_id":824,"weight":2.5051},
{"Node_id":826,"weight":2.3015},
{"Node_id":827,"weight":2.2634},
{"Node_id":828,"weight":2.4994},
{"Node_id":831,"weight":1.6493},
{"Node_id":833,"weight":2.0367},
{"Node_id":834,"weight":1.4319},
{"Node_id":835,"weight":3.8918},
{"Node_id":837,"weight":1.8825},
{"Node_id":841,"weight":2.321},
{"Node_id":842,"weight":1.6936},
{"Node_id":847,"weight":2.4195},
{"Node_id":849,"weight":1.8203},
{"Node_id":851,"weight":2.184},
{"Node_id":852,"weight":1.7036},
{"Node_id":857,"weight":2.7912},
{"Node_id":863,"weight":3.7945},
{"Node_id":867,"weight":1.5736},
{"Node_id":868,"weight":1.9597},
{"Node_id":870,"weight":1.4474},
{"Node_id":872,"weight":2.0241},
{"Node_id":894,"weight":2.4866},
{"Node_id":897,"weight":3.2124},
{"Node_id":898,"weight":2.5123},
{"Node_id":901,"weight":1.744},
{"Node_id":905,"weight":1.8643},
{"Node_id":907,"weight":1.7036},
{"Node_id":908,"weight":2.5852},
{"Node_id":911,"weight":3.9713},
{"Node_id":913,"weight":2.0212},
{"Node_id":914,"weight":1.3976},
{"Node_id":915,"weight":1.5513},
{"Node_id":917,"weight":1.5492},
{"Node_id":918,"weight":2.0456},
{"Node_id":920,"weight":2.0595},
{"Node_id":924,"weight":1.8421},
{"Node_id":926,"weight":3.429},
{"Node_id":928,"weight":2.001},
{"Node_id":929,"weight":1.6353},
{"Node_id":930,"weight":1.4539},
{"Node_id":931,"weight":4.219},
{"Node_id":948,"weight":1.5638},
{"Node_id":952,"weight":2.4102},
{"Node_id":958,"weight":1.6034},
{"Node_id":962,"weight":1.9532},
{"Node_id":963,"weight":2.1928},
{"Node_id":964,"weight":1.6493},
{"Node_id":966,"weight":2.3983},
{"Node_id":971,"weight":2.3271},
{"Node_id":973,"weight":1.5764},
{"Node_id":975,"weight":2.7115},
{"Node_id":981,"weight":4.2766},
{"Node_id":983,"weight":3.2397},
{"Node_id":985,"weight":5.2159},
{"Node_id":989,"weight":1.5666},
{"Node_id":992,"weight":1.866},
{"Node_id":994,"weight":2.1218},
{"Node_id":996,"weight":3.596},
{"Node_id":999,"weight":2.887},
{"Node_id":1123,"weight":3.3227},
{"Node_id":1665,"weight":2.0887},
{"Node_id":1904,"weight":2.2196},
{"Node_id":1907,"weight":2.9635},
{"Node_id":1908,"weight":3.9549},
{"Node_id":1909,"weight":1.4474},
{"Node_id":1911,"weight":2.3996},
{"Node_id":1912,"weight":1.7433},
{"Node_id":1913,"weight":2.1807},
{"Node_id":1914,"weight":2.3866},
{"Node_id":1915,"weight":1.3919},
{"Node_id":1921,"weight":2.0938},
{"Node_id":1924,"weight":2.3433},
{"Node_id":1927,"weight":2.5504},
{"Node_id":1929,"weight":2.5519},
{"Node_id":1931,"weight":2.3648},
{"Node_id":1935,"weight":1.4481},
{"Node_id":1937,"weight":5.2933},
{"Node_id":1938,"weight":1.4313},
{"Node_id":1940,"weight":1.9305},
{"Node_id":1942,"weight":2.5195},
{"Node_id":1944,"weight":3.2151},
{"Node_id":1945,"weight":2.3271},
{"Node_id":1947,"weight":4.6469},
{"Node_id":1948,"weight":2.2943},
{"Node_id":1949,"weight":3.4523},
{"Node_id":1953,"weight":1.6142},
{"Node_id":1955,"weight":3.0006},
{"Node_id":1967,"weight":3.4225},
{"Node_id":1973,"weight":1.8704},
{"Node_id":1975,"weight":1.452},
{"Node_id":1976,"weight":3.6677},
{"Node_id":1978,"weight":1.6405},
{"Node_id":1982,"weight":1.6627},
{"Node_id":1983,"weight":3.1173},
{"Node_id":1987,"weight":2.9786},
{"Node_id":1989,"weight":1.7151},
{"Node_id":1993,"weight":1.7448},
{"Node_id":2034,"weight":1.4822},
{"Node_id":2035,"weight":3.7852},
{"Node_id":2037,"weight":2.1218},
{"Node_id":2040,"weight":5.9496},
{"Node_id":2041,"weight":2.1961},
{"Node_id":2042,"weight":1.86},
{"Node_id":2046,"weight":4.1711},
{"Node_id":2049,"weight":2.4629},
{"Node_id":2051,"weight":4.6259},
{"Node_id":2052,"weight":4.5555},
{"Node_id":2055,"weight":1.8921},
{"Node_id":2057,"weight":1.4261},
{"Node_id":2061,"weight":1.4815},
{"Node_id":2063,"weight":1.5451},
{"Node_id":2066,"weight":2.579},
{"Node_id":2069,"weight":1.5361},
{"Node_id":2070,"weight":1.8371},
{"Node_id":2072,"weight":2.5654},
{"Node_id":2089,"weight":2.2494},
{"Node_id":2090,"weight":2.5669},
{"Node_id":2092,"weight":2.8439},
{"Node_id":2093,"weight":2.3371},
{"Node_id":2094,"weight":1.3913},
{"Node_id":2096,"weight":2.7712},
{"Node_id":2098,"weight":1.9386},
{"Node_id":2107,"weight":1.4364},
{"Node_id":2114,"weight":1.4855},
{"Node_id":2116,"weight":1.421},
{"Node_id":2118,"weight":2.6434},
{"Node_id":2119,"weight":1.6777},
{"Node_id":2123,"weight":2.4168},
{"Node_id":2356,"weight":5.4217},
{"Node_id":2357,"weight":5.5429},
{"Node_id":2361,"weight":3.3377},
{"Node_id":2429,"weight":5.045},
{"Node_id":2430,"weight":3.8766},
{"Node_id":2432,"weight":1.7354},
{"Node_id":2434,"weight":1.7198},
{"Node_id":2437,"weight":3.6076},
{"Node_id":2439,"weight":3.6273},
{"Node_id":2440,"weight":3.7401},
{"Node_id":2445,"weight":1.6419},
{"Node_id":2447,"weight":2.0212},
{"Node_id":2449,"weight":3.8469},
{"Node_id":2451,"weight":1.4742},
{"Node_id":2452,"weight":1.4881},
{"Node_id":2453,"weight":1.9523},
{"Node_id":2455,"weight":2.0575},
{"Node_id":2456,"weight":1.7922},
{"Node_id":2461,"weight":5.4927},
{"Node_id":2464,"weight":3.7446},
{"Node_id":2467,"weight":3.5075},
{"Node_id":2468,"weight":1.7472},
{"Node_id":2471,"weight":2.5519},
{"Node_id":2473,"weight":3.8372},
{"Node_id":2474,"weight":2.0615},
{"Node_id":2478,"weight":1.812},
{"Node_id":2480,"weight":1.7567},
{"Node_id":2482,"weight":2.1906},
{"Node_id":2484,"weight":2.9465},
{"Node_id":2486,"weight":3.6432},
{"Node_id":2487,"weight":5.1441},
{"Node_id":2489,"weight":3.0978},
{"Node_id":2490,"weight":3.8132},
{"Node_id":2492,"weight":2.401},
{"Node_id":2494,"weight":1.515},
{"Node_id":2495,"weight":2.9072},
{"Node_id":2496,"weight":1.8575},
{"Node_id":2497,"weight":3.0644},
{"Node_id":2499,"weight":2.3039},
{"Node_id":2504,"weight":2.025},
{"Node_id":2516,"weight":3.9658},
{"Node_id":2522,"weight":2.8381},
{"Node_id":2524,"weight":2.0338},
{"Node_id":2526,"weight":1.9323},
{"Node_id":2534,"weight":2.6337},
{"Node_id":2535,"weight":1.5485},
{"Node_id":2536,"weight":2.5297},
{"Node_id":2538,"weight":1.7663},
{"Node_id":2540,"weight":1.4422},
{"Node_id":2542,"weight":1.5729},
{"Node_id":2544,"weight":2.7409},
{"Node_id":2576,"weight":2.8711},
{"Node_id":2578,"weight":1.5659},
{"Node_id":2579,"weight":1.4782},
{"Node_id":2581,"weight":2.4796},
{"Node_id":2583,"weight":5.4927},
{"Node_id":2595,"weight":1.4862},
{"Node_id":2598,"weight":2.1622},
{"Node_id":2599,"weight":1.8253},
{"Node_id":2600,"weight":2.1928},
{"Node_id":2602,"weight":1.656},
{"Node_id":2606,"weight":1.6027},
{"Node_id":2608,"weight":1.8609},
{"Node_id":2613,"weight":2.6928},
{"Node_id":2614,"weight":3.3903},
{"Node_id":2620,"weight":2.6147},
{"Node_id":2624,"weight":4.1513},
{"Node_id":2626,"weight":1.5197},
{"Node_id":2627,"weight":3.4356},
{"Node_id":2628,"weight":4.4538},
{"Node_id":2629,"weight":3.2507},
{"Node_id":2630,"weight":1.4775},
{"Node_id":2631,"weight":3.6595},
{"Node_id":2634,"weight":1.8354},
{"Node_id":2635,"weight":2.7857},
{"Node_id":2638,"weight":1.8643},
{"Node_id":2639,"weight":2.1354},
{"Node_id":2643,"weight":2.5882},
{"Node_id":2647,"weight":2.6466},
{"Node_id":2648,"weight":2.1796},
{"Node_id":2650,"weight":3.562},
{"Node_id":2654,"weight":2.6022},
{"Node_id":2656,"weight":2.2716},
{"Node_id":2658,"weight":1.7543},
{"Node_id":2660,"weight":1.9098},
{"Node_id":2662,"weight":2.4519},
{"Node_id":2664,"weight":2.6434},
{"Node_id":2667,"weight":1.7711},
{"Node_id":2669,"weight":1.5485},
{"Node_id":2671,"weight":3.1222},
{"Node_id":2672,"weight":2.1752},
{"Node_id":2673,"weight":2.6321},
{"Node_id":2674,"weight":2.7183},
{"Node_id":2676,"weight":3.1026},
{"Node_id":2680,"weight":2.2576},
{"Node_id":2681,"weight":3.1625},
{"Node_id":2683,"weight":2.3814},
{"Node_id":2706,"weight":2.3827},
{"Node_id":2707,"weight":2.1514},
{"Node_id":2712,"weight":1.5899},
{"Node_id":2713,"weight":1.4941},
{"Node_id":2715,"weight":2.9984},
{"Node_id":2716,"weight":2.2084},
{"Node_id":2718,"weight":3.105},
{"Node_id":2719,"weight":2.1145},
{"Node_id":2759,"weight":1.7105},
{"Node_id":2760,"weight":2.1239},
{"Node_id":2762,"weight":2.7115},
{"Node_id":2764,"weight":1.6383},
{"Node_id":2766,"weight":3.6392},
{"Node_id":2769,"weight":1.7089},
{"Node_id":2772,"weight":3.3871},
{"Node_id":2773,"weight":2.9277},
{"Node_id":2774,"weight":4.5653},
{"Node_id":2778,"weight":1.5779},
{"Node_id":2779,"weight":3.8085},
{"Node_id":2782,"weight":1.6179},
{"Node_id":2784,"weight":2.4588},
{"Node_id":2785,"weight":1.6478},
{"Node_id":2787,"weight":2.342},
{"Node_id":2790,"weight":2.2681},
{"Node_id":2792,"weight":1.5109},
{"Node_id":2793,"weight":2.4519},
{"Node_id":2794,"weight":1.7105},
{"Node_id":2798,"weight":1.5807},
{"Node_id":2799,"weight":2.7586},
{"Node_id":2800,"weight":2.885},
{"Node_id":2802,"weight":3.3683},
{"Node_id":2809,"weight":2.0565},
{"Node_id":2811,"weight":1.4121},
{"Node_id":2813,"weight":1.7136},
{"Node_id":2815,"weight":1.7182},
{"Node_id":2816,"weight":1.6486},
{"Node_id":2817,"weight":3.5435},
{"Node_id":2825,"weight":3.2591},
{"Node_id":2826,"weight":1.6754},
{"Node_id":2830,"weight":2.1155},
{"Node_id":2832,"weight":1.4014},
{"Node_id":2833,"weight":1.7417},
{"Node_id":2840,"weight":2.8633},
{"Node_id":2847,"weight":4.0163},
{"Node_id":2849,"weight":1.7051},
{"Node_id":2851,"weight":1.8913},
{"Node_id":2855,"weight":1.5999},
{"Node_id":2956,"weight":1.8379},
{"Node_id":2957,"weight":1.3907},
{"Node_id":2962,"weight":2.4966},
{"Node_id":2964,"weight":3.562},
{"Node_id":2965,"weight":4.9548},
{"Node_id":2967,"weight":2.1873},
{"Node_id":3087,"weight":1.7988},
{"Node_id":3089,"weight":1.4802},
{"Node_id":3091,"weight":4.0634},
{"Node_id":3093,"weight":3.3347},
{"Node_id":3095,"weight":3.3777},
{"Node_id":3097,"weight":1.4178},
{"Node_id":3099,"weight":2.3788},
{"Node_id":3101,"weight":1.6664},
{"Node_id":3103,"weight":1.9143},
{"Node_id":3104,"weight":1.6523},
{"Node_id":3105,"weight":1.6538},
{"Node_id":3109,"weight":2.3584},
{"Node_id":3111,"weight":2.5224},
{"Node_id":3114,"weight":1.8834},
{"Node_id":3119,"weight":1.6627},
{"Node_id":3121,"weight":2.0605},
{"Node_id":3126,"weight":1.6982},
{"Node_id":3127,"weight":2.4505},
{"Node_id":3129,"weight":1.7825},
{"Node_id":3270,"weight":1.6186},
{"Node_id":15230,"weight":1.9746},
{"Node_id":15391,"weight":1.7043},
{"Node_id":15392,"weight":1.6612},
{"Node_id":15395,"weight":2.2208},
{"Node_id":15399,"weight":3.2017},
{"Node_id":15401,"weight":2.9939},
{"Node_id":15405,"weight":2.0038},
{"Node_id":15410,"weight":1.5892},
{"Node_id":15412,"weight":1.7377},
{"Node_id":15413,"weight":2.3321},
{"Node_id":15415,"weight":4.284},
{"Node_id":15419,"weight":2.3271},
{"Node_id":15423,"weight":2.5609},
{"Node_id":15425,"weight":2.0358},
{"Node_id":15431,"weight":2.1611},
{"Node_id":15437,"weight":2.8191},
{"Node_id":15442,"weight":6.1637},
{"Node_id":15444,"weight":3.3287},
{"Node_id":15446,"weight":2.1165},
{"Node_id":15447,"weight":1.5022},
{"Node_id":15448,"weight":2.5066},
{"Node_id":15456,"weight":2.955},
{"Node_id":15537,"weight":1.5949},
{"Node_id":15541,"weight":1.5582},
{"Node_id":15543,"weight":3.4095},
{"Node_id":15545,"weight":3.8132},
{"Node_id":15547,"weight":8.1114},
{"Node_id":15549,"weight":6.5699},
{"Node_id":15555,"weight":2.0959},
{"Node_id":15557,"weight":2.2907},
{"Node_id":15559,"weight":3.8372},
{"Node_id":15561,"weight":2.5775},
{"Node_id":15564,"weight":2.5297},
{"Node_id":15570,"weight":1.7346},
{"Node_id":15571,"weight":1.7252},
{"Node_id":15574,"weight":1.9487},
{"Node_id":15576,"weight":2.4221},
{"Node_id":15578,"weight":2.1031},
{"Node_id":15579,"weight":1.7607},
{"Node_id":15581,"weight":2.3321},
{"Node_id":15592,"weight":3.7579},
{"Node_id":15600,"weight":2.6678},
{"Node_id":15602,"weight":1.5245},
{"Node_id":15604,"weight":1.9896},
{"Node_id":15606,"weight":2.5023},
{"Node_id":15608,"weight":1.7151},
{"Node_id":15610,"weight":1.9634},
{"Node_id":15707,"weight":2.6482},
{"Node_id":15709,"weight":2.2634},
{"Node_id":15711,"weight":1.397},
{"Node_id":15713,"weight":1.9468},
{"Node_id":15716,"weight":1.53},
{"Node_id":15792,"weight":2.9808},
{"Node_id":15794,"weight":1.935},
{"Node_id":15795,"weight":1.6792},
{"Node_id":15801,"weight":1.4848},
{"Node_id":15803,"weight":3.1833},
{"Node_id":15805,"weight":1.659},
{"Node_id":15810,"weight":2.7235},
{"Node_id":15815,"weight":1.5652},
{"Node_id":15816,"weight":2.6945},
{"Node_id":15818,"weight":1.5715},
{"Node_id":15819,"weight":1.4723},
{"Node_id":15820,"weight":3.0435},
{"Node_id":15822,"weight":2.1312},
{"Node_id":15823,"weight":1.5002},
{"Node_id":15825,"weight":2.0745},
{"Node_id":15826,"weight":1.4822},
{"Node_id":15827,"weight":1.4848},
{"Node_id":15828,"weight":2.0436},
{"Node_id":15832,"weight":3.1651},
{"Node_id":15835,"weight":1.4975},
{"Node_id":15843,"weight":1.6906},
{"Node_id":15844,"weight":1.7736},
{"Node_id":15846,"weight":2.7857},
{"Node_id":15847,"weight":2.3546},
{"Node_id":15849,"weight":4.0694},
{"Node_id":15850,"weight":2.4671},
{"Node_id":15852,"weight":1.752},
{"Node_id":15853,"weight":2.0038},
{"Node_id":15856,"weight":1.4835},
{"Node_id":15858,"weight":2.727},
{"Node_id":15860,"weight":2.3648},
{"Node_id":15861,"weight":3.596},
{"Node_id":15865,"weight":2.3866},
{"Node_id":15867,"weight":1.4624},
{"Node_id":15869,"weight":2.3395},
{"Node_id":15871,"weight":2.4588},
{"Node_id":15873,"weight":2.8652},
{"Node_id":15874,"weight":1.5062},
{"Node_id":15875,"weight":1.4881},
{"Node_id":15877,"weight":1.4921},
{"Node_id":15879,"weight":1.776},
{"Node_id":15882,"weight":1.6974},
{"Node_id":15885,"weight":2.881},
{"Node_id":15889,"weight":2.6563},
{"Node_id":15890,"weight":1.6486},
{"Node_id":15891,"weight":1.9332},
{"Node_id":15892,"weight":1.8523},
{"Node_id":15893,"weight":2.8229},
{"Node_id":15894,"weight":2.5579},
{"Node_id":15895,"weight":2.6401},
{"Node_id":15896,"weight":1.5272},
{"Node_id":15897,"weight":1.5368},
{"Node_id":15898,"weight":4.8078},
{"Node_id":15899,"weight":1.9868},
{"Node_id":15901,"weight":1.9287},
{"Node_id":15902,"weight":1.5049},
{"Node_id":15904,"weight":1.5977},
{"Node_id":15905,"weight":2.5489},
{"Node_id":15906,"weight":2.1928},
{"Node_id":15908,"weight":2.3776},
{"Node_id":15909,"weight":2.2799},
{"Node_id":15910,"weight":2.4369},
{"Node_id":15911,"weight":3.0881},
{"Node_id":15912,"weight":1.4565},
{"Node_id":15913,"weight":2.0816},
{"Node_id":15914,"weight":2.7784},
{"Node_id":15916,"weight":2.0907},
{"Node_id":15917,"weight":6.0725},
{"Node_id":15918,"weight":2.8574},
{"Node_id":15919,"weight":1.4178},
{"Node_id":15920,"weight":1.5992},
{"Node_id":15921,"weight":2.1719},
{"Node_id":15922,"weight":1.5035},
{"Node_id":15923,"weight":1.3882},
{"Node_id":15924,"weight":2.2576},
{"Node_id":15925,"weight":3.3652},
{"Node_id":15926,"weight":2.5254},
{"Node_id":15927,"weight":1.7105},
{"Node_id":15928,"weight":4.8458},
{"Node_id":15929,"weight":2.2552},
{"Node_id":15930,"weight":1.3988},
{"Node_id":15931,"weight":1.4172},
{"Node_id":15932,"weight":1.6523},
{"Node_id":15933,"weight":1.7963},
{"Node_id":15934,"weight":4.1002},
{"Node_id":15935,"weight":2.5066},
{"Node_id":15936,"weight":2.5385},
{"Node_id":15937,"weight":2.877},
{"Node_id":15938,"weight":1.9523},
{"Node_id":15939,"weight":2.5714},
{"Node_id":15940,"weight":1.4565},
{"Node_id":15941,"weight":1.744},
{"Node_id":15942,"weight":1.6732},
{"Node_id":15943,"weight":1.798},
{"Node_id":15944,"weight":1.9305},
{"Node_id":15945,"weight":1.4229},
{"Node_id":15946,"weight":1.543},
{"Node_id":15947,"weight":4.1711},
{"Node_id":15948,"weight":2.6711},
{"Node_id":15949,"weight":2.205},
{"Node_id":15950,"weight":3.1347},
{"Node_id":15951,"weight":1.4815},
{"Node_id":15952,"weight":1.752},
{"Node_id":15953,"weight":3.0252},
{"Node_id":15954,"weight":1.6368},
{"Node_id":15955,"weight":2.9593},
{"Node_id":15956,"weight":3.1964},
{"Node_id":15957,"weight":2.0565},
{"Node_id":15958,"weight":1.9296},
{"Node_id":15959,"weight":1.8136},
{"Node_id":15960,"weight":2.2242},
{"Node_id":15961,"weight":2.3571},
{"Node_id":15962,"weight":3.8038},
{"Node_id":15963,"weight":2.0938},
{"Node_id":15964,"weight":2.0745},
{"Node_id":15965,"weight":2.5123},
{"Node_id":15966,"weight":1.5786},
{"Node_id":15967,"weight":1.726},
{"Node_id":15968,"weight":1.4663},
{"Node_id":15969,"weight":2.6563},
{"Node_id":15970,"weight":1.4147},
{"Node_id":15971,"weight":2.9011},
{"Node_id":15972,"weight":5.2347},
{"Node_id":15973,"weight":3.4095},
{"Node_id":15974,"weight":3.4225},
{"Node_id":15975,"weight":1.8557},
{"Node_id":15976,"weight":2.6498},
{"Node_id":15977,"weight":2.1134},
{"Node_id":15978,"weight":2.366},
{"Node_id":15979,"weight":1.9395},
{"Node_id":15980,"weight":3.1859},
{"Node_id":15981,"weight":2.2907},
{"Node_id":15982,"weight":1.8337},
{"Node_id":15983,"weight":1.5652},
{"Node_id":15984,"weight":2.543},
{"Node_id":15985,"weight":5.8061},
{"Node_id":15986,"weight":3.6969},
{"Node_id":15987,"weight":2.1774},
{"Node_id":15988,"weight":1.4795},
{"Node_id":15989,"weight":1.3944},
{"Node_id":15990,"weight":2.3222},
{"Node_id":15991,"weight":1.8012},
{"Node_id":15992,"weight":5.2933},
{"Node_id":15993,"weight":3.3079},
{"Node_id":15994,"weight":4.4278},
{"Node_id":15995,"weight":1.5652},
{"Node_id":15996,"weight":2.5944},
{"Node_id":15997,"weight":2.0856},
{"Node_id":15998,"weight":1.5029},
{"Node_id":15999,"weight":2.8751},
{"Node_id":16000,"weight":1.5361},
{"Node_id":16001,"weight":3.2342},
{"Node_id":16002,"weight":1.9432},
{"Node_id":16003,"weight":1.639},
{"Node_id":16004,"weight":2.0436},
{"Node_id":16007,"weight":5.7105},
{"Node_id":16010,"weight":2.0019},
{"Node_id":16012,"weight":3.9124},
{"Node_id":16015,"weight":1.7841},
{"Node_id":16019,"weight":2.5975},
{"Node_id":16022,"weight":2.1418},
{"Node_id":16024,"weight":1.9098},
{"Node_id":16027,"weight":1.4242},
{"Node_id":16030,"weight":2.5913},
{"Node_id":16033,"weight":1.6822},
{"Node_id":16037,"weight":3.5004},
{"Node_id":16040,"weight":1.4096},
{"Node_id":16044,"weight":1.8834},
{"Node_id":16045,"weight":1.6657},
{"Node_id":16046,"weight":2.0918},
{"Node_id":16047,"weight":4.8588},
{"Node_id":16048,"weight":2.9257},
{"Node_id":16049,"weight":3.4323},
{"Node_id":16055,"weight":1.6258},
{"Node_id":16058,"weight":2.5913},
{"Node_id":16059,"weight":2.0154},
{"Node_id":16060,"weight":1.8756},
{"Node_id":16088,"weight":1.5423},
{"Node_id":16095,"weight":2.5254},
{"Node_id":16096,"weight":1.8808},
{"Node_id":16103,"weight":2.8496},
{"Node_id":16104,"weight":1.8178},
{"Node_id":16112,"weight":1.8153},
{"Node_id":16113,"weight":2.4302},
{"Node_id":16115,"weight":2.2611},
{"Node_id":16116,"weight":4.1982},
{"Node_id":16117,"weight":3.6392},
{"Node_id":16118,"weight":1.9727},
{"Node_id":16119,"weight":5.7414},
{"Node_id":16120,"weight":3.0929},
{"Node_id":16121,"weight":2.3609},
{"Node_id":16122,"weight":1.7113},
{"Node_id":16123,"weight":1.4268},
{"Node_id":16126,"weight":2.9896},
{"Node_id":16127,"weight":2.0938},
{"Node_id":16128,"weight":3.6718},
{"Node_id":16129,"weight":2.1124},
{"Node_id":16130,"weight":2.5519},
{"Node_id":16131,"weight":2.3445},
{"Node_id":16132,"weight":1.5527},
{"Node_id":16133,"weight":1.752},
{"Node_id":16134,"weight":2.7658},
{"Node_id":16135,"weight":1.9241},
{"Node_id":16136,"weight":1.8506},
{"Node_id":16137,"weight":2.4951},
{"Node_id":16138,"weight":3.3168},
{"Node_id":16139,"weight":1.9368},
{"Node_id":16140,"weight":2.2599},
{"Node_id":16141,"weight":1.8532},
{"Node_id":16142,"weight":2.2379},
{"Node_id":16143,"weight":1.8379},
{"Node_id":16144,"weight":3.6718},
{"Node_id":16145,"weight":1.6317},
{"Node_id":16146,"weight":3.7624},
{"Node_id":16147,"weight":1.5617},
{"Node_id":16148,"weight":1.8566},
{"Node_id":16149,"weight":1.8575},
{"Node_id":16150,"weight":1.6013},
{"Node_id":16152,"weight":3.2648},
{"Node_id":16154,"weight":2.508},
{"Node_id":16155,"weight":1.4198},
{"Node_id":16156,"weight":2.4478},
{"Node_id":16157,"weight":3.0184},
{"Node_id":16158,"weight":1.4474},
{"Node_id":16159,"weight":3.0229},
{"Node_id":16160,"weight":2.9529},
{"Node_id":16161,"weight":2.0377},
{"Node_id":16162,"weight":1.5218},
{"Node_id":16165,"weight":2.0555},
{"Node_id":16167,"weight":1.8261},
{"Node_id":16168,"weight":2.887},
{"Node_id":16170,"weight":1.7898},
{"Node_id":16171,"weight":3.3999},
{"Node_id":16172,"weight":2.0545},
{"Node_id":16174,"weight":2.0928},
{"Node_id":16175,"weight":2.0105},
{"Node_id":16176,"weight":1.5582},
{"Node_id":16179,"weight":2.6466},
{"Node_id":16180,"weight":1.4134},
{"Node_id":16181,"weight":1.8186},
{"Node_id":16185,"weight":3.5922},
{"Node_id":16186,"weight":1.8371},
{"Node_id":16187,"weight":2.5564},
{"Node_id":16190,"weight":1.4293},
{"Node_id":16192,"weight":2.2028},
{"Node_id":16193,"weight":3.2905},
{"Node_id":16194,"weight":3.7357},
{"Node_id":16197,"weight":1.6368},
{"Node_id":16198,"weight":1.9188},
{"Node_id":16200,"weight":5.045},
{"Node_id":16201,"weight":3.3168},
{"Node_id":16202,"weight":2.5356},
{"Node_id":16205,"weight":3.8817},
{"Node_id":16206,"weight":2.7839},
{"Node_id":16209,"weight":1.9395},
{"Node_id":16210,"weight":1.4915},
{"Node_id":16211,"weight":1.6936},
{"Node_id":16214,"weight":3.3746},
{"Node_id":16215,"weight":3.3871},
{"Node_id":16219,"weight":1.8843},
{"Node_id":16220,"weight":1.45},
{"Node_id":16221,"weight":2.2847},
{"Node_id":16224,"weight":1.4442},
{"Node_id":16225,"weight":2.9381},
{"Node_id":16230,"weight":1.9662},
{"Node_id":16231,"weight":1.6324},
{"Node_id":16232,"weight":1.7456},
{"Node_id":16235,"weight":1.6717},
{"Node_id":16236,"weight":1.5927},
{"Node_id":16242,"weight":3.1964},
{"Node_id":16243,"weight":1.5069},
{"Node_id":16244,"weight":2.2219},
{"Node_id":16247,"weight":2.3027},
{"Node_id":16248,"weight":3.4063},
{"Node_id":16260,"weight":2.4895},
{"Node_id":16263,"weight":2.2118},
{"Node_id":16267,"weight":1.45},
{"Node_id":16272,"weight":1.656},
{"Node_id":16275,"weight":2.1503},
{"Node_id":16278,"weight":1.4703},
{"Node_id":16281,"weight":3.1148},
{"Node_id":16285,"weight":1.5715},
{"Node_id":16288,"weight":1.5771},
{"Node_id":16290,"weight":2.1093},
{"Node_id":16293,"weight":3.2847},
{"Node_id":16296,"weight":1.8211},
{"Node_id":16298,"weight":1.8992},
{"Node_id":16302,"weight":1.5863},
{"Node_id":16305,"weight":1.4789},
{"Node_id":16307,"weight":1.5541},
{"Node_id":16312,"weight":2.3905},
{"Node_id":16315,"weight":2.2859},
{"Node_id":16317,"weight":4.1002},
{"Node_id":16323,"weight":1.6739},
{"Node_id":16326,"weight":1.4591},
{"Node_id":16328,"weight":2.2344},
{"Node_id":16335,"weight":1.854},
{"Node_id":16338,"weight":2.3027},
{"Node_id":16340,"weight":1.8617},
{"Node_id":16345,"weight":2.5094},
{"Node_id":16348,"weight":2.8535},
{"Node_id":16351,"weight":1.5382},
{"Node_id":16353,"weight":1.812},
{"Node_id":16358,"weight":2.401},
{"Node_id":16359,"weight":6.8113},
{"Node_id":16362,"weight":2.2265},
{"Node_id":16365,"weight":2.5474},
{"Node_id":16367,"weight":1.4948},
{"Node_id":16372,"weight":4.3858},
{"Node_id":16373,"weight":4.3614},
{"Node_id":16374,"weight":3.1807},
{"Node_id":16377,"weight":1.7988},
{"Node_id":16380,"weight":1.8128},
{"Node_id":16382,"weight":2.9174},
{"Node_id":16387,"weight":3.6352},
{"Node_id":16389,"weight":1.9395},
{"Node_id":16393,"weight":2.3711},
{"Node_id":16394,"weight":4.0221},
{"Node_id":16396,"weight":4.1127},
{"Node_id":16398,"weight":2.0615},
{"Node_id":16403,"weight":3.9549},
{"Node_id":16409,"weight":4.833},
{"Node_id":16410,"weight":1.5485},
{"Node_id":16411,"weight":2.3063},
{"Node_id":16412,"weight":1.8957},
{"Node_id":16413,"weight":1.8045},
{"Node_id":16414,"weight":3.1422},
{"Node_id":16415,"weight":4.1914},
{"Node_id":16416,"weight":4.3534},
{"Node_id":16417,"weight":1.6302},
{"Node_id":16418,"weight":1.8738},
{"Node_id":16419,"weight":1.5245},
{"Node_id":16420,"weight":5.0294},
{"Node_id":16421,"weight":1.5807},
{"Node_id":16422,"weight":3.8716},
{"Node_id":16423,"weight":2.2907},
{"Node_id":16424,"weight":2.6612},
{"Node_id":16425,"weight":2.2061},
{"Node_id":16426,"weight":1.5218},
{"Node_id":16427,"weight":2.2017},
{"Node_id":16428,"weight":5.3771},
{"Node_id":16429,"weight":2.3918},
{"Node_id":16430,"weight":1.5327},
{"Node_id":16431,"weight":1.5527},
{"Node_id":16432,"weight":2.2448},
{"Node_id":16433,"weight":2.1752},
{"Node_id":16434,"weight":3.0953},
{"Node_id":16436,"weight":3.1651},
{"Node_id":16439,"weight":1.8103},
{"Node_id":16443,"weight":2.3458},
{"Node_id":16447,"weight":4.1778},
{"Node_id":16448,"weight":2.1155},
{"Node_id":16452,"weight":1.8678},
{"Node_id":16453,"weight":4.8458},
{"Node_id":16454,"weight":2.7218},
{"Node_id":16458,"weight":1.5828},
{"Node_id":16459,"weight":2.0685},
{"Node_id":16460,"weight":4.2051},
{"Node_id":16461,"weight":2.7218},
{"Node_id":16465,"weight":2.9743},
{"Node_id":16466,"weight":2.4155},
{"Node_id":16467,"weight":5.3343},
{"Node_id":16468,"weight":1.5416},
{"Node_id":16469,"weight":2.6861},
{"Node_id":16473,"weight":8.517},
{"Node_id":16474,"weight":3.0095},
{"Node_id":16475,"weight":2.0416},
{"Node_id":16476,"weight":1.9839},
{"Node_id":16477,"weight":1.5561},
{"Node_id":16478,"weight":1.7971},
{"Node_id":16482,"weight":2.474},
{"Node_id":16483,"weight":1.7663},
{"Node_id":16484,"weight":3.0857},
{"Node_id":16485,"weight":1.4921},
{"Node_id":16486,"weight":1.7671},
{"Node_id":16487,"weight":4.4024},
{"Node_id":16488,"weight":1.9652},
{"Node_id":16492,"weight":1.7097},
{"Node_id":16493,"weight":1.6142},
{"Node_id":16494,"weight":2.1972},
{"Node_id":16495,"weight":2.6678},
{"Node_id":16496,"weight":1.4026},
{"Node_id":16497,"weight":2.2764},
{"Node_id":16498,"weight":2.342},
{"Node_id":16502,"weight":2.1197},
{"Node_id":16503,"weight":1.5347},
{"Node_id":16504,"weight":3.279},
{"Node_id":16505,"weight":1.8515},
{"Node_id":16506,"weight":1.5177},
{"Node_id":16507,"weight":2.401},
{"Node_id":16508,"weight":3.2205},
{"Node_id":16509,"weight":4.1254},
{"Node_id":16513,"weight":2.0836},
{"Node_id":16514,"weight":1.5197},
{"Node_id":16515,"weight":1.7825},
{"Node_id":16516,"weight":3.2818},
{"Node_id":16517,"weight":2.3853},
{"Node_id":16518,"weight":1.7074},
{"Node_id":16519,"weight":1.43},
{"Node_id":16521,"weight":3.1912},
{"Node_id":16525,"weight":1.7841},
{"Node_id":16526,"weight":1.4422},
{"Node_id":16527,"weight":2.8191},
{"Node_id":16528,"weight":3.1833},
{"Node_id":16529,"weight":3.3168},
{"Node_id":16530,"weight":2.5066},
{"Node_id":16531,"weight":2.4881},
{"Node_id":16533,"weight":1.6244},
{"Node_id":16534,"weight":1.9532},
{"Node_id":16538,"weight":1.3894},
{"Node_id":16539,"weight":1.5444},
{"Node_id":16540,"weight":2.223},
{"Node_id":16541,"weight":2.3222},
{"Node_id":16542,"weight":3.3197},
{"Node_id":16543,"weight":2.274},
{"Node_id":16544,"weight":2.4356},
{"Node_id":16546,"weight":1.822},
{"Node_id":16547,"weight":1.8583},
{"Node_id":16548,"weight":2.4221},
{"Node_id":16552,"weight":3.2314},
{"Node_id":16553,"weight":1.7151},
{"Node_id":16554,"weight":2.7063},
{"Node_id":16555,"weight":3.9282},
{"Node_id":16556,"weight":1.9934},
{"Node_id":16557,"weight":1.4377},
{"Node_id":16558,"weight":2.0836},
{"Node_id":16560,"weight":1.7089},
{"Node_id":16561,"weight":1.7276},
{"Node_id":16562,"weight":5.5429},
{"Node_id":16563,"weight":1.4371},
{"Node_id":16567,"weight":5.2159},
{"Node_id":16568,"weight":4.9989},
{"Node_id":16569,"weight":4.6053},
{"Node_id":16570,"weight":1.712},
{"Node_id":16571,"weight":1.5389},
{"Node_id":16572,"weight":5.4217},
{"Node_id":16573,"weight":1.7906},
{"Node_id":16575,"weight":1.7198},
{"Node_id":16576,"weight":1.5327},
{"Node_id":16577,"weight":3.2619},
{"Node_id":16579,"weight":5.2347},
{"Node_id":16580,"weight":1.9606},
{"Node_id":16581,"weight":1.7719},
{"Node_id":16582,"weight":1.4474},
{"Node_id":16583,"weight":2.4768},
{"Node_id":16593,"weight":1.8396},
{"Node_id":16594,"weight":1.7417},
{"Node_id":16595,"weight":2.9808},
{"Node_id":16596,"weight":4.3534},
{"Node_id":16597,"weight":2.2529},
{"Node_id":16598,"weight":1.4128},
{"Node_id":16599,"weight":1.5992},
{"Node_id":16600,"weight":1.6762},
{"Node_id":16601,"weight":2.0212},
{"Node_id":16602,"weight":3.0389},
{"Node_id":16603,"weight":3.3377},
{"Node_id":16604,"weight":2.1578},
{"Node_id":16605,"weight":2.5684},
{"Node_id":16606,"weight":3.1222},
{"Node_id":16607,"weight":4.0939},
{"Node_id":16608,"weight":2.5913},
{"Node_id":16610,"weight":1.9792},
{"Node_id":16611,"weight":2.0948},
{"Node_id":16613,"weight":2.9113},
{"Node_id":16614,"weight":1.9699},
{"Node_id":16615,"weight":1.9953},
{"Node_id":16617,"weight":3.7401},
{"Node_id":16618,"weight":1.7639},
{"Node_id":16619,"weight":1.5265},
{"Node_id":16620,"weight":3.6038},
{"Node_id":16622,"weight":1.5963},
{"Node_id":16623,"weight":2.3112},
{"Node_id":16624,"weight":3.1523},
{"Node_id":16625,"weight":2.6434},
{"Node_id":16626,"weight":2.3711},
{"Node_id":16628,"weight":2.6194},
{"Node_id":16629,"weight":1.3995},
{"Node_id":16630,"weight":1.7401},
{"Node_id":16631,"weight":2.9765},
{"Node_id":16632,"weight":2.0685},
{"Node_id":16633,"weight":1.4644},
{"Node_id":16635,"weight":1.6208},
{"Node_id":16636,"weight":1.39},
{"Node_id":16637,"weight":1.9597},
{"Node_id":16638,"weight":2.5836},
{"Node_id":16639,"weight":1.402},
{"Node_id":16640,"weight":2.1082},
{"Node_id":16641,"weight":5.5957},
{"Node_id":16642,"weight":1.8515},
{"Node_id":16643,"weight":1.4928},
{"Node_id":16644,"weight":2.1344},
{"Node_id":16645,"weight":2.4181},
{"Node_id":16646,"weight":2.1884},
{"Node_id":16647,"weight":2.1},
{"Node_id":16649,"weight":2.6337},
{"Node_id":16650,"weight":1.7448},
{"Node_id":16651,"weight":1.6331},
{"Node_id":16652,"weight":2.0397},
{"Node_id":16653,"weight":1.7464},
{"Node_id":16654,"weight":1.9802},
{"Node_id":16655,"weight":2.027},
{"Node_id":16656,"weight":1.5828},
{"Node_id":16657,"weight":3.0504},
{"Node_id":16658,"weight":1.4281},
{"Node_id":16659,"weight":2.1557},
{"Node_id":16660,"weight":1.7881},
{"Node_id":16666,"weight":1.6575},
{"Node_id":16669,"weight":3.2342},
{"Node_id":16670,"weight":2.645},
{"Node_id":16671,"weight":1.575},
{"Node_id":16672,"weight":2.1884},
{"Node_id":16673,"weight":3.3317},
{"Node_id":16674,"weight":1.5089},
{"Node_id":16675,"weight":3.2044},
{"Node_id":16676,"weight":1.7005},
{"Node_id":16677,"weight":1.9505},
{"Node_id":16678,"weight":2.658},
{"Node_id":16679,"weight":1.7703},
{"Node_id":16680,"weight":2.9257},
{"Node_id":16681,"weight":1.5368},
{"Node_id":16682,"weight":2.7445},
{"Node_id":16683,"weight":1.9962},
{"Node_id":16684,"weight":3.4095},
{"Node_id":16685,"weight":1.4578},
{"Node_id":16686,"weight":2.31},
{"Node_id":16687,"weight":2.4951},
{"Node_id":16688,"weight":1.4468},
{"Node_id":16689,"weight":2.0231},
{"Node_id":16690,"weight":2.3445},
{"Node_id":16691,"weight":4.9989},
{"Node_id":16692,"weight":1.4631},
{"Node_id":16693,"weight":5.5957},
{"Node_id":16694,"weight":1.7504},
{"Node_id":16695,"weight":1.5513},
{"Node_id":16696,"weight":1.5764},
{"Node_id":16697,"weight":2.4049},
{"Node_id":16698,"weight":4.4896},
{"Node_id":16699,"weight":3.8567},
{"Node_id":16700,"weight":1.5708},
{"Node_id":16701,"weight":1.5582},
{"Node_id":16702,"weight":3.8616},
{"Node_id":16703,"weight":1.513},
{"Node_id":16704,"weight":5.4448},
{"Node_id":16705,"weight":2.7322},
{"Node_id":16706,"weight":1.4077},
{"Node_id":16707,"weight":6.0725},
{"Node_id":16708,"weight":1.6868},
{"Node_id":16709,"weight":1.4229},
{"Node_id":16710,"weight":2.9423},
{"Node_id":16711,"weight":1.7784},
{"Node_id":16712,"weight":2.0585},
{"Node_id":16713,"weight":1.8506},
{"Node_id":16714,"weight":1.9634},
{"Node_id":16715,"weight":1.702},
{"Node_id":16716,"weight":1.9588},
{"Node_id":16717,"weight":4.212},
{"Node_id":16718,"weight":3.5326},
{"Node_id":16719,"weight":3.248},
{"Node_id":16720,"weight":1.4526},
{"Node_id":16721,"weight":1.4565},
{"Node_id":16722,"weight":2.1093},
{"Node_id":16728,"weight":2.3763},
{"Node_id":16731,"weight":2.0605},
{"Node_id":16735,"weight":1.5191},
{"Node_id":16737,"weight":1.9072},
{"Node_id":16740,"weight":2.4275},
{"Node_id":16742,"weight":2.0241},
{"Node_id":16746,"weight":3.7624},
{"Node_id":16748,"weight":2.9678},
{"Node_id":16753,"weight":1.5596},
{"Node_id":16755,"weight":1.4901},
{"Node_id":16758,"weight":2.1493},
{"Node_id":16760,"weight":2.9917},
{"Node_id":16761,"weight":1.5779},
{"Node_id":16762,"weight":2.1503},
{"Node_id":16763,"weight":1.465},
{"Node_id":16764,"weight":1.9811},
{"Node_id":16765,"weight":1.4526},
{"Node_id":16766,"weight":1.5771},
{"Node_id":16767,"weight":1.8062},
{"Node_id":16768,"weight":2.0125},
{"Node_id":16769,"weight":5.7414},
{"Node_id":16770,"weight":4.1318},
{"Node_id":16771,"weight":2.5371},
{"Node_id":16772,"weight":2.1323},
{"Node_id":16773,"weight":1.4223},
{"Node_id":16774,"weight":4.3858},
{"Node_id":16775,"weight":4.4364},
{"Node_id":16776,"weight":1.4064},
{"Node_id":16777,"weight":1.4533},
{"Node_id":16778,"weight":1.513},
{"Node_id":16779,"weight":1.7036},
{"Node_id":16780,"weight":2.1218},
{"Node_id":16781,"weight":4.4451},
{"Node_id":16782,"weight":1.6538},
{"Node_id":16783,"weight":2.2185},
{"Node_id":16784,"weight":1.7535},
{"Node_id":16785,"weight":2.102},
{"Node_id":16786,"weight":1.397},
{"Node_id":16787,"weight":2.0685},
{"Node_id":16788,"weight":1.8851},
{"Node_id":16789,"weight":1.8379},
{"Node_id":16790,"weight":5.6515},
{"Node_id":16791,"weight":1.8992},
{"Node_id":16792,"weight":1.7939},
{"Node_id":16793,"weight":2.0125},
{"Node_id":16794,"weight":2.5594},
{"Node_id":16795,"weight":1.7244},
{"Node_id":16796,"weight":3.6969},
{"Node_id":16797,"weight":3.1703},
{"Node_id":16798,"weight":1.5184},
{"Node_id":16799,"weight":1.3869},
{"Node_id":16800,"weight":2.1829},
{"Node_id":16801,"weight":2.2196},
{"Node_id":16802,"weight":1.9597},
{"Node_id":16803,"weight":2.8477},
{"Node_id":16804,"weight":1.6694},
{"Node_id":16805,"weight":3.577},
{"Node_id":16806,"weight":2.889},
{"Node_id":16807,"weight":2.885},
{"Node_id":16808,"weight":1.5259},
{"Node_id":16809,"weight":3.8567},
{"Node_id":16810,"weight":3.3079},
{"Node_id":16811,"weight":1.8354},
{"Node_id":16812,"weight":1.7736},
{"Node_id":16813,"weight":3.714},
{"Node_id":16814,"weight":1.8371},
{"Node_id":16815,"weight":2.9808},
{"Node_id":16816,"weight":2.9614},
{"Node_id":16817,"weight":3.4934},
{"Node_id":16818,"weight":1.3882},
{"Node_id":16819,"weight":1.7623},
{"Node_id":16820,"weight":2.3711},
{"Node_id":16821,"weight":1.4313},
{"Node_id":16822,"weight":1.5527},
{"Node_id":16823,"weight":2.2599},
{"Node_id":16824,"weight":2.0029},
{"Node_id":16825,"weight":2.6596},
{"Node_id":16826,"weight":1.9359},
{"Node_id":16827,"weight":2.9381},
{"Node_id":16828,"weight":2.9174},
{"Node_id":16829,"weight":1.6171},
{"Node_id":16830,"weight":1.8103},
{"Node_id":16831,"weight":1.5334},
{"Node_id":16832,"weight":2.887},
{"Node_id":16833,"weight":1.8186},
{"Node_id":16834,"weight":1.9542},
{"Node_id":16845,"weight":1.6785},
{"Node_id":16846,"weight":3.0006},
{"Node_id":16847,"weight":2.1785},
{"Node_id":16848,"weight":3.0786},
{"Node_id":16849,"weight":3.8275},
{"Node_id":16850,"weight":1.7881},
{"Node_id":16851,"weight":3.055},
{"Node_id":16852,"weight":1.9662},
{"Node_id":16853,"weight":2.4671},
{"Node_id":16854,"weight":3.2905},
{"Node_id":16855,"weight":1.901},
{"Node_id":16856,"weight":1.9802},
{"Node_id":16857,"weight":1.9802},
{"Node_id":16858,"weight":7.8236},
{"Node_id":16860,"weight":1.8021},
{"Node_id":16862,"weight":1.6913},
{"Node_id":16863,"weight":2.645},
{"Node_id":16864,"weight":4.0163},
{"Node_id":16865,"weight":1.4915},
{"Node_id":16866,"weight":1.5347},
{"Node_id":16867,"weight":2.6531},
{"Node_id":16868,"weight":2.2611},
{"Node_id":16874,"weight":2.9508},
{"Node_id":16877,"weight":1.9625},
{"Node_id":16878,"weight":3.4456},
{"Node_id":16881,"weight":1.4121},
{"Node_id":16882,"weight":2.7569},
{"Node_id":16883,"weight":5.11},
{"Node_id":16886,"weight":2.3309},
{"Node_id":16887,"weight":1.4468},
{"Node_id":16888,"weight":4.8588},
{"Node_id":16889,"weight":2.1218},
{"Node_id":16892,"weight":2.5327},
{"Node_id":16893,"weight":1.5286},
{"Node_id":16894,"weight":2.1708},
{"Node_id":16895,"weight":1.7792},
{"Node_id":16896,"weight":1.5835},
{"Node_id":16899,"weight":2.0575},
{"Node_id":16900,"weight":1.9662},
{"Node_id":16901,"weight":1.4249},
{"Node_id":16902,"weight":1.9072},
{"Node_id":16903,"weight":1.8635},
{"Node_id":16904,"weight":2.7183},
{"Node_id":16907,"weight":2.1665},
{"Node_id":16908,"weight":2.3944},
{"Node_id":16909,"weight":1.8447},
{"Node_id":16910,"weight":6.1171},
{"Node_id":16911,"weight":2.5564},
{"Node_id":16912,"weight":1.7663},
{"Node_id":16913,"weight":1.9962},
{"Node_id":16916,"weight":1.6317},
{"Node_id":16917,"weight":2.0989},
{"Node_id":16918,"weight":3.1222},
{"Node_id":16919,"weight":2.3737},
{"Node_id":16920,"weight":2.0125},
{"Node_id":16921,"weight":3.6352},
{"Node_id":16922,"weight":5.2539},
{"Node_id":16923,"weight":2.8613},
{"Node_id":16926,"weight":2.6894},
{"Node_id":16927,"weight":1.6215},
{"Node_id":16928,"weight":2.1796},
{"Node_id":16929,"weight":2.6962},
{"Node_id":16930,"weight":2.2611},
{"Node_id":16931,"weight":1.5368},
{"Node_id":16932,"weight":1.5211},
{"Node_id":16933,"weight":1.789},
{"Node_id":16934,"weight":2.2185},
{"Node_id":16937,"weight":1.6157},
{"Node_id":16938,"weight":4.0455},
{"Node_id":16939,"weight":2.9174},
{"Node_id":16940,"weight":2.4519},
{"Node_id":16941,"weight":3.5075},
{"Node_id":16942,"weight":1.5225},
{"Node_id":16943,"weight":1.9953},
{"Node_id":16944,"weight":2.214},
{"Node_id":16945,"weight":2.1312},
{"Node_id":16946,"weight":2.1568},
{"Node_id":16947,"weight":4.3454},
{"Node_id":16948,"weight":2.8248},
{"Node_id":16951,"weight":2.4994},
{"Node_id":16952,"weight":1.748},
{"Node_id":16953,"weight":1.4855},
{"Node_id":16954,"weight":2.764},
{"Node_id":16955,"weight":1.8721},
{"Node_id":16956,"weight":2.4492},
{"Node_id":16957,"weight":1.8904},
{"Node_id":16958,"weight":1.9783},
{"Node_id":16959,"weight":1.6508},
{"Node_id":16960,"weight":2.1302},
{"Node_id":16961,"weight":2.4356},
{"Node_id":16962,"weight":2.0897},
{"Node_id":16963,"weight":3.1322},
{"Node_id":16964,"weight":1.956},
{"Node_id":16965,"weight":4.5362},
{"Node_id":16966,"weight":2.8574},
{"Node_id":16967,"weight":1.925},
{"Node_id":16968,"weight":3.2314},
{"Node_id":16969,"weight":4.6053},
{"Node_id":16970,"weight":2.7839},
{"Node_id":16971,"weight":1.5177},
{"Node_id":16972,"weight":1.414},
{"Node_id":16973,"weight":1.7496},
{"Node_id":16974,"weight":2.0318},
{"Node_id":16975,"weight":3.2424},
{"Node_id":16976,"weight":1.8756},
{"Node_id":17004,"weight":2.4657},
{"Node_id":17011,"weight":1.7671},
{"Node_id":17019,"weight":1.5069},
{"Node_id":17028,"weight":1.8455},
{"Node_id":17031,"weight":1.4442},
{"Node_id":17034,"weight":2.5519},
{"Node_id":17035,"weight":1.6346},
{"Node_id":17036,"weight":2.8343},
{"Node_id":17038,"weight":8.517},
{"Node_id":17041,"weight":1.6508},
{"Node_id":17044,"weight":2.5371},
{"Node_id":17045,"weight":1.414},
{"Node_id":17046,"weight":2.4643},
{"Node_id":17047,"weight":1.8278},
{"Node_id":17048,"weight":2.5867},
{"Node_id":17049,"weight":3.2992},
{"Node_id":17050,"weight":2.5137},
{"Node_id":17051,"weight":1.5701},
{"Node_id":17052,"weight":4.4192},
{"Node_id":17053,"weight":1.4287},
{"Node_id":17054,"weight":2.5836},
{"Node_id":17055,"weight":1.4422},
{"Node_id":17056,"weight":2.4712},
{"Node_id":17057,"weight":3.6154},
{"Node_id":17058,"weight":1.4749},
{"Node_id":17059,"weight":2.1546},
{"Node_id":17060,"weight":2.727},
{"Node_id":17061,"weight":2.8751},
{"Node_id":17062,"weight":3.9604},
{"Node_id":17063,"weight":2.2705},
{"Node_id":17064,"weight":3.6352},
{"Node_id":17065,"weight":1.7663},
{"Node_id":17066,"weight":1.7082},
{"Node_id":17067,"weight":1.8515},
{"Node_id":17068,"weight":3.4865},
{"Node_id":17069,"weight":1.6027},
{"Node_id":17070,"weight":3.4865},
{"Node_id":17071,"weight":1.9027},
{"Node_id":17072,"weight":3.0621},
{"Node_id":17073,"weight":1.6092},
{"Node_id":17074,"weight":2.0897},
{"Node_id":17075,"weight":1.8128},
{"Node_id":17076,"weight":1.4461},
{"Node_id":17077,"weight":2.0446},
{"Node_id":17078,"weight":2.5821},
{"Node_id":17079,"weight":3.4761},
{"Node_id":17080,"weight":1.5062},
{"Node_id":17081,"weight":2.0989},
{"Node_id":17082,"weight":2.3788},
{"Node_id":17083,"weight":1.5485},
{"Node_id":17084,"weight":4.4108},
{"Node_id":17085,"weight":1.6951},
{"Node_id":17086,"weight":1.827},
{"Node_id":17087,"weight":1.4384},
{"Node_id":17088,"weight":2.7551},
{"Node_id":17089,"weight":1.7409},
{"Node_id":17090,"weight":2.1333},
{"Node_id":17091,"weight":1.9634},
{"Node_id":17092,"weight":1.8111},
{"Node_id":17093,"weight":2.7604},
{"Node_id":17094,"weight":1.5779},
{"Node_id":17095,"weight":4.1383},
{"Node_id":17096,"weight":1.4565},
{"Node_id":17097,"weight":3.6233},
{"Node_id":17098,"weight":1.7599},
{"Node_id":17099,"weight":2.5806},
{"Node_id":17100,"weight":1.4096},
{"Node_id":17101,"weight":3.9072},
{"Node_id":17102,"weight":1.8211},
{"Node_id":17103,"weight":2.5312},
{"Node_id":17104,"weight":1.8037},
{"Node_id":17105,"weight":2.9657},
{"Node_id":17106,"weight":2.6514},
{"Node_id":17107,"weight":1.4229},
{"Node_id":17108,"weight":2.7132},
{"Node_id":17109,"weight":1.8404},
{"Node_id":17110,"weight":1.9332},
{"Node_id":17111,"weight":2.5867},
{"Node_id":17112,"weight":1.6694},
{"Node_id":17113,"weight":4.119},
{"Node_id":17114,"weight":2.4937},
{"Node_id":17115,"weight":3.9992},
{"Node_id":17116,"weight":1.9268},
{"Node_id":17117,"weight":1.4351},
{"Node_id":17118,"weight":1.5361},
{"Node_id":17119,"weight":1.6501},
{"Node_id":17120,"weight":1.9001},
{"Node_id":17121,"weight":3.7401},
{"Node_id":17122,"weight":1.4293},
{"Node_id":17123,"weight":2.1961},
{"Node_id":17124,"weight":2.7876},
{"Node_id":17127,"weight":1.3995},
{"Node_id":17131,"weight":2.5283},
{"Node_id":17136,"weight":1.8161},
{"Node_id":17142,"weight":0.1294},
{"Node_id":17143,"weight":1.2721},
{"Node_id":17144,"weight":3.2676},
{"Node_id":17146,"weight":2.8691},
{"Node_id":17149,"weight":1.4204},
{"Node_id":17150,"weight":0.4561},
{"Node_id":17151,"weight":2.7046},
{"Node_id":17154,"weight":1.62},
{"Node_id":17156,"weight":0.6955},
{"Node_id":17157,"weight":2.5166},
{"Node_id":17158,"weight":5.4448},
{"Node_id":17160,"weight":0.6239},
{"Node_id":17164,"weight":1.9569},
{"Node_id":17165,"weight":1.6822},
{"Node_id":17172,"weight":2.0755},
{"Node_id":17174,"weight":0.4084},
{"Node_id":17175,"weight":2.3185},
{"Node_id":17186,"weight":1.2448},
{"Node_id":17190,"weight":0.7598},
{"Node_id":17193,"weight":1.827},
{"Node_id":17216,"weight":4.0878},
{"Node_id":17219,"weight":2.1741},
{"Node_id":17220,"weight":0.6803},
{"Node_id":17223,"weight":3.7011},
{"Node_id":17229,"weight":4.8588},
{"Node_id":17233,"weight":1.7089},
{"Node_id":17235,"weight":0.2302},
{"Node_id":17236,"weight":3.429},
{"Node_id":17239,"weight":0.3437},
{"Node_id":17240,"weight":0.2294},
{"Node_id":17246,"weight":0.3602},
{"Node_id":17248,"weight":1.6128},
{"Node_id":17250,"weight":4.8988},
{"Node_id":17251,"weight":1.7535},
{"Node_id":17252,"weight":0.6678},
{"Node_id":17253,"weight":1.0465},
{"Node_id":17274,"weight":1.1859},
{"Node_id":17280,"weight":0.3174},
{"Node_id":17284,"weight":0.9346},
{"Node_id":17285,"weight":2.5195},
{"Node_id":17286,"weight":1.0997},
{"Node_id":17288,"weight":0.3293},
{"Node_id":17293,"weight":0.3756},
{"Node_id":17295,"weight":0.5849},
{"Node_id":17297,"weight":0.0532},
{"Node_id":17303,"weight":0.2408},
{"Node_id":17305,"weight":0.9982},
{"Node_id":17307,"weight":0.2884},
{"Node_id":17311,"weight":0.9714},
{"Node_id":17314,"weight":0.2745},
{"Node_id":17316,"weight":0.1141},
{"Node_id":17318,"weight":0.4879},
{"Node_id":17321,"weight":0.1322},
{"Node_id":17444,"weight":1.8379},
{"Node_id":18224,"weight":1.8904},
{"Node_id":18228,"weight":0.9494},
{"Node_id":18229,"weight":1.39},
{"Node_id":18230,"weight":2.9896},
{"Node_id":18232,"weight":4.3694},
{"Node_id":18233,"weight":1.8878},
{"Node_id":18234,"weight":1.033},
{"Node_id":18235,"weight":2.1333},
{"Node_id":18236,"weight":0.6682},
{"Node_id":18242,"weight":0.7773},
{"Node_id":18245,"weight":1.3081},
{"Node_id":18250,"weight":0.1378},
{"Node_id":18252,"weight":2.4356},
{"Node_id":18256,"weight":1.2727},
{"Node_id":18258,"weight":0.8217},
{"Node_id":18259,"weight":1.139},
{"Node_id":18261,"weight":0.2152},
{"Node_id":18263,"weight":1.2791},
{"Node_id":18265,"weight":0.1987},
{"Node_id":18268,"weight":5.4927},
{"Node_id":18269,"weight":2.7586},
{"Node_id":18270,"weight":0.1463},
{"Node_id":18274,"weight":1.1521},
{"Node_id":18276,"weight":2.6547},
{"Node_id":18288,"weight":3.6677},
{"Node_id":18296,"weight":1.2208},
{"Node_id":18297,"weight":1.901},
{"Node_id":18303,"weight":0.7713},
{"Node_id":18304,"weight":0.3789},
{"Node_id":18310,"weight":1.5561},
{"Node_id":18314,"weight":0.7662},
{"Node_id":18355,"weight":1.0906},
{"Node_id":18356,"weight":0.4583},
{"Node_id":18358,"weight":0.6745},
{"Node_id":18361,"weight":1.1703},
{"Node_id":18362,"weight":0.2189},
{"Node_id":18363,"weight":0.4243},
{"Node_id":18367,"weight":1.3004},
{"Node_id":18370,"weight":0.054},
{"Node_id":18372,"weight":1.7504},
{"Node_id":18373,"weight":1.6501},
{"Node_id":18376,"weight":0.5147},
{"Node_id":18378,"weight":0.795},
{"Node_id":18382,"weight":2.6162},
{"Node_id":18384,"weight":1.5265},
{"Node_id":18387,"weight":1.5008},
{"Node_id":18410,"weight":1.0299},
{"Node_id":18411,"weight":2.508},
{"Node_id":18414,"weight":1.014},
{"Node_id":18415,"weight":2.1418},
{"Node_id":18417,"weight":3.2619},
{"Node_id":18419,"weight":0.7286},
{"Node_id":18428,"weight":1.8103},
{"Node_id":18435,"weight":2.1676},
{"Node_id":18437,"weight":1.5645},
{"Node_id":18439,"weight":1.5652},
{"Node_id":18677,"weight":1.6114},
{"Node_id":18678,"weight":2.0125},
{"Node_id":18750,"weight":0.5941},
{"Node_id":18751,"weight":3.1247},
{"Node_id":18753,"weight":1.7744},
{"Node_id":18755,"weight":1.7307},
{"Node_id":18758,"weight":0.4912},
{"Node_id":18760,"weight":1.0222},
{"Node_id":18761,"weight":0.5117},
{"Node_id":18766,"weight":0.8789},
{"Node_id":18768,"weight":0.8886},
{"Node_id":18772,"weight":4.0396},
{"Node_id":18773,"weight":1.4064},
{"Node_id":18776,"weight":4.833},
{"Node_id":18777,"weight":0.7291},
{"Node_id":18782,"weight":1.6013},
{"Node_id":18789,"weight":3.4624},
{"Node_id":18799,"weight":1.9089},
{"Node_id":18801,"weight":0.1342},
{"Node_id":18803,"weight":3.727},
{"Node_id":18805,"weight":3.577},
{"Node_id":18810,"weight":2.2646},
{"Node_id":18811,"weight":0.6517},
{"Node_id":18813,"weight":2.9896},
{"Node_id":18815,"weight":0.3232},
{"Node_id":18816,"weight":2.0048},
{"Node_id":18817,"weight":2.1851},
{"Node_id":18818,"weight":0.3146},
{"Node_id":18820,"weight":0.911},
{"Node_id":18825,"weight":1.0658},
{"Node_id":18837,"weight":0.2615},
{"Node_id":18843,"weight":3.0458},
{"Node_id":18845,"weight":0.1595},
{"Node_id":18855,"weight":2.1578},
{"Node_id":18856,"weight":1.5942},
{"Node_id":18857,"weight":0.5989},
{"Node_id":18859,"weight":1.5136},
{"Node_id":18861,"weight":0.5741},
{"Node_id":18863,"weight":1.5423},
{"Node_id":18865,"weight":0.4176},
{"Node_id":18897,"weight":1.0038},
{"Node_id":18899,"weight":0.403},
{"Node_id":18902,"weight":0.9139},
{"Node_id":18916,"weight":3.055},
{"Node_id":18919,"weight":1.295},
{"Node_id":18920,"weight":0.2007},
{"Node_id":18921,"weight":2.7339},
{"Node_id":18923,"weight":0.3826},
{"Node_id":18927,"weight":0.4629},
{"Node_id":18934,"weight":1.0423},
{"Node_id":18945,"weight":1.4908},
{"Node_id":18947,"weight":2.0775},
{"Node_id":18948,"weight":1.789},
{"Node_id":18949,"weight":1.1072},
{"Node_id":18950,"weight":2.3309},
{"Node_id":18951,"weight":0.9159},
{"Node_id":18952,"weight":0.8132},
{"Node_id":18955,"weight":0.8001},
{"Node_id":18959,"weight":1.2809},
{"Node_id":18960,"weight":2.0029},
{"Node_id":18968,"weight":0.9464},
{"Node_id":18969,"weight":0.0748},
{"Node_id":18971,"weight":1.2529},
{"Node_id":18973,"weight":0.3805},
{"Node_id":18975,"weight":0.0748},
{"Node_id":18977,"weight":3.0881},
{"Node_id":18979,"weight":0.4184},
{"Node_id":18983,"weight":3.2314},
{"Node_id":18985,"weight":1.172},
{"Node_id":18990,"weight":0.5473},
{"Node_id":18993,"weight":0.2088},
{"Node_id":18995,"weight":2.401},
{"Node_id":18997,"weight":0.6081},
{"Node_id":18998,"weight":2.1665},
{"Node_id":19002,"weight":0.7213},
{"Node_id":19004,"weight":5.6515},
{"Node_id":19007,"weight":1.631},
{"Node_id":19028,"weight":0.9455},
{"Node_id":19033,"weight":0.3289},
{"Node_id":19034,"weight":1.0094},
{"Node_id":19036,"weight":0.3611},
{"Node_id":19037,"weight":1.2345},
{"Node_id":19039,"weight":4.5751},
{"Node_id":19083,"weight":1.2832},
{"Node_id":19085,"weight":1.2962},
{"Node_id":19087,"weight":0.7556},
{"Node_id":19090,"weight":0.1523},
{"Node_id":19093,"weight":0.7773},
{"Node_id":19094,"weight":0.5262},
{"Node_id":19095,"weight":1.7105},
{"Node_id":19097,"weight":1.3334},
{"Node_id":19099,"weight":2.5297},
{"Node_id":19100,"weight":3.3138},
{"Node_id":19103,"weight":0.6857},
{"Node_id":19105,"weight":0.1302},
{"Node_id":19106,"weight":0.0492},
{"Node_id":19108,"weight":2.0515},
{"Node_id":19111,"weight":0.4811},
{"Node_id":19112,"weight":2.0645},
{"Node_id":19113,"weight":0.0324},
{"Node_id":19114,"weight":2.6385},
{"Node_id":19118,"weight":0.5159},
{"Node_id":19119,"weight":0.3917},
{"Node_id":19120,"weight":1.6642},
{"Node_id":19122,"weight":0.4819},
{"Node_id":19129,"weight":0.5066},
{"Node_id":19131,"weight":0.8383},
{"Node_id":19133,"weight":7.418},
{"Node_id":19137,"weight":1.0284},
{"Node_id":19145,"weight":2.1503},
{"Node_id":19146,"weight":1.2174},
{"Node_id":19150,"weight":3.2178},
{"Node_id":19152,"weight":0.4301},
{"Node_id":19153,"weight":1.3153},
{"Node_id":19158,"weight":2.3788},
{"Node_id":19160,"weight":1.0099},
{"Node_id":19171,"weight":0.3772},
{"Node_id":19175,"weight":0.2908},
{"Node_id":19276,"weight":0.8449},
{"Node_id":19282,"weight":1.8128},
{"Node_id":19284,"weight":0.3314},
{"Node_id":19287,"weight":3.0162},
{"Node_id":19407,"weight":0.2128},
{"Node_id":19409,"weight":1.1488},
{"Node_id":19411,"weight":2.1397},
{"Node_id":19413,"weight":0.6177},
{"Node_id":19415,"weight":0.7446},
{"Node_id":19417,"weight":3.0207},
{"Node_id":19419,"weight":2.0806},
{"Node_id":19421,"weight":1.7591},
{"Node_id":19423,"weight":0.1523},
{"Node_id":19424,"weight":3.5884},
{"Node_id":19425,"weight":3.6885},
{"Node_id":19429,"weight":0.9609},
{"Node_id":19431,"weight":1.7051},
{"Node_id":19434,"weight":0.4595},
{"Node_id":19439,"weight":4.7474},
{"Node_id":19441,"weight":1.793},
{"Node_id":19446,"weight":0.4934},
{"Node_id":19447,"weight":0.4243},
{"Node_id":19449,"weight":3.3621},
{"Node_id":19590,"weight":6.6441},
{"Node_id":20730,"weight":2.0105},
{"Node_id":20891,"weight":0.8635},
{"Node_id":20892,"weight":2.0183},
{"Node_id":20895,"weight":3.8666},
{"Node_id":20899,"weight":8.1114},
{"Node_id":20901,"weight":0.457},
{"Node_id":20905,"weight":1.5835},
{"Node_id":20910,"weight":0.6522},
{"Node_id":20912,"weight":0.405},
{"Node_id":20913,"weight":0.74},
{"Node_id":20915,"weight":0.359},
{"Node_id":20919,"weight":1.602},
{"Node_id":20923,"weight":1.2213},
{"Node_id":20931,"weight":0.8655},
{"Node_id":20942,"weight":0.7699},
{"Node_id":20944,"weight":0.1704},
{"Node_id":20946,"weight":2.883},
{"Node_id":20947,"weight":1.9496},
{"Node_id":20948,"weight":4.0634},
{"Node_id":20954,"weight":2.97},
{"Node_id":20956,"weight":1.3437},
{"Node_id":21043,"weight":3.2314},
{"Node_id":21045,"weight":0.2802},
{"Node_id":21047,"weight":1.597},
{"Node_id":21053,"weight":1.3763},
{"Node_id":21054,"weight":5.9496},
{"Node_id":21055,"weight":1.6063},
{"Node_id":21059,"weight":0.7295},
{"Node_id":21064,"weight":0.3801},
{"Node_id":21070,"weight":0.658},
{"Node_id":21071,"weight":1.016},
{"Node_id":21074,"weight":1.4696},
{"Node_id":21076,"weight":0.6789},
{"Node_id":21078,"weight":2.5008},
{"Node_id":21079,"weight":1.0548},
{"Node_id":21092,"weight":1.5892},
{"Node_id":21098,"weight":0.7259},
{"Node_id":21100,"weight":1.4657},
{"Node_id":21102,"weight":0.7023},
{"Node_id":21104,"weight":0.038},
{"Node_id":21108,"weight":1.0981},
{"Node_id":21110,"weight":2.773},
{"Node_id":21207,"weight":0.3265},
{"Node_id":21209,"weight":2.31},
{"Node_id":21211,"weight":0.6362},
{"Node_id":21213,"weight":1.1407},
{"Node_id":21216,"weight":0.4968},
{"Node_id":21292,"weight":0.4968},
{"Node_id":21294,"weight":1.7615},
{"Node_id":21295,"weight":2.4049},
{"Node_id":21301,"weight":0.4314},
{"Node_id":21303,"weight":0.825},
{"Node_id":21310,"weight":1.7655},
{"Node_id":21315,"weight":0.3269},
{"Node_id":21318,"weight":0.3031},
{"Node_id":21319,"weight":1.9188},
{"Node_id":21320,"weight":1.2339},
{"Node_id":21322,"weight":3.5845},
{"Node_id":21323,"weight":0.7501},
{"Node_id":21325,"weight":1.079},
{"Node_id":21326,"weight":2.321},
{"Node_id":21327,"weight":1.7167},
{"Node_id":21341,"weight":0.1061},
{"Node_id":21343,"weight":0.2424},
{"Node_id":21344,"weight":3.7357},
{"Node_id":21346,"weight":4.0694},
{"Node_id":21347,"weight":1.0094},
{"Node_id":21349,"weight":1.5984},
{"Node_id":21350,"weight":4.4451},
{"Node_id":21353,"weight":1.2709},
{"Node_id":21356,"weight":0.3963},
{"Node_id":21358,"weight":2.1994},
{"Node_id":21360,"weight":0.8944},
{"Node_id":21365,"weight":2.8633},
{"Node_id":21367,"weight":0.3996},
{"Node_id":21369,"weight":0.6821},
{"Node_id":21371,"weight":1.167},
{"Node_id":21373,"weight":0.6946},
{"Node_id":21374,"weight":2.1939},
{"Node_id":21375,"weight":1.1909},
{"Node_id":21377,"weight":0.5862},
{"Node_id":21379,"weight":0.8978},
{"Node_id":21389,"weight":1.3075}]