[{"p":"P54","wikiID":NULL,"s":"Q31377","Node_id":63708,"weight":0.25445002,"o":"Q3873511","polarity":FALSE},
{"p":"P54","wikiID":NULL,"s":"Q5024","Node_id":63709,"weight":0.20048001,"o":"Q3873511","polarity":FALSE},
{"p":"P54","wikiID":NULL,"s":"Q18765","Node_id":63710,"weight":0.26744002,"o":"Q3873511","polarity":FALSE},
{"p":"P54","wikiID":NULL,"s":"Q31377","Node_id":63711,"weight":0.20019,"o":"Q3873511","polarity":FALSE},
{"p":"P54","wikiID":NULL,"s":"Q31377","Node_id":63712,"weight":0.27322,"o":"Q3873511","polarity":FALSE},
{"p":"P54","wikiID":NULL,"s":"Q31377","Node_id":63713,"weight":0.51975,"o":"Q3873511","polarity":FALSE},
{"p":"P54","wikiID":NULL,"s":"Q5024","Node_id":63714,"weight":0.15444,"o":"Q3873511","polarity":FALSE},
{"p":"P54","wikiID":NULL,"s":"Q18765","Node_id":63715,"weight":0.34192,"o":"Q3873511","polarity":FALSE},
{"p":"P54","wikiID":NULL,"s":"Q5024","Node_id":63716,"weight":0.096990004,"o":"Q3873511","polarity":FALSE},
{"p":"P54","wikiID":NULL,"s":"Q31377","Node_id":63717,"weight":0.51269,"o":"Q3873511","polarity":FALSE},
{"p":"P54","wikiID":NULL,"s":"Q31377","Node_id":63718,"weight":0.29215,"o":"Q3873511","polarity":FALSE},
{"p":"P54","wikiID":NULL,"s":"Q31377","Node_id":63719,"weight":0.15341,"o":"Q3873511","polarity":FALSE},
{"p":"P54","wikiID":NULL,"s":"Q122346","Node_id":63720,"weight":0.35508,"o":"Q3873511","polarity":FALSE},
{"p":"P54","wikiID":NULL,"s":"Q39209","Node_id":63721,"weight":0.03872,"o":"Q3873511","polarity":FALSE},
{"p":"P54","wikiID":NULL,"s":"Q122346","Node_id":63722,"weight":0.24464,"o":"Q3873511","polarity":FALSE},
{"p":"P54","wikiID":NULL,"s":"Q5024","Node_id":63723,"weight":0.37669,"o":"Q3873511","polarity":FALSE},
{"p":"P54","wikiID":NULL,"s":"Q5024","Node_id":63724,"weight":0.02599,"o":"Q3873511","polarity":FALSE},
{"p":"P54","wikiID":NULL,"s":"Q31377","Node_id":63725,"weight":0.30117,"o":"Q3873511","polarity":FALSE},
{"p":"P54","wikiID":NULL,"s":"Q5024","Node_id":63726,"weight":0.04339,"o":"Q3873511","polarity":FALSE},
{"p":"P54","wikiID":NULL,"s":"Q31377","Node_id":63727,"weight":0.16433999,"o":"Q3873511","polarity":FALSE},
{"p":"P54","wikiID":NULL,"s":"Q31377","Node_id":63728,"weight":0.05326,"o":"Q3873511","polarity":FALSE},
{"p":"P54","wikiID":NULL,"s":"Q122346","Node_id":63729,"weight":0.2366,"o":"Q3873511","polarity":FALSE},
{"p":"P54","wikiID":NULL,"s":"Q5024","Node_id":63730,"weight":0.26844,"o":"Q3873511","polarity":FALSE},
{"p":"P54","wikiID":NULL,"s":"Q122346","Node_id":63731,"weight":0.17792,"o":"Q3873511","polarity":FALSE},
{"p":"P54","wikiID":NULL,"s":"Q31377","Node_id":63732,"weight":0.05884,"o":"Q3873511","polarity":FALSE},
{"p":"P54","wikiID":NULL,"s":"Q5024","Node_id":63733,"weight":0.15136,"o":"Q3873511","polarity":FALSE},
{"p":"P54","wikiID":NULL,"s":"Q122346","Node_id":63734,"weight":0.14268,"o":"Q3873511","polarity":FALSE},
{"p":"P54","wikiID":NULL,"s":"Q18765","Node_id":63735,"weight":0.24464,"o":"Q3873511","polarity":FALSE},
{"p":"P54","wikiID":NULL,"s":"Q1918","Node_id":63736,"weight":0.28750998,"o":"Q3873511","polarity":FALSE},
{"p":"P54","wikiID":NULL,"s":"Q31377","Node_id":63737,"weight":0.46052998,"o":"Q3873511","polarity":FALSE},
{"p":"P54","wikiID":NULL,"s":"Q1918","Node_id":63738,"weight":0.28305,"o":"Q3873511","polarity":FALSE},
{"p":"P54","wikiID":NULL,"s":"Q5024","Node_id":63739,"weight":0.16754,"o":"Q3873511","polarity":FALSE},
{"p":"P54","wikiID":NULL,"s":"Q5024","Node_id":63740,"weight":0.17864999,"o":"Q3873511","polarity":FALSE},
{"p":"P54","wikiID":NULL,"s":"Q5024","Node_id":63741,"weight":0.35922,"o":"Q3873511","polarity":FALSE},
{"p":"P54","wikiID":NULL,"s":"Q31377","Node_id":63742,"weight":0.19268,"o":"Q3873511","polarity":FALSE},
{"p":"P54","wikiID":NULL,"s":"Q31377","Node_id":63743,"weight":0.04121,"o":"Q3873511","polarity":FALSE},
{"p":"P54","wikiID":NULL,"s":"Q18765","Node_id":63744,"weight":0.27322,"o":"Q3873511","polarity":FALSE},
{"p":"P54","wikiID":NULL,"s":"Q31377","Node_id":63745,"weight":0.06875,"o":"Q3873511","polarity":FALSE},
{"p":"P54","wikiID":NULL,"s":"Q5024","Node_id":63746,"weight":0.14995,"o":"Q3873511","polarity":FALSE},
{"p":"P54","wikiID":NULL,"s":"Q5024","Node_id":63747,"weight":0.63754,"o":"Q3873511","polarity":FALSE},
{"p":"P54","wikiID":NULL,"s":"Q5024","Node_id":63748,"weight":0.03248,"o":"Q3873511","polarity":FALSE},
{"p":"P54","wikiID":NULL,"s":"Q5024","Node_id":63749,"weight":0.16515,"o":"Q3873511","polarity":FALSE},
{"p":"P54","wikiID":NULL,"s":"Q31377","Node_id":63750,"weight":0.20585,"o":"Q3873511","polarity":FALSE},
{"p":"P54","wikiID":NULL,"s":"Q31377","Node_id":63751,"weight":0.02753,"o":"Q3873511","polarity":FALSE},
{"p":"P54","wikiID":NULL,"s":"Q122346","Node_id":63752,"weight":0.34094998,"o":"Q3873511","polarity":FALSE},
{"p":"P54","wikiID":NULL,"s":"Q1918","Node_id":63753,"weight":0.56515,"o":"Q3873511","polarity":FALSE},
{"p":"P54","wikiID":NULL,"s":"Q1918","Node_id":63754,"weight":0.15197,"o":"Q3873511","polarity":FALSE},
{"p":"P54","wikiID":NULL,"s":"Q122346","Node_id":63755,"weight":0.33468002,"o":"Q3873511","polarity":FALSE},
{"p":"P54","wikiID":NULL,"s":"Q39209","Node_id":63756,"weight":0.22774999,"o":"Q3873511","polarity":FALSE},
{"p":"P54","wikiID":NULL,"s":"Q122346","Node_id":63757,"weight":0.21895,"o":"Q3873511","polarity":FALSE},
{"p":"P54","wikiID":NULL,"s":"Q122346","Node_id":63758,"weight":0.1873,"o":"Q3873511","polarity":FALSE},
{"p":"P54","wikiID":NULL,"s":"Q5024","Node_id":63759,"weight":0.3483,"o":"Q3873511","polarity":FALSE},
{"p":"P54","wikiID":NULL,"s":"Q31377","Node_id":63760,"weight":0.10475,"o":"Q3873511","polarity":FALSE},
{"p":"P54","wikiID":NULL,"s":"Q5024","Node_id":63761,"weight":0.007999999,"o":"Q3873511","polarity":FALSE},
{"p":"P54","wikiID":NULL,"s":"Q18765","Node_id":63762,"weight":0.21503,"o":"Q3873511","polarity":FALSE},
{"p":"P54","wikiID":NULL,"s":"Q5024","Node_id":63763,"weight":0.0039999997,"o":"Q3873511","polarity":FALSE},
{"p":"P54","wikiID":NULL,"s":"Q122346","Node_id":63764,"weight":0.16164,"o":"Q3873511","polarity":FALSE},
{"p":"P54","wikiID":NULL,"s":"Q31377","Node_id":63765,"weight":0.19161001,"o":"Q3873511","polarity":FALSE},
{"p":"P54","wikiID":NULL,"s":"Q122346","Node_id":63766,"weight":0.25445002,"o":"Q3873511","polarity":FALSE},
{"p":"P54","wikiID":NULL,"s":"Q5024","Node_id":63767,"weight":0.23075,"o":"Q3873511","polarity":FALSE},
{"p":"P54","wikiID":NULL,"s":"Q122346","Node_id":63768,"weight":0.20367,"o":"Q3873511","polarity":FALSE},
{"p":"P54","wikiID":NULL,"s":"Q122346","Node_id":63769,"weight":0.22871001,"o":"Q3873511","polarity":FALSE},
{"p":"P54","wikiID":NULL,"s":"Q5024","Node_id":63770,"weight":0.07028,"o":"Q3873511","polarity":FALSE},
{"p":"P54","wikiID":NULL,"s":"Q31377","Node_id":63771,"weight":0.16186,"o":"Q3873511","polarity":FALSE},
{"p":"P54","wikiID":NULL,"s":"Q122346","Node_id":63772,"weight":0.20407,"o":"Q3873511","polarity":FALSE},
{"p":"P54","wikiID":NULL,"s":"Q31377","Node_id":63773,"weight":0.16258,"o":"Q3873511","polarity":FALSE},
{"p":"P54","wikiID":NULL,"s":"Q1918","Node_id":63774,"weight":0.33745998,"o":"Q3873511","polarity":FALSE},
{"p":"P54","wikiID":NULL,"s":"Q122346","Node_id":63775,"weight":0.42546,"o":"Q3873511","polarity":FALSE},
{"p":"P54","wikiID":NULL,"s":"Q5024","Node_id":63776,"weight":0.07602,"o":"Q3873511","polarity":FALSE},
{"p":"P54","wikiID":NULL,"s":"Q5024","Node_id":63777,"weight":0.01418,"o":"Q3873511","polarity":FALSE},
{"p":"P54","wikiID":NULL,"s":"Q5024","Node_id":63778,"weight":0.00144,"o":"Q3873511","polarity":FALSE},
{"p":"P54","wikiID":NULL,"s":"Q5024","Node_id":63779,"weight":0.27551,"o":"Q3873511","polarity":FALSE},
{"p":"P54","wikiID":NULL,"s":"Q39209","Node_id":63780,"weight":0.27586,"o":"Q3873511","polarity":FALSE},
{"p":"P54","wikiID":NULL,"s":"Q18765","Node_id":63781,"weight":0.01708,"o":"Q3873511","polarity":FALSE},
{"p":"P54","wikiID":NULL,"s":"Q5024","Node_id":63782,"weight":0.38968998,"o":"Q3873511","polarity":FALSE},
{"p":"P54","wikiID":NULL,"s":"Q39209","Node_id":63783,"weight":0.16049,"o":"Q3873511","polarity":FALSE},
{"p":"P54","wikiID":NULL,"s":"Q18765","Node_id":63784,"weight":0.03335,"o":"Q3873511","polarity":FALSE},
{"p":"P54","wikiID":NULL,"s":"Q31377","Node_id":63785,"weight":0.34456,"o":"Q3873511","polarity":FALSE},
{"p":"P54","wikiID":NULL,"s":"Q5024","Node_id":63786,"weight":0.21343999,"o":"Q3873511","polarity":FALSE},
{"p":"P54","wikiID":NULL,"s":"Q31377","Node_id":63787,"weight":0.30389,"o":"Q3873511","polarity":FALSE},
{"p":"P54","wikiID":NULL,"s":"Q31377","Node_id":63788,"weight":0.20515001,"o":"Q3873511","polarity":FALSE},
{"p":"P54","wikiID":NULL,"s":"Q122346","Node_id":63789,"weight":0.13932,"o":"Q3873511","polarity":FALSE},
{"p":"P54","wikiID":NULL,"s":"Q31377","Node_id":63790,"weight":0.11709,"o":"Q3873511","polarity":FALSE},
{"p":"P54","wikiID":NULL,"s":"Q18765","Node_id":63791,"weight":0.26273,"o":"Q3873511","polarity":FALSE},
{"p":"P54","wikiID":NULL,"s":"Q31377","Node_id":63792,"weight":0.0638,"o":"Q3873511","polarity":FALSE},
{"p":"P54","wikiID":NULL,"s":"Q31377","Node_id":63793,"weight":0.06789,"o":"Q3873511","polarity":FALSE},
{"p":"P54","wikiID":NULL,"s":"Q1918","Node_id":63794,"weight":0.46576,"o":"Q3873511","polarity":FALSE},
{"p":"P54","wikiID":NULL,"s":"Q31377","Node_id":63795,"weight":0.14474,"o":"Q3873511","polarity":FALSE},
{"p":"P54","wikiID":NULL,"s":"Q31377","Node_id":63796,"weight":0.30297,"o":"Q3873511","polarity":FALSE},
{"p":"P54","wikiID":NULL,"s":"Q5024","Node_id":63797,"weight":0.35472,"o":"Q3873511","polarity":FALSE},
{"p":"P54","wikiID":NULL,"s":"Q18765","Node_id":63798,"weight":0.16913,"o":"Q3873511","polarity":FALSE},
{"p":"P54","wikiID":NULL,"s":"Q5024","Node_id":63799,"weight":0.16237,"o":"Q3873511","polarity":FALSE},
{"p":"P54","wikiID":NULL,"s":"Q122346","Node_id":63800,"weight":0.24075,"o":"Q3873511","polarity":FALSE},
{"p":"P54","wikiID":NULL,"s":"Q5024","Node_id":63801,"weight":0.05503,"o":"Q3873511","polarity":FALSE},
{"p":"P54","wikiID":NULL,"s":"Q5024","Node_id":63802,"weight":0.29072002,"o":"Q3873511","polarity":FALSE},
{"p":"P54","wikiID":NULL,"s":"Q122346","Node_id":63803,"weight":0.2891,"o":"Q3873511","polarity":FALSE},
{"p":"P54","wikiID":NULL,"s":"Q31377","Node_id":63804,"weight":0.0691,"o":"Q3873511","polarity":FALSE},
{"p":"P54","wikiID":NULL,"s":"Q122346","Node_id":63805,"weight":0.16193,"o":"Q3873511","polarity":FALSE},
{"p":"P54","wikiID":NULL,"s":"Q5024","Node_id":63806,"weight":0.14507,"o":"Q3873511","polarity":FALSE},
{"p":"P54","wikiID":NULL,"s":"Q31377","Node_id":63807,"weight":0.20897,"o":"Q3873511","polarity":FALSE},
{"p":"P54","wikiID":NULL,"s":"Q5024","Node_id":63808,"weight":0.26305002,"o":"Q3873511","polarity":FALSE},
{"p":"P54","wikiID":NULL,"s":"Q18765","Node_id":63809,"weight":0.1656,"o":"Q3873511","polarity":FALSE},
{"p":"P54","wikiID":NULL,"s":"Q31377","Node_id":63810,"weight":0.14761999,"o":"Q3873511","polarity":FALSE},
{"p":"P54","wikiID":NULL,"s":"Q5024","Node_id":63811,"weight":0.63754,"o":"Q3873511","polarity":FALSE},
{"p":"P54","wikiID":NULL,"s":"Q39209","Node_id":63812,"weight":0.08693,"o":"Q3873511","polarity":FALSE},
{"p":"P54","wikiID":NULL,"s":"Q5024","Node_id":63813,"weight":0.24368998,"o":"Q3873511","polarity":FALSE},
{"p":"P54","wikiID":NULL,"s":"Q1918","Node_id":63814,"weight":0.45173997,"o":"Q3873511","polarity":FALSE},
{"p":"P54","wikiID":NULL,"s":"Q122346","Node_id":63815,"weight":0.38275,"o":"Q3873511","polarity":FALSE},
{"p":"P54","wikiID":NULL,"s":"Q31377","Node_id":63816,"weight":0.15368,"o":"Q3873511","polarity":FALSE},
{"p":"P54","wikiID":NULL,"s":"Q5024","Node_id":63817,"weight":0.20348,"o":"Q3873511","polarity":FALSE},
{"p":"P54","wikiID":NULL,"s":"Q1918","Node_id":63818,"weight":0.02949,"o":"Q3873511","polarity":FALSE},
{"p":"P54","wikiID":NULL,"s":"Q5024","Node_id":63819,"weight":0.03421,"o":"Q3873511","polarity":FALSE},
{"p":"P54","wikiID":NULL,"s":"Q122346","Node_id":63820,"weight":0.40514,"o":"Q3873511","polarity":FALSE},
{"p":"P54","wikiID":NULL,"s":"Q31377","Node_id":63821,"weight":0.046669997,"o":"Q3873511","polarity":FALSE},
{"p":"P54","wikiID":NULL,"s":"Q122346","Node_id":63822,"weight":0.14058,"o":"Q3873511","polarity":FALSE},
{"p":"P54","wikiID":NULL,"s":"Q5024","Node_id":63823,"weight":0.48203,"o":"Q3873511","polarity":FALSE},
{"p":"P54","wikiID":NULL,"s":"Q122346","Node_id":63824,"weight":0.15603,"o":"Q3873511","polarity":FALSE},
{"p":"P54","wikiID":NULL,"s":"Q5024","Node_id":63825,"weight":0.30481,"o":"Q3873511","polarity":FALSE},
{"p":"P54","wikiID":NULL,"s":"Q5024","Node_id":63826,"weight":0.23918,"o":"Q3873511","polarity":FALSE},
{"p":"P54","wikiID":NULL,"s":"Q5024","Node_id":63827,"weight":0.16582,"o":"Q3873511","polarity":FALSE},
{"p":"P54","wikiID":NULL,"s":"Q1918","Node_id":63828,"weight":0.25821,"o":"Q3873511","polarity":FALSE},
{"p":"P54","wikiID":NULL,"s":"Q122346","Node_id":63829,"weight":0.15729001,"o":"Q3873511","polarity":FALSE},
{"p":"P54","wikiID":NULL,"s":"Q1918","Node_id":63830,"weight":0.297,"o":"Q3873511","polarity":FALSE},
{"p":"P54","wikiID":NULL,"s":"Q5024","Node_id":63831,"weight":0.14552,"o":"Q3873511","polarity":FALSE},
{"p":"P54","wikiID":NULL,"s":"Q5024","Node_id":63832,"weight":0.32479998,"o":"Q3873511","polarity":FALSE},
{"p":"P54","wikiID":NULL,"s":"Q5024","Node_id":63833,"weight":0.23051,"o":"Q3873511","polarity":FALSE},
{"p":"P54","wikiID":NULL,"s":"Q5024","Node_id":63834,"weight":0.33078998,"o":"Q3873511","polarity":FALSE},
{"p":"P54","wikiID":NULL,"s":"Q31377","Node_id":63835,"weight":0.17662999,"o":"Q3873511","polarity":FALSE},
{"p":"P54","wikiID":NULL,"s":"Q31377","Node_id":63836,"weight":0.26305002,"o":"Q3873511","polarity":FALSE},
{"p":"P54","wikiID":NULL,"s":"Q1918","Node_id":63837,"weight":0.24519,"o":"Q3873511","polarity":FALSE},
{"p":"P54","wikiID":NULL,"s":"Q39209","Node_id":63838,"weight":0.24275,"o":"Q3873511","polarity":FALSE},
{"p":"P54","wikiID":NULL,"s":"Q122346","Node_id":63839,"weight":0.32847,"o":"Q3873511","polarity":FALSE},
{"p":"P54","wikiID":NULL,"s":"Q122346","Node_id":63840,"weight":0.19395,"o":"Q3873511","polarity":FALSE},
{"p":"P54","wikiID":NULL,"s":"Q1918","Node_id":63841,"weight":0.21343999,"o":"Q3873511","polarity":FALSE},
{"p":"P54","wikiID":NULL,"s":"Q122346","Node_id":63842,"weight":0.21654001,"o":"Q3873511","polarity":FALSE},
{"p":"P54","wikiID":NULL,"s":"Q31377","Node_id":63843,"weight":0.12505999,"o":"Q3873511","polarity":FALSE},
{"p":"P54","wikiID":NULL,"s":"Q1918","Node_id":63844,"weight":0.12027,"o":"Q3873511","polarity":FALSE},
{"p":"P54","wikiID":NULL,"s":"Q122346","Node_id":63845,"weight":0.14948,"o":"Q3873511","polarity":FALSE},
{"p":"P54","wikiID":NULL,"s":"Q18765","Node_id":63846,"weight":0.0794,"o":"Q3873511","polarity":FALSE},
{"p":"P54","wikiID":NULL,"s":"Q5024","Node_id":63847,"weight":0.17206,"o":"Q3873511","polarity":FALSE},
{"p":"P54","wikiID":NULL,"s":"Q5024","Node_id":63848,"weight":0.18913,"o":"Q3873511","polarity":FALSE}]