[{"Node_id":205,"weight":2.0887},
{"Node_id":444,"weight":2.2196},
{"Node_id":447,"weight":2.9635},
{"Node_id":448,"weight":3.9549},
{"Node_id":449,"weight":1.4474},
{"Node_id":451,"weight":2.3996},
{"Node_id":452,"weight":1.7433},
{"Node_id":453,"weight":2.1807},
{"Node_id":454,"weight":2.3866},
{"Node_id":455,"weight":1.3919},
{"Node_id":461,"weight":2.0938},
{"Node_id":464,"weight":2.3433},
{"Node_id":466,"weight":2.5504},
{"Node_id":468,"weight":2.5519},
{"Node_id":470,"weight":2.3648},
{"Node_id":474,"weight":1.4481},
{"Node_id":476,"weight":5.2933},
{"Node_id":477,"weight":1.4313},
{"Node_id":479,"weight":1.9305},
{"Node_id":481,"weight":2.5195},
{"Node_id":483,"weight":3.2151},
{"Node_id":484,"weight":2.3271},
{"Node_id":486,"weight":4.6469},
{"Node_id":487,"weight":2.2943},
{"Node_id":488,"weight":3.4523},
{"Node_id":492,"weight":1.6142},
{"Node_id":494,"weight":3.0006},
{"Node_id":506,"weight":3.4225},
{"Node_id":512,"weight":1.8704},
{"Node_id":514,"weight":1.452},
{"Node_id":515,"weight":3.6677},
{"Node_id":517,"weight":1.6405},
{"Node_id":521,"weight":1.6627},
{"Node_id":522,"weight":3.1173},
{"Node_id":526,"weight":2.9786},
{"Node_id":528,"weight":1.7151},
{"Node_id":532,"weight":1.7448},
{"Node_id":573,"weight":1.4822},
{"Node_id":574,"weight":3.7852},
{"Node_id":576,"weight":2.1218},
{"Node_id":579,"weight":5.9496},
{"Node_id":580,"weight":2.1961},
{"Node_id":581,"weight":1.86},
{"Node_id":585,"weight":4.1711},
{"Node_id":588,"weight":2.4629},
{"Node_id":590,"weight":4.6259},
{"Node_id":591,"weight":4.5555},
{"Node_id":594,"weight":1.8921},
{"Node_id":596,"weight":1.4261},
{"Node_id":600,"weight":1.4815},
{"Node_id":602,"weight":1.5451},
{"Node_id":605,"weight":2.579},
{"Node_id":608,"weight":1.5361},
{"Node_id":609,"weight":1.8371},
{"Node_id":610,"weight":3.4591},
{"Node_id":611,"weight":2.5654},
{"Node_id":614,"weight":7.8236},
{"Node_id":616,"weight":2.1503},
{"Node_id":618,"weight":2.3136},
{"Node_id":619,"weight":1.5849},
{"Node_id":620,"weight":2.1207},
{"Node_id":621,"weight":2.4075},
{"Node_id":623,"weight":2.9487},
{"Node_id":624,"weight":1.5225},
{"Node_id":625,"weight":2.2494},
{"Node_id":626,"weight":2.5669},
{"Node_id":627,"weight":3.2452},
{"Node_id":628,"weight":2.8439},
{"Node_id":629,"weight":2.3371},
{"Node_id":630,"weight":1.3913},
{"Node_id":631,"weight":4.3066},
{"Node_id":632,"weight":2.7712},
{"Node_id":633,"weight":5.077},
{"Node_id":634,"weight":1.9386},
{"Node_id":635,"weight":3.3903},
{"Node_id":636,"weight":2.7115},
{"Node_id":637,"weight":1.5764},
{"Node_id":638,"weight":2.2425},
{"Node_id":639,"weight":2.0144},
{"Node_id":640,"weight":1.4955},
{"Node_id":641,"weight":1.4364},
{"Node_id":642,"weight":1.7639},
{"Node_id":643,"weight":4.872},
{"Node_id":645,"weight":1.4338},
{"Node_id":647,"weight":2.2967},
{"Node_id":648,"weight":1.4855},
{"Node_id":649,"weight":3.0297},
{"Node_id":650,"weight":1.421},
{"Node_id":651,"weight":1.9487},
{"Node_id":652,"weight":2.6434},
{"Node_id":653,"weight":1.6777},
{"Node_id":654,"weight":1.5008},
{"Node_id":655,"weight":2.9765},
{"Node_id":656,"weight":1.7082},
{"Node_id":657,"weight":2.4168},
{"Node_id":658,"weight":6.0725},
{"Node_id":659,"weight":2.6305},
{"Node_id":660,"weight":4.7242},
{"Node_id":661,"weight":2.0505},
{"Node_id":662,"weight":2.9174},
{"Node_id":664,"weight":4.9989},
{"Node_id":665,"weight":3.6513},
{"Node_id":668,"weight":1.8387},
{"Node_id":669,"weight":3.7357},
{"Node_id":673,"weight":6.3754},
{"Node_id":674,"weight":1.7059},
{"Node_id":678,"weight":3.8969},
{"Node_id":679,"weight":2.4062},
{"Node_id":680,"weight":1.8895},
{"Node_id":684,"weight":5.8061},
{"Node_id":686,"weight":1.6883},
{"Node_id":687,"weight":2.1589},
{"Node_id":691,"weight":3.2287},
{"Node_id":693,"weight":1.737},
{"Node_id":694,"weight":3.5435},
{"Node_id":695,"weight":2.6385},
{"Node_id":699,"weight":2.0816},
{"Node_id":701,"weight":1.5575},
{"Node_id":702,"weight":3.3257},
{"Node_id":703,"weight":1.5729},
{"Node_id":704,"weight":2.1939},
{"Node_id":708,"weight":2.0585},
{"Node_id":710,"weight":2.1525},
{"Node_id":711,"weight":5.3771},
{"Node_id":713,"weight":3.562},
{"Node_id":714,"weight":3.6392},
{"Node_id":718,"weight":2.7622},
{"Node_id":720,"weight":2.7029},
{"Node_id":721,"weight":2.1611},
{"Node_id":724,"weight":2.0086},
{"Node_id":725,"weight":2.4796},
{"Node_id":729,"weight":2.2955},
{"Node_id":731,"weight":1.8532},
{"Node_id":732,"weight":1.9432},
{"Node_id":735,"weight":2.2073},
{"Node_id":736,"weight":2.895},
{"Node_id":737,"weight":3.7446},
{"Node_id":741,"weight":1.7151},
{"Node_id":743,"weight":2.2494},
{"Node_id":744,"weight":2.6596},
{"Node_id":747,"weight":2.1676},
{"Node_id":749,"weight":2.3944},
{"Node_id":750,"weight":2.0299},
{"Node_id":754,"weight":2.881},
{"Node_id":756,"weight":1.7417},
{"Node_id":757,"weight":6.4362},
{"Node_id":760,"weight":2.4615},
{"Node_id":763,"weight":1.6486},
{"Node_id":764,"weight":1.4908},
{"Node_id":768,"weight":2.3112},
{"Node_id":770,"weight":1.7711},
{"Node_id":771,"weight":3.0006},
{"Node_id":774,"weight":3.9495},
{"Node_id":778,"weight":4.6363},
{"Node_id":779,"weight":1.7074},
{"Node_id":783,"weight":2.7427},
{"Node_id":785,"weight":2.5549},
{"Node_id":786,"weight":2.5037},
{"Node_id":789,"weight":7.8236},
{"Node_id":793,"weight":1.744},
{"Node_id":794,"weight":2.1589},
{"Node_id":795,"weight":4.4108},
{"Node_id":799,"weight":2.4726},
{"Node_id":801,"weight":1.602},
{"Node_id":802,"weight":1.9063},
{"Node_id":805,"weight":1.6486},
{"Node_id":809,"weight":1.5506},
{"Node_id":811,"weight":3.3683},
{"Node_id":812,"weight":1.6434},
{"Node_id":816,"weight":1.8472},
{"Node_id":818,"weight":2.4275},
{"Node_id":819,"weight":2.481},
{"Node_id":822,"weight":1.9072},
{"Node_id":826,"weight":1.9395},
{"Node_id":829,"weight":2.6777},
{"Node_id":830,"weight":3.4523},
{"Node_id":834,"weight":2.3321},
{"Node_id":836,"weight":4.7954},
{"Node_id":837,"weight":2.0221},
{"Node_id":840,"weight":4.872},
{"Node_id":844,"weight":2.7201},
{"Node_id":848,"weight":3.5922},
{"Node_id":849,"weight":3.5472},
{"Node_id":853,"weight":1.4995},
{"Node_id":855,"weight":2.3711},
{"Node_id":856,"weight":4.8203},
{"Node_id":859,"weight":2.9072},
{"Node_id":863,"weight":1.6754},
{"Node_id":867,"weight":1.8913},
{"Node_id":868,"weight":2.2494},
{"Node_id":869,"weight":2.8731},
{"Node_id":873,"weight":2.7712},
{"Node_id":875,"weight":2.2436},
{"Node_id":876,"weight":1.9821},
{"Node_id":879,"weight":1.6627},
{"Node_id":883,"weight":1.5416},
{"Node_id":887,"weight":3.1372},
{"Node_id":888,"weight":1.587},
{"Node_id":890,"weight":5.4217},
{"Node_id":891,"weight":5.5429},
{"Node_id":892,"weight":2.5534},
{"Node_id":893,"weight":1.4223},
{"Node_id":894,"weight":2.2728},
{"Node_id":895,"weight":3.3377},
{"Node_id":952,"weight":2.6995},
{"Node_id":954,"weight":5.045},
{"Node_id":955,"weight":3.8766},
{"Node_id":956,"weight":1.719},
{"Node_id":957,"weight":1.7354},
{"Node_id":958,"weight":2.4768},
{"Node_id":959,"weight":1.7198},
{"Node_id":960,"weight":2.0416},
{"Node_id":961,"weight":1.6982},
{"Node_id":962,"weight":3.6076},
{"Node_id":963,"weight":3.4523},
{"Node_id":964,"weight":3.6273},
{"Node_id":965,"weight":3.7401},
{"Node_id":966,"weight":2.0338},
{"Node_id":967,"weight":1.6906},
{"Node_id":968,"weight":3.6718},
{"Node_id":969,"weight":2.1418},
{"Node_id":970,"weight":1.6419},
{"Node_id":971,"weight":1.8549},
{"Node_id":972,"weight":2.0212},
{"Node_id":973,"weight":3.3808},
{"Node_id":974,"weight":3.8469},
{"Node_id":975,"weight":3.305},
{"Node_id":976,"weight":1.4742},
{"Node_id":977,"weight":1.4881},
{"Node_id":978,"weight":1.9523},
{"Node_id":979,"weight":1.5464},
{"Node_id":980,"weight":2.0575},
{"Node_id":981,"weight":1.7922},
{"Node_id":984,"weight":4.1579},
{"Node_id":985,"weight":1.615},
{"Node_id":986,"weight":5.4927},
{"Node_id":989,"weight":3.7446},
{"Node_id":992,"weight":3.5075},
{"Node_id":993,"weight":1.7472},
{"Node_id":994,"weight":1.4001},
{"Node_id":995,"weight":3.6885},
{"Node_id":996,"weight":2.5519},
{"Node_id":997,"weight":1.8145},
{"Node_id":998,"weight":3.8372},
{"Node_id":999,"weight":2.0615},
{"Node_id":1000,"weight":2.0785},
{"Node_id":1001,"weight":2.1654},
{"Node_id":1002,"weight":1.6114},
{"Node_id":1003,"weight":1.812},
{"Node_id":1004,"weight":1.9143},
{"Node_id":1005,"weight":1.7567},
{"Node_id":1006,"weight":2.1862},
{"Node_id":1007,"weight":2.1906},
{"Node_id":1008,"weight":2.7357},
{"Node_id":1009,"weight":2.9465},
{"Node_id":1010,"weight":2.1249},
{"Node_id":1011,"weight":3.6432},
{"Node_id":1012,"weight":5.1441},
{"Node_id":1013,"weight":5.2734},
{"Node_id":1014,"weight":3.0978},
{"Node_id":1015,"weight":3.8132},
{"Node_id":1016,"weight":5.045},
{"Node_id":1017,"weight":2.401},
{"Node_id":1018,"weight":2.101},
{"Node_id":1019,"weight":1.515},
{"Node_id":1020,"weight":2.9072},
{"Node_id":1021,"weight":1.8575},
{"Node_id":1022,"weight":3.0644},
{"Node_id":1023,"weight":3.0366},
{"Node_id":1024,"weight":2.3039},
{"Node_id":1025,"weight":1.7849},
{"Node_id":1026,"weight":3.0184},
{"Node_id":1027,"weight":1.886},
{"Node_id":1028,"weight":2.0038},
{"Node_id":1029,"weight":2.025},
{"Node_id":1039,"weight":1.9206},
{"Node_id":1040,"weight":2.4329},
{"Node_id":1041,"weight":3.9658},
{"Node_id":1042,"weight":2.5579},
{"Node_id":1043,"weight":2.0192},
{"Node_id":1046,"weight":2.8135},
{"Node_id":1047,"weight":2.8381},
{"Node_id":1048,"weight":2.889},
{"Node_id":1049,"weight":2.0338},
{"Node_id":1050,"weight":3.0667},
{"Node_id":1051,"weight":1.9323},
{"Node_id":1052,"weight":1.7237},
{"Node_id":1053,"weight":1.7599},
{"Node_id":1054,"weight":2.3015},
{"Node_id":1055,"weight":1.4881},
{"Node_id":1056,"weight":1.3988},
{"Node_id":1057,"weight":2.9786},
{"Node_id":1058,"weight":3.3652},
{"Node_id":1059,"weight":2.6337},
{"Node_id":1060,"weight":1.5485},
{"Node_id":1061,"weight":2.5297},
{"Node_id":1062,"weight":1.5327},
{"Node_id":1063,"weight":1.7663},
{"Node_id":1064,"weight":1.9423},
{"Node_id":1065,"weight":1.4422},
{"Node_id":1066,"weight":1.5885},
{"Node_id":1067,"weight":1.5729},
{"Node_id":1068,"weight":1.5306},
{"Node_id":1069,"weight":2.7409},
{"Node_id":1070,"weight":1.8012},
{"Node_id":1071,"weight":4.8588},
{"Node_id":1072,"weight":2.7218},
{"Node_id":1073,"weight":3.0297},
{"Node_id":1074,"weight":3.2098},
{"Node_id":1075,"weight":1.5638},
{"Node_id":1076,"weight":1.5764},
{"Node_id":1077,"weight":2.4478},
{"Node_id":1078,"weight":2.0989},
{"Node_id":1079,"weight":1.8886},
{"Node_id":1080,"weight":1.7736},
{"Node_id":1081,"weight":2.3259},
{"Node_id":1082,"weight":2.2379},
{"Node_id":1083,"weight":4.0221},
{"Node_id":1084,"weight":1.5771},
{"Node_id":1085,"weight":2.1134},
{"Node_id":1086,"weight":3.0229},
{"Node_id":1087,"weight":3.9658},
{"Node_id":1088,"weight":1.7551},
{"Node_id":1089,"weight":1.5793},
{"Node_id":1090,"weight":2.6928},
{"Node_id":1091,"weight":1.4828},
{"Node_id":1092,"weight":3.2452},
{"Node_id":1093,"weight":1.9652},
{"Node_id":1094,"weight":1.7128},
{"Node_id":1095,"weight":2.7063},
{"Node_id":1096,"weight":4.5851},
{"Node_id":1097,"weight":1.4147},
{"Node_id":1098,"weight":1.6657},
{"Node_id":1099,"weight":1.4052},
{"Node_id":1100,"weight":1.6324},
{"Node_id":1101,"weight":2.8711},
{"Node_id":1102,"weight":5.0933},
{"Node_id":1103,"weight":1.5659},
{"Node_id":1104,"weight":1.4782},
{"Node_id":1105,"weight":2.6761},
{"Node_id":1106,"weight":2.4796},
{"Node_id":1107,"weight":2.6337},
{"Node_id":1108,"weight":5.4927},
{"Node_id":1111,"weight":2.0928},
{"Node_id":1120,"weight":1.4862},
{"Node_id":1121,"weight":1.4435},
{"Node_id":1122,"weight":4.8458},
{"Node_id":1123,"weight":2.1622},
{"Node_id":1124,"weight":1.8253},
{"Node_id":1125,"weight":2.1928},
{"Node_id":1126,"weight":1.587},
{"Node_id":1127,"weight":1.656},
{"Node_id":1128,"weight":2.4684},
{"Node_id":1129,"weight":3.511},
{"Node_id":1130,"weight":1.5368},
{"Node_id":1131,"weight":1.6027},
{"Node_id":1132,"weight":1.733},
{"Node_id":1133,"weight":1.8609},
{"Node_id":1136,"weight":3.6312},
{"Node_id":1137,"weight":2.3699},
{"Node_id":1138,"weight":2.6928},
{"Node_id":1139,"weight":3.3903},
{"Node_id":1140,"weight":2.2943},
{"Node_id":1143,"weight":1.9597},
{"Node_id":1144,"weight":2.1376},
{"Node_id":1145,"weight":2.6147},
{"Node_id":1146,"weight":2.0485},
{"Node_id":1147,"weight":1.8438},
{"Node_id":1148,"weight":2.97},
{"Node_id":1149,"weight":4.1513},
{"Node_id":1150,"weight":2.9031},
{"Node_id":1151,"weight":1.5197},
{"Node_id":1152,"weight":3.4356},
{"Node_id":1153,"weight":4.4538},
{"Node_id":1154,"weight":3.2507},
{"Node_id":1155,"weight":1.4775},
{"Node_id":1156,"weight":3.6595},
{"Node_id":1157,"weight":1.4769},
{"Node_id":1158,"weight":4.7832},
{"Node_id":1159,"weight":1.8354},
{"Node_id":1160,"weight":2.7857},
{"Node_id":1161,"weight":3.3468},
{"Node_id":1162,"weight":4.284},
{"Node_id":1163,"weight":1.8643},
{"Node_id":1164,"weight":2.1354},
{"Node_id":1165,"weight":1.8153},
{"Node_id":1168,"weight":2.5882},
{"Node_id":1169,"weight":2.1774},
{"Node_id":1170,"weight":4.0049},
{"Node_id":1171,"weight":2.9444},
{"Node_id":1172,"weight":2.6466},
{"Node_id":1173,"weight":2.1796},
{"Node_id":1174,"weight":3.3079},
{"Node_id":1175,"weight":3.562},
{"Node_id":1176,"weight":1.6164},
{"Node_id":1177,"weight":1.9915},
{"Node_id":1178,"weight":2.4994},
{"Node_id":1179,"weight":2.6022},
{"Node_id":1180,"weight":1.5603},
{"Node_id":1181,"weight":2.2716},
{"Node_id":1182,"weight":3.3287},
{"Node_id":1183,"weight":1.7543},
{"Node_id":1184,"weight":3.3468},
{"Node_id":1185,"weight":1.9098},
{"Node_id":1186,"weight":1.8078},
{"Node_id":1187,"weight":2.4519},
{"Node_id":1188,"weight":3.3138},
{"Node_id":1189,"weight":2.6434},
{"Node_id":1190,"weight":2.9939},
{"Node_id":1191,"weight":1.8379},
{"Node_id":1192,"weight":1.7711},
{"Node_id":1193,"weight":3.0072},
{"Node_id":1194,"weight":1.5485},
{"Node_id":1195,"weight":1.4585},
{"Node_id":1196,"weight":3.1222},
{"Node_id":1197,"weight":2.1752},
{"Node_id":1198,"weight":2.6321},
{"Node_id":1199,"weight":2.7183},
{"Node_id":1200,"weight":3.5694},
{"Node_id":1201,"weight":3.1026},
{"Node_id":1202,"weight":2.4315},
{"Node_id":1203,"weight":1.4868},
{"Node_id":1204,"weight":1.6785},
{"Node_id":1205,"weight":2.2576},
{"Node_id":1206,"weight":3.1625},
{"Node_id":1207,"weight":1.827},
{"Node_id":1208,"weight":2.3814},
{"Node_id":1209,"weight":2.6761},
{"Node_id":1210,"weight":1.7988},
{"Node_id":1211,"weight":5.9118},
{"Node_id":1212,"weight":2.4342},
{"Node_id":1213,"weight":1.4461},
{"Node_id":1214,"weight":3.4356},
{"Node_id":1229,"weight":2.0019},
{"Node_id":1230,"weight":1.4982},
{"Node_id":1231,"weight":2.3827},
{"Node_id":1232,"weight":2.1514},
{"Node_id":1233,"weight":1.421},
{"Node_id":1234,"weight":4.2546},
{"Node_id":1235,"weight":2.889},
{"Node_id":1236,"weight":2.6162},
{"Node_id":1237,"weight":1.5899},
{"Node_id":1238,"weight":1.4941},
{"Node_id":1239,"weight":4.508},
{"Node_id":1240,"weight":2.9984},
{"Node_id":1241,"weight":2.2084},
{"Node_id":1242,"weight":2.6401},
{"Node_id":1243,"weight":3.105},
{"Node_id":1244,"weight":2.1145},
{"Node_id":1245,"weight":2.1197},
{"Node_id":1246,"weight":1.9161},
{"Node_id":1282,"weight":2.4643},
{"Node_id":1283,"weight":2.1145},
{"Node_id":1284,"weight":1.7105},
{"Node_id":1285,"weight":2.1239},
{"Node_id":1286,"weight":1.8834},
{"Node_id":1287,"weight":2.7115},
{"Node_id":1288,"weight":2.3597},
{"Node_id":1289,"weight":1.6383},
{"Node_id":1290,"weight":1.4624},
{"Node_id":1291,"weight":3.6392},
{"Node_id":1292,"weight":1.7338},
{"Node_id":1293,"weight":4.3776},
{"Node_id":1294,"weight":1.7089},
{"Node_id":1295,"weight":1.4789},
{"Node_id":1296,"weight":3.2591},
{"Node_id":1297,"weight":3.3871},
{"Node_id":1298,"weight":2.9277},
{"Node_id":1299,"weight":4.5653},
{"Node_id":1300,"weight":3.2178},
{"Node_id":1301,"weight":2.321},
{"Node_id":1302,"weight":2.2073},
{"Node_id":1303,"weight":1.5779},
{"Node_id":1304,"weight":3.8085},
{"Node_id":1305,"weight":1.6186},
{"Node_id":1306,"weight":6.8113},
{"Node_id":1307,"weight":1.6179},
{"Node_id":1308,"weight":1.7377},
{"Node_id":1309,"weight":2.4588},
{"Node_id":1310,"weight":1.6478},
{"Node_id":1311,"weight":1.5231},
{"Node_id":1312,"weight":2.342},
{"Node_id":1313,"weight":1.4644},
{"Node_id":1314,"weight":2.0595},
{"Node_id":1315,"weight":2.2681},
{"Node_id":1317,"weight":1.5109},
{"Node_id":1318,"weight":2.4519},
{"Node_id":1319,"weight":1.7105},
{"Node_id":1322,"weight":3.3871},
{"Node_id":1323,"weight":1.5807},
{"Node_id":1324,"weight":2.7586},
{"Node_id":1325,"weight":2.885},
{"Node_id":1326,"weight":4.5653},
{"Node_id":1327,"weight":3.3683},
{"Node_id":1328,"weight":2.7374},
{"Node_id":1331,"weight":2.0485},
{"Node_id":1332,"weight":1.8261},
{"Node_id":1333,"weight":2.9593},
{"Node_id":1334,"weight":2.0565},
{"Node_id":1335,"weight":2.5123},
{"Node_id":1336,"weight":1.4121},
{"Node_id":1337,"weight":2.2061},
{"Node_id":1338,"weight":1.7136},
{"Node_id":1339,"weight":2.2799},
{"Node_id":1340,"weight":1.7182},
{"Node_id":1341,"weight":1.6486},
{"Node_id":1342,"weight":3.5435},
{"Node_id":1343,"weight":2.0605},
{"Node_id":1344,"weight":3.6233},
{"Node_id":1347,"weight":2.6242},
{"Node_id":1348,"weight":1.5771},
{"Node_id":1349,"weight":1.5402},
{"Node_id":1350,"weight":3.2591},
{"Node_id":1351,"weight":1.6754},
{"Node_id":1352,"weight":1.5238},
{"Node_id":1353,"weight":2.0096},
{"Node_id":1354,"weight":2.8381},
{"Node_id":1355,"weight":2.1155},
{"Node_id":1356,"weight":1.5687},
{"Node_id":1357,"weight":1.4014},
{"Node_id":1358,"weight":1.7417},
{"Node_id":1359,"weight":2.3699},
{"Node_id":1360,"weight":2.0029},
{"Node_id":1361,"weight":1.4962},
{"Node_id":1362,"weight":1.6078},
{"Node_id":1363,"weight":1.7857},
{"Node_id":1364,"weight":3.562},
{"Node_id":1365,"weight":2.8633},
{"Node_id":1369,"weight":1.9259},
{"Node_id":1370,"weight":2.6662},
{"Node_id":1371,"weight":3.5326},
{"Node_id":1372,"weight":4.0163},
{"Node_id":1373,"weight":3.226},
{"Node_id":1374,"weight":1.7051},
{"Node_id":1375,"weight":2.9113},
{"Node_id":1376,"weight":1.8913},
{"Node_id":1379,"weight":1.6085},
{"Node_id":1380,"weight":1.5999},
{"Node_id":1381,"weight":3.0738},
{"Node_id":1382,"weight":1.5878},
{"Node_id":1474,"weight":3.0117},
{"Node_id":1475,"weight":2.2907},
{"Node_id":1476,"weight":1.4868},
{"Node_id":1477,"weight":1.4396},
{"Node_id":1478,"weight":2.4437},
{"Node_id":1479,"weight":2.0038},
{"Node_id":1480,"weight":3.5398},
{"Node_id":1481,"weight":1.8379},
{"Node_id":1482,"weight":1.3907},
{"Node_id":1483,"weight":3.0786},
{"Node_id":1484,"weight":4.0049},
{"Node_id":1485,"weight":3.4969},
{"Node_id":1486,"weight":1.7841},
{"Node_id":1487,"weight":2.4966},
{"Node_id":1488,"weight":4.9126},
{"Node_id":1489,"weight":3.562},
{"Node_id":1490,"weight":4.9548},
{"Node_id":1491,"weight":4.7592},
{"Node_id":1492,"weight":2.1873},
{"Node_id":1493,"weight":2.2219},
{"Node_id":1494,"weight":1.789},
{"Node_id":1495,"weight":2.0367},
{"Node_id":1496,"weight":3.2905},
{"Node_id":1497,"weight":2.5959},
{"Node_id":1498,"weight":4.7015},
{"Node_id":1499,"weight":1.6837},
{"Node_id":1500,"weight":2.5474},
{"Node_id":1501,"weight":2.8004},
{"Node_id":1502,"weight":3.0184},
{"Node_id":1503,"weight":1.4572},
{"Node_id":1548,"weight":3.2733},
{"Node_id":1557,"weight":1.414},
{"Node_id":1567,"weight":4.1002},
{"Node_id":1569,"weight":1.5231},
{"Node_id":1578,"weight":2.0387},
{"Node_id":1589,"weight":5.6232},
{"Node_id":1601,"weight":2.1546},
{"Node_id":1605,"weight":2.0595},
{"Node_id":1607,"weight":2.4994},
{"Node_id":1608,"weight":5.4448},
{"Node_id":1609,"weight":1.7988},
{"Node_id":1610,"weight":1.6412},
{"Node_id":1611,"weight":1.4802},
{"Node_id":1612,"weight":1.4683},
{"Node_id":1613,"weight":4.0634},
{"Node_id":1614,"weight":2.895},
{"Node_id":1615,"weight":3.3347},
{"Node_id":1616,"weight":1.6508},
{"Node_id":1617,"weight":3.3777},
{"Node_id":1618,"weight":2.9072},
{"Node_id":1619,"weight":1.4178},
{"Node_id":1620,"weight":2.4881},
{"Node_id":1621,"weight":2.3788},
{"Node_id":1622,"weight":2.9614},
{"Node_id":1623,"weight":1.6664},
{"Node_id":1624,"weight":1.7963},
{"Node_id":1625,"weight":1.9143},
{"Node_id":1626,"weight":1.6523},
{"Node_id":1627,"weight":1.6538},
{"Node_id":1628,"weight":1.9036},
{"Node_id":1629,"weight":1.7776},
{"Node_id":1630,"weight":3.3999},
{"Node_id":1631,"weight":2.3584},
{"Node_id":1632,"weight":2.1785},
{"Node_id":1633,"weight":2.5224},
{"Node_id":1634,"weight":2.4601},
{"Node_id":1635,"weight":1.7074},
{"Node_id":1636,"weight":1.8834},
{"Node_id":1637,"weight":1.8921},
{"Node_id":1638,"weight":1.39},
{"Node_id":1639,"weight":2.2106},
{"Node_id":1640,"weight":1.9241},
{"Node_id":1641,"weight":1.6627},
{"Node_id":1642,"weight":3.0667},
{"Node_id":1643,"weight":2.0605},
{"Node_id":1644,"weight":2.2895},
{"Node_id":1645,"weight":1.43},
{"Node_id":1646,"weight":2.4698},
{"Node_id":1647,"weight":2.7694},
{"Node_id":1648,"weight":1.6982},
{"Node_id":1649,"weight":2.4505},
{"Node_id":1650,"weight":2.8305},
{"Node_id":1651,"weight":1.7825},
{"Node_id":1673,"weight":1.5042},
{"Node_id":1704,"weight":1.702},
{"Node_id":1705,"weight":1.9152},
{"Node_id":1706,"weight":2.5371},
{"Node_id":1707,"weight":2.3559},
{"Node_id":1708,"weight":6.2126},
{"Node_id":1709,"weight":1.9849},
{"Node_id":1710,"weight":2.5137},
{"Node_id":1711,"weight":2.0846},
{"Node_id":1712,"weight":2.7357},
{"Node_id":1713,"weight":2.7081},
{"Node_id":1714,"weight":2.027},
{"Node_id":1715,"weight":1.9277},
{"Node_id":1716,"weight":1.7816},
{"Node_id":1717,"weight":2.2811},
{"Node_id":1718,"weight":1.4147},
{"Node_id":1719,"weight":3.2071},
{"Node_id":1720,"weight":3.5146},
{"Node_id":1721,"weight":1.5856},
{"Node_id":1722,"weight":2.0212},
{"Node_id":1723,"weight":1.7679},
{"Node_id":1724,"weight":1.9505},
{"Node_id":1725,"weight":3.3935},
{"Node_id":1726,"weight":2.0086},
{"Node_id":1727,"weight":6.5008},
{"Node_id":1728,"weight":1.8295},
{"Node_id":1729,"weight":2.1103},
{"Node_id":1730,"weight":2.2506},
{"Node_id":1731,"weight":1.8328},
{"Node_id":1732,"weight":1.7354},
{"Node_id":1733,"weight":1.7599},
{"Node_id":1734,"weight":3.7945},
{"Node_id":1735,"weight":2.205},
{"Node_id":1736,"weight":4.0221},
{"Node_id":1737,"weight":1.7939},
{"Node_id":1738,"weight":3.4969},
{"Node_id":1739,"weight":1.9811},
{"Node_id":1740,"weight":1.6627},
{"Node_id":1741,"weight":2.6226},
{"Node_id":1742,"weight":1.9643},
{"Node_id":1743,"weight":1.7283},
{"Node_id":1744,"weight":2.8343},
{"Node_id":1745,"weight":2.3483},
{"Node_id":1746,"weight":1.7898},
{"Node_id":1747,"weight":1.7768},
{"Node_id":1748,"weight":1.7559},
{"Node_id":1749,"weight":2.5459},
{"Node_id":1750,"weight":3.4591},
{"Node_id":1751,"weight":1.4782},
{"Node_id":1752,"weight":2.4102},
{"Node_id":1753,"weight":4.3858},
{"Node_id":1754,"weight":1.6339},
{"Node_id":1755,"weight":2.3222},
{"Node_id":1756,"weight":2.9072},
{"Node_id":1757,"weight":1.9718},
{"Node_id":1758,"weight":5.8753},
{"Node_id":1759,"weight":3.4356},
{"Node_id":1760,"weight":1.7671},
{"Node_id":1761,"weight":1.4026},
{"Node_id":1762,"weight":1.7472},
{"Node_id":1763,"weight":1.8421},
{"Node_id":1764,"weight":2.806},
{"Node_id":1765,"weight":2.184},
{"Node_id":1766,"weight":3.9441},
{"Node_id":1767,"weight":1.4775},
{"Node_id":1768,"weight":1.5807},
{"Node_id":1769,"weight":2.877},
{"Node_id":1770,"weight":1.9152},
{"Node_id":1771,"weight":2.9133},
{"Node_id":1772,"weight":1.4185},
{"Node_id":1773,"weight":2.1386},
{"Node_id":1774,"weight":2.9381},
{"Node_id":1775,"weight":2.8594},
{"Node_id":1776,"weight":2.0},
{"Node_id":1777,"weight":2.4396},
{"Node_id":1778,"weight":2.1482},
{"Node_id":1779,"weight":1.8782},
{"Node_id":1780,"weight":3.429},
{"Node_id":1781,"weight":2.893},
{"Node_id":1782,"weight":1.4749},
{"Node_id":1783,"weight":1.6974},
{"Node_id":1784,"weight":2.4519},
{"Node_id":1785,"weight":1.4736},
{"Node_id":1786,"weight":1.822},
{"Node_id":1787,"weight":1.4546},
{"Node_id":1788,"weight":1.6186},
{"Node_id":1789,"weight":2.4754},
{"Node_id":1790,"weight":1.8756},
{"Node_id":1800,"weight":1.8178},
{"Node_id":1804,"weight":1.8278},
{"Node_id":1816,"weight":1.4217},
{"Node_id":1817,"weight":1.7647},
{"Node_id":1818,"weight":2.3234},
{"Node_id":1820,"weight":2.2564},
{"Node_id":1823,"weight":1.9134},
{"Node_id":1827,"weight":2.3533},
{"Node_id":1832,"weight":2.1439},
{"Node_id":1838,"weight":1.4742},
{"Node_id":1845,"weight":2.5624},
{"Node_id":1852,"weight":2.2185},
{"Node_id":1853,"weight":1.5701},
{"Node_id":1854,"weight":1.8404},
{"Node_id":1855,"weight":2.4588},
{"Node_id":1857,"weight":1.5659},
{"Node_id":1860,"weight":1.5361},
{"Node_id":1864,"weight":4.3534},
{"Node_id":1868,"weight":3.0667},
{"Node_id":1869,"weight":2.5445},
{"Node_id":1873,"weight":1.6845},
{"Node_id":1875,"weight":1.7299},
{"Node_id":1879,"weight":5.0141},
{"Node_id":1881,"weight":1.8128},
{"Node_id":1882,"weight":1.8566},
{"Node_id":1886,"weight":3.2124},
{"Node_id":1888,"weight":3.4127},
{"Node_id":1889,"weight":1.5708},
{"Node_id":1890,"weight":1.9868},
{"Node_id":1894,"weight":2.3788},
{"Node_id":1896,"weight":1.6121},
{"Node_id":1897,"weight":2.1578},
{"Node_id":1899,"weight":3.9335},
{"Node_id":1903,"weight":1.4306},
{"Node_id":1905,"weight":2.8574},
{"Node_id":1906,"weight":4.7242},
{"Node_id":1908,"weight":1.6891},
{"Node_id":1909,"weight":1.6186},
{"Node_id":1913,"weight":2.6466},
{"Node_id":1915,"weight":2.2705},
{"Node_id":1916,"weight":3.776},
{"Node_id":1918,"weight":1.5279},
{"Node_id":1919,"weight":2.7748},
{"Node_id":1920,"weight":2.2716},
{"Node_id":1924,"weight":1.8965},
{"Node_id":1926,"weight":3.2071},
{"Node_id":1927,"weight":4.1579},
{"Node_id":1929,"weight":2.1851},
{"Node_id":1930,"weight":2.4923},
{"Node_id":1931,"weight":1.452},
{"Node_id":1932,"weight":2.1145},
{"Node_id":1936,"weight":5.1616},
{"Node_id":1938,"weight":1.5666},
{"Node_id":1939,"weight":1.9332},
{"Node_id":1941,"weight":1.8712},
{"Node_id":1942,"weight":4.2619},
{"Node_id":1943,"weight":2.145},
{"Node_id":1944,"weight":2.955},
{"Node_id":1945,"weight":4.394},
{"Node_id":1949,"weight":2.1535},
{"Node_id":1951,"weight":2.0077},
{"Node_id":1952,"weight":4.8988},
{"Node_id":1954,"weight":2.7339},
{"Node_id":1955,"weight":2.3088},
{"Node_id":1956,"weight":2.3161},
{"Node_id":1958,"weight":1.4474},
{"Node_id":1962,"weight":3.7579},
{"Node_id":1964,"weight":2.6417},
{"Node_id":1965,"weight":3.5472},
{"Node_id":1967,"weight":1.6042},
{"Node_id":1968,"weight":1.6179},
{"Node_id":1970,"weight":1.5729},
{"Node_id":1971,"weight":1.9532},
{"Node_id":1974,"weight":1.7752},
{"Node_id":1976,"weight":1.5042},
{"Node_id":1977,"weight":1.9179},
{"Node_id":1979,"weight":5.2159},
{"Node_id":1980,"weight":4.3066},
{"Node_id":1981,"weight":2.6194},
{"Node_id":1983,"weight":3.5999},
{"Node_id":1984,"weight":1.6092},
{"Node_id":1985,"weight":1.8808},
{"Node_id":1988,"weight":2.1333},
{"Node_id":1989,"weight":1.9886},
{"Node_id":1990,"weight":2.7949},
{"Node_id":1994,"weight":2.2622},
{"Node_id":1995,"weight":3.356},
{"Node_id":1996,"weight":3.2761},
{"Node_id":2001,"weight":1.9098},
{"Node_id":2002,"weight":6.0299},
{"Node_id":2003,"weight":1.7354},
{"Node_id":2009,"weight":2.5137},
{"Node_id":2010,"weight":1.8404},
{"Node_id":2011,"weight":2.3853},
{"Node_id":2018,"weight":2.1072},
{"Node_id":2019,"weight":4.4896},
{"Node_id":2020,"weight":1.5575},
{"Node_id":2026,"weight":2.3371},
{"Node_id":2028,"weight":2.1546},
{"Node_id":2029,"weight":2.2494},
{"Node_id":2030,"weight":1.4795},
{"Node_id":2036,"weight":1.4461},
{"Node_id":2039,"weight":2.1093},
{"Node_id":2040,"weight":3.9388},
{"Node_id":2041,"weight":1.5293},
{"Node_id":2047,"weight":1.5471},
{"Node_id":2050,"weight":3.6312},
{"Node_id":2051,"weight":1.5225},
{"Node_id":2052,"weight":1.4448},
{"Node_id":2058,"weight":2.4128},
{"Node_id":2063,"weight":2.3063},
{"Node_id":2064,"weight":1.6868},
{"Node_id":2066,"weight":1.7825},
{"Node_id":2068,"weight":1.5736},
{"Node_id":2069,"weight":1.4921},
{"Node_id":2071,"weight":2.9277},
{"Node_id":2072,"weight":2.3711},
{"Node_id":2073,"weight":4.7128},
{"Node_id":2075,"weight":1.7315},
{"Node_id":2076,"weight":1.6056},
{"Node_id":2077,"weight":2.2705},
{"Node_id":2078,"weight":1.9125},
{"Node_id":2080,"weight":2.2991},
{"Node_id":2081,"weight":1.452},
{"Node_id":2082,"weight":2.0029},
{"Node_id":2083,"weight":2.1503},
{"Node_id":2084,"weight":3.7011},
{"Node_id":2086,"weight":1.7947},
{"Node_id":2087,"weight":2.1439},
{"Node_id":2088,"weight":3.1833},
{"Node_id":2090,"weight":1.9027},
{"Node_id":2092,"weight":5.4685},
{"Node_id":2093,"weight":1.789},
{"Node_id":2094,"weight":3.0072},
{"Node_id":2097,"weight":3.2071},
{"Node_id":2098,"weight":1.7988},
{"Node_id":2099,"weight":1.5116},
{"Node_id":2100,"weight":1.7043},
{"Node_id":2101,"weight":5.11},
{"Node_id":2102,"weight":1.5464},
{"Node_id":2103,"weight":3.8567},
{"Node_id":2104,"weight":4.8853},
{"Node_id":2105,"weight":1.4507},
{"Node_id":2106,"weight":2.0989},
{"Node_id":2107,"weight":2.5944},
{"Node_id":2109,"weight":4.1448},
{"Node_id":2110,"weight":1.893},
{"Node_id":2111,"weight":1.8286},
{"Node_id":2113,"weight":1.5313},
{"Node_id":2114,"weight":1.4007},
{"Node_id":2115,"weight":1.8652},
{"Node_id":2116,"weight":2.8731},
{"Node_id":2118,"weight":1.7647},
{"Node_id":2120,"weight":3.5362},
{"Node_id":2121,"weight":1.4598},
{"Node_id":2122,"weight":1.5913},
{"Node_id":2124,"weight":1.4756},
{"Node_id":2126,"weight":2.231},
{"Node_id":2127,"weight":1.5603},
{"Node_id":2128,"weight":3.3999},
{"Node_id":2129,"weight":3.0275},
{"Node_id":2131,"weight":2.3931},
{"Node_id":2133,"weight":2.3346},
{"Node_id":2134,"weight":2.0436},
{"Node_id":2135,"weight":3.3683},
{"Node_id":2136,"weight":1.7276},
{"Node_id":2138,"weight":2.4505},
{"Node_id":2140,"weight":4.9126},
{"Node_id":2141,"weight":3.3777},
{"Node_id":2142,"weight":1.9868},
{"Node_id":2143,"weight":1.5382},
{"Node_id":2144,"weight":1.9905},
{"Node_id":2146,"weight":5.0141},
{"Node_id":2148,"weight":3.511},
{"Node_id":2149,"weight":3.3347},
{"Node_id":2151,"weight":4.4364},
{"Node_id":2152,"weight":1.8549},
{"Node_id":2153,"weight":2.1302},
{"Node_id":2155,"weight":2.7427},
{"Node_id":2157,"weight":2.9593},
{"Node_id":2159,"weight":2.5944},
{"Node_id":2160,"weight":1.5638},
{"Node_id":2161,"weight":2.1643},
{"Node_id":2162,"weight":3.2648},
{"Node_id":2164,"weight":2.2265},
{"Node_id":2166,"weight":2.1093},
{"Node_id":2168,"weight":1.6679},
{"Node_id":2169,"weight":2.3788},
{"Node_id":2170,"weight":1.4591},
{"Node_id":2171,"weight":2.6777},
{"Node_id":2172,"weight":1.4928},
{"Node_id":2174,"weight":2.2811},
{"Node_id":2176,"weight":4.2619},
{"Node_id":2178,"weight":2.0887},
{"Node_id":2179,"weight":1.5499},
{"Node_id":2181,"weight":4.6155},
{"Node_id":2182,"weight":2.1082},
{"Node_id":2183,"weight":1.7914},
{"Node_id":2185,"weight":3.6312},
{"Node_id":2187,"weight":1.8328},
{"Node_id":2189,"weight":1.9459},
{"Node_id":2190,"weight":3.0715},
{"Node_id":2192,"weight":2.8324},
{"Node_id":2193,"weight":3.3529},
{"Node_id":2214,"weight":1.6361},
{"Node_id":2220,"weight":1.8764},
{"Node_id":2236,"weight":2.658},
{"Node_id":2237,"weight":2.2657},
{"Node_id":2238,"weight":1.6921},
{"Node_id":2239,"weight":4.1778},
{"Node_id":2240,"weight":1.7711},
{"Node_id":2241,"weight":2.401},
{"Node_id":2242,"weight":2.5066},
{"Node_id":2243,"weight":3.2098},
{"Node_id":2244,"weight":1.8974},
{"Node_id":2245,"weight":3.7011},
{"Node_id":2246,"weight":1.5042},
{"Node_id":2247,"weight":2.0134},
{"Node_id":2248,"weight":2.1386},
{"Node_id":2249,"weight":2.8248},
{"Node_id":2250,"weight":1.6582},
{"Node_id":2251,"weight":2.5371},
{"Node_id":2252,"weight":5.9496},
{"Node_id":2253,"weight":2.0407},
{"Node_id":2254,"weight":1.7448},
{"Node_id":2267,"weight":1.4338},
{"Node_id":2278,"weight":2.0535},
{"Node_id":2279,"weight":1.5589},
{"Node_id":2280,"weight":2.7098},
{"Node_id":2283,"weight":3.4795},
{"Node_id":2285,"weight":1.6523},
{"Node_id":2286,"weight":2.6162},
{"Node_id":2288,"weight":2.0077},
{"Node_id":2289,"weight":3.9936},
{"Node_id":2292,"weight":1.4064},
{"Node_id":2293,"weight":1.5049},
{"Node_id":2297,"weight":1.5218},
{"Node_id":2298,"weight":1.3919},
{"Node_id":2303,"weight":1.4928},
{"Node_id":2304,"weight":2.5415},
{"Node_id":2310,"weight":2.1323},
{"Node_id":2311,"weight":2.0077},
{"Node_id":2316,"weight":1.7448},
{"Node_id":2318,"weight":4.8853},
{"Node_id":2319,"weight":2.9852},
{"Node_id":2324,"weight":4.4896},
{"Node_id":2325,"weight":1.4559},
{"Node_id":2327,"weight":9.223372E18},
{"Node_id":2328,"weight":2.1397},
{"Node_id":2333,"weight":2.0775},
{"Node_id":2334,"weight":1.8808},
{"Node_id":2336,"weight":1.4223},
{"Node_id":2337,"weight":2.4142},
{"Node_id":2343,"weight":5.0609},
{"Node_id":2346,"weight":2.0856},
{"Node_id":2347,"weight":2.1557},
{"Node_id":2357,"weight":9.2102},
{"Node_id":2358,"weight":1.5197},
{"Node_id":2369,"weight":4.2692},
{"Node_id":2370,"weight":2.4115},
{"Node_id":2382,"weight":2.2587},
{"Node_id":2383,"weight":1.9188},
{"Node_id":2394,"weight":2.8191},
{"Node_id":2396,"weight":1.7543},
{"Node_id":2397,"weight":1.9746},
{"Node_id":2407,"weight":1.9532},
{"Node_id":2411,"weight":3.2151},
{"Node_id":2416,"weight":1.8886},
{"Node_id":2418,"weight":1.7615},
{"Node_id":2422,"weight":1.6959},
{"Node_id":2425,"weight":2.2174},
{"Node_id":2429,"weight":2.4342},
{"Node_id":2432,"weight":1.6974},
{"Node_id":2437,"weight":2.4248},
{"Node_id":2445,"weight":1.6427},
{"Node_id":2450,"weight":2.7931},
{"Node_id":2454,"weight":1.7736},
{"Node_id":2458,"weight":2.7029},
{"Node_id":2461,"weight":2.6305},
{"Node_id":2462,"weight":2.6911},
{"Node_id":2463,"weight":2.9529},
{"Node_id":2464,"weight":2.3635},
{"Node_id":2468,"weight":2.3609},
{"Node_id":2469,"weight":2.0289},
{"Node_id":2470,"weight":1.4729},
{"Node_id":2471,"weight":1.7575},
{"Node_id":2472,"weight":2.936},
{"Node_id":2474,"weight":1.4749},
{"Node_id":2476,"weight":1.5334},
{"Node_id":2478,"weight":2.1429},
{"Node_id":2479,"weight":2.4396},
{"Node_id":2481,"weight":2.2811},
{"Node_id":2482,"weight":1.6208},
{"Node_id":2483,"weight":1.7906},
{"Node_id":2485,"weight":1.8029},
{"Node_id":2487,"weight":1.3982},
{"Node_id":2491,"weight":1.7354},
{"Node_id":2492,"weight":2.4754},
{"Node_id":2493,"weight":2.4302},
{"Node_id":2533,"weight":1.7898},
{"Node_id":2534,"weight":1.7043},
{"Node_id":2535,"weight":1.6612},
{"Node_id":2536,"weight":1.8669},
{"Node_id":2537,"weight":1.6762},
{"Node_id":2538,"weight":2.2208},
{"Node_id":2539,"weight":3.0297},
{"Node_id":2540,"weight":2.4262},
{"Node_id":2541,"weight":2.4155},
{"Node_id":2542,"weight":3.2017},
{"Node_id":2543,"weight":2.4866},
{"Node_id":2544,"weight":2.9939},
{"Node_id":2545,"weight":4.4538},
{"Node_id":2546,"weight":2.1796},
{"Node_id":2547,"weight":1.8523},
{"Node_id":2548,"weight":2.0038},
{"Node_id":2549,"weight":1.9934},
{"Node_id":2550,"weight":1.5652},
{"Node_id":2551,"weight":1.6792},
{"Node_id":2552,"weight":1.561},
{"Node_id":2553,"weight":1.5892},
{"Node_id":2554,"weight":1.6006},
{"Node_id":2555,"weight":1.7377},
{"Node_id":2556,"weight":2.3321},
{"Node_id":2557,"weight":2.0202},
{"Node_id":2558,"weight":4.284},
{"Node_id":2559,"weight":3.4969},
{"Node_id":2560,"weight":1.5736},
{"Node_id":2561,"weight":1.7857},
{"Node_id":2562,"weight":2.3271},
{"Node_id":2563,"weight":1.873},
{"Node_id":2564,"weight":2.0685},
{"Node_id":2565,"weight":1.8506},
{"Node_id":2566,"weight":2.5609},
{"Node_id":2567,"weight":1.6034},
{"Node_id":2568,"weight":2.0358},
{"Node_id":2569,"weight":3.3808},
{"Node_id":2570,"weight":2.2599},
{"Node_id":2571,"weight":3.6801},
{"Node_id":2572,"weight":5.1441},
{"Node_id":2573,"weight":4.0396},
{"Node_id":2574,"weight":2.1611},
{"Node_id":2575,"weight":4.7832},
{"Node_id":2576,"weight":3.4258},
{"Node_id":2577,"weight":2.6662},
{"Node_id":2578,"weight":2.4208},
{"Node_id":2579,"weight":1.5687},
{"Node_id":2580,"weight":2.8191},
{"Node_id":2581,"weight":1.4935},
{"Node_id":2582,"weight":1.7362},
{"Node_id":2583,"weight":1.7808},
{"Node_id":2584,"weight":2.1503},
{"Node_id":2585,"weight":6.1637},
{"Node_id":2586,"weight":1.9359},
{"Node_id":2587,"weight":3.3287},
{"Node_id":2588,"weight":3.0458},
{"Node_id":2589,"weight":2.1165},
{"Node_id":2590,"weight":1.5022},
{"Node_id":2591,"weight":2.5066},
{"Node_id":2594,"weight":1.4281},
{"Node_id":2595,"weight":2.4089},
{"Node_id":2596,"weight":1.7615},
{"Node_id":2597,"weight":1.4995},
{"Node_id":2598,"weight":1.9597},
{"Node_id":2599,"weight":2.955},
{"Node_id":2602,"weight":2.4235},
{"Node_id":2603,"weight":1.6634},
{"Node_id":2609,"weight":1.9915},
{"Node_id":2612,"weight":1.6273},
{"Node_id":2616,"weight":2.7986},
{"Node_id":2621,"weight":6.0725},
{"Node_id":2627,"weight":3.8275},
{"Node_id":2634,"weight":2.1302},
{"Node_id":2639,"weight":2.2129},
{"Node_id":2640,"weight":1.683},
{"Node_id":2641,"weight":3.3621},
{"Node_id":2642,"weight":3.4692},
{"Node_id":2646,"weight":2.9635},
{"Node_id":2647,"weight":1.8965},
{"Node_id":2649,"weight":1.6883},
{"Node_id":2652,"weight":4.2331},
{"Node_id":2654,"weight":2.5474},
{"Node_id":2657,"weight":4.1711},
{"Node_id":2659,"weight":1.4128},
{"Node_id":2661,"weight":1.6951},
{"Node_id":2665,"weight":2.7712},
{"Node_id":2669,"weight":2.0397},
{"Node_id":2672,"weight":3.2676},
{"Node_id":2674,"weight":2.1062},
{"Node_id":2675,"weight":1.5949},
{"Node_id":2676,"weight":2.0705},
{"Node_id":2677,"weight":5.1441},
{"Node_id":2678,"weight":1.9018},
{"Node_id":2679,"weight":1.5582},
{"Node_id":2680,"weight":1.9477},
{"Node_id":2681,"weight":3.4095},
{"Node_id":2682,"weight":1.798},
{"Node_id":2683,"weight":3.8132},
{"Node_id":2684,"weight":5.1794},
{"Node_id":2685,"weight":8.1114},
{"Node_id":2686,"weight":3.5732},
{"Node_id":2687,"weight":6.5699},
{"Node_id":2688,"weight":1.8506},
{"Node_id":2689,"weight":3.2098},
{"Node_id":2690,"weight":2.1665},
{"Node_id":2691,"weight":1.6056},
{"Node_id":2692,"weight":4.5653},
{"Node_id":2693,"weight":2.0959},
{"Node_id":2694,"weight":3.1099},
{"Node_id":2695,"weight":2.2907},
{"Node_id":2696,"weight":5.2734},
{"Node_id":2697,"weight":3.8372},
{"Node_id":2698,"weight":1.6649},
{"Node_id":2699,"weight":2.5775},
{"Node_id":2700,"weight":3.0929},
{"Node_id":2701,"weight":1.7036},
{"Node_id":2702,"weight":2.5297},
{"Node_id":2703,"weight":1.917},
{"Node_id":2704,"weight":1.5416},
{"Node_id":2705,"weight":2.5913},
{"Node_id":2706,"weight":2.2006},
{"Node_id":2707,"weight":2.2073},
{"Node_id":2708,"weight":1.7346},
{"Node_id":2709,"weight":1.7252},
{"Node_id":2710,"weight":2.2871},
{"Node_id":2711,"weight":2.375},
{"Node_id":2712,"weight":1.9487},
{"Node_id":2713,"weight":2.5684},
{"Node_id":2714,"weight":2.4221},
{"Node_id":2715,"weight":1.6523},
{"Node_id":2716,"weight":2.1031},
{"Node_id":2717,"weight":1.7607},
{"Node_id":2718,"weight":1.4045},
{"Node_id":2719,"weight":2.3321},
{"Node_id":2720,"weight":3.5146},
{"Node_id":2721,"weight":3.7991},
{"Node_id":2722,"weight":2.5534},
{"Node_id":2723,"weight":2.2028},
{"Node_id":2724,"weight":1.9896},
{"Node_id":2725,"weight":1.8843},
{"Node_id":2726,"weight":2.8381},
{"Node_id":2727,"weight":1.5076},
{"Node_id":2728,"weight":2.184},
{"Node_id":2729,"weight":2.0416},
{"Node_id":2730,"weight":3.7579},
{"Node_id":2731,"weight":1.9296},
{"Node_id":2732,"weight":2.1093},
{"Node_id":2733,"weight":2.7876},
{"Node_id":2734,"weight":2.2657},
{"Node_id":2735,"weight":3.1651},
{"Node_id":2736,"weight":4.0163},
{"Node_id":2737,"weight":2.0192},
{"Node_id":2738,"weight":2.6678},
{"Node_id":2739,"weight":2.4768},
{"Node_id":2740,"weight":1.5245},
{"Node_id":2741,"weight":4.7954},
{"Node_id":2742,"weight":1.9896},
{"Node_id":2743,"weight":2.3075},
{"Node_id":2744,"weight":2.5023},
{"Node_id":2745,"weight":1.421},
{"Node_id":2746,"weight":1.7151},
{"Node_id":2747,"weight":1.5575},
{"Node_id":2748,"weight":1.9634},
{"Node_id":2749,"weight":1.4178},
{"Node_id":2750,"weight":4.6469},
{"Node_id":2751,"weight":1.9232},
{"Node_id":2752,"weight":1.8635},
{"Node_id":2753,"weight":2.7676},
{"Node_id":2754,"weight":5.1975},
{"Node_id":2755,"weight":2.31},
{"Node_id":2756,"weight":2.2967},
{"Node_id":2757,"weight":1.7198},
{"Node_id":2758,"weight":3.7669},
{"Node_id":2759,"weight":2.1186},
{"Node_id":2760,"weight":1.8974},
{"Node_id":2761,"weight":1.4533},
{"Node_id":2762,"weight":2.3931},
{"Node_id":2764,"weight":2.0134},
{"Node_id":2765,"weight":1.9934},
{"Node_id":2766,"weight":1.9542},
{"Node_id":2767,"weight":4.1711},
{"Node_id":2769,"weight":2.5312},
{"Node_id":2770,"weight":4.1002},
{"Node_id":2771,"weight":5.2159},
{"Node_id":2772,"weight":2.8613},
{"Node_id":2773,"weight":1.5842},
{"Node_id":2775,"weight":1.4448},
{"Node_id":2776,"weight":2.9092},
{"Node_id":2777,"weight":2.1578},
{"Node_id":2778,"weight":3.9072},
{"Node_id":2779,"weight":2.1862},
{"Node_id":2781,"weight":1.7097},
{"Node_id":2782,"weight":1.3913},
{"Node_id":2783,"weight":5.4448},
{"Node_id":2784,"weight":2.1072},
{"Node_id":2785,"weight":1.7464},
{"Node_id":2786,"weight":2.7235},
{"Node_id":2787,"weight":3.483},
{"Node_id":2788,"weight":2.3699},
{"Node_id":2791,"weight":3.1651},
{"Node_id":2794,"weight":1.9625},
{"Node_id":2796,"weight":2.8023},
{"Node_id":2799,"weight":3.776},
{"Node_id":2801,"weight":2.0515},
{"Node_id":2803,"weight":1.5561},
{"Node_id":2805,"weight":1.7841},
{"Node_id":2806,"weight":1.4578},
{"Node_id":2807,"weight":2.0231},
{"Node_id":2808,"weight":1.5779},
{"Node_id":2809,"weight":3.7715},
{"Node_id":2810,"weight":1.5035},
{"Node_id":2811,"weight":1.597},
{"Node_id":2812,"weight":1.7881},
{"Node_id":2813,"weight":2.474},
{"Node_id":2814,"weight":5.077},
{"Node_id":2815,"weight":2.0887},
{"Node_id":2816,"weight":2.7766},
{"Node_id":2817,"weight":2.5929},
{"Node_id":2818,"weight":2.0816},
{"Node_id":2819,"weight":2.1906},
{"Node_id":2820,"weight":1.8609},
{"Node_id":2821,"weight":1.6694},
{"Node_id":2822,"weight":2.6945},
{"Node_id":2823,"weight":3.6843},
{"Node_id":2824,"weight":2.6037},
{"Node_id":2827,"weight":3.4356},
{"Node_id":2829,"weight":3.5999},
{"Node_id":2830,"weight":4.7832},
{"Node_id":2832,"weight":1.9441},
{"Node_id":2833,"weight":2.1397},
{"Node_id":2834,"weight":4.3858},
{"Node_id":2835,"weight":1.5863},
{"Node_id":2836,"weight":1.7873},
{"Node_id":2837,"weight":1.4448},
{"Node_id":2839,"weight":3.6233},
{"Node_id":2840,"weight":2.5341},
{"Node_id":2841,"weight":2.6482},
{"Node_id":2842,"weight":2.2095},
{"Node_id":2843,"weight":2.2634},
{"Node_id":2844,"weight":1.653},
{"Node_id":2845,"weight":1.397},
{"Node_id":2846,"weight":2.5166},
{"Node_id":2847,"weight":1.9468},
{"Node_id":2848,"weight":2.0338},
{"Node_id":2849,"weight":1.7528},
{"Node_id":2850,"weight":1.53},
{"Node_id":2853,"weight":2.5699},
{"Node_id":2855,"weight":3.8969},
{"Node_id":2856,"weight":1.8087},
{"Node_id":2858,"weight":2.5023},
{"Node_id":2859,"weight":2.6498},
{"Node_id":2860,"weight":1.9514},
{"Node_id":2862,"weight":2.8516},
{"Node_id":2863,"weight":2.4023},
{"Node_id":2864,"weight":1.4204},
{"Node_id":2865,"weight":1.9634},
{"Node_id":2867,"weight":3.356},
{"Node_id":2868,"weight":1.832},
{"Node_id":2869,"weight":2.366},
{"Node_id":2870,"weight":2.1557},
{"Node_id":2871,"weight":3.1912},
{"Node_id":2873,"weight":1.561},
{"Node_id":2874,"weight":1.7488},
{"Node_id":2875,"weight":1.5786},
{"Node_id":2876,"weight":2.0585},
{"Node_id":2877,"weight":2.9808},
{"Node_id":2878,"weight":3.4899},
{"Node_id":2880,"weight":2.0918},
{"Node_id":2881,"weight":2.6242},
{"Node_id":2882,"weight":2.6979},
{"Node_id":2883,"weight":2.366},
{"Node_id":2884,"weight":1.893},
{"Node_id":2885,"weight":3.5362},
{"Node_id":2888,"weight":2.0625},
{"Node_id":2889,"weight":1.5055},
{"Node_id":2890,"weight":2.5137},
{"Node_id":2891,"weight":2.7392},
{"Node_id":2892,"weight":1.5136},
{"Node_id":2893,"weight":3.0715},
{"Node_id":2896,"weight":2.4342},
{"Node_id":2897,"weight":1.414},
{"Node_id":2898,"weight":2.4574},
{"Node_id":2899,"weight":5.3992},
{"Node_id":2900,"weight":1.4995},
{"Node_id":2901,"weight":2.748},
{"Node_id":2905,"weight":1.9905},
{"Node_id":2906,"weight":1.7323},
{"Node_id":2907,"weight":6.6441},
{"Node_id":2908,"weight":4.226},
{"Node_id":2909,"weight":2.2506},
{"Node_id":2910,"weight":1.5506},
{"Node_id":2913,"weight":1.5942},
{"Node_id":2915,"weight":1.4975},
{"Node_id":2916,"weight":2.1031},
{"Node_id":2917,"weight":1.7315},
{"Node_id":2918,"weight":4.0574},
{"Node_id":2919,"weight":2.9215},
{"Node_id":2920,"weight":2.9808},
{"Node_id":2923,"weight":1.8652},
{"Node_id":2924,"weight":3.7991},
{"Node_id":2925,"weight":1.8128},
{"Node_id":2926,"weight":2.9808},
{"Node_id":2927,"weight":4.2402},
{"Node_id":2928,"weight":1.935},
{"Node_id":2929,"weight":1.6792},
{"Node_id":2930,"weight":3.2591},
{"Node_id":2931,"weight":1.6538},
{"Node_id":2932,"weight":2.1568},
{"Node_id":2933,"weight":3.1781},
{"Node_id":2934,"weight":2.881},
{"Node_id":2935,"weight":1.4848},
{"Node_id":2936,"weight":1.5793},
{"Node_id":2937,"weight":3.1833},
{"Node_id":2938,"weight":2.7857},
{"Node_id":2939,"weight":1.659},
{"Node_id":2940,"weight":1.6754},
{"Node_id":2941,"weight":1.7575},
{"Node_id":2942,"weight":2.2955},
{"Node_id":2943,"weight":2.0202},
{"Node_id":2944,"weight":2.7235},
{"Node_id":2945,"weight":2.1796},
{"Node_id":2946,"weight":2.7339},
{"Node_id":2947,"weight":3.3967},
{"Node_id":2948,"weight":2.4208},
{"Node_id":2949,"weight":1.5652},
{"Node_id":2950,"weight":2.6945},
{"Node_id":2951,"weight":4.1064},
{"Node_id":2952,"weight":1.5715},
{"Node_id":2953,"weight":1.4723},
{"Node_id":2954,"weight":3.0435},
{"Node_id":2955,"weight":1.5259},
{"Node_id":2956,"weight":2.1312},
{"Node_id":2957,"weight":1.5002},
{"Node_id":2958,"weight":6.3182},
{"Node_id":2959,"weight":2.0745},
{"Node_id":2960,"weight":1.4822},
{"Node_id":2961,"weight":1.4848},
{"Node_id":2962,"weight":2.0436},
{"Node_id":2963,"weight":1.9905},
{"Node_id":2964,"weight":2.4852},
{"Node_id":2965,"weight":1.8643},
{"Node_id":2966,"weight":3.1651},
{"Node_id":2967,"weight":3.7357},
{"Node_id":2968,"weight":1.3932},
{"Node_id":2969,"weight":1.4975},
{"Node_id":2970,"weight":1.8037},
{"Node_id":2971,"weight":1.5963},
{"Node_id":2972,"weight":2.5224},
{"Node_id":2973,"weight":3.842},
{"Node_id":2974,"weight":2.1622},
{"Node_id":2975,"weight":1.8515},
{"Node_id":2976,"weight":5.8401},
{"Node_id":2977,"weight":1.6906},
{"Node_id":2978,"weight":1.7736},
{"Node_id":2979,"weight":1.9296},
{"Node_id":2980,"weight":2.7857},
{"Node_id":2981,"weight":2.3546},
{"Node_id":2982,"weight":3.776},
{"Node_id":2983,"weight":4.0694},
{"Node_id":2984,"weight":2.4671},
{"Node_id":2985,"weight":2.173},
{"Node_id":2986,"weight":1.752},
{"Node_id":2987,"weight":2.0038},
{"Node_id":2988,"weight":1.4371},
{"Node_id":2989,"weight":2.7081},
{"Node_id":2990,"weight":1.4835},
{"Node_id":2991,"weight":1.9962},
{"Node_id":2992,"weight":2.727},
{"Node_id":2993,"weight":2.2517},
{"Node_id":2994,"weight":2.3648},
{"Node_id":2995,"weight":3.596},
{"Node_id":2996,"weight":2.6257},
{"Node_id":2997,"weight":2.4275},
{"Node_id":2998,"weight":1.9277},
{"Node_id":2999,"weight":2.3866},
{"Node_id":3000,"weight":5.3992},
{"Node_id":3001,"weight":1.4624},
{"Node_id":3002,"weight":1.5485},
{"Node_id":3003,"weight":2.3395},
{"Node_id":3004,"weight":1.8895},
{"Node_id":3005,"weight":2.4588},
{"Node_id":3006,"weight":2.2799},
{"Node_id":3007,"weight":2.8652},
{"Node_id":3008,"weight":1.5062},
{"Node_id":3009,"weight":1.4881},
{"Node_id":3010,"weight":1.5842},
{"Node_id":3011,"weight":1.4921},
{"Node_id":3012,"weight":1.8078},
{"Node_id":3013,"weight":1.776},
{"Node_id":3014,"weight":3.305},
{"Node_id":3015,"weight":2.5959},
{"Node_id":3016,"weight":1.6974},
{"Node_id":3017,"weight":2.2196},
{"Node_id":3018,"weight":1.4848},
{"Node_id":3019,"weight":2.881},
{"Node_id":3020,"weight":1.7401},
{"Node_id":3021,"weight":2.3234},
{"Node_id":3022,"weight":1.6208},
{"Node_id":3023,"weight":2.6563},
{"Node_id":3024,"weight":1.6486},
{"Node_id":3025,"weight":1.9332},
{"Node_id":3026,"weight":1.8523},
{"Node_id":3027,"weight":2.8229},
{"Node_id":3028,"weight":2.5579},
{"Node_id":3029,"weight":2.6401},
{"Node_id":3030,"weight":1.5272},
{"Node_id":3031,"weight":1.5368},
{"Node_id":3032,"weight":4.8078},
{"Node_id":3033,"weight":1.9868},
{"Node_id":3035,"weight":1.9287},
{"Node_id":3036,"weight":1.5049},
{"Node_id":3038,"weight":1.5977},
{"Node_id":3039,"weight":2.5489},
{"Node_id":3040,"weight":2.1928},
{"Node_id":3042,"weight":2.3776},
{"Node_id":3043,"weight":2.2799},
{"Node_id":3044,"weight":2.4369},
{"Node_id":3045,"weight":3.0881},
{"Node_id":3046,"weight":1.4565},
{"Node_id":3047,"weight":2.0816},
{"Node_id":3048,"weight":2.7784},
{"Node_id":3050,"weight":2.0907},
{"Node_id":3051,"weight":6.0725},
{"Node_id":3052,"weight":2.8574},
{"Node_id":3053,"weight":1.4178},
{"Node_id":3054,"weight":1.5992},
{"Node_id":3055,"weight":2.1719},
{"Node_id":3056,"weight":1.5035},
{"Node_id":3057,"weight":1.3882},
{"Node_id":3058,"weight":2.2576},
{"Node_id":3059,"weight":3.3652},
{"Node_id":3060,"weight":2.5254},
{"Node_id":3061,"weight":1.7105},
{"Node_id":3062,"weight":4.8458},
{"Node_id":3063,"weight":2.2552},
{"Node_id":3064,"weight":1.3988},
{"Node_id":3065,"weight":1.4172},
{"Node_id":3066,"weight":1.6523},
{"Node_id":3067,"weight":1.7963},
{"Node_id":3068,"weight":4.1002},
{"Node_id":3069,"weight":2.5066},
{"Node_id":3070,"weight":2.5385},
{"Node_id":3071,"weight":2.877},
{"Node_id":3072,"weight":1.9523},
{"Node_id":3073,"weight":2.5714},
{"Node_id":3074,"weight":1.4565},
{"Node_id":3075,"weight":1.744},
{"Node_id":3076,"weight":1.6732},
{"Node_id":3077,"weight":1.798},
{"Node_id":3078,"weight":1.9305},
{"Node_id":3079,"weight":1.4229},
{"Node_id":3080,"weight":1.543},
{"Node_id":3081,"weight":4.1711},
{"Node_id":3082,"weight":2.6711},
{"Node_id":3083,"weight":2.205},
{"Node_id":3084,"weight":3.1347},
{"Node_id":3085,"weight":1.4815},
{"Node_id":3086,"weight":1.752},
{"Node_id":3087,"weight":3.0252},
{"Node_id":3088,"weight":1.6368},
{"Node_id":3089,"weight":2.9593},
{"Node_id":3090,"weight":3.1964},
{"Node_id":3091,"weight":2.0565},
{"Node_id":3092,"weight":1.9296},
{"Node_id":3093,"weight":1.8136},
{"Node_id":3094,"weight":2.2242},
{"Node_id":3095,"weight":2.3571},
{"Node_id":3096,"weight":3.8038},
{"Node_id":3097,"weight":2.0938},
{"Node_id":3098,"weight":2.0745},
{"Node_id":3099,"weight":2.5123},
{"Node_id":3100,"weight":1.5786},
{"Node_id":3101,"weight":1.726},
{"Node_id":3102,"weight":1.4663},
{"Node_id":3103,"weight":2.6563},
{"Node_id":3104,"weight":1.4147},
{"Node_id":3105,"weight":2.9011},
{"Node_id":3106,"weight":5.2347},
{"Node_id":3107,"weight":3.4095},
{"Node_id":3108,"weight":3.4225},
{"Node_id":3109,"weight":1.8557},
{"Node_id":3110,"weight":2.6498},
{"Node_id":3111,"weight":2.1134},
{"Node_id":3112,"weight":2.366},
{"Node_id":3113,"weight":1.9395},
{"Node_id":3114,"weight":3.1859},
{"Node_id":3115,"weight":2.2907},
{"Node_id":3116,"weight":1.8337},
{"Node_id":3117,"weight":1.5652},
{"Node_id":3118,"weight":2.543},
{"Node_id":3119,"weight":5.8061},
{"Node_id":3120,"weight":3.6969},
{"Node_id":3121,"weight":2.1774},
{"Node_id":3122,"weight":1.4795},
{"Node_id":3123,"weight":1.3944},
{"Node_id":3124,"weight":2.3222},
{"Node_id":3125,"weight":1.8012},
{"Node_id":3126,"weight":5.2933},
{"Node_id":3127,"weight":3.3079},
{"Node_id":3128,"weight":4.4278},
{"Node_id":3129,"weight":1.5652},
{"Node_id":3130,"weight":2.5944},
{"Node_id":3131,"weight":2.0856},
{"Node_id":3132,"weight":1.5029},
{"Node_id":3133,"weight":2.8751},
{"Node_id":3134,"weight":1.5361},
{"Node_id":3135,"weight":3.2342},
{"Node_id":3136,"weight":1.9432},
{"Node_id":3137,"weight":1.639},
{"Node_id":3138,"weight":2.0436},
{"Node_id":3141,"weight":5.7105},
{"Node_id":3144,"weight":2.0019},
{"Node_id":3146,"weight":3.9124},
{"Node_id":3149,"weight":1.7841},
{"Node_id":3153,"weight":2.5975},
{"Node_id":3156,"weight":2.1418},
{"Node_id":3158,"weight":1.9098},
{"Node_id":3161,"weight":1.4242},
{"Node_id":3164,"weight":2.5913},
{"Node_id":3167,"weight":1.6822},
{"Node_id":3171,"weight":3.5004},
{"Node_id":3174,"weight":1.4096},
{"Node_id":3178,"weight":1.8834},
{"Node_id":3179,"weight":1.6657},
{"Node_id":3180,"weight":2.0918},
{"Node_id":3181,"weight":4.8588},
{"Node_id":3182,"weight":2.9257},
{"Node_id":3183,"weight":3.4323},
{"Node_id":3189,"weight":1.6258},
{"Node_id":3192,"weight":2.0154},
{"Node_id":3193,"weight":1.8756},
{"Node_id":3221,"weight":1.5423},
{"Node_id":3228,"weight":2.5254},
{"Node_id":3229,"weight":1.8808},
{"Node_id":3236,"weight":2.8496},
{"Node_id":3237,"weight":1.8178},
{"Node_id":3245,"weight":1.8153},
{"Node_id":3246,"weight":2.4302},
{"Node_id":3248,"weight":2.2611},
{"Node_id":3249,"weight":4.1982},
{"Node_id":3250,"weight":3.6392},
{"Node_id":3251,"weight":1.9727},
{"Node_id":3252,"weight":5.7414},
{"Node_id":3253,"weight":3.0929},
{"Node_id":3254,"weight":2.3609},
{"Node_id":3255,"weight":1.7113},
{"Node_id":3256,"weight":1.4268},
{"Node_id":3259,"weight":2.9896},
{"Node_id":3260,"weight":2.0938},
{"Node_id":3261,"weight":3.6718},
{"Node_id":3262,"weight":2.1124},
{"Node_id":3263,"weight":2.5519},
{"Node_id":3264,"weight":2.3445},
{"Node_id":3265,"weight":1.5527},
{"Node_id":3266,"weight":1.752},
{"Node_id":3267,"weight":2.7658},
{"Node_id":3268,"weight":1.9241},
{"Node_id":3269,"weight":1.8506},
{"Node_id":3270,"weight":2.4951},
{"Node_id":3271,"weight":3.3168},
{"Node_id":3272,"weight":1.9368},
{"Node_id":3273,"weight":2.2599},
{"Node_id":3274,"weight":1.8532},
{"Node_id":3275,"weight":2.2379},
{"Node_id":3276,"weight":1.8379},
{"Node_id":3277,"weight":3.6718},
{"Node_id":3278,"weight":1.6317},
{"Node_id":3279,"weight":3.7624},
{"Node_id":3280,"weight":1.5617},
{"Node_id":3281,"weight":1.8566},
{"Node_id":3282,"weight":1.8575},
{"Node_id":3283,"weight":1.6013},
{"Node_id":3285,"weight":3.2648},
{"Node_id":3287,"weight":2.508},
{"Node_id":3288,"weight":1.4198},
{"Node_id":3289,"weight":2.4478},
{"Node_id":3290,"weight":1.4474},
{"Node_id":3291,"weight":3.0229},
{"Node_id":3292,"weight":2.0377},
{"Node_id":3293,"weight":1.5218},
{"Node_id":3296,"weight":2.0555},
{"Node_id":3298,"weight":1.8261},
{"Node_id":3299,"weight":2.887},
{"Node_id":3301,"weight":1.7898},
{"Node_id":3302,"weight":3.3999},
{"Node_id":3303,"weight":2.0545},
{"Node_id":3305,"weight":2.0928},
{"Node_id":3306,"weight":2.0105},
{"Node_id":3307,"weight":1.5582},
{"Node_id":3310,"weight":2.6466},
{"Node_id":3311,"weight":1.4134},
{"Node_id":3312,"weight":1.8186},
{"Node_id":3316,"weight":3.5922},
{"Node_id":3317,"weight":1.8371},
{"Node_id":3318,"weight":2.5564},
{"Node_id":3321,"weight":1.4293},
{"Node_id":3323,"weight":2.2028},
{"Node_id":3324,"weight":3.2905},
{"Node_id":3325,"weight":3.7357},
{"Node_id":3328,"weight":1.6368},
{"Node_id":3329,"weight":1.9188},
{"Node_id":3331,"weight":5.045},
{"Node_id":3332,"weight":3.3168},
{"Node_id":3333,"weight":2.5356},
{"Node_id":3336,"weight":3.8817},
{"Node_id":3339,"weight":1.9395},
{"Node_id":3340,"weight":1.4915},
{"Node_id":3341,"weight":1.6936},
{"Node_id":3344,"weight":3.3746},
{"Node_id":3348,"weight":1.8843},
{"Node_id":3349,"weight":1.45},
{"Node_id":3350,"weight":2.2847},
{"Node_id":3353,"weight":1.4442},
{"Node_id":3358,"weight":1.9662},
{"Node_id":3359,"weight":1.6324},
{"Node_id":3360,"weight":1.7456},
{"Node_id":3363,"weight":1.6717},
{"Node_id":3369,"weight":3.1964},
{"Node_id":3370,"weight":1.5069},
{"Node_id":3371,"weight":2.2219},
{"Node_id":3374,"weight":2.3027},
{"Node_id":3386,"weight":2.4895},
{"Node_id":3389,"weight":2.2118},
{"Node_id":3393,"weight":1.45},
{"Node_id":3398,"weight":1.656},
{"Node_id":3401,"weight":2.1503},
{"Node_id":3404,"weight":1.4703},
{"Node_id":3407,"weight":3.1148},
{"Node_id":3411,"weight":1.5715},
{"Node_id":3414,"weight":1.5771},
{"Node_id":3416,"weight":2.1093},
{"Node_id":3419,"weight":3.2847},
{"Node_id":3422,"weight":1.8211},
{"Node_id":3427,"weight":1.5863},
{"Node_id":3430,"weight":1.4789},
{"Node_id":3436,"weight":2.3905},
{"Node_id":3439,"weight":2.2859},
{"Node_id":3446,"weight":1.6739},
{"Node_id":3449,"weight":1.4591},
{"Node_id":3457,"weight":1.854},
{"Node_id":3460,"weight":2.3027},
{"Node_id":3466,"weight":2.5094},
{"Node_id":3469,"weight":2.8535},
{"Node_id":3472,"weight":1.5382},
{"Node_id":3478,"weight":2.401},
{"Node_id":3479,"weight":6.8113},
{"Node_id":3482,"weight":2.2265},
{"Node_id":3485,"weight":2.5474},
{"Node_id":3491,"weight":4.3858},
{"Node_id":3492,"weight":4.3614},
{"Node_id":3493,"weight":3.1807},
{"Node_id":3496,"weight":1.7988},
{"Node_id":3499,"weight":1.8128},
{"Node_id":3505,"weight":3.6352},
{"Node_id":3507,"weight":1.9395},
{"Node_id":3511,"weight":2.3711},
{"Node_id":3512,"weight":4.0221},
{"Node_id":3514,"weight":4.1127},
{"Node_id":3520,"weight":3.9549},
{"Node_id":3526,"weight":4.833},
{"Node_id":3527,"weight":1.5485},
{"Node_id":3528,"weight":2.3063},
{"Node_id":3529,"weight":1.8957},
{"Node_id":3530,"weight":1.8045},
{"Node_id":3531,"weight":3.1422},
{"Node_id":3532,"weight":4.1914},
{"Node_id":3533,"weight":4.3534},
{"Node_id":3534,"weight":1.6302},
{"Node_id":3535,"weight":1.8738},
{"Node_id":3536,"weight":1.5245},
{"Node_id":3537,"weight":5.0294},
{"Node_id":3538,"weight":1.5807},
{"Node_id":3539,"weight":3.8716},
{"Node_id":3540,"weight":2.2907},
{"Node_id":3541,"weight":2.6612},
{"Node_id":3542,"weight":2.2061},
{"Node_id":3543,"weight":1.5218},
{"Node_id":3544,"weight":2.2017},
{"Node_id":3545,"weight":5.3771},
{"Node_id":3546,"weight":2.3918},
{"Node_id":3547,"weight":1.5327},
{"Node_id":3548,"weight":1.5527},
{"Node_id":3549,"weight":2.2448},
{"Node_id":3550,"weight":2.1752},
{"Node_id":3551,"weight":3.0953},
{"Node_id":3553,"weight":3.1651},
{"Node_id":3556,"weight":1.8103},
{"Node_id":3560,"weight":2.3458},
{"Node_id":3564,"weight":4.1778},
{"Node_id":3565,"weight":2.1155},
{"Node_id":3569,"weight":1.8678},
{"Node_id":3570,"weight":4.8458},
{"Node_id":3571,"weight":2.7218},
{"Node_id":3575,"weight":1.5828},
{"Node_id":3576,"weight":2.0685},
{"Node_id":3577,"weight":4.2051},
{"Node_id":3578,"weight":2.7218},
{"Node_id":3582,"weight":2.9743},
{"Node_id":3583,"weight":2.4155},
{"Node_id":3584,"weight":5.3343},
{"Node_id":3585,"weight":1.5416},
{"Node_id":3586,"weight":2.6861},
{"Node_id":3590,"weight":8.517},
{"Node_id":3591,"weight":3.0095},
{"Node_id":3592,"weight":2.0416},
{"Node_id":3593,"weight":1.9839},
{"Node_id":3594,"weight":1.5561},
{"Node_id":3595,"weight":1.7971},
{"Node_id":3599,"weight":2.474},
{"Node_id":3600,"weight":1.7663},
{"Node_id":3601,"weight":3.0857},
{"Node_id":3602,"weight":1.4921},
{"Node_id":3603,"weight":1.7671},
{"Node_id":3604,"weight":4.4024},
{"Node_id":3605,"weight":1.9652},
{"Node_id":3609,"weight":1.7097},
{"Node_id":3610,"weight":1.6142},
{"Node_id":3611,"weight":2.1972},
{"Node_id":3612,"weight":2.6678},
{"Node_id":3613,"weight":1.4026},
{"Node_id":3614,"weight":2.2764},
{"Node_id":3615,"weight":2.342},
{"Node_id":3619,"weight":2.1197},
{"Node_id":3620,"weight":1.5347},
{"Node_id":3621,"weight":3.279},
{"Node_id":3622,"weight":1.8515},
{"Node_id":3623,"weight":1.5177},
{"Node_id":3624,"weight":2.401},
{"Node_id":3625,"weight":3.2205},
{"Node_id":3626,"weight":4.1254},
{"Node_id":3630,"weight":2.0836},
{"Node_id":3631,"weight":1.5197},
{"Node_id":3632,"weight":1.7825},
{"Node_id":3633,"weight":3.2818},
{"Node_id":3634,"weight":2.3853},
{"Node_id":3635,"weight":1.7074},
{"Node_id":3636,"weight":1.43},
{"Node_id":3638,"weight":3.1912},
{"Node_id":3642,"weight":1.7841},
{"Node_id":3643,"weight":1.4422},
{"Node_id":3644,"weight":2.8191},
{"Node_id":3645,"weight":3.1833},
{"Node_id":3646,"weight":3.3168},
{"Node_id":3647,"weight":2.5066},
{"Node_id":3648,"weight":2.4881},
{"Node_id":3650,"weight":1.6244},
{"Node_id":3651,"weight":1.9532},
{"Node_id":3655,"weight":1.3894},
{"Node_id":3656,"weight":1.5444},
{"Node_id":3657,"weight":2.223},
{"Node_id":3658,"weight":2.3222},
{"Node_id":3659,"weight":3.3197},
{"Node_id":3660,"weight":2.274},
{"Node_id":3661,"weight":2.4356},
{"Node_id":3663,"weight":1.822},
{"Node_id":3664,"weight":1.8583},
{"Node_id":3665,"weight":2.4221},
{"Node_id":3669,"weight":3.2314},
{"Node_id":3670,"weight":1.7151},
{"Node_id":3671,"weight":2.7063},
{"Node_id":3672,"weight":3.9282},
{"Node_id":3673,"weight":1.9934},
{"Node_id":3674,"weight":1.4377},
{"Node_id":3675,"weight":2.0836},
{"Node_id":3677,"weight":1.7089},
{"Node_id":3678,"weight":5.5429},
{"Node_id":3679,"weight":1.4371},
{"Node_id":3683,"weight":5.2159},
{"Node_id":3684,"weight":4.9989},
{"Node_id":3685,"weight":4.6053},
{"Node_id":3686,"weight":1.712},
{"Node_id":3687,"weight":1.5389},
{"Node_id":3688,"weight":5.4217},
{"Node_id":3689,"weight":1.7906},
{"Node_id":3691,"weight":1.7198},
{"Node_id":3693,"weight":5.2347},
{"Node_id":3694,"weight":1.9606},
{"Node_id":3695,"weight":1.7719},
{"Node_id":3696,"weight":1.4474},
{"Node_id":3697,"weight":2.4768},
{"Node_id":3707,"weight":1.8396},
{"Node_id":3708,"weight":1.7417},
{"Node_id":3709,"weight":2.9808},
{"Node_id":3710,"weight":4.3534},
{"Node_id":3711,"weight":2.2529},
{"Node_id":3712,"weight":1.4128},
{"Node_id":3713,"weight":1.5992},
{"Node_id":3714,"weight":1.6762},
{"Node_id":3715,"weight":2.0212},
{"Node_id":3716,"weight":3.0389},
{"Node_id":3717,"weight":3.3377},
{"Node_id":3718,"weight":2.1578},
{"Node_id":3719,"weight":2.5684},
{"Node_id":3720,"weight":3.1222},
{"Node_id":3721,"weight":4.0939},
{"Node_id":3722,"weight":2.5913},
{"Node_id":3724,"weight":1.9792},
{"Node_id":3725,"weight":2.0948},
{"Node_id":3727,"weight":2.9113},
{"Node_id":3728,"weight":1.9699},
{"Node_id":3729,"weight":1.9953},
{"Node_id":3731,"weight":3.7401},
{"Node_id":3732,"weight":1.7639},
{"Node_id":3733,"weight":1.5265},
{"Node_id":3734,"weight":3.6038},
{"Node_id":3736,"weight":1.5963},
{"Node_id":3737,"weight":2.3112},
{"Node_id":3738,"weight":3.1523},
{"Node_id":3739,"weight":2.6434},
{"Node_id":3740,"weight":2.3711},
{"Node_id":3742,"weight":2.6194},
{"Node_id":3743,"weight":1.3995},
{"Node_id":3744,"weight":1.7401},
{"Node_id":3745,"weight":2.9765},
{"Node_id":3746,"weight":2.0685},
{"Node_id":3747,"weight":1.4644},
{"Node_id":3749,"weight":1.6208},
{"Node_id":3750,"weight":1.39},
{"Node_id":3751,"weight":1.9597},
{"Node_id":3752,"weight":2.5836},
{"Node_id":3753,"weight":1.402},
{"Node_id":3754,"weight":2.1082},
{"Node_id":3755,"weight":5.5957},
{"Node_id":3756,"weight":1.8515},
{"Node_id":3757,"weight":1.4928},
{"Node_id":3758,"weight":2.1344},
{"Node_id":3759,"weight":2.4181},
{"Node_id":3760,"weight":2.1884},
{"Node_id":3762,"weight":2.6337},
{"Node_id":3763,"weight":1.7448},
{"Node_id":3764,"weight":1.6331},
{"Node_id":3765,"weight":2.0397},
{"Node_id":3766,"weight":1.7464},
{"Node_id":3767,"weight":1.9802},
{"Node_id":3768,"weight":2.027},
{"Node_id":3769,"weight":1.5828},
{"Node_id":3770,"weight":3.0504},
{"Node_id":3771,"weight":1.4281},
{"Node_id":3772,"weight":2.1557},
{"Node_id":3773,"weight":1.7881},
{"Node_id":3779,"weight":1.6575},
{"Node_id":3782,"weight":2.645},
{"Node_id":3783,"weight":1.575},
{"Node_id":3784,"weight":2.1884},
{"Node_id":3785,"weight":3.3317},
{"Node_id":3786,"weight":1.5089},
{"Node_id":3787,"weight":3.2044},
{"Node_id":3788,"weight":1.7005},
{"Node_id":3789,"weight":1.9505},
{"Node_id":3790,"weight":2.658},
{"Node_id":3791,"weight":1.7703},
{"Node_id":3792,"weight":2.9257},
{"Node_id":3793,"weight":1.5368},
{"Node_id":3794,"weight":2.7445},
{"Node_id":3795,"weight":1.9962},
{"Node_id":3796,"weight":3.4095},
{"Node_id":3797,"weight":1.4578},
{"Node_id":3798,"weight":2.31},
{"Node_id":3799,"weight":2.4951},
{"Node_id":3800,"weight":1.4468},
{"Node_id":3801,"weight":2.0231},
{"Node_id":3802,"weight":2.3445},
{"Node_id":3803,"weight":4.9989},
{"Node_id":3804,"weight":1.4631},
{"Node_id":3805,"weight":5.5957},
{"Node_id":3806,"weight":1.7504},
{"Node_id":3807,"weight":1.5513},
{"Node_id":3808,"weight":1.5764},
{"Node_id":3809,"weight":2.4049},
{"Node_id":3810,"weight":4.4896},
{"Node_id":3811,"weight":3.8567},
{"Node_id":3812,"weight":1.5708},
{"Node_id":3813,"weight":1.5582},
{"Node_id":3814,"weight":3.8616},
{"Node_id":3815,"weight":1.513},
{"Node_id":3816,"weight":5.4448},
{"Node_id":3817,"weight":2.7322},
{"Node_id":3818,"weight":1.4077},
{"Node_id":3819,"weight":6.0725},
{"Node_id":3820,"weight":1.6868},
{"Node_id":3821,"weight":1.4229},
{"Node_id":3822,"weight":2.9423},
{"Node_id":3823,"weight":1.7784},
{"Node_id":3824,"weight":2.0585},
{"Node_id":3825,"weight":1.8506},
{"Node_id":3826,"weight":1.9634},
{"Node_id":3827,"weight":1.702},
{"Node_id":3828,"weight":1.9588},
{"Node_id":3829,"weight":4.212},
{"Node_id":3830,"weight":3.5326},
{"Node_id":3831,"weight":3.248},
{"Node_id":3832,"weight":1.4526},
{"Node_id":3833,"weight":1.4565},
{"Node_id":3834,"weight":2.1093},
{"Node_id":3840,"weight":2.3763},
{"Node_id":3843,"weight":2.0605},
{"Node_id":3847,"weight":1.5191},
{"Node_id":3849,"weight":1.9072},
{"Node_id":3852,"weight":2.4275},
{"Node_id":3854,"weight":2.0241},
{"Node_id":3858,"weight":3.7624},
{"Node_id":3860,"weight":2.9678},
{"Node_id":3865,"weight":1.5596},
{"Node_id":3867,"weight":1.4901},
{"Node_id":3870,"weight":2.1493},
{"Node_id":3872,"weight":2.9917},
{"Node_id":3873,"weight":1.5779},
{"Node_id":3874,"weight":2.1503},
{"Node_id":3875,"weight":1.465},
{"Node_id":3876,"weight":1.9811},
{"Node_id":3877,"weight":1.4526},
{"Node_id":3878,"weight":1.5771},
{"Node_id":3879,"weight":1.8062},
{"Node_id":3880,"weight":2.0125},
{"Node_id":3881,"weight":5.7414},
{"Node_id":3882,"weight":4.1318},
{"Node_id":3883,"weight":2.5371},
{"Node_id":3884,"weight":2.1323},
{"Node_id":3885,"weight":1.4223},
{"Node_id":3886,"weight":4.3858},
{"Node_id":3887,"weight":4.4364},
{"Node_id":3888,"weight":1.4064},
{"Node_id":3889,"weight":1.4533},
{"Node_id":3890,"weight":1.513},
{"Node_id":3891,"weight":1.7036},
{"Node_id":3892,"weight":2.1218},
{"Node_id":3893,"weight":4.4451},
{"Node_id":3894,"weight":1.6538},
{"Node_id":3895,"weight":2.2185},
{"Node_id":3896,"weight":1.7535},
{"Node_id":3897,"weight":2.102},
{"Node_id":3898,"weight":1.397},
{"Node_id":3899,"weight":2.0685},
{"Node_id":3900,"weight":1.8851},
{"Node_id":3901,"weight":1.8379},
{"Node_id":3902,"weight":5.6515},
{"Node_id":3903,"weight":1.8992},
{"Node_id":3904,"weight":1.7939},
{"Node_id":3905,"weight":2.0125},
{"Node_id":3906,"weight":2.5594},
{"Node_id":3907,"weight":1.7244},
{"Node_id":3908,"weight":3.6969},
{"Node_id":3909,"weight":3.1703},
{"Node_id":3910,"weight":1.5184},
{"Node_id":3911,"weight":1.3869},
{"Node_id":3912,"weight":2.1829},
{"Node_id":3913,"weight":2.2196},
{"Node_id":3914,"weight":1.9597},
{"Node_id":3915,"weight":2.8477},
{"Node_id":3916,"weight":1.6694},
{"Node_id":3917,"weight":3.577},
{"Node_id":3918,"weight":2.889},
{"Node_id":3919,"weight":2.885},
{"Node_id":3920,"weight":1.5259},
{"Node_id":3921,"weight":3.8567},
{"Node_id":3922,"weight":3.3079},
{"Node_id":3923,"weight":1.8354},
{"Node_id":3924,"weight":1.7736},
{"Node_id":3925,"weight":3.714},
{"Node_id":3926,"weight":1.8371},
{"Node_id":3927,"weight":2.9808},
{"Node_id":3928,"weight":2.9614},
{"Node_id":3929,"weight":3.4934},
{"Node_id":3930,"weight":1.3882},
{"Node_id":3931,"weight":1.7623},
{"Node_id":3932,"weight":2.3711},
{"Node_id":3933,"weight":1.4313},
{"Node_id":3934,"weight":1.5527},
{"Node_id":3935,"weight":2.2599},
{"Node_id":3936,"weight":2.0029},
{"Node_id":3937,"weight":2.6596},
{"Node_id":3938,"weight":1.9359},
{"Node_id":3939,"weight":2.9381},
{"Node_id":3940,"weight":2.9174},
{"Node_id":3941,"weight":1.6171},
{"Node_id":3942,"weight":1.8103},
{"Node_id":3943,"weight":1.5334},
{"Node_id":3944,"weight":2.887},
{"Node_id":3945,"weight":1.8186},
{"Node_id":3946,"weight":1.9542},
{"Node_id":3957,"weight":1.6785},
{"Node_id":3958,"weight":3.0006},
{"Node_id":3959,"weight":2.1785},
{"Node_id":3960,"weight":3.0786},
{"Node_id":3961,"weight":3.8275},
{"Node_id":3962,"weight":1.7881},
{"Node_id":3963,"weight":3.055},
{"Node_id":3964,"weight":1.9662},
{"Node_id":3965,"weight":2.4671},
{"Node_id":3966,"weight":3.2905},
{"Node_id":3967,"weight":1.901},
{"Node_id":3968,"weight":1.9802},
{"Node_id":3969,"weight":1.9802},
{"Node_id":3970,"weight":7.8236},
{"Node_id":3972,"weight":1.8021},
{"Node_id":3974,"weight":1.6913},
{"Node_id":3975,"weight":2.645},
{"Node_id":3976,"weight":4.0163},
{"Node_id":3977,"weight":1.4915},
{"Node_id":3978,"weight":1.5347},
{"Node_id":3979,"weight":2.6531},
{"Node_id":3980,"weight":2.2611},
{"Node_id":3986,"weight":2.9508},
{"Node_id":3989,"weight":1.9625},
{"Node_id":3990,"weight":3.4456},
{"Node_id":3993,"weight":1.4121},
{"Node_id":3994,"weight":2.7569},
{"Node_id":3995,"weight":5.11},
{"Node_id":3998,"weight":2.3309},
{"Node_id":3999,"weight":1.4468},
{"Node_id":4000,"weight":4.8588},
{"Node_id":4001,"weight":2.1218},
{"Node_id":4004,"weight":2.5327},
{"Node_id":4005,"weight":1.5286},
{"Node_id":4006,"weight":2.1708},
{"Node_id":4007,"weight":1.7792},
{"Node_id":4008,"weight":1.5835},
{"Node_id":4011,"weight":2.0575},
{"Node_id":4012,"weight":1.9662},
{"Node_id":4013,"weight":1.4249},
{"Node_id":4014,"weight":1.9072},
{"Node_id":4015,"weight":1.8635},
{"Node_id":4016,"weight":2.7183},
{"Node_id":4019,"weight":2.1665},
{"Node_id":4020,"weight":2.3944},
{"Node_id":4021,"weight":1.8447},
{"Node_id":4022,"weight":6.1171},
{"Node_id":4023,"weight":2.5564},
{"Node_id":4024,"weight":1.7663},
{"Node_id":4025,"weight":1.9962},
{"Node_id":4028,"weight":1.6317},
{"Node_id":4029,"weight":2.0989},
{"Node_id":4030,"weight":3.1222},
{"Node_id":4031,"weight":2.3737},
{"Node_id":4032,"weight":2.0125},
{"Node_id":4033,"weight":3.6352},
{"Node_id":4034,"weight":5.2539},
{"Node_id":4035,"weight":2.8613},
{"Node_id":4038,"weight":2.6894},
{"Node_id":4039,"weight":1.6215},
{"Node_id":4040,"weight":2.1796},
{"Node_id":4041,"weight":2.6962},
{"Node_id":4042,"weight":2.2611},
{"Node_id":4043,"weight":1.5368},
{"Node_id":4044,"weight":1.5211},
{"Node_id":4045,"weight":1.789},
{"Node_id":4046,"weight":2.2185},
{"Node_id":4049,"weight":1.6157},
{"Node_id":4050,"weight":4.0455},
{"Node_id":4051,"weight":2.9174},
{"Node_id":4052,"weight":2.4519},
{"Node_id":4053,"weight":3.5075},
{"Node_id":4054,"weight":1.5225},
{"Node_id":4055,"weight":1.9953},
{"Node_id":4056,"weight":2.214},
{"Node_id":4057,"weight":2.1312},
{"Node_id":4058,"weight":2.1568},
{"Node_id":4059,"weight":4.3454},
{"Node_id":4060,"weight":2.8248},
{"Node_id":4063,"weight":2.4994},
{"Node_id":4064,"weight":1.748},
{"Node_id":4065,"weight":1.4855},
{"Node_id":4066,"weight":2.764},
{"Node_id":4067,"weight":1.8721},
{"Node_id":4068,"weight":2.4492},
{"Node_id":4069,"weight":1.8904},
{"Node_id":4070,"weight":1.9783},
{"Node_id":4071,"weight":1.6508},
{"Node_id":4072,"weight":2.1302},
{"Node_id":4073,"weight":2.4356},
{"Node_id":4074,"weight":2.0897},
{"Node_id":4075,"weight":3.1322},
{"Node_id":4076,"weight":1.956},
{"Node_id":4077,"weight":4.5362},
{"Node_id":4078,"weight":2.8574},
{"Node_id":4079,"weight":1.925},
{"Node_id":4080,"weight":3.2314},
{"Node_id":4081,"weight":4.6053},
{"Node_id":4082,"weight":2.7839},
{"Node_id":4083,"weight":1.5177},
{"Node_id":4084,"weight":1.414},
{"Node_id":4085,"weight":1.7496},
{"Node_id":4086,"weight":2.0318},
{"Node_id":4087,"weight":3.2424},
{"Node_id":4088,"weight":1.8756},
{"Node_id":4116,"weight":2.4657},
{"Node_id":4140,"weight":1.4442},
{"Node_id":4143,"weight":2.5519},
{"Node_id":4144,"weight":1.6346},
{"Node_id":4145,"weight":2.8343},
{"Node_id":4149,"weight":1.6508},
{"Node_id":4152,"weight":2.5371},
{"Node_id":4153,"weight":1.414},
{"Node_id":4154,"weight":2.4643},
{"Node_id":4155,"weight":1.8278},
{"Node_id":4156,"weight":2.5867},
{"Node_id":4157,"weight":3.2992},
{"Node_id":4158,"weight":2.5137},
{"Node_id":4159,"weight":1.5701},
{"Node_id":4160,"weight":4.4192},
{"Node_id":4161,"weight":1.4287},
{"Node_id":4162,"weight":2.5836},
{"Node_id":4163,"weight":1.4422},
{"Node_id":4164,"weight":2.4712},
{"Node_id":4165,"weight":3.6154},
{"Node_id":4166,"weight":1.4749},
{"Node_id":4167,"weight":2.1546},
{"Node_id":4168,"weight":2.727},
{"Node_id":4169,"weight":2.8751},
{"Node_id":4170,"weight":3.9604},
{"Node_id":4171,"weight":2.2705},
{"Node_id":4172,"weight":3.6352},
{"Node_id":4173,"weight":1.7663},
{"Node_id":4174,"weight":1.7082},
{"Node_id":4175,"weight":1.8515},
{"Node_id":4176,"weight":3.4865},
{"Node_id":4177,"weight":1.6027},
{"Node_id":4178,"weight":3.4865},
{"Node_id":4179,"weight":1.9027},
{"Node_id":4180,"weight":3.0621},
{"Node_id":4181,"weight":1.6092},
{"Node_id":4182,"weight":2.0897},
{"Node_id":4183,"weight":1.8128},
{"Node_id":4184,"weight":1.4461},
{"Node_id":4185,"weight":2.0446},
{"Node_id":4186,"weight":2.5821},
{"Node_id":4187,"weight":3.4761},
{"Node_id":4188,"weight":1.5062},
{"Node_id":4189,"weight":2.0989},
{"Node_id":4190,"weight":2.3788},
{"Node_id":4191,"weight":1.5485},
{"Node_id":4192,"weight":4.4108},
{"Node_id":4193,"weight":1.6951},
{"Node_id":4194,"weight":1.827},
{"Node_id":4195,"weight":1.4384},
{"Node_id":4196,"weight":2.7551},
{"Node_id":4197,"weight":1.7409},
{"Node_id":4198,"weight":2.1333},
{"Node_id":4199,"weight":1.9634},
{"Node_id":4200,"weight":1.8111},
{"Node_id":4201,"weight":2.7604},
{"Node_id":4202,"weight":1.5779},
{"Node_id":4203,"weight":4.1383},
{"Node_id":4204,"weight":1.4565},
{"Node_id":4205,"weight":3.6233},
{"Node_id":4206,"weight":1.7599},
{"Node_id":4207,"weight":2.5806},
{"Node_id":4208,"weight":1.4096},
{"Node_id":4209,"weight":3.9072},
{"Node_id":4210,"weight":1.8211},
{"Node_id":4211,"weight":2.5312},
{"Node_id":4212,"weight":1.8037},
{"Node_id":4213,"weight":2.9657},
{"Node_id":4214,"weight":2.6514},
{"Node_id":4215,"weight":1.4229},
{"Node_id":4216,"weight":2.7132},
{"Node_id":4217,"weight":1.8404},
{"Node_id":4218,"weight":1.9332},
{"Node_id":4219,"weight":2.5867},
{"Node_id":4220,"weight":1.6694},
{"Node_id":4221,"weight":4.119},
{"Node_id":4222,"weight":2.4937},
{"Node_id":4223,"weight":3.9992},
{"Node_id":4224,"weight":1.9268},
{"Node_id":4225,"weight":1.4351},
{"Node_id":4226,"weight":1.5361},
{"Node_id":4227,"weight":1.6501},
{"Node_id":4228,"weight":1.9001},
{"Node_id":4229,"weight":3.7401},
{"Node_id":4230,"weight":2.1961},
{"Node_id":4243,"weight":0.1294},
{"Node_id":4244,"weight":1.2721},
{"Node_id":4245,"weight":3.2676},
{"Node_id":4247,"weight":2.8691},
{"Node_id":4250,"weight":1.4204},
{"Node_id":4251,"weight":0.4561},
{"Node_id":4252,"weight":2.7046},
{"Node_id":4255,"weight":1.62},
{"Node_id":4257,"weight":0.6955},
{"Node_id":4258,"weight":2.5166},
{"Node_id":4259,"weight":5.4448},
{"Node_id":4261,"weight":0.6239},
{"Node_id":4265,"weight":1.9569},
{"Node_id":4266,"weight":1.6822},
{"Node_id":4273,"weight":2.0755},
{"Node_id":4275,"weight":0.4084},
{"Node_id":4276,"weight":2.3185},
{"Node_id":4287,"weight":1.2448},
{"Node_id":4291,"weight":0.7598},
{"Node_id":4294,"weight":1.827},
{"Node_id":4317,"weight":4.0878},
{"Node_id":4320,"weight":2.1741},
{"Node_id":4321,"weight":0.6803},
{"Node_id":4324,"weight":3.7011},
{"Node_id":4330,"weight":4.8588},
{"Node_id":4334,"weight":1.7089},
{"Node_id":4336,"weight":0.2302},
{"Node_id":4337,"weight":3.429},
{"Node_id":4340,"weight":0.3437},
{"Node_id":4341,"weight":0.2294},
{"Node_id":4347,"weight":0.3602},
{"Node_id":4349,"weight":1.6128},
{"Node_id":4351,"weight":4.8988},
{"Node_id":4352,"weight":1.7535},
{"Node_id":4353,"weight":0.6678},
{"Node_id":4354,"weight":1.0465},
{"Node_id":4375,"weight":1.1859},
{"Node_id":4381,"weight":0.3174},
{"Node_id":4385,"weight":0.9346},
{"Node_id":4386,"weight":2.5195},
{"Node_id":4387,"weight":1.0997},
{"Node_id":4389,"weight":0.3293},
{"Node_id":4394,"weight":0.3756},
{"Node_id":4396,"weight":0.5849},
{"Node_id":4398,"weight":0.0532},
{"Node_id":4404,"weight":0.2408},
{"Node_id":4406,"weight":0.9982},
{"Node_id":4408,"weight":0.2884},
{"Node_id":4412,"weight":0.9714},
{"Node_id":4415,"weight":0.2745},
{"Node_id":4417,"weight":0.1141},
{"Node_id":4419,"weight":0.4879},
{"Node_id":4422,"weight":0.1322},
{"Node_id":4545,"weight":1.8379},
{"Node_id":5324,"weight":1.8904},
{"Node_id":5328,"weight":0.9494},
{"Node_id":5329,"weight":1.39},
{"Node_id":5330,"weight":2.9896},
{"Node_id":5332,"weight":4.3694},
{"Node_id":5333,"weight":1.8878},
{"Node_id":5334,"weight":1.033},
{"Node_id":5335,"weight":2.1333},
{"Node_id":5336,"weight":0.6682},
{"Node_id":5342,"weight":0.7773},
{"Node_id":5345,"weight":1.3081},
{"Node_id":5350,"weight":0.1378},
{"Node_id":5352,"weight":2.4356},
{"Node_id":5356,"weight":1.2727},
{"Node_id":5358,"weight":0.8217},
{"Node_id":5359,"weight":1.139},
{"Node_id":5361,"weight":0.2152},
{"Node_id":5363,"weight":1.2791},
{"Node_id":5365,"weight":0.1987},
{"Node_id":5368,"weight":5.4927},
{"Node_id":5369,"weight":2.7586},
{"Node_id":5370,"weight":0.1463},
{"Node_id":5374,"weight":1.1521},
{"Node_id":5376,"weight":2.6547},
{"Node_id":5388,"weight":3.6677},
{"Node_id":5396,"weight":1.2208},
{"Node_id":5397,"weight":1.901},
{"Node_id":5403,"weight":0.7713},
{"Node_id":5404,"weight":0.3789},
{"Node_id":5410,"weight":1.5561},
{"Node_id":5414,"weight":0.7662},
{"Node_id":5455,"weight":1.0906},
{"Node_id":5456,"weight":0.4583},
{"Node_id":5458,"weight":0.6745},
{"Node_id":5461,"weight":1.1703},
{"Node_id":5462,"weight":0.2189},
{"Node_id":5463,"weight":0.4243},
{"Node_id":5467,"weight":1.3004},
{"Node_id":5470,"weight":0.054},
{"Node_id":5472,"weight":1.7504},
{"Node_id":5473,"weight":1.6501},
{"Node_id":5476,"weight":0.5147},
{"Node_id":5478,"weight":0.795},
{"Node_id":5482,"weight":2.6162},
{"Node_id":5484,"weight":1.5265},
{"Node_id":5487,"weight":1.5008},
{"Node_id":17960,"weight":1.9214},
{"Node_id":17964,"weight":2.184},
{"Node_id":17965,"weight":3.483},
{"Node_id":17966,"weight":2.2799},
{"Node_id":17968,"weight":1.9802},
{"Node_id":17969,"weight":2.5051},
{"Node_id":17971,"weight":2.3015},
{"Node_id":17972,"weight":2.2634},
{"Node_id":17973,"weight":2.4994},
{"Node_id":17976,"weight":1.6493},
{"Node_id":17978,"weight":2.0367},
{"Node_id":17979,"weight":1.4319},
{"Node_id":17980,"weight":3.8918},
{"Node_id":17982,"weight":1.8825},
{"Node_id":17986,"weight":2.321},
{"Node_id":17987,"weight":1.6936},
{"Node_id":17992,"weight":2.4195},
{"Node_id":17994,"weight":1.8203},
{"Node_id":17996,"weight":2.184},
{"Node_id":17997,"weight":1.7036},
{"Node_id":18002,"weight":2.7912},
{"Node_id":18008,"weight":3.7945},
{"Node_id":18012,"weight":1.5736},
{"Node_id":18013,"weight":1.9597},
{"Node_id":18015,"weight":1.4474},
{"Node_id":18017,"weight":2.0241},
{"Node_id":18039,"weight":2.4866},
{"Node_id":18042,"weight":3.2124},
{"Node_id":18043,"weight":2.5123},
{"Node_id":18046,"weight":1.744},
{"Node_id":18050,"weight":1.8643},
{"Node_id":18052,"weight":1.7036},
{"Node_id":18053,"weight":2.5852},
{"Node_id":18056,"weight":3.9713},
{"Node_id":18058,"weight":2.0212},
{"Node_id":18059,"weight":1.3976},
{"Node_id":18060,"weight":1.5513},
{"Node_id":18062,"weight":1.5492},
{"Node_id":18063,"weight":2.0456},
{"Node_id":18065,"weight":2.0595},
{"Node_id":18069,"weight":1.8421},
{"Node_id":18071,"weight":3.429},
{"Node_id":18073,"weight":2.001},
{"Node_id":18074,"weight":1.6353},
{"Node_id":18075,"weight":1.4539},
{"Node_id":18076,"weight":4.219},
{"Node_id":18092,"weight":1.5638},
{"Node_id":18096,"weight":2.4102},
{"Node_id":18102,"weight":1.6034},
{"Node_id":18106,"weight":1.9532},
{"Node_id":18107,"weight":2.1928},
{"Node_id":18108,"weight":1.6493},
{"Node_id":18110,"weight":2.3983},
{"Node_id":18115,"weight":2.3271},
{"Node_id":18117,"weight":1.5764},
{"Node_id":18119,"weight":2.7115},
{"Node_id":18125,"weight":4.2766},
{"Node_id":18127,"weight":3.2397},
{"Node_id":18129,"weight":5.2159},
{"Node_id":18133,"weight":1.5666},
{"Node_id":18136,"weight":1.866},
{"Node_id":18138,"weight":2.1218},
{"Node_id":18140,"weight":3.596},
{"Node_id":18143,"weight":2.887},
{"Node_id":18267,"weight":3.3227}]