[{"Node_id":8369,"weight":1.9214},
{"Node_id":8373,"weight":2.184},
{"Node_id":8374,"weight":3.483},
{"Node_id":8375,"weight":2.2799},
{"Node_id":8378,"weight":2.5051},
{"Node_id":8380,"weight":2.3015},
{"Node_id":8381,"weight":2.2634},
{"Node_id":8388,"weight":1.4319},
{"Node_id":8396,"weight":1.6936},
{"Node_id":8421,"weight":1.5736},
{"Node_id":8448,"weight":2.4866},
{"Node_id":8455,"weight":1.744},
{"Node_id":8462,"weight":2.5852},
{"Node_id":8468,"weight":1.3976},
{"Node_id":8469,"weight":1.5513},
{"Node_id":8471,"weight":1.5492},
{"Node_id":8478,"weight":1.8421},
{"Node_id":8482,"weight":2.001},
{"Node_id":8483,"weight":1.6353},
{"Node_id":8516,"weight":2.1928},
{"Node_id":8526,"weight":1.5764},
{"Node_id":8534,"weight":4.2766},
{"Node_id":8538,"weight":5.2159},
{"Node_id":8542,"weight":1.5666},
{"Node_id":8545,"weight":1.866},
{"Node_id":8676,"weight":3.3227},
{"Node_id":9192,"weight":2.0887},
{"Node_id":9431,"weight":2.2196},
{"Node_id":9435,"weight":3.9549},
{"Node_id":9436,"weight":1.4474},
{"Node_id":9439,"weight":1.7433},
{"Node_id":9441,"weight":2.3866},
{"Node_id":9451,"weight":2.3433},
{"Node_id":9455,"weight":2.5519},
{"Node_id":9457,"weight":2.3648},
{"Node_id":9463,"weight":5.2933},
{"Node_id":9466,"weight":1.9305},
{"Node_id":9471,"weight":2.3271},
{"Node_id":9473,"weight":4.6469},
{"Node_id":9475,"weight":3.4523},
{"Node_id":9479,"weight":1.6142},
{"Node_id":9502,"weight":3.6677},
{"Node_id":9509,"weight":3.1173},
{"Node_id":9513,"weight":2.9786},
{"Node_id":9561,"weight":3.7852},
{"Node_id":9563,"weight":2.1218},
{"Node_id":9566,"weight":5.9496},
{"Node_id":9583,"weight":1.4261},
{"Node_id":9587,"weight":1.4815},
{"Node_id":9592,"weight":2.579},
{"Node_id":9612,"weight":2.2494},
{"Node_id":9613,"weight":2.5669},
{"Node_id":9616,"weight":2.3371},
{"Node_id":9635,"weight":1.4855},
{"Node_id":9640,"weight":1.6777},
{"Node_id":9877,"weight":5.4217},
{"Node_id":9941,"weight":5.045},
{"Node_id":9952,"weight":3.7401},
{"Node_id":9964,"weight":1.4881},
{"Node_id":9967,"weight":2.0575},
{"Node_id":9968,"weight":1.7922},
{"Node_id":10001,"weight":3.0978},
{"Node_id":10002,"weight":3.8132},
{"Node_id":10009,"weight":3.0644},
{"Node_id":10034,"weight":2.8381},
{"Node_id":10046,"weight":2.6337},
{"Node_id":10047,"weight":1.5485},
{"Node_id":10091,"weight":1.4782},
{"Node_id":10112,"weight":2.1928},
{"Node_id":10139,"weight":3.4356},
{"Node_id":10141,"weight":3.2507},
{"Node_id":10159,"weight":2.6466},
{"Node_id":10160,"weight":2.1796},
{"Node_id":10185,"weight":2.6321},
{"Node_id":10219,"weight":2.1514},
{"Node_id":10228,"weight":2.2084},
{"Node_id":10272,"weight":2.1239},
{"Node_id":10281,"weight":1.7089},
{"Node_id":10284,"weight":3.3871},
{"Node_id":10285,"weight":2.9277},
{"Node_id":10304,"weight":1.5109},
{"Node_id":10305,"weight":2.4519},
{"Node_id":10306,"weight":1.7105},
{"Node_id":10311,"weight":2.7586},
{"Node_id":10321,"weight":2.0565},
{"Node_id":10338,"weight":1.6754},
{"Node_id":10342,"weight":2.1155},
{"Node_id":10367,"weight":1.5999},
{"Node_id":10469,"weight":1.3907},
{"Node_id":10477,"weight":4.9548},
{"Node_id":10613,"weight":1.6523},
{"Node_id":10628,"weight":1.6627},
{"Node_id":10635,"weight":1.6982},
{"Node_id":10636,"weight":2.4505},
{"Node_id":10638,"weight":1.7825},
{"Node_id":10775,"weight":1.6186},
{"Node_id":11384,"weight":1.9746},
{"Node_id":11522,"weight":1.6612},
{"Node_id":11540,"weight":1.5892},
{"Node_id":11542,"weight":1.7377},
{"Node_id":11543,"weight":2.3321},
{"Node_id":11553,"weight":2.5609},
{"Node_id":11577,"weight":1.5022},
{"Node_id":11578,"weight":2.5066},
{"Node_id":11672,"weight":8.1114},
{"Node_id":11680,"weight":2.0959},
{"Node_id":11684,"weight":3.8372},
{"Node_id":11703,"weight":2.1031},
{"Node_id":11733,"weight":1.7151},
{"Node_id":11828,"weight":2.6482},
{"Node_id":11834,"weight":1.9468},
{"Node_id":11913,"weight":2.9808},
{"Node_id":11916,"weight":1.6792},
{"Node_id":11926,"weight":1.659},
{"Node_id":11936,"weight":1.5652},
{"Node_id":11937,"weight":2.6945},
{"Node_id":11939,"weight":1.5715},
{"Node_id":11940,"weight":1.4723},
{"Node_id":11941,"weight":3.0435},
{"Node_id":11947,"weight":1.4822},
{"Node_id":11949,"weight":2.0436},
{"Node_id":11964,"weight":1.6906},
{"Node_id":11965,"weight":1.7736},
{"Node_id":11967,"weight":2.7857},
{"Node_id":11968,"weight":2.3546},
{"Node_id":11970,"weight":4.0694},
{"Node_id":11981,"weight":2.3648},
{"Node_id":11982,"weight":3.596},
{"Node_id":11990,"weight":2.3395},
{"Node_id":11992,"weight":2.4588},
{"Node_id":11994,"weight":2.8652},
{"Node_id":11995,"weight":1.5062},
{"Node_id":12000,"weight":1.776},
{"Node_id":12003,"weight":1.6974},
{"Node_id":12010,"weight":2.6563},
{"Node_id":12011,"weight":1.6486},
{"Node_id":12012,"weight":1.9332},
{"Node_id":12043,"weight":1.5035},
{"Node_id":12044,"weight":1.3882},
{"Node_id":12046,"weight":3.3652},
{"Node_id":12051,"weight":1.3988},
{"Node_id":12055,"weight":4.1002},
{"Node_id":12073,"weight":1.752},
{"Node_id":12074,"weight":3.0252},
{"Node_id":12081,"weight":2.2242},
{"Node_id":12085,"weight":2.0745},
{"Node_id":12093,"weight":5.2347},
{"Node_id":12101,"weight":3.1859},
{"Node_id":12122,"weight":3.2342},
{"Node_id":12167,"weight":2.0918},
{"Node_id":12168,"weight":4.8588},
{"Node_id":12255,"weight":1.9241},
{"Node_id":12261,"weight":1.8532},
{"Node_id":12276,"weight":2.4478},
{"Node_id":12277,"weight":1.4474},
{"Node_id":12278,"weight":3.0229},
{"Node_id":12280,"weight":1.5218},
{"Node_id":12516,"weight":1.8957},
{"Node_id":12519,"weight":4.1914},
{"Node_id":12524,"weight":5.0294},
{"Node_id":12530,"weight":1.5218},
{"Node_id":12701,"weight":1.6762},
{"Node_id":12703,"weight":3.0389},
{"Node_id":12750,"weight":1.7448},
{"Node_id":12756,"weight":1.5828},
{"Node_id":12859,"weight":2.9917},
{"Node_id":12863,"weight":1.9811},
{"Node_id":12865,"weight":1.5771},
{"Node_id":12866,"weight":1.8062},
{"Node_id":12867,"weight":2.0125},
{"Node_id":12883,"weight":1.7535},
{"Node_id":12888,"weight":1.8379},
{"Node_id":12898,"weight":1.3869},
{"Node_id":12917,"weight":1.3882},
{"Node_id":12926,"weight":2.9381},
{"Node_id":12953,"weight":3.2905},
{"Node_id":12954,"weight":1.901},
{"Node_id":12957,"weight":7.8236},
{"Node_id":12964,"weight":1.4915},
{"Node_id":13047,"weight":2.8248},
{"Node_id":13057,"weight":1.9783},
{"Node_id":13058,"weight":1.6508},
{"Node_id":13071,"weight":1.414},
{"Node_id":13073,"weight":2.0318},
{"Node_id":13139,"weight":2.5371},
{"Node_id":13140,"weight":1.414},
{"Node_id":13187,"weight":1.8111},
{"Node_id":13246,"weight":1.5143},
{"Node_id":13247,"weight":1.8203},
{"Node_id":13251,"weight":4.8588},
{"Node_id":13259,"weight":3.248},
{"Node_id":13264,"weight":1.5568},
{"Node_id":13265,"weight":1.6361},
{"Node_id":13269,"weight":7.1301},
{"Node_id":13306,"weight":3.5732},
{"Node_id":13308,"weight":2.9962},
{"Node_id":13309,"weight":2.3198},
{"Node_id":13348,"weight":4.2915},
{"Node_id":13352,"weight":2.1884},
{"Node_id":13354,"weight":3.4761},
{"Node_id":13438,"weight":2.9195},
{"Node_id":13439,"weight":1.7728},
{"Node_id":13441,"weight":1.7504},
{"Node_id":13454,"weight":3.5657},
{"Node_id":13475,"weight":4.3066},
{"Node_id":13479,"weight":1.8245},
{"Node_id":13639,"weight":1.8295},
{"Node_id":13640,"weight":2.4698},
{"Node_id":13641,"weight":1.9305},
{"Node_id":13645,"weight":1.6244},
{"Node_id":14386,"weight":1.7881},
{"Node_id":14395,"weight":4.6363},
{"Node_id":14407,"weight":1.4481},
{"Node_id":14414,"weight":1.9296},
{"Node_id":14419,"weight":1.5757},
{"Node_id":14431,"weight":2.1796},
{"Node_id":14529,"weight":4.5653},
{"Node_id":14684,"weight":1.699},
{"Node_id":14696,"weight":2.8496},
{"Node_id":14701,"weight":1.4513},
{"Node_id":14712,"weight":2.8535},
{"Node_id":14713,"weight":2.1972},
{"Node_id":14714,"weight":2.3609},
{"Node_id":14717,"weight":4.9264},
{"Node_id":14720,"weight":2.4909},
{"Node_id":14725,"weight":2.1493},
{"Node_id":14733,"weight":1.587},
{"Node_id":14739,"weight":1.7906},
{"Node_id":14744,"weight":1.5136},
{"Node_id":14745,"weight":3.7806},
{"Node_id":14750,"weight":1.9287},
{"Node_id":14753,"weight":1.9305},
{"Node_id":14755,"weight":2.2967},
{"Node_id":14876,"weight":3.9936},
{"Node_id":14879,"weight":1.9386},
{"Node_id":14891,"weight":2.2402},
{"Node_id":14971,"weight":2.0887},
{"Node_id":14993,"weight":1.6013},
{"Node_id":14994,"weight":2.2705},
{"Node_id":15004,"weight":2.3559},
{"Node_id":15125,"weight":4.6053},
{"Node_id":15151,"weight":1.5878},
{"Node_id":15157,"weight":2.0836},
{"Node_id":15162,"weight":2.4262},
{"Node_id":15165,"weight":2.4089},
{"Node_id":15166,"weight":3.1247},
{"Node_id":15201,"weight":1.6383},
{"Node_id":15202,"weight":1.4808},
{"Node_id":15204,"weight":4.9989},
{"Node_id":15205,"weight":1.6672},
{"Node_id":15206,"weight":2.7115},
{"Node_id":15210,"weight":1.6694},
{"Node_id":15212,"weight":1.86},
{"Node_id":15294,"weight":1.8103},
{"Node_id":15306,"weight":3.7991},
{"Node_id":15309,"weight":1.8913},
{"Node_id":15316,"weight":3.1807},
{"Node_id":15318,"weight":3.0095},
{"Node_id":15324,"weight":2.5745},
{"Node_id":15356,"weight":2.879},
{"Node_id":15360,"weight":1.5849},
{"Node_id":15378,"weight":1.8087},
{"Node_id":15382,"weight":3.1148},
{"Node_id":15492,"weight":5.6232},
{"Node_id":15509,"weight":2.0318},
{"Node_id":15511,"weight":2.0918},
{"Node_id":15566,"weight":1.4663},
{"Node_id":15567,"weight":1.7082},
{"Node_id":15568,"weight":1.4928},
{"Node_id":15572,"weight":1.5231},
{"Node_id":15573,"weight":2.8116},
{"Node_id":15574,"weight":1.5062},
{"Node_id":15575,"weight":2.7166},
{"Node_id":15576,"weight":2.3458},
{"Node_id":15577,"weight":2.5181},
{"Node_id":15578,"weight":2.7857},
{"Node_id":15579,"weight":1.6739},
{"Node_id":15580,"weight":2.2646},
{"Node_id":15581,"weight":4.9548},
{"Node_id":15582,"weight":3.4456},
{"Node_id":15583,"weight":1.7028},
{"Node_id":15584,"weight":2.0348},
{"Node_id":15585,"weight":2.5066},
{"Node_id":15586,"weight":1.68},
{"Node_id":15587,"weight":1.9802},
{"Node_id":15588,"weight":4.2331},
{"Node_id":15589,"weight":2.2106},
{"Node_id":15590,"weight":2.3699},
{"Node_id":15591,"weight":4.2619},
{"Node_id":15592,"weight":2.2017},
{"Node_id":15593,"weight":2.441},
{"Node_id":15594,"weight":1.602},
{"Node_id":15595,"weight":2.1939},
{"Node_id":15598,"weight":2.4342},
{"Node_id":15599,"weight":1.9161},
{"Node_id":15602,"weight":2.0625},
{"Node_id":15603,"weight":2.4712},
{"Node_id":15604,"weight":2.4698},
{"Node_id":15605,"weight":2.645},
{"Node_id":15606,"weight":2.0348},
{"Node_id":15607,"weight":2.3173},
{"Node_id":15608,"weight":3.6595},
{"Node_id":15609,"weight":1.5143},
{"Node_id":15610,"weight":1.6739},
{"Node_id":15611,"weight":2.0735},
{"Node_id":15612,"weight":1.5506},
{"Node_id":15613,"weight":3.0343},
{"Node_id":15614,"weight":2.5474},
{"Node_id":15615,"weight":1.5701},
{"Node_id":15616,"weight":2.0358},
{"Node_id":15617,"weight":3.9441},
{"Node_id":15618,"weight":2.5385},
{"Node_id":15619,"weight":1.866},
{"Node_id":15620,"weight":1.8506},
{"Node_id":15621,"weight":2.877},
{"Node_id":15622,"weight":1.5204},
{"Node_id":15701,"weight":1.7776},
{"Node_id":15702,"weight":2.8613},
{"Node_id":15703,"weight":1.5934},
{"Node_id":15728,"weight":2.6563},
{"Node_id":15729,"weight":1.8261},
{"Node_id":15730,"weight":3.5435},
{"Node_id":15731,"weight":1.5464},
{"Node_id":15732,"weight":1.6006},
{"Node_id":15808,"weight":1.8286},
{"Node_id":15809,"weight":2.1407},
{"Node_id":15810,"weight":2.4115},
{"Node_id":15811,"weight":2.5297},
{"Node_id":15812,"weight":1.7639},
{"Node_id":15844,"weight":1.3982},
{"Node_id":15845,"weight":2.5699},
{"Node_id":15846,"weight":1.7005},
{"Node_id":15903,"weight":3.005},
{"Node_id":15904,"weight":1.5035},
{"Node_id":15949,"weight":6.3182},
{"Node_id":15950,"weight":1.7512},
{"Node_id":15951,"weight":5.5957},
{"Node_id":15952,"weight":1.4749},
{"Node_id":15953,"weight":4.1846},
{"Node_id":15954,"weight":2.9571},
{"Node_id":15955,"weight":1.4507},
{"Node_id":15956,"weight":4.4988},
{"Node_id":15957,"weight":2.0715},
{"Node_id":15958,"weight":1.7528},
{"Node_id":15959,"weight":1.6747},
{"Node_id":15960,"weight":1.6295},
{"Node_id":15961,"weight":3.3871},
{"Node_id":15962,"weight":1.9551},
{"Node_id":15963,"weight":2.6006},
{"Node_id":15966,"weight":1.6936},
{"Node_id":15967,"weight":2.1103},
{"Node_id":15968,"weight":2.1376},
{"Node_id":15969,"weight":1.6405},
{"Node_id":15970,"weight":2.4671},
{"Node_id":15971,"weight":1.5423},
{"Node_id":15972,"weight":1.4624},
{"Node_id":15973,"weight":6.3182},
{"Node_id":15974,"weight":1.8695},
{"Node_id":15975,"weight":2.0289},
{"Node_id":15977,"weight":4.1318},
{"Node_id":15999,"weight":2.2529},
{"Node_id":16002,"weight":1.6361},
{"Node_id":16004,"weight":5.7105},
{"Node_id":16024,"weight":3.6352},
{"Node_id":16025,"weight":3.356},
{"Node_id":16026,"weight":2.61},
{"Node_id":16027,"weight":1.8992},
{"Node_id":16029,"weight":3.9124},
{"Node_id":16032,"weight":1.5109},
{"Node_id":16035,"weight":2.1535},
{"Node_id":16036,"weight":3.2818},
{"Node_id":16037,"weight":3.9713},
{"Node_id":16038,"weight":1.7623},
{"Node_id":16039,"weight":4.3297},
{"Node_id":16040,"weight":2.0585},
{"Node_id":16041,"weight":2.5474},
{"Node_id":16042,"weight":2.184},
{"Node_id":16043,"weight":2.1643},
{"Node_id":16044,"weight":3.6115},
{"Node_id":16045,"weight":1.854},
{"Node_id":16046,"weight":2.7515},
{"Node_id":16047,"weight":1.8738},
{"Node_id":16048,"weight":2.0846},
{"Node_id":16051,"weight":2.1983},
{"Node_id":16052,"weight":1.5666},
{"Node_id":16053,"weight":3.9658},
{"Node_id":16054,"weight":1.886},
{"Node_id":16055,"weight":1.7955},
{"Node_id":16056,"weight":2.3173},
{"Node_id":16057,"weight":1.9441},
{"Node_id":16058,"weight":1.5279},
{"Node_id":16059,"weight":2.2017},
{"Node_id":16060,"weight":1.5204},
{"Node_id":16061,"weight":2.6596},
{"Node_id":16062,"weight":2.9939},
{"Node_id":16063,"weight":1.5764},
{"Node_id":16064,"weight":1.5123},
{"Node_id":16065,"weight":2.5729},
{"Node_id":16066,"weight":2.1578},
{"Node_id":16067,"weight":2.1407},
{"Node_id":16068,"weight":1.6353},
{"Node_id":16069,"weight":2.3892},
{"Node_id":16070,"weight":2.3039},
{"Node_id":16071,"weight":2.7046},
{"Node_id":16072,"weight":1.6164},
{"Node_id":16073,"weight":1.8295},
{"Node_id":16074,"weight":3.6273},
{"Node_id":16075,"weight":2.9195},
{"Node_id":16080,"weight":1.8566},
{"Node_id":16081,"weight":2.2483},
{"Node_id":16082,"weight":2.2174},
{"Node_id":16083,"weight":2.3533},
{"Node_id":16084,"weight":3.0028},
{"Node_id":16085,"weight":1.5471},
{"Node_id":16086,"weight":3.2017},
{"Node_id":16087,"weight":2.366},
{"Node_id":16088,"weight":2.9195},
{"Node_id":16089,"weight":2.6466},
{"Node_id":16090,"weight":3.416},
{"Node_id":16091,"weight":1.4236},
{"Node_id":16092,"weight":4.0455},
{"Node_id":16093,"weight":2.1687},
{"Node_id":16094,"weight":1.8635},
{"Node_id":16095,"weight":2.7201},
{"Node_id":16096,"weight":1.4968},
{"Node_id":16097,"weight":1.5631},
{"Node_id":16098,"weight":2.6482},
{"Node_id":16099,"weight":2.2811},
{"Node_id":16100,"weight":3.5884},
{"Node_id":16101,"weight":1.9746},
{"Node_id":16102,"weight":3.449},
{"Node_id":16103,"weight":1.9332},
{"Node_id":16104,"weight":2.223},
{"Node_id":16105,"weight":2.7931},
{"Node_id":16112,"weight":1.4928},
{"Node_id":16115,"weight":2.1051},
{"Node_id":16116,"weight":3.1124},
{"Node_id":16117,"weight":3.1002},
{"Node_id":16118,"weight":2.2028},
{"Node_id":16119,"weight":3.9124},
{"Node_id":16120,"weight":3.8372},
{"Node_id":16121,"weight":2.7694},
{"Node_id":16122,"weight":4.0574},
{"Node_id":16123,"weight":7.418},
{"Node_id":16126,"weight":2.4288},
{"Node_id":16127,"weight":4.0514},
{"Node_id":16128,"weight":1.5293},
{"Node_id":16129,"weight":1.5396},
{"Node_id":16133,"weight":2.4329},
{"Node_id":16149,"weight":2.4155},
{"Node_id":16152,"weight":8.1114},
{"Node_id":16153,"weight":1.6434},
{"Node_id":16156,"weight":2.0067},
{"Node_id":16157,"weight":2.0019},
{"Node_id":16158,"weight":3.6432},
{"Node_id":16159,"weight":2.1884},
{"Node_id":16160,"weight":2.2174},
{"Node_id":16161,"weight":2.0836},
{"Node_id":16162,"weight":2.0289},
{"Node_id":16163,"weight":2.6777},
{"Node_id":16164,"weight":2.9465},
{"Node_id":16165,"weight":1.5927},
{"Node_id":16186,"weight":1.7013},
{"Node_id":16187,"weight":2.4356},
{"Node_id":16188,"weight":1.6747},
{"Node_id":16189,"weight":1.4736},
{"Node_id":16190,"weight":2.1145},
{"Node_id":16191,"weight":1.5029},
{"Node_id":16192,"weight":1.5409},
{"Node_id":16193,"weight":1.8669},
{"Node_id":16194,"weight":3.8227},
{"Node_id":16195,"weight":1.7409},
{"Node_id":16196,"weight":2.6037},
{"Node_id":16197,"weight":2.7912},
{"Node_id":16198,"weight":1.9468},
{"Node_id":16199,"weight":4.9989},
{"Node_id":16200,"weight":1.4855},
{"Node_id":16201,"weight":1.843},
{"Node_id":16202,"weight":1.8773},
{"Node_id":16203,"weight":2.8633},
{"Node_id":16204,"weight":6.3182},
{"Node_id":16205,"weight":2.2196},
{"Node_id":16206,"weight":3.1002},
{"Node_id":16207,"weight":1.5306},
{"Node_id":16208,"weight":3.3591},
{"Node_id":16209,"weight":1.5347},
{"Node_id":16210,"weight":1.4468},
{"Node_id":16211,"weight":1.6649},
{"Node_id":16212,"weight":1.7599},
{"Node_id":16213,"weight":2.2425},
{"Node_id":16214,"weight":2.0615},
{"Node_id":16215,"weight":1.3875},
{"Node_id":16216,"weight":2.321},
{"Node_id":16217,"weight":4.4538},
{"Node_id":16218,"weight":1.4789},
{"Node_id":16219,"weight":1.4572},
{"Node_id":16220,"weight":2.6678},
{"Node_id":16221,"weight":6.5008},
{"Node_id":16222,"weight":5.4685},
{"Node_id":16223,"weight":1.7575},
{"Node_id":16224,"weight":1.9662},
{"Node_id":16225,"weight":1.532},
{"Node_id":16226,"weight":1.5002},
{"Node_id":16227,"weight":1.4578},
{"Node_id":16228,"weight":4.3858},
{"Node_id":16231,"weight":3.2876},
{"Node_id":16232,"weight":3.6885},
{"Node_id":16233,"weight":2.0058},
{"Node_id":16234,"weight":2.0397},
{"Node_id":16235,"weight":1.6523},
{"Node_id":16236,"weight":6.4362},
{"Node_id":16237,"weight":1.86},
{"Node_id":16238,"weight":1.6959},
{"Node_id":16239,"weight":2.1643},
{"Node_id":16240,"weight":1.5736},
{"Node_id":16358,"weight":1.6822},
{"Node_id":16359,"weight":1.9395},
{"Node_id":16360,"weight":1.5245},
{"Node_id":16361,"weight":3.6554},
{"Node_id":16362,"weight":3.3714},
{"Node_id":16365,"weight":1.4585},
{"Node_id":16366,"weight":2.0705},
{"Node_id":16420,"weight":1.6982},
{"Node_id":16421,"weight":2.1093},
{"Node_id":16422,"weight":2.2669},
{"Node_id":16423,"weight":2.521},
{"Node_id":16424,"weight":1.9839},
{"Node_id":16425,"weight":2.4248},
{"Node_id":16426,"weight":1.752},
{"Node_id":16427,"weight":2.576},
{"Node_id":16483,"weight":2.4383},
{"Node_id":16484,"weight":1.9934},
{"Node_id":16485,"weight":1.8913},
{"Node_id":16486,"weight":4.4108},
{"Node_id":16487,"weight":1.9597},
{"Node_id":16488,"weight":1.659},
{"Node_id":16495,"weight":1.9223},
{"Node_id":16496,"weight":2.0173},
{"Node_id":16497,"weight":3.9604},
{"Node_id":16606,"weight":2.579},
{"Node_id":16607,"weight":2.205},
{"Node_id":16608,"weight":3.504},
{"Node_id":16609,"weight":1.4624},
{"Node_id":16616,"weight":5.8753},
{"Node_id":16617,"weight":2.7046},
{"Node_id":16618,"weight":1.4422},
{"Node_id":16619,"weight":3.4899},
{"Node_id":16620,"weight":2.6995},
{"Node_id":16621,"weight":3.0833},
{"Node_id":16622,"weight":1.6501},
{"Node_id":16623,"weight":2.5609},
{"Node_id":16624,"weight":2.4049},
{"Node_id":16625,"weight":2.2276},
{"Node_id":16626,"weight":3.248},
{"Node_id":16627,"weight":2.1376},
{"Node_id":16628,"weight":1.5694},
{"Node_id":16629,"weight":1.901},
{"Node_id":16630,"weight":1.9792},
{"Node_id":16631,"weight":1.9487},
{"Node_id":16632,"weight":3.1026},
{"Node_id":16633,"weight":1.4172},
{"Node_id":16640,"weight":3.1807},
{"Node_id":16641,"weight":3.0762},
{"Node_id":16642,"weight":4.1383},
{"Node_id":16643,"weight":1.683},
{"Node_id":16644,"weight":2.4615},
{"Node_id":16645,"weight":1.719},
{"Node_id":16646,"weight":2.214},
{"Node_id":16647,"weight":1.7639},
{"Node_id":16648,"weight":1.4709},
{"Node_id":16649,"weight":2.0725},
{"Node_id":16650,"weight":1.517},
{"Node_id":16651,"weight":1.6747},
{"Node_id":16655,"weight":3.4356},
{"Node_id":16656,"weight":3.3871},
{"Node_id":16657,"weight":2.027},
{"Node_id":16658,"weight":3.714},
{"Node_id":16659,"weight":2.3112},
{"Node_id":16660,"weight":1.6605},
{"Node_id":16661,"weight":1.9886},
{"Node_id":16662,"weight":4.7832},
{"Node_id":16663,"weight":1.9377},
{"Node_id":16664,"weight":1.8128},
{"Node_id":16675,"weight":3.1938},
{"Node_id":16676,"weight":2.5415},
{"Node_id":16677,"weight":1.5548},
{"Node_id":16678,"weight":1.5807},
{"Node_id":16679,"weight":2.2356},
{"Node_id":16680,"weight":2.3136},
{"Node_id":16681,"weight":1.7607},
{"Node_id":16682,"weight":3.4356},
{"Node_id":16683,"weight":2.6728},
{"Node_id":16684,"weight":1.628},
{"Node_id":16685,"weight":1.5225},
{"Node_id":16688,"weight":3.7054},
{"Node_id":16707,"weight":3.4865},
{"Node_id":16708,"weight":4.226},
{"Node_id":16709,"weight":2.7857},
{"Node_id":16745,"weight":1.6875},
{"Node_id":16746,"weight":4.6793},
{"Node_id":16747,"weight":1.6792},
{"Node_id":16748,"weight":2.0775},
{"Node_id":16749,"weight":2.6777},
{"Node_id":16750,"weight":3.2619},
{"Node_id":16751,"weight":1.6288},
{"Node_id":16752,"weight":4.8458},
{"Node_id":16753,"weight":1.822},
{"Node_id":16754,"weight":2.6482},
{"Node_id":16755,"weight":4.9264},
{"Node_id":16756,"weight":1.4115},
{"Node_id":16757,"weight":5.11},
{"Node_id":16758,"weight":3.3777},
{"Node_id":16759,"weight":2.2413},
{"Node_id":16760,"weight":2.5195},
{"Node_id":16761,"weight":3.3347},
{"Node_id":16762,"weight":2.1557},
{"Node_id":16763,"weight":1.4921},
{"Node_id":16764,"weight":3.1447},
{"Node_id":16765,"weight":1.6657},
{"Node_id":16766,"weight":3.9604},
{"Node_id":16767,"weight":2.5254},
{"Node_id":16768,"weight":5.2159},
{"Node_id":16769,"weight":2.1546},
{"Node_id":16770,"weight":2.3124},
{"Node_id":16771,"weight":1.5143},
{"Node_id":16772,"weight":3.6718},
{"Node_id":16773,"weight":2.576},
{"Node_id":16774,"weight":2.3879},
{"Node_id":16775,"weight":3.3903},
{"Node_id":16776,"weight":5.1975},
{"Node_id":16777,"weight":2.9402},
{"Node_id":16778,"weight":2.2752},
{"Node_id":16779,"weight":2.342},
{"Node_id":16780,"weight":3.3529},
{"Node_id":16781,"weight":1.5423},
{"Node_id":16782,"weight":2.9593},
{"Node_id":16783,"weight":1.6754},
{"Node_id":16784,"weight":3.3621},
{"Node_id":16785,"weight":1.8396},
{"Node_id":16786,"weight":2.2634},
{"Node_id":16840,"weight":2.2775},
{"Node_id":16841,"weight":2.2859},
{"Node_id":16842,"weight":2.4574},
{"Node_id":16843,"weight":3.0006},
{"Node_id":16844,"weight":2.3149},
{"Node_id":16845,"weight":2.5181},
{"Node_id":16846,"weight":1.5327},
{"Node_id":16847,"weight":1.5143},
{"Node_id":16848,"weight":2.5729},
{"Node_id":16959,"weight":2.9962},
{"Node_id":16968,"weight":1.4306},
{"Node_id":16970,"weight":2.173},
{"Node_id":16971,"weight":2.9786},
{"Node_id":16972,"weight":2.7322},
{"Node_id":16973,"weight":1.4185},
{"Node_id":16974,"weight":3.1124},
{"Node_id":16977,"weight":2.1386},
{"Node_id":16978,"weight":2.1665},
{"Node_id":17188,"weight":3.105},
{"Node_id":17189,"weight":2.3699},
{"Node_id":17190,"weight":3.3317},
{"Node_id":17191,"weight":1.5109},
{"Node_id":17194,"weight":3.4258},
{"Node_id":17195,"weight":1.6777},
{"Node_id":17196,"weight":1.5029},
{"Node_id":17197,"weight":2.6979},
{"Node_id":17198,"weight":3.3347},
{"Node_id":17199,"weight":2.1482},
{"Node_id":17200,"weight":2.397},
{"Node_id":17201,"weight":2.9765},
{"Node_id":17202,"weight":1.9588},
{"Node_id":17246,"weight":2.3763},
{"Node_id":17247,"weight":1.4229},
{"Node_id":17248,"weight":3.3347},
{"Node_id":17249,"weight":2.5867},
{"Node_id":17250,"weight":1.9404},
{"Node_id":17251,"weight":1.8904},
{"Node_id":17252,"weight":2.4089},
{"Node_id":17253,"weight":2.2494},
{"Node_id":17254,"weight":2.0318},
{"Node_id":17255,"weight":3.8132},
{"Node_id":17256,"weight":2.5579},
{"Node_id":17257,"weight":1.9107},
{"Node_id":17258,"weight":1.4396},
{"Node_id":17259,"weight":2.1632},
{"Node_id":17260,"weight":2.481},
{"Node_id":17261,"weight":3.0667},
{"Node_id":17262,"weight":2.3711},
{"Node_id":17263,"weight":2.1654},
{"Node_id":17264,"weight":1.7213},
{"Node_id":17265,"weight":2.274},
{"Node_id":17266,"weight":1.8387},
{"Node_id":17267,"weight":2.2657},
{"Node_id":17268,"weight":2.3259},
{"Node_id":17269,"weight":2.9215},
{"Node_id":17270,"weight":1.4975},
{"Node_id":17307,"weight":1.532},
{"Node_id":17308,"weight":3.5845},
{"Node_id":17309,"weight":1.9551},
{"Node_id":17310,"weight":2.1752},
{"Node_id":17311,"weight":1.8816},
{"Node_id":17312,"weight":2.7374},
{"Node_id":17313,"weight":1.4026},
{"Node_id":17314,"weight":2.9571},
{"Node_id":17315,"weight":5.4217},
{"Node_id":17316,"weight":1.3888},
{"Node_id":17317,"weight":4.5951},
{"Node_id":17318,"weight":1.9551},
{"Node_id":17319,"weight":3.8918},
{"Node_id":17320,"weight":1.4611},
{"Node_id":17321,"weight":1.7151},
{"Node_id":17322,"weight":1.4166},
{"Node_id":17323,"weight":3.9992},
{"Node_id":17330,"weight":2.5519},
{"Node_id":17334,"weight":4.226},
{"Node_id":17335,"weight":1.5527},
{"Node_id":17336,"weight":2.0555},
{"Node_id":17373,"weight":3.416},
{"Node_id":17374,"weight":2.8516},
{"Node_id":17375,"weight":2.0856},
{"Node_id":17376,"weight":2.0745},
{"Node_id":17377,"weight":2.0959},
{"Node_id":17378,"weight":2.1482},
{"Node_id":17379,"weight":1.568},
{"Node_id":17380,"weight":3.0435},
{"Node_id":17381,"weight":1.5701},
{"Node_id":17382,"weight":2.0755},
{"Node_id":17383,"weight":1.5589},
{"Node_id":17384,"weight":1.4261},
{"Node_id":17385,"weight":2.9444},
{"Node_id":17386,"weight":2.474},
{"Node_id":17387,"weight":2.4615},
{"Node_id":17388,"weight":1.615},
{"Node_id":17390,"weight":3.4795},
{"Node_id":17391,"weight":3.0905},
{"Node_id":17394,"weight":2.5564},
{"Node_id":17395,"weight":1.3982},
{"Node_id":17396,"weight":2.1249},
{"Node_id":17397,"weight":2.61},
{"Node_id":17398,"weight":4.9126},
{"Node_id":17399,"weight":2.599},
{"Node_id":17400,"weight":1.532},
{"Node_id":17401,"weight":1.7268},
{"Node_id":17402,"weight":1.465},
{"Node_id":17403,"weight":2.5239},
{"Node_id":17404,"weight":1.9179},
{"Node_id":17420,"weight":3.1885},
{"Node_id":17421,"weight":2.7115},
{"Node_id":17422,"weight":2.9529},
{"Node_id":17423,"weight":3.6115},
{"Node_id":17424,"weight":4.0221},
{"Node_id":17425,"weight":2.7166},
{"Node_id":17426,"weight":1.421},
{"Node_id":17427,"weight":2.8023},
{"Node_id":17428,"weight":2.0407},
{"Node_id":17429,"weight":3.0905},
{"Node_id":17430,"weight":3.3999},
{"Node_id":17431,"weight":2.2775},
{"Node_id":17432,"weight":2.4657},
{"Node_id":17436,"weight":1.8878},
{"Node_id":17437,"weight":2.8613},
{"Node_id":17438,"weight":2.0397},
{"Node_id":17439,"weight":2.145},
{"Node_id":17475,"weight":1.6997},
{"Node_id":17476,"weight":1.8965},
{"Node_id":17477,"weight":3.1807},
{"Node_id":17505,"weight":2.6257},
{"Node_id":17506,"weight":3.9441},
{"Node_id":17507,"weight":1.3988},
{"Node_id":17508,"weight":2.6645},
{"Node_id":17509,"weight":1.6493},
{"Node_id":17510,"weight":4.8203},
{"Node_id":17511,"weight":2.0856},
{"Node_id":17589,"weight":1.8379},
{"Node_id":17590,"weight":4.0279},
{"Node_id":17591,"weight":2.6563},
{"Node_id":17592,"weight":1.4604},
{"Node_id":17593,"weight":1.7583},
{"Node_id":17594,"weight":3.7313},
{"Node_id":17610,"weight":1.6442},
{"Node_id":17611,"weight":2.3983},
{"Node_id":17613,"weight":1.4249},
{"Node_id":17615,"weight":2.3571},
{"Node_id":17616,"weight":2.5283},
{"Node_id":17617,"weight":2.5459},
{"Node_id":17618,"weight":1.656},
{"Node_id":17619,"weight":3.0667},
{"Node_id":17620,"weight":3.1472},
{"Node_id":17635,"weight":1.7583},
{"Node_id":17636,"weight":3.1755},
{"Node_id":17653,"weight":1.7881},
{"Node_id":17654,"weight":4.4538},
{"Node_id":17655,"weight":1.8128},
{"Node_id":17656,"weight":5.4927},
{"Node_id":17657,"weight":1.8278},
{"Node_id":17658,"weight":1.7841},
{"Node_id":17659,"weight":2.3371},
{"Node_id":17660,"weight":1.9953},
{"Node_id":17661,"weight":3.7226},
{"Node_id":17662,"weight":4.4192},
{"Node_id":17663,"weight":1.8825},
{"Node_id":17664,"weight":1.8421},
{"Node_id":17675,"weight":1.469},
{"Node_id":17676,"weight":2.9657},
{"Node_id":17677,"weight":2.6894},
{"Node_id":17678,"weight":2.7339},
{"Node_id":17679,"weight":3.5472},
{"Node_id":17680,"weight":3.2507},
{"Node_id":17681,"weight":2.7115},
{"Node_id":17682,"weight":3.7535},
{"Node_id":17683,"weight":2.4102},
{"Node_id":17684,"weight":1.8337},
{"Node_id":17685,"weight":6.8113},
{"Node_id":17686,"weight":1.6732},
{"Node_id":17701,"weight":2.4181},
{"Node_id":17702,"weight":3.2178},
{"Node_id":17703,"weight":1.4166},
{"Node_id":17704,"weight":2.3483},
{"Node_id":17708,"weight":3.4624},
{"Node_id":17709,"weight":2.0959},
{"Node_id":17710,"weight":1.9606},
{"Node_id":17711,"weight":1.6515},
{"Node_id":17712,"weight":1.5002},
{"Node_id":17713,"weight":1.5534},
{"Node_id":17714,"weight":2.5254},
{"Node_id":17715,"weight":2.6353},
{"Node_id":17716,"weight":2.4262},
{"Node_id":17717,"weight":2.4248},
{"Node_id":17718,"weight":2.5519},
{"Node_id":17831,"weight":2.2943},
{"Node_id":17832,"weight":5.7105},
{"Node_id":17833,"weight":2.5609},
{"Node_id":17834,"weight":2.1983},
{"Node_id":17835,"weight":1.7417},
{"Node_id":17836,"weight":2.1113},
{"Node_id":17870,"weight":5.077},
{"Node_id":17871,"weight":2.2764},
{"Node_id":17872,"weight":6.4362},
{"Node_id":17873,"weight":1.3944},
{"Node_id":17874,"weight":2.0525},
{"Node_id":17875,"weight":3.0481},
{"Node_id":17876,"weight":4.5951},
{"Node_id":17877,"weight":2.9444},
{"Node_id":17878,"weight":1.4242},
{"Node_id":17879,"weight":3.0072},
{"Node_id":17880,"weight":2.7287},
{"Node_id":17881,"weight":1.726},
{"Node_id":17882,"weight":2.4505},
{"Node_id":17883,"weight":2.3408},
{"Node_id":17884,"weight":3.449},
{"Node_id":17885,"weight":5.0141},
{"Node_id":17886,"weight":3.2704},
{"Node_id":17887,"weight":1.7151},
{"Node_id":17888,"weight":2.0565},
{"Node_id":17889,"weight":5.8753},
{"Node_id":17890,"weight":1.4995},
{"Node_id":17891,"weight":2.599},
{"Node_id":17892,"weight":1.793},
{"Node_id":17893,"weight":3.3683},
{"Node_id":17894,"weight":1.9699},
{"Node_id":17895,"weight":2.5975},
{"Node_id":17896,"weight":2.1461},
{"Node_id":17897,"weight":1.4565},
{"Node_id":17898,"weight":2.4464},
{"Node_id":17899,"weight":2.4288},
{"Node_id":17900,"weight":1.4198},
{"Node_id":17901,"weight":1.5548},
{"Node_id":17902,"weight":2.5821},
{"Node_id":17903,"weight":1.5002},
{"Node_id":17904,"weight":3.4934},
{"Node_id":17905,"weight":3.1075},
{"Node_id":17906,"weight":1.9089},
{"Node_id":17907,"weight":2.4881},
{"Node_id":17908,"weight":1.4941},
{"Node_id":17909,"weight":1.8145},
{"Node_id":17910,"weight":1.7776},
{"Node_id":17911,"weight":7.418},
{"Node_id":17912,"weight":2.145},
{"Node_id":17913,"weight":3.3871},
{"Node_id":17914,"weight":2.881},
{"Node_id":17917,"weight":1.6419},
{"Node_id":17919,"weight":3.1912},
{"Node_id":17920,"weight":3.3438},
{"Node_id":17921,"weight":4.3143},
{"Node_id":17922,"weight":1.6368},
{"Node_id":17924,"weight":2.205},
{"Node_id":17925,"weight":1.7825},
{"Node_id":17927,"weight":3.2287},
{"Node_id":17944,"weight":2.1386},
{"Node_id":17945,"weight":1.4915},
{"Node_id":17946,"weight":3.248},
{"Node_id":17947,"weight":2.173},
{"Node_id":17948,"weight":2.7569},
{"Node_id":17949,"weight":1.6085},
{"Node_id":17950,"weight":3.1885},
{"Node_id":17951,"weight":1.6099},
{"Node_id":17952,"weight":4.0514},
{"Node_id":17953,"weight":2.16},
{"Node_id":17954,"weight":2.0765},
{"Node_id":17955,"weight":2.4796},
{"Node_id":17958,"weight":1.7097},
{"Node_id":17959,"weight":1.5701},
{"Node_id":17960,"weight":1.7393},
{"Node_id":17961,"weight":3.9936},
{"Node_id":17962,"weight":1.5225},
{"Node_id":17963,"weight":2.0775},
{"Node_id":17964,"weight":1.8228},
{"Node_id":17965,"weight":2.2811},
{"Node_id":17966,"weight":1.8869},
{"Node_id":17967,"weight":1.5942},
{"Node_id":17968,"weight":1.6099},
{"Node_id":17969,"weight":1.5177},
{"Node_id":17970,"weight":1.6027},
{"Node_id":17971,"weight":1.5204},
{"Node_id":17972,"weight":2.2471},
{"Node_id":17973,"weight":1.6523},
{"Node_id":17974,"weight":5.0141},
{"Node_id":17975,"weight":2.7766},
{"Node_id":17976,"weight":4.833},
{"Node_id":17977,"weight":2.2084},
{"Node_id":17978,"weight":3.6392},
{"Node_id":17979,"weight":2.7876},
{"Node_id":17980,"weight":4.7474},
{"Node_id":17983,"weight":0.1294},
{"Node_id":17984,"weight":1.2721},
{"Node_id":17985,"weight":3.2676},
{"Node_id":17990,"weight":1.4204},
{"Node_id":17991,"weight":0.4561},
{"Node_id":17998,"weight":2.5166},
{"Node_id":18006,"weight":1.6822},
{"Node_id":18031,"weight":0.7598},
{"Node_id":18057,"weight":4.0878},
{"Node_id":18064,"weight":3.7011},
{"Node_id":18077,"weight":3.429},
{"Node_id":18080,"weight":0.3437},
{"Node_id":18087,"weight":0.3602},
{"Node_id":18091,"weight":4.8988},
{"Node_id":18092,"weight":1.7535},
{"Node_id":18126,"weight":2.5195},
{"Node_id":18136,"weight":0.5849},
{"Node_id":18144,"weight":0.2408},
{"Node_id":18148,"weight":0.2884},
{"Node_id":18152,"weight":0.9714},
{"Node_id":18155,"weight":0.2745},
{"Node_id":18285,"weight":1.8379},
{"Node_id":19069,"weight":1.39},
{"Node_id":19070,"weight":2.9896},
{"Node_id":19073,"weight":1.8878},
{"Node_id":19075,"weight":2.1333},
{"Node_id":19085,"weight":1.3081},
{"Node_id":19090,"weight":0.1378},
{"Node_id":19092,"weight":2.4356},
{"Node_id":19098,"weight":0.8217},
{"Node_id":19101,"weight":0.2152},
{"Node_id":19108,"weight":5.4927},
{"Node_id":19110,"weight":0.1463},
{"Node_id":19114,"weight":1.1521},
{"Node_id":19137,"weight":1.901},
{"Node_id":19144,"weight":0.3789},
{"Node_id":19196,"weight":0.4583},
{"Node_id":19198,"weight":0.6745},
{"Node_id":19201,"weight":1.1703},
{"Node_id":19218,"weight":0.795},
{"Node_id":19222,"weight":2.6162},
{"Node_id":19227,"weight":1.5008},
{"Node_id":19250,"weight":1.0299},
{"Node_id":19251,"weight":2.508},
{"Node_id":19254,"weight":1.014},
{"Node_id":19275,"weight":2.1676},
{"Node_id":19517,"weight":1.6114},
{"Node_id":19590,"weight":0.5941},
{"Node_id":19601,"weight":0.5117},
{"Node_id":19613,"weight":1.4064},
{"Node_id":19616,"weight":4.833},
{"Node_id":19617,"weight":0.7291},
{"Node_id":19650,"weight":2.2646},
{"Node_id":19651,"weight":0.6517},
{"Node_id":19658,"weight":0.3146},
{"Node_id":19683,"weight":3.0458},
{"Node_id":19695,"weight":2.1578},
{"Node_id":19696,"weight":1.5942},
{"Node_id":19761,"weight":2.7339},
{"Node_id":19788,"weight":1.789},
{"Node_id":19790,"weight":2.3309},
{"Node_id":19808,"weight":0.9464},
{"Node_id":19809,"weight":0.0748},
{"Node_id":19833,"weight":0.2088},
{"Node_id":19835,"weight":2.401},
{"Node_id":19868,"weight":0.9455},
{"Node_id":19877,"weight":1.2345},
{"Node_id":19930,"weight":0.1523},
{"Node_id":19933,"weight":0.7773},
{"Node_id":19934,"weight":0.5262},
{"Node_id":19952,"weight":2.0645},
{"Node_id":19953,"weight":0.0324},
{"Node_id":19954,"weight":2.6385},
{"Node_id":19959,"weight":0.3917},
{"Node_id":19969,"weight":0.5066},
{"Node_id":19986,"weight":1.2174},
{"Node_id":19990,"weight":3.2178},
{"Node_id":20015,"weight":0.2908},
{"Node_id":20264,"weight":3.5884},
{"Node_id":20279,"weight":4.7474},
{"Node_id":20286,"weight":0.4934},
{"Node_id":20287,"weight":0.4243},
{"Node_id":20289,"weight":3.3621},
{"Node_id":20430,"weight":6.6441},
{"Node_id":21067,"weight":2.0105},
{"Node_id":21229,"weight":2.0183},
{"Node_id":21247,"weight":0.6522},
{"Node_id":21249,"weight":0.405},
{"Node_id":21250,"weight":0.74},
{"Node_id":21260,"weight":1.2213},
{"Node_id":21284,"weight":1.9496},
{"Node_id":21285,"weight":4.0634},
{"Node_id":21384,"weight":1.597},
{"Node_id":21392,"weight":1.6063},
{"Node_id":21396,"weight":0.7295},
{"Node_id":21415,"weight":2.5008},
{"Node_id":21445,"weight":1.0981},
{"Node_id":21544,"weight":0.3265},
{"Node_id":21550,"weight":1.1407},
{"Node_id":21629,"weight":0.4968},
{"Node_id":21632,"weight":2.4049},
{"Node_id":21652,"weight":0.3269},
{"Node_id":21655,"weight":0.3031},
{"Node_id":21656,"weight":1.9188},
{"Node_id":21657,"weight":1.2339},
{"Node_id":21663,"weight":2.321},
{"Node_id":21680,"weight":0.2424},
{"Node_id":21681,"weight":3.7357},
{"Node_id":21683,"weight":4.0694},
{"Node_id":21684,"weight":1.0094},
{"Node_id":21686,"weight":1.5984},
{"Node_id":21697,"weight":0.8944},
{"Node_id":21706,"weight":0.6821},
{"Node_id":21708,"weight":1.167},
{"Node_id":21710,"weight":0.6946},
{"Node_id":21711,"weight":2.1939},
{"Node_id":21716,"weight":0.8978},
{"Node_id":21726,"weight":1.3075},
{"Node_id":21727,"weight":1.4941},
{"Node_id":21728,"weight":0.7639},
{"Node_id":21759,"weight":1.047},
{"Node_id":21760,"weight":1.3714},
{"Node_id":21762,"weight":3.3746},
{"Node_id":21767,"weight":1.2832},
{"Node_id":21771,"weight":0.3685},
{"Node_id":21789,"weight":0.2201},
{"Node_id":21790,"weight":1.1942},
{"Node_id":21797,"weight":2.2943},
{"Node_id":21801,"weight":0.4276},
{"Node_id":21809,"weight":2.7551},
{"Node_id":21817,"weight":0.5902},
{"Node_id":21838,"weight":1.1494},
{"Node_id":21883,"weight":0.0528},
{"Node_id":21972,"weight":0.0228},
{"Node_id":21978,"weight":1.3794},
{"Node_id":21993,"weight":0.3064},
{"Node_id":21994,"weight":2.4089},
{"Node_id":21995,"weight":0.2096},
{"Node_id":21996,"weight":0.3789},
{"Node_id":21997,"weight":1.5116},
{"Node_id":21999,"weight":2.895},
{"Node_id":22249,"weight":1.6121},
{"Node_id":22252,"weight":0.6151},
{"Node_id":22257,"weight":1.119},
{"Node_id":22263,"weight":0.4515},
{"Node_id":22437,"weight":1.9625},
{"Node_id":22439,"weight":0.612},
{"Node_id":22493,"weight":2.7357},
{"Node_id":22597,"weight":0.281},
{"Node_id":22601,"weight":0.5797},
{"Node_id":22603,"weight":1.4835},
{"Node_id":22604,"weight":2.6761},
{"Node_id":22605,"weight":0.4009},
{"Node_id":22621,"weight":1.3334},
{"Node_id":22626,"weight":1.4975},
{"Node_id":22636,"weight":1.9081},
{"Node_id":22655,"weight":1.5306},
{"Node_id":22664,"weight":0.1121},
{"Node_id":22691,"weight":0.8274},
{"Node_id":22695,"weight":2.1103},
{"Node_id":22702,"weight":0.3722},
{"Node_id":22785,"weight":3.5362},
{"Node_id":22795,"weight":1.4982},
{"Node_id":22809,"weight":0.7866},
{"Node_id":22811,"weight":0.056},
{"Node_id":22881,"weight":0.8071},
{"Node_id":22882,"weight":1.7623},
{"Node_id":22929,"weight":1.9259},
{"Node_id":22999,"weight":1.9811},
{"Node_id":23000,"weight":0.1761},
{"Node_id":23004,"weight":1.4064},
{"Node_id":23012,"weight":0.4276},
{"Node_id":23017,"weight":1.9625},
{"Node_id":23018,"weight":3.5807},
{"Node_id":23022,"weight":0.3917},
{"Node_id":23059,"weight":2.887},
{"Node_id":23061,"weight":0.9926},
{"Node_id":23062,"weight":2.0436},
{"Node_id":23101,"weight":0.3084},
{"Node_id":23105,"weight":1.469},
{"Node_id":23107,"weight":0.4406},
{"Node_id":23193,"weight":0.4959},
{"Node_id":23194,"weight":0.909},
{"Node_id":23196,"weight":0.306},
{"Node_id":23209,"weight":0.5767},
{"Node_id":23234,"weight":1.6664},
{"Node_id":23407,"weight":0.9544},
{"Node_id":23408,"weight":1.6135},
{"Node_id":23409,"weight":1.5575},
{"Node_id":23413,"weight":0.1362},
{"Node_id":24218,"weight":1.9915},
{"Node_id":24227,"weight":1.1282},
{"Node_id":24239,"weight":0.4566},
{"Node_id":24246,"weight":0.8891},
{"Node_id":24251,"weight":1.9953},
{"Node_id":24263,"weight":0.7676},
{"Node_id":24364,"weight":2.6321},
{"Node_id":24541,"weight":2.2299},
{"Node_id":24553,"weight":0.1342},
{"Node_id":24558,"weight":1.6405},
{"Node_id":24570,"weight":1.3926},
{"Node_id":24571,"weight":0.3512},
{"Node_id":24572,"weight":1.0928},
{"Node_id":24575,"weight":0.7295},
{"Node_id":24584,"weight":0.8463},
{"Node_id":24592,"weight":3.5582},
{"Node_id":24598,"weight":2.3161},
{"Node_id":24603,"weight":1.1072},
{"Node_id":24604,"weight":4.119},
{"Node_id":24609,"weight":0.8703},
{"Node_id":24612,"weight":1.3633},
{"Node_id":24614,"weight":0.8449},
{"Node_id":24737,"weight":1.0585},
{"Node_id":24740,"weight":0.3146},
{"Node_id":24753,"weight":3.3652},
{"Node_id":24836,"weight":2.9508},
{"Node_id":24865,"weight":0.0324},
{"Node_id":24866,"weight":0.5417},
{"Node_id":25025,"weight":2.7166},
{"Node_id":25053,"weight":1.5541},
{"Node_id":25059,"weight":0.0304},
{"Node_id":25064,"weight":0.6098},
{"Node_id":25065,"weight":0.1298},
{"Node_id":25066,"weight":0.5447},
{"Node_id":25067,"weight":3.0095},
{"Node_id":25068,"weight":1.5069},
{"Node_id":25069,"weight":0.5511},
{"Node_id":25070,"weight":0.8799},
{"Node_id":25071,"weight":1.21},
{"Node_id":25073,"weight":4.1318},
{"Node_id":25106,"weight":0.9164},
{"Node_id":25109,"weight":0.4701},
{"Node_id":25110,"weight":0.7875},
{"Node_id":25111,"weight":0.1688},
{"Node_id":25117,"weight":0.6186},
{"Node_id":25199,"weight":0.67},
{"Node_id":25211,"weight":0.3942},
{"Node_id":25214,"weight":0.0816},
{"Node_id":25221,"weight":0.8886},
{"Node_id":25223,"weight":2.4369},
{"Node_id":25265,"weight":1.5589},
{"Node_id":25283,"weight":0.2643},
{"Node_id":25397,"weight":0.9759},
{"Node_id":25414,"weight":2.0029},
{"Node_id":25416,"weight":1.1881}]