[{"Inferred_node_ids":[133316],"Node_id":13473},
{"Inferred_node_ids":[133334],"Node_id":13474},
{"Inferred_node_ids":[133292],"Node_id":13475},
{"Inferred_node_ids":[133254],"Node_id":13476},
{"Inferred_node_ids":[133245],"Node_id":13477},
{"Inferred_node_ids":[133305],"Node_id":13478},
{"Inferred_node_ids":[133400],"Node_id":13479},
{"Inferred_node_ids":[133290],"Node_id":14324},
{"Inferred_node_ids":[133288],"Node_id":14325},
{"Inferred_node_ids":[133318],"Node_id":14326},
{"Inferred_node_ids":[133380],"Node_id":14327},
{"Inferred_node_ids":[133385],"Node_id":14328},
{"Inferred_node_ids":[133323],"Node_id":14329},
{"Inferred_node_ids":[133344],"Node_id":14499},
{"Inferred_node_ids":[133327],"Node_id":14500},
{"Inferred_node_ids":[133252],"Node_id":14501},
{"Inferred_node_ids":[133341],"Node_id":14502},
{"Inferred_node_ids":[133387],"Node_id":14503},
{"Inferred_node_ids":[133250],"Node_id":14505},
{"Inferred_node_ids":[133313],"Node_id":14506},
{"Inferred_node_ids":[133406],"Node_id":14507},
{"Inferred_node_ids":[133289],"Node_id":14508},
{"Inferred_node_ids":[133396],"Node_id":14509},
{"Inferred_node_ids":[133364],"Node_id":14510},
{"Inferred_node_ids":[133272],"Node_id":14511},
{"Inferred_node_ids":[133266],"Node_id":14512},
{"Inferred_node_ids":[133361],"Node_id":14513},
{"Inferred_node_ids":[133348],"Node_id":14514},
{"Inferred_node_ids":[133325],"Node_id":14515},
{"Inferred_node_ids":[133330],"Node_id":14516},
{"Inferred_node_ids":[133383],"Node_id":14517},
{"Inferred_node_ids":[133253],"Node_id":14518},
{"Inferred_node_ids":[133337],"Node_id":16949},
{"Inferred_node_ids":[133394],"Node_id":16950},
{"Inferred_node_ids":[133294],"Node_id":16951},
{"Inferred_node_ids":[133356],"Node_id":16952},
{"Inferred_node_ids":[133407],"Node_id":16953},
{"Inferred_node_ids":[133261],"Node_id":16954},
{"Inferred_node_ids":[133310],"Node_id":19424},
{"Inferred_node_ids":[133338],"Node_id":19425},
{"Inferred_node_ids":[133357],"Node_id":19426},
{"Inferred_node_ids":[133374],"Node_id":19427},
{"Inferred_node_ids":[133412],"Node_id":19428},
{"Inferred_node_ids":[133409],"Node_id":19429},
{"Inferred_node_ids":[133355],"Node_id":19430},
{"Inferred_node_ids":[133255],"Node_id":19431},
{"Inferred_node_ids":[133375],"Node_id":19462},
{"Inferred_node_ids":[133382],"Node_id":19463},
{"Inferred_node_ids":[133397],"Node_id":19464},
{"Inferred_node_ids":[133362],"Node_id":19465},
{"Inferred_node_ids":[133335],"Node_id":19466},
{"Inferred_node_ids":[133273],"Node_id":19468},
{"Inferred_node_ids":[133352],"Node_id":19469},
{"Inferred_node_ids":[133275],"Node_id":19470},
{"Inferred_node_ids":[133286],"Node_id":19471},
{"Inferred_node_ids":[133368],"Node_id":19472},
{"Inferred_node_ids":[133293],"Node_id":19473},
{"Inferred_node_ids":[133296],"Node_id":20467},
{"Inferred_node_ids":[133271],"Node_id":20468},
{"Inferred_node_ids":[133270],"Node_id":20469},
{"Inferred_node_ids":[133399],"Node_id":50496},
{"Inferred_node_ids":[133295],"Node_id":50497},
{"Inferred_node_ids":[133402],"Node_id":50498},
{"Inferred_node_ids":[133408],"Node_id":50499},
{"Inferred_node_ids":[133358],"Node_id":50500},
{"Inferred_node_ids":[133398],"Node_id":50501},
{"Inferred_node_ids":[133282],"Node_id":50503},
{"Inferred_node_ids":[133284],"Node_id":50504},
{"Inferred_node_ids":[133321],"Node_id":50505},
{"Inferred_node_ids":[133410],"Node_id":50506},
{"Inferred_node_ids":[133268],"Node_id":50716},
{"Inferred_node_ids":[133322],"Node_id":50717},
{"Inferred_node_ids":[133347],"Node_id":50718},
{"Inferred_node_ids":[133340],"Node_id":50720},
{"Inferred_node_ids":[133277],"Node_id":50721},
{"Inferred_node_ids":[133317],"Node_id":50722},
{"Inferred_node_ids":[133287],"Node_id":50723},
{"Inferred_node_ids":[133278],"Node_id":50724},
{"Inferred_node_ids":[133297],"Node_id":50725},
{"Inferred_node_ids":[133390],"Node_id":50727},
{"Inferred_node_ids":[133359],"Node_id":50728},
{"Inferred_node_ids":[133405],"Node_id":50729},
{"Inferred_node_ids":[133298],"Node_id":50730},
{"Inferred_node_ids":[133360],"Node_id":50731},
{"Inferred_node_ids":[133303],"Node_id":50732},
{"Inferred_node_ids":[133328],"Node_id":50733},
{"Inferred_node_ids":[133314],"Node_id":50734},
{"Inferred_node_ids":[133319],"Node_id":50735},
{"Inferred_node_ids":[133283],"Node_id":62080},
{"Inferred_node_ids":[133263],"Node_id":62081},
{"Inferred_node_ids":[133262],"Node_id":62082},
{"Inferred_node_ids":[133376],"Node_id":62083},
{"Inferred_node_ids":[133304],"Node_id":62084},
{"Inferred_node_ids":[133249],"Node_id":62085},
{"Inferred_node_ids":[133311],"Node_id":62086},
{"Inferred_node_ids":[133371],"Node_id":62931},
{"Inferred_node_ids":[133392],"Node_id":62933},
{"Inferred_node_ids":[133246],"Node_id":62935},
{"Inferred_node_ids":[133331],"Node_id":62936},
{"Inferred_node_ids":[133258],"Node_id":63106},
{"Inferred_node_ids":[133373],"Node_id":63107},
{"Inferred_node_ids":[133391],"Node_id":63110},
{"Inferred_node_ids":[133395],"Node_id":63111},
{"Inferred_node_ids":[133377],"Node_id":63112},
{"Inferred_node_ids":[133401],"Node_id":63113},
{"Inferred_node_ids":[133336],"Node_id":63114},
{"Inferred_node_ids":[133301],"Node_id":63115},
{"Inferred_node_ids":[133320],"Node_id":63116},
{"Inferred_node_ids":[133345],"Node_id":63117},
{"Inferred_node_ids":[133279],"Node_id":63118},
{"Inferred_node_ids":[133257],"Node_id":63119},
{"Inferred_node_ids":[133248],"Node_id":63120},
{"Inferred_node_ids":[133332],"Node_id":63121},
{"Inferred_node_ids":[133333],"Node_id":63122},
{"Inferred_node_ids":[133363],"Node_id":63124},
{"Inferred_node_ids":[133324],"Node_id":63125},
{"Inferred_node_ids":[133350],"Node_id":65555},
{"Inferred_node_ids":[133369],"Node_id":65557},
{"Inferred_node_ids":[133404],"Node_id":65558},
{"Inferred_node_ids":[133302],"Node_id":65559},
{"Inferred_node_ids":[133388],"Node_id":65560},
{"Inferred_node_ids":[133308],"Node_id":68030},
{"Inferred_node_ids":[133315],"Node_id":68031},
{"Inferred_node_ids":[133300],"Node_id":68032},
{"Inferred_node_ids":[133349],"Node_id":68034},
{"Inferred_node_ids":[133339],"Node_id":68035},
{"Inferred_node_ids":[133342],"Node_id":68037},
{"Inferred_node_ids":[133366],"Node_id":68068},
{"Inferred_node_ids":[133384],"Node_id":68069},
{"Inferred_node_ids":[133346],"Node_id":68070},
{"Inferred_node_ids":[133378],"Node_id":68071},
{"Inferred_node_ids":[133389],"Node_id":68072},
{"Inferred_node_ids":[133312],"Node_id":68073},
{"Inferred_node_ids":[133372],"Node_id":68074},
{"Inferred_node_ids":[133381],"Node_id":68075},
{"Inferred_node_ids":[133354],"Node_id":68076},
{"Inferred_node_ids":[133329],"Node_id":68077},
{"Inferred_node_ids":[133343],"Node_id":68078},
{"Inferred_node_ids":[133251],"Node_id":68079},
{"Inferred_node_ids":[133309],"Node_id":69073},
{"Inferred_node_ids":[133267],"Node_id":69074},
{"Inferred_node_ids":[133411],"Node_id":69075},
{"Inferred_node_ids":[133265],"Node_id":99102},
{"Inferred_node_ids":[133326],"Node_id":99103},
{"Inferred_node_ids":[133276],"Node_id":99104},
{"Inferred_node_ids":[133260],"Node_id":99105},
{"Inferred_node_ids":[133370],"Node_id":99106},
{"Inferred_node_ids":[133365],"Node_id":99109},
{"Inferred_node_ids":[133274],"Node_id":99110},
{"Inferred_node_ids":[133281],"Node_id":99112},
{"Inferred_node_ids":[133393],"Node_id":99113},
{"Inferred_node_ids":[133247],"Node_id":99322},
{"Inferred_node_ids":[133367],"Node_id":99323},
{"Inferred_node_ids":[133264],"Node_id":99324},
{"Inferred_node_ids":[133291],"Node_id":99325},
{"Inferred_node_ids":[133243],"Node_id":99327},
{"Inferred_node_ids":[133353],"Node_id":99328},
{"Inferred_node_ids":[133351],"Node_id":99329},
{"Inferred_node_ids":[133306],"Node_id":99330},
{"Inferred_node_ids":[133403],"Node_id":99331},
{"Inferred_node_ids":[133269],"Node_id":99332},
{"Inferred_node_ids":[133379],"Node_id":99333},
{"Inferred_node_ids":[133285],"Node_id":99334},
{"Inferred_node_ids":[133307],"Node_id":99335},
{"Inferred_node_ids":[133299],"Node_id":99336},
{"Inferred_node_ids":[133259],"Node_id":99337},
{"Inferred_node_ids":[133280],"Node_id":99338},
{"Inferred_node_ids":[133244],"Node_id":99339},
{"Inferred_node_ids":[133386],"Node_id":99340},
{"Inferred_node_ids":[133256],"Node_id":99341}]